frame_idx,mean_entropy,mean_confidence,mean_deviation,rmse_deviation,max_deviation,rmse_x,rmse_y,rmse_z,mean_x,mean_y,mean_z,std_x,std_y,std_z
0,0.4966740310192108,0.6855134963989258,0.4568394124507904,1.6182420253753662,13.664565086364746,1.1255303621292114,1.0703679323196411,0.45409390330314636,-0.07335574179887772,-0.10578469187021255,0.04188011214137077,1.1262701749801636,1.068098783493042,0.4534197747707367
1,0.4337560832500458,0.7359303832054138,0.2252454161643982,0.6824467182159424,6.0605621337890625,0.373229056596756,0.532402515411377,0.20731885731220245,0.04516526311635971,0.011100002564489841,0.02004307508468628,0.37151962518692017,0.5337715744972229,0.20692332088947296
2,0.41324570775032043,0.696673572063446,0.2343323677778244,0.7071466445922852,6.118487358093262,0.49753856658935547,0.45675110816955566,0.2095000445842743,-0.059539005160331726,-0.046698544174432755,0.004605572670698166,0.49534115195274353,0.45562493801116943,0.21003365516662598
3,0.4021606743335724,0.7295450568199158,1.247331976890564,12.009950637817383,160.0950927734375,6.28633451461792,9.534248352050781,3.717395067214966,0.4849972426891327,-0.7577395439147949,0.2744769752025604,6.2850799560546875,9.530599594116211,3.7175893783569336
4,0.42539823055267334,0.713384211063385,0.5486730933189392,3.82092547416687,49.97930145263672,3.2581140995025635,1.961839199066162,0.3678969442844391,0.25192776322364807,0.16446204483509064,-0.0009624467929825187,3.2574210166931152,1.9603866338729858,0.3689219057559967
5,0.3940128684043884,0.7071983218193054,0.995083749294281,8.137579917907715,105.05962371826172,4.935958385467529,6.222127437591553,1.7724705934524536,-0.449247807264328,-0.603577196598053,0.16306942701339722,4.929183006286621,6.210058212280273,1.7698767185211182
6,0.35734233260154724,0.7200483083724976,0.9063833951950073,6.01336669921875,77.04679107666016,4.10880184173584,4.338098526000977,0.6776618361473083,0.25892335176467896,-0.42233023047447205,0.0786113440990448,4.11207389831543,4.329534530639648,0.6749643087387085
7,0.44707000255584717,0.6952210068702698,0.9052818417549133,5.9996466636657715,69.40823364257812,3.762385129928589,4.576140880584717,0.9482390880584717,-0.009529262781143188,-0.13505150377750397,-0.01442942675203085,3.7728676795959473,4.586906909942627,0.950774073600769
8,0.40502771735191345,0.7069616317749023,0.21644620597362518,0.6678813695907593,7.011779308319092,0.38015198707580566,0.4931071102619171,0.2416512370109558,-0.04106755182147026,0.03700125217437744,-0.03157949075102806,0.37898141145706177,0.4930885434150696,0.2402472048997879
9,0.39685991406440735,0.7207135558128357,0.9167803525924683,5.901533603668213,59.86085510253906,2.6133527755737305,5.231865406036377,0.7912471294403076,-0.23683573305606842,-0.5695750713348389,0.04320468381047249,2.609858989715576,5.21527624130249,0.7922705411911011
10,0.4248911738395691,0.7101669311523438,2.4100615978240967,20.070024490356445,208.1190948486328,19.059558868408203,5.4172749519348145,3.192534923553467,1.9579885005950928,-0.25201883912086487,0.22003433108329773,19.0116024017334,5.426504135131836,3.1938278675079346
11,0.4592258632183075,0.7032532691955566,1.357218623161316,12.559978485107422,167.5540008544922,5.756583213806152,10.227384567260742,4.4738593101501465,0.4005197286605835,0.7821661233901978,-0.3317502737045288,5.7586517333984375,10.225875854492188,4.473987102508545
12,0.4168289303779602,0.7006865739822388,0.6585502624511719,5.767995357513428,77.0869140625,3.9696097373962402,4.1485490798950195,0.5490983724594116,0.26477986574172974,-0.33160099387168884,0.04635196924209595,3.9718172550201416,4.146810054779053,0.5486646294593811
13,0.4151625633239746,0.7076334953308105,1.5101759433746338,10.802042961120605,120.85997772216797,2.7160634994506836,9.913049697875977,3.3224356174468994,-0.19074514508247375,-1.0031051635742188,0.3096431493759155,2.7169148921966553,9.889676094055176,3.31720232963562
14,0.46243712306022644,0.6959418654441833,2.5061240196228027,21.171419143676758,201.9062957763672,7.187236785888672,19.64938735961914,3.236379384994507,-0.841504693031311,-0.029949696734547615,0.20705538988113403,7.157713413238525,19.70417594909668,3.238758087158203
15,0.4296097755432129,0.7149011492729187,0.3207946717739105,0.7698009610176086,5.211976051330566,0.4244611859321594,0.45490798354148865,0.45330455899238586,-0.015317217446863651,-0.030072228983044624,-0.0037051313556730747,0.42536792159080505,0.45517903566360474,0.45455384254455566
16,0.41274794936180115,0.706442654132843,0.8710085153579712,5.993260383605957,77.52877044677734,1.153473138809204,5.807312488555908,0.929401159286499,-0.009433481842279434,-0.4023258686065674,0.0917268916964531,1.1566519737243652,5.8095197677612305,0.9274435043334961
17,0.489116370677948,0.7185443639755249,1.3886228799819946,9.399650573730469,95.99071502685547,6.935171127319336,5.92263126373291,2.275800943374634,-0.5295676589012146,0.4990805983543396,0.17546235024929047,6.934211254119873,5.918028354644775,2.2753560543060303
18,0.415977418422699,0.7137542963027954,1.0514907836914062,6.477304458618164,66.21356964111328,5.235004901885986,3.602363109588623,1.2542643547058105,0.11369109153747559,-0.47043654322624207,-0.06393109261989594,5.248368740081787,3.5814759731292725,1.2561283111572266
19,0.4016769528388977,0.7237443327903748,0.4693787693977356,2.707115888595581,34.85132598876953,1.4806276559829712,2.243154287338257,0.3232276439666748,0.10748401284217834,0.18902261555194855,-0.022278092801570892,1.4808403253555298,2.241410493850708,0.3233584463596344
20,0.4102628827095032,0.7166953682899475,0.14551307260990143,0.3255327045917511,2.6293833255767822,0.254546582698822,0.1121736690402031,0.16909955441951752,-0.03385729342699051,0.005625012330710888,-0.026447495445609093,0.2529885470867157,0.11234506219625473,0.16748441755771637
21,0.4063735902309418,0.7224714756011963,0.22853749990463257,0.533005952835083,3.546471357345581,0.27793359756469727,0.36559081077575684,0.2705395519733429,-0.01402093842625618,-0.053979795426130295,-0.009396274574100971,0.2783539593219757,0.36259233951568604,0.2711305022239685
22,0.43829068541526794,0.7081876397132874,0.4526529312133789,3.238264322280884,42.70438766479492,1.6408610343933105,2.7248034477233887,0.607764720916748,-0.11028711497783661,-0.2212163805961609,0.010976730845868587,1.6417170763015747,2.723384141921997,0.6093605756759644
23,0.41606271266937256,0.7097465395927429,0.37547168135643005,1.1966625452041626,11.365155220031738,0.9311915636062622,0.631874680519104,0.4069618880748749,0.04828501492738724,0.02061540074646473,-0.018812309950590134,0.9325328469276428,0.6332998871803284,0.4076608121395111
24,0.4191090166568756,0.7135061621665955,0.2029188871383667,0.550614595413208,4.592573165893555,0.3348988890647888,0.3966311514377594,0.1835835576057434,0.020084064453840256,0.017297210171818733,-0.024486877024173737,0.3352286219596863,0.39735910296440125,0.18245068192481995
25,0.4116342067718506,0.7332549691200256,1.205419898033142,9.013802528381348,95.2638168334961,5.1498589515686035,7.0168023109436035,2.3435182571411133,-0.013037554919719696,-0.14481833577156067,-0.003103076247498393,5.1642069816589355,7.034875869750977,2.350053071975708
26,0.40693408250808716,0.7144041657447815,0.9835503101348877,9.85792350769043,131.8304443359375,7.9865522384643555,5.394374847412109,2.0722858905792236,0.5202857255935669,-0.47038504481315613,0.15245367586612701,7.991817474365234,5.388816833496094,2.0724353790283203
27,0.4397040009498596,0.7116721272468567,0.24473664164543152,0.6868358850479126,5.0151495933532715,0.5224863290786743,0.33654889464378357,0.2923804819583893,-0.03241940215229988,0.00442272424697876,0.0048959520645439625,0.5229342579841614,0.3374585211277008,0.2931549549102783
28,0.41646909713745117,0.7049140930175781,1.2721879482269287,12.340883255004883,164.71450805664062,9.722794532775879,6.786624431610107,3.4214580059051514,0.786594569683075,-0.5806405544281006,0.26033347845077515,9.717955589294434,6.780600070953369,3.421055316925049
29,0.4164826273918152,0.7163310647010803,1.2568660974502563,9.359869003295898,103.45396423339844,8.916159629821777,2.3733162879943848,1.5737309455871582,-0.9293761849403381,0.19426806271076202,-0.17501415312290192,8.892324447631836,2.3719499111175537,1.5683315992355347
30,0.37638169527053833,0.7136385440826416,0.3451828956604004,1.1840678453445435,9.810563087463379,0.6284756660461426,0.9209702014923096,0.3985585570335388,-0.061817754060029984,-0.0628807470202446,0.013038897886872292,0.627172589302063,0.9213840365409851,0.39945632219314575
31,0.40617629885673523,0.7318840026855469,0.786729633808136,6.005970478057861,79.24848937988281,5.166798114776611,2.5591282844543457,1.6812926530838013,0.4315287470817566,-0.2362818866968155,0.1236204281449318,5.163107395172119,2.555305004119873,1.6814188957214355
32,0.42243891954421997,0.7081173062324524,0.2946256995201111,1.214908480644226,13.862829208374023,0.6510187983512878,0.9109222888946533,0.47159066796302795,0.010964730754494667,-0.09489834308624268,0.045709315687417984,0.6527422070503235,0.9084927439689636,0.47067946195602417
33,0.43796417117118835,0.71067214012146,0.233395054936409,0.6716655492782593,5.612127304077148,0.3005123436450958,0.5363179445266724,0.27053651213645935,0.005481488537043333,-0.011805360205471516,-0.009721405804157257,0.3013004660606384,0.5376836657524109,0.2711159288883209
34,0.42622026801109314,0.7313511967658997,0.8202577829360962,5.982447147369385,77.11630249023438,4.1807403564453125,4.233757495880127,0.62159663438797,0.4418526589870453,-0.16457848250865936,-0.004352005198597908,4.168921947479248,4.242358207702637,0.6233152151107788
35,0.4076019823551178,0.7109330296516418,0.43812447786331177,1.7300376892089844,18.06612205505371,1.253605842590332,1.1261861324310303,0.39141741394996643,-0.15758474171161652,-0.10059050470590591,-0.00369181833229959,1.2471309900283813,1.1248135566711426,0.39249178767204285
36,0.42038390040397644,0.7181567549705505,0.27786633372306824,1.0881553888320923,11.030625343322754,0.7078067660331726,0.7917490005493164,0.23711830377578735,-0.06304585933685303,0.04056534916162491,-0.017230132594704628,0.7069598436355591,0.7929146885871887,0.2371511459350586
37,0.420472651720047,0.7175435423851013,0.29717379808425903,1.2903960943222046,15.740097999572754,0.3357657194137573,1.1953738927841187,0.35137516260147095,0.024742810055613518,-0.06647837907075882,0.002745982026681304,0.3357868492603302,1.1968532800674438,0.3523445427417755
38,0.3823181092739105,0.7241349220275879,0.3888680934906006,1.552977204322815,16.745174407958984,1.2799034118652344,0.8049769997596741,0.35439735651016235,0.06203796714544296,0.06339677423238754,-0.022376807406544685,1.2819647789001465,0.8047150373458862,0.3546768128871918
39,0.40426528453826904,0.7168145775794983,1.1174323558807373,11.993110656738281,160.66128540039062,6.293116569519043,9.49240493774414,3.7584080696105957,0.43709298968315125,-0.7339558005332947,0.28828269243240356,6.295431137084961,9.490386962890625,3.7577881813049316
40,0.3912959694862366,0.72564297914505,0.9679599404335022,9.749762535095215,129.37722778320312,1.3855602741241455,9.087559700012207,3.2487471103668213,-0.11328364908695221,-0.7265475392341614,0.26469337940216064,1.3847731351852417,9.08373737335205,3.2469780445098877
41,0.4468982517719269,0.6986235976219177,0.23745903372764587,0.6369642019271851,4.792365074157715,0.5169373750686646,0.2555083632469177,0.27058205008506775,-0.0006903592147864401,-0.0028270483016967773,0.03140323981642723,0.5183788537979126,0.25620540976524353,0.26950323581695557
42,0.35874655842781067,0.7478585839271545,1.191188097000122,11.258162498474121,150.16107177734375,6.200362682342529,9.372357368469238,0.6787055730819702,-0.5499672889709473,0.6059602499008179,-0.03362835943698883,6.193150997161865,9.378836631774902,0.6797627806663513
43,0.465351939201355,0.7213103175163269,1.5419352054595947,12.760652542114258,164.75146484375,10.170129776000977,6.725927829742432,3.7635905742645264,0.5221883058547974,-0.4752805233001709,0.4025694727897644,10.185046195983887,6.7278289794921875,3.752436637878418
44,0.43144354224205017,0.7259740829467773,1.1020976305007935,11.997400283813477,160.80361938476562,6.292840003967285,9.523883819580078,3.6923446655273438,0.4647262990474701,-0.6776655316352844,0.23867155611515045,6.293161392211914,9.52624225616455,3.6949005126953125
45,0.3741599917411804,0.7218165397644043,1.164193034172058,12.248525619506836,164.14254760742188,9.667984962463379,6.689337253570557,3.4364521503448486,0.7712361216545105,-0.485230952501297,0.24696259200572968,9.664055824279785,6.690325736999512,3.4371275901794434
46,0.4549326002597809,0.7229788303375244,1.2470296621322632,12.328790664672852,164.5111846923828,9.702422142028809,6.774563312530518,3.4593913555145264,-0.7011376023292542,0.5640934109687805,-0.25224336981773376,9.704049110412598,6.76986837387085,3.4598071575164795
47,0.41212135553359985,0.707652747631073,0.5566916465759277,4.2357563972473145,55.618099212646484,1.8480695486068726,3.779548406600952,0.4912070333957672,0.13368140161037445,-0.19848942756652832,-0.041861966252326965,1.848369836807251,3.784860610961914,0.4907851219177246
48,0.43684783577919006,0.7134819626808167,1.2486217021942139,6.447953224182129,72.37440490722656,5.303504943847656,3.527531147003174,1.0027285814285278,-0.09795833379030228,-0.17208494246006012,0.0006702688406221569,5.3173909187316895,3.5331592559814453,1.0055253505706787
49,0.38067910075187683,0.6947801113128662,0.5207425355911255,2.8825266361236572,36.825626373291016,2.297382116317749,1.6406360864639282,0.5825029611587524,0.12293560802936554,-0.0635901540517807,0.0073418570682406425,2.3004894256591797,1.6439762115478516,0.5840814113616943
50,0.40853065252304077,0.7208996415138245,0.30047377943992615,0.8466770052909851,6.722527503967285,0.672724723815918,0.37856635451316833,0.34783750772476196,-0.05302942171692848,0.006573684047907591,0.03909427300095558,0.6725019812583923,0.3795650601387024,0.3465976417064667
51,0.37310031056404114,0.7365996837615967,1.0544548034667969,10.968263626098633,146.8494873046875,6.960080146789551,7.955461025238037,2.927582025527954,-0.5439977645874023,0.612860381603241,-0.2288578897714615,6.95814323425293,7.953943252563477,2.9267642498016357
52,0.4078640043735504,0.7121223211288452,0.8016752004623413,6.837803363800049,90.5688705444336,1.1343847513198853,6.728395462036133,0.4443134069442749,-0.14843805134296417,-0.6280155777931213,0.052406881004571915,1.1277681589126587,6.717708587646484,0.4424426257610321
53,0.3658004105091095,0.7355534434318542,0.5970761179924011,3.7059829235076904,42.742103576660156,1.667712926864624,3.1815223693847656,0.9115697145462036,-0.12571658194065094,-0.0763932466506958,-0.004743371158838272,1.667606234550476,3.189476728439331,0.9141001105308533
54,0.44298139214515686,0.7234786152839661,0.3010706603527069,0.9025922417640686,6.930173397064209,0.3434866666793823,0.759252667427063,0.3467349708080292,-0.012223804369568825,-0.03886377066373825,0.022495049983263016,0.344226598739624,0.7603724002838135,0.3469696342945099
55,0.4125937819480896,0.7200363278388977,1.9032037258148193,13.34900951385498,165.501220703125,10.277204513549805,7.503442287445068,4.034041881561279,0.7033243179321289,-0.9644076228141785,0.37735074758529663,10.281709671020508,7.461963653564453,4.027557373046875
56,0.39390674233436584,0.726125955581665,0.6275248527526855,5.859793186187744,78.38411712646484,2.5800743103027344,5.18827486038208,0.8730363845825195,-0.221181720495224,-0.353398859500885,0.0841849222779274,2.577746629714966,5.1906633377075195,0.8713918328285217
57,0.4424639642238617,0.7199738025665283,0.36073893308639526,1.4640432596206665,16.618885040283203,0.7683876156806946,1.1529781818389893,0.47291100025177,0.1039375364780426,0.10582175105810165,0.03614974766969681,0.7634491920471191,1.15131413936615,0.47284257411956787
58,0.3953995108604431,0.719208300113678,2.1412065029144287,15.496878623962402,163.0241241455078,6.232058048248291,13.858257293701172,3.0435919761657715,-0.09876647591590881,0.058953605592250824,0.26067233085632324,6.248656749725342,13.896787643432617,3.0408670902252197
59,0.45300090312957764,0.7027831673622131,1.3928742408752441,8.896820068359375,75.81995391845703,3.7149415016174316,7.459051132202148,3.116917610168457,0.4550473690032959,0.9419367909431458,-0.37207552790641785,3.697251081466675,7.419977188110352,3.103262186050415
60,0.4159208834171295,0.7152238488197327,0.4447214901447296,1.9957962036132812,21.778961181640625,1.5630520582199097,1.0455278158187866,0.6685376167297363,-0.047183018177747726,-0.08305423706769943,-0.0590534433722496,1.5666977167129517,1.045130968093872,0.6677818894386292
61,0.39029791951179504,0.7177062034606934,0.5059840083122253,1.5562313795089722,9.850855827331543,0.8722347617149353,1.2362780570983887,0.36425212025642395,0.06111915409564972,0.08036886900663376,0.0052497307769954205,0.8725178241729736,1.237104058265686,0.3652302622795105
62,0.4217442572116852,0.7017318606376648,0.4018613398075104,1.3715126514434814,11.502485275268555,1.1491619348526,0.5778377056121826,0.4760015904903412,0.18182061612606049,0.05585723742842674,-0.003237770637497306,1.1378519535064697,0.5767359137535095,0.47731828689575195
63,0.42171427607536316,0.710072934627533,1.1707849502563477,8.578596115112305,112.15000915527344,8.361991882324219,1.669579267501831,0.9391043782234192,-0.574747622013092,0.12205331772565842,0.023437747731804848,8.365485191345215,1.669756531715393,0.9414305090904236
64,0.40598514676094055,0.710689902305603,0.5237859487533569,3.209322214126587,35.92131423950195,2.58038592338562,1.7916711568832397,0.6567127108573914,-0.296980082988739,-0.17653296887874603,-0.03484288975596428,2.5703890323638916,1.787926435470581,0.6576169729232788
65,0.40667393803596497,0.7221747040748596,0.2463405281305313,0.8983849883079529,10.802908897399902,0.7109223008155823,0.5038080811500549,0.2187749445438385,-0.02319720946252346,-0.06398878991603851,0.025074491277337074,0.7125257253646851,0.5011218190193176,0.21793949604034424
66,0.4092310667037964,0.7104207277297974,0.540415346622467,2.3890421390533447,22.27484703063965,1.204744577407837,2.0139830112457275,0.4471970796585083,-0.012927437201142311,0.15892384946346283,0.03935810923576355,1.2080354690551758,2.01330304145813,0.44670435786247253
67,0.42476820945739746,0.7179246544837952,0.21703939139842987,0.6205102205276489,6.5871124267578125,0.4031858742237091,0.43040725588798523,0.19293443858623505,0.0041832937858998775,-0.005614426452666521,-0.03388765826821327,0.40428873896598816,0.4315710961818695,0.19046486914157867
68,0.391752153635025,0.7223870754241943,1.2057794332504272,12.0960054397583,161.72035217285156,11.203742027282715,4.521842002868652,0.5851830244064331,-0.8039122819900513,-0.35135525465011597,0.07778757065534592,11.206031799316406,4.520746231079102,0.5816076993942261
69,0.39003944396972656,0.7368415594100952,0.5680232644081116,4.513448715209961,59.85905075073242,2.9153099060058594,3.1992995738983154,1.2793233394622803,-0.1657726913690567,0.29157519340515137,-0.11685599386692047,2.9187114238739014,3.1948726177215576,1.2775287628173828
70,0.42735499143600464,0.7435742020606995,1.5136228799819946,12.441004753112793,160.38487243652344,7.0179595947265625,9.516956329345703,3.8670945167541504,0.7125756144523621,-0.8022980690002441,0.16987168788909912,7.00116491317749,9.509529113769531,3.874138355255127
71,0.41935375332832336,0.7362521886825562,0.341251939535141,1.4605941772460938,17.433740615844727,0.6176544427871704,1.1877572536468506,0.584013044834137,0.03097171150147915,0.08130044490098953,-0.061916664242744446,0.6185981035232544,1.1882768869400024,0.5823414325714111
72,0.45925673842430115,0.7005477547645569,0.9230432510375977,6.844716548919678,77.10249328613281,1.4786581993103027,5.923186302185059,3.0950891971588135,-0.021729974076151848,0.18572469055652618,0.3360218405723572,1.4826228618621826,5.9367876052856445,3.0853769779205322
73,0.4587186872959137,0.695745587348938,1.396783709526062,12.20432186126709,160.63673400878906,6.316651344299316,9.761360168457031,3.709613561630249,0.3961474895477295,-0.5139317512512207,0.2965475022792816,6.321802139282227,9.775012969970703,3.7080557346343994
74,0.3844188451766968,0.6954893469810486,0.18751102685928345,0.5343496203422546,5.791112899780273,0.25414201617240906,0.11499496549367905,0.45576032996177673,-0.002671150490641594,-0.006856155581772327,0.045337896794080734,0.2548368275165558,0.11511059105396271,0.4547646641731262
75,0.41350796818733215,0.7204824686050415,0.3200077414512634,0.9475376605987549,7.496519088745117,0.6124446392059326,0.6562557816505432,0.30342620611190796,-0.058384526520967484,-0.00043713251943700016,-0.014478607103228569,0.6113559603691101,0.6580861806869507,0.3039259612560272
76,0.39307576417922974,0.7413852214813232,0.6779223084449768,4.4436798095703125,52.390869140625,1.779449462890625,3.812368154525757,1.430279016494751,0.05565594136714935,-0.4173928201198578,0.10697367042303085,1.7835400104522705,3.800020217895508,1.4302514791488647
77,0.4138399362564087,0.7327749729156494,1.3146742582321167,10.33927059173584,114.62371063232422,4.945237159729004,9.006876945495605,1.1494925022125244,0.10100839287042618,-0.9135071039199829,-0.029930133372545242,4.957996845245361,8.98542594909668,1.1523079872131348
78,0.3575441837310791,0.7373332977294922,0.20379605889320374,0.8334372043609619,10.607123374938965,0.6272613406181335,0.5148923397064209,0.18985973298549652,-0.05646100267767906,-0.03137653321027756,0.005092435982078314,0.6264576315879822,0.5153689980506897,0.19032083451747894
79,0.3652995526790619,0.7405063509941101,0.35961011052131653,2.395453453063965,31.451745986938477,1.3241441249847412,1.9898308515548706,0.1594144105911255,0.09216111898422241,-0.151269793510437,-0.0015830305637791753,1.3246175050735474,1.9896070957183838,0.15985120832920074
80,0.4082110822200775,0.72910475730896,0.5595014691352844,3.978693723678589,52.40320587158203,0.5834280848503113,3.8523190021514893,0.8057621121406555,0.014632792212069035,-0.3261040449142456,0.05902855843305588,0.5848714709281921,3.849198341369629,0.8058385848999023
81,0.39166003465652466,0.7233744859695435,0.37211599946022034,1.093871831893921,8.699275016784668,0.7000595927238464,0.7027819752693176,0.46105241775512695,0.046721089631319046,0.018926432356238365,0.01631244085729122,0.7004472017288208,0.7044867277145386,0.46204903721809387
82,0.41755855083465576,0.7199708819389343,1.3582085371017456,11.405022621154785,149.9942626953125,10.0020170211792,3.1287734508514404,4.499440670013428,-0.813498854637146,-0.16724413633346558,-0.323673814535141,9.996686935424805,3.1330153942108154,4.500301361083984
83,0.4580368101596832,0.7185274958610535,0.5562933087348938,3.1048173904418945,34.16037368774414,2.1635913848876953,1.7537102699279785,1.3723207712173462,-0.1625935584306717,-0.09489106386899948,0.13071198761463165,2.1634910106658936,1.756025791168213,1.3698921203613281
84,0.3983132541179657,0.7036604285240173,1.7845770120620728,14.376825332641602,161.010498046875,8.508132934570312,10.975136756896973,3.721714735031128,0.9074668884277344,-0.3980162441730499,0.2942480742931366,8.483197212219238,10.99851131439209,3.7204132080078125
85,0.41783303022384644,0.7298916578292847,0.32050207257270813,0.8577461838722229,6.482641220092773,0.512117862701416,0.5807982683181763,0.368967741727829,0.07068336755037308,-0.04899635910987854,-0.0015662458026781678,0.5086313486099243,0.580342173576355,0.3699935972690582
86,0.38238614797592163,0.723875105381012,1.1173611879348755,12.29052448272705,164.7801971435547,9.703531265258789,6.731316566467285,3.40409255027771,0.6917571425437927,-0.5249545574188232,0.2416713535785675,9.705841064453125,6.72953462600708,3.404974937438965
87,0.4401867091655731,0.7174763083457947,0.212371364235878,0.5829223990440369,6.057231903076172,0.5002589821815491,0.21029014885425568,0.2128789722919464,-0.032184287905693054,0.009141561575233936,0.002713905880227685,0.5006151795387268,0.2106774002313614,0.2134554088115692
88,0.40311023592948914,0.7064208984375,2.1015875339508057,18.30525016784668,238.0954132080078,17.80427360534668,4.0408806800842285,1.3271478414535522,0.9482443928718567,0.1254197657108307,0.038805730640888214,17.828596115112305,4.05019998550415,1.3302807807922363
89,0.41893821954727173,0.7043566703796387,0.460483193397522,1.9813687801361084,20.995695114135742,0.926180362701416,1.0275228023529053,1.4185233116149902,0.014096736907958984,0.045712389051914215,0.1286977231502533,0.9286562204360962,1.0293687582015991,1.4166136980056763
90,0.41439372301101685,0.7213984727859497,0.5214100480079651,2.893587827682495,36.49921417236328,2.1939430236816406,1.8163390159606934,0.510271430015564,0.1317836046218872,0.1862330436706543,-0.0171345267444849,2.1960902214050293,1.8118062019348145,0.5114061832427979
91,0.4215110242366791,0.7135553359985352,0.4531967341899872,3.2958731651306152,43.577152252197266,0.6742570996284485,2.702497720718384,1.762006163597107,0.048629771918058395,0.19312337040901184,-0.13995547592639923,0.674376904964447,2.7031075954437256,1.761338472366333
92,0.4128611087799072,0.7265470027923584,0.36807721853256226,1.2851027250289917,10.949707984924316,0.807098925113678,0.9466919302940369,0.32226550579071045,-0.001443074899725616,0.023771628737449646,0.022326862439513206,0.8093489408493042,0.9490332007408142,0.3223879039287567
93,0.4733297824859619,0.6944356560707092,0.6513577103614807,4.411189079284668,56.6129150390625,4.046278476715088,1.3659062385559082,1.1047710180282593,0.19288191199302673,-0.016112953424453735,-0.06544831395149231,4.052952289581299,1.3696210384368896,1.1059068441390991
94,0.44364631175994873,0.7289615273475647,0.30711641907691956,0.9131914377212524,8.565711975097656,0.3472816050052643,0.7808942794799805,0.3217427432537079,-0.007382193114608526,0.028016382828354836,-0.00927557423710823,0.3481716215610504,0.7825683951377869,0.3225060999393463
95,0.3329210579395294,0.7242632508277893,0.22567282617092133,0.7050980925559998,5.6881937980651855,0.47650209069252014,0.4750112295150757,0.21088723838329315,-0.03845323994755745,-0.003185579553246498,0.0007187227602116764,0.4762727916240692,0.47632554173469543,0.21147426962852478
96,0.3889292776584625,0.6933927536010742,0.24978195130825043,0.6825159192085266,5.581151962280273,0.4409400522708893,0.45875707268714905,0.24686391651630402,0.05127394571900368,-0.04127224534749985,0.022244388237595558,0.43917036056518555,0.45817121863365173,0.2465454787015915
97,0.32157546281814575,0.6975290179252625,0.19914530217647552,0.48812106251716614,3.422015905380249,0.27117466926574707,0.35767289996147156,0.19182437658309937,-0.01173222903162241,0.05641922727227211,-0.006888945586979389,0.2716764807701111,0.3541802763938904,0.19223536550998688
98,0.3325541317462921,0.6936284899711609,0.1504111886024475,0.4524308145046234,5.433657169342041,0.2750452160835266,0.34398946166038513,0.10351326316595078,-0.02525552362203598,-0.015744922682642937,0.004507656209170818,0.27464720606803894,0.3445874750614166,0.10370353609323502
99,0.3363150656223297,0.6977331042289734,0.41066306829452515,2.5880491733551025,33.63961410522461,1.911963701248169,1.6814309358596802,0.4638773500919342,0.18179607391357422,0.08278083056211472,-0.03914044424891472,1.9086099863052368,1.6840764284133911,0.46351248025894165
100,0.41786810755729675,0.702113926410675,0.31118443608283997,0.7702471613883972,4.805018424987793,0.5659695267677307,0.39521560072898865,0.3417072594165802,-0.00797703955322504,0.01944836601614952,-0.005692577455192804,0.567491888999939,0.3958378732204437,0.3426128923892975
101,0.43322646617889404,0.7154963612556458,0.7264645099639893,5.074560642242432,66.07343292236328,1.2348947525024414,4.3187642097473145,2.361032485961914,-0.06422504782676697,-0.3140087127685547,0.15576471388339996,1.2366634607315063,4.3193488121032715,2.3624603748321533
102,0.43535101413726807,0.6973742246627808,1.3677154779434204,8.82945442199707,87.11201477050781,3.743114948272705,6.854157447814941,4.119330406188965,-0.25544264912605286,-0.5712912678718567,-0.22723664343357086,3.744805097579956,6.84935998916626,4.124531269073486
103,0.40654054284095764,0.7193132638931274,0.758542537689209,4.51547908782959,46.45875930786133,2.3659615516662598,3.6651253700256348,1.1656038761138916,0.1517828404903412,-0.3308454751968384,-0.04708787798881531,2.367673635482788,3.660343885421753,1.1679010391235352
104,0.4051540791988373,0.7047948241233826,1.512735366821289,12.661344528198242,150.88345336914062,6.3252997398376465,10.936388969421387,0.834053635597229,0.4603392779827118,-0.28308308124542236,-0.0806562528014183,6.326123237609863,10.96321964263916,0.8324602246284485
105,0.39692872762680054,0.7003249526023865,1.974885106086731,15.752344131469727,161.29678344726562,7.945269584655762,12.893095970153809,4.333256244659424,-0.17533151805400848,-0.26599228382110596,0.35998696088790894,7.965491771697998,12.926308631896973,4.330323219299316
106,0.447070449590683,0.7096650004386902,0.347840815782547,1.045886754989624,8.152412414550781,0.6928836703300476,0.6733965277671814,0.40041035413742065,-0.014349378645420074,0.03539324179291725,-0.013898544013500214,0.694667398929596,0.6743414998054504,0.401285320520401
107,0.43211308121681213,0.7065467834472656,0.30853980779647827,0.805679202079773,7.2938923835754395,0.6170417666435242,0.3510850667953491,0.38094326853752136,0.056506697088479996,-0.003658909350633621,-0.007335452362895012,0.616162896156311,0.3520452380180359,0.3819350600242615
108,0.4135255217552185,0.7180256843566895,0.5753793716430664,4.739202976226807,63.00591278076172,1.6614733934402466,4.033608913421631,1.8519037961959839,0.12352526187896729,0.28140175342559814,-0.12129534035921097,1.661496877670288,4.035005569458008,1.8530817031860352
109,0.428087055683136,0.7371417284011841,0.5782849192619324,3.9240574836730957,51.815940856933594,0.5595778822898865,3.815774917602539,0.7245429158210754,0.052028339356184006,-0.29319366812705994,0.03470519930124283,0.5587080717086792,3.8151066303253174,0.7257299423217773
110,0.43244418501853943,0.7089701890945435,0.953477680683136,6.8087944984436035,81.97332763671875,5.536545276641846,3.569315195083618,1.722306489944458,0.4061797857284546,-0.4787364602088928,0.1557079404592514,5.537027835845947,3.5469300746917725,1.7200380563735962
111,0.4851636588573456,0.6928181648254395,0.8565170764923096,8.381290435791016,112.20743560791016,8.259596824645996,1.378286361694336,0.35413241386413574,-0.575129508972168,0.08833508938550949,-0.024731630459427834,8.262533187866211,1.3792893886566162,0.3542531430721283
112,0.4591621458530426,0.685896635055542,0.4139171242713928,2.341745615005493,30.442121505737305,0.3753109574317932,2.2193775177001953,0.6459711790084839,0.0236003827303648,0.2172369658946991,-0.044004954397678375,0.3756130039691925,2.21488094329834,0.6462681889533997
113,0.4008293151855469,0.7365371584892273,0.6705749034881592,5.786376953125,77.2645492553711,3.8795716762542725,3.9346764087677,1.7173817157745361,0.32440757751464844,-0.29234614968299866,0.10803567618131638,3.8767685890197754,3.934746026992798,1.7187613248825073
114,0.40462490916252136,0.7036790251731873,0.5327632427215576,2.6694846153259277,33.21946334838867,1.911132574081421,1.6466400623321533,0.8730968832969666,0.15145637094974518,0.09401694685220718,-0.058879006654024124,1.9104359149932861,1.648539423942566,0.8735391497612
115,0.449863076210022,0.6845625638961792,0.966661274433136,5.483445167541504,49.69296646118164,3.816534996032715,3.2662858963012695,2.198547601699829,0.16388151049613953,0.24959677457809448,-0.13505305349826813,3.82365083694458,3.2658193111419678,2.200516700744629
116,0.4562467634677887,0.6914072036743164,2.083019495010376,14.662278175354004,160.34259033203125,8.270658493041992,11.408885955810547,4.051660060882568,0.9076358675956726,-0.01685418002307415,0.14082108438014984,8.243635177612305,11.44069766998291,4.060506820678711
117,0.38645732402801514,0.6854567527770996,0.3510776162147522,1.0241997241973877,7.636329174041748,0.7583496570587158,0.6058021187782288,0.32694756984710693,0.03308836743235588,-0.006426037754863501,5.763239460065961e-05,0.7597407102584839,0.6074578166007996,0.3278595209121704
118,0.4615055322647095,0.7162413001060486,2.3964004516601562,18.910581588745117,194.20703125,6.670321464538574,16.916902542114258,5.189919471740723,0.584010899066925,-1.6861495971679688,0.5254867672920227,6.663241386413574,16.879615783691406,5.177650451660156
119,0.38829582929611206,0.7257081866264343,1.042468786239624,7.86287784576416,101.0877914428711,4.24600887298584,6.207467079162598,2.2942562103271484,0.3736278712749481,-0.6345582008361816,0.18351276218891144,4.241335868835449,6.192172527313232,2.2932841777801514
120,0.39388594031333923,0.7278698682785034,0.28239572048187256,0.7605568170547485,7.053337097167969,0.5045120120048523,0.33635637164115906,0.4591064155101776,-0.03390916809439659,-0.015176468528807163,-0.021079756319522858,0.5047752261161804,0.3369510769844055,0.45990151166915894
121,0.4577239155769348,0.6992465257644653,1.8622374534606934,13.704129219055176,150.9676513671875,7.708784103393555,10.305733680725098,4.708459377288818,-0.1639900952577591,0.2585502564907074,-0.23992641270160675,7.7285380363464355,10.331228256225586,4.715459823608398
122,0.4156046211719513,0.6782845854759216,1.0352357625961304,7.988881587982178,103.92721557617188,4.639686584472656,6.238232612609863,1.8384761810302734,-0.21950571238994598,-0.28899532556533813,0.17097191512584686,4.647418022155762,6.2489166259765625,1.8356151580810547
123,0.424839049577713,0.7376722097396851,0.19448305666446686,0.4469163417816162,3.566406488418579,0.22083058953285217,0.31947916746139526,0.22113598883152008,-0.05307673662900925,0.02695510722696781,-0.005740819964557886,0.21495512127876282,0.31922799348831177,0.22167809307575226
124,0.37526118755340576,0.750356137752533,0.33334797620773315,1.4640390872955322,17.998022079467773,1.1273764371871948,0.8980621695518494,0.2567433714866638,-0.09181308001279831,0.044295672327280045,0.025720320641994476,1.1267659664154053,0.8994710445404053,0.2561643421649933
125,0.43927618861198425,0.7055882811546326,1.7818437814712524,15.92186450958252,197.25241088867188,5.412018775939941,14.867493629455566,1.7814112901687622,-0.38217222690582275,1.4433784484863281,-0.16854766011238098,5.4135661125183105,14.838541030883789,1.7783666849136353
126,0.41654258966445923,0.6992367506027222,1.1534494161605835,9.951132774353027,131.67062377929688,1.6732131242752075,8.905534744262695,4.113013744354248,-0.17610815167427063,0.7462831735610962,-0.3492884933948517,1.6685607433319092,8.898963928222656,4.1095871925354
127,0.4134024977684021,0.7029134631156921,0.3867928087711334,1.4122545719146729,11.134161949157715,1.021748423576355,0.9296464920043945,0.293684720993042,0.021184954792261124,0.0761369839310646,-0.03305155038833618,1.0243782997131348,0.9291078448295593,0.29263296723365784
128,0.41636139154434204,0.7250125408172607,0.3738410174846649,1.5595821142196655,18.156444549560547,1.4019551277160645,0.409150093793869,0.547187864780426,-0.05197959765791893,0.020153839141130447,-0.0020563576836138964,1.4048991203308105,0.40979331731796265,0.548710286617279
129,0.3814758062362671,0.7328910231590271,0.26608699560165405,0.8219448924064636,5.141252517700195,0.543465256690979,0.5635795593261719,0.2502340078353882,-0.05958716198801994,0.007852631621062756,0.020730532705783844,0.5416955351829529,0.5650966763496399,0.25006943941116333
130,0.40390488505363464,0.7109208106994629,1.5929089784622192,13.331870079040527,160.97998046875,6.332347869873047,11.105024337768555,3.783989906311035,0.46230143308639526,-1.1262651681900024,0.32050514221191406,6.333065986633301,11.078579902648926,3.7809090614318848
131,0.5116298794746399,0.6980230212211609,0.9706630706787109,6.106958389282227,77.61546325683594,1.1302293539047241,5.933706760406494,0.8992465138435364,0.030787929892539978,0.2680516541004181,-0.02247185818850994,1.132961392402649,5.944183826446533,0.9014732241630554
132,0.3690040409564972,0.7316227555274963,0.2047479897737503,0.592718243598938,4.881711006164551,0.36448243260383606,0.40544599294662476,0.23255331814289093,0.0029216099064797163,0.0002497302193660289,-0.002453796798363328,0.36548730731010437,0.40657684206962585,0.23318903148174286
133,0.3572242558002472,0.7298173308372498,0.9588028192520142,6.372490882873535,81.809326171875,1.4653031826019287,5.958016872406006,1.7215009927749634,0.0238351933658123,0.4502179026603699,-0.20616810023784637,1.4691959619522095,5.957553863525391,1.7138782739639282
134,0.4048343598842621,0.7109063863754272,0.3142286241054535,1.0999367237091064,9.269720077514648,0.9882733821868896,0.32612207531929016,0.3561190664768219,0.1156177893280983,-0.004746545571833849,0.03720227628946304,0.984224796295166,0.32699713110923767,0.3551584780216217
135,0.3994216024875641,0.7177184820175171,0.7491803765296936,6.739776134490967,89.82654571533203,3.8412091732025146,5.377827167510986,1.3223741054534912,0.25780749320983887,0.3571024239063263,-0.12403668463230133,3.843238592147827,5.38092565536499,1.3202162981033325
136,0.4645932912826538,0.7303303480148315,0.5026277303695679,3.69425368309021,48.4019889831543,2.8673839569091797,2.305744171142578,0.3303987979888916,0.1550832986831665,0.14579813182353973,-0.018163608387112617,2.871173858642578,2.307548999786377,0.33081939816474915
137,0.36576125025749207,0.7285680770874023,0.6494284868240356,5.854428768157959,78.16321563720703,5.79577112197876,0.8010130524635315,0.20435164868831635,0.4500429332256317,0.07699105143547058,-0.0092635378241539,5.794389724731445,0.7995283603668213,0.20471100509166718
138,0.3867296576499939,0.7176187038421631,0.52912837266922,2.42948055267334,22.832515716552734,1.8422269821166992,1.5525274276733398,0.3134233355522156,0.07220729440450668,-0.17399530112743378,0.014008680358529091,1.845946192741394,1.547049880027771,0.3139835000038147
139,0.42667829990386963,0.7020930647850037,1.6370623111724854,10.828392028808594,105.38863372802734,5.097614288330078,9.242599487304688,2.4171745777130127,-0.4673994481563568,0.18498116731643677,-0.008834616281092167,5.090301036834717,9.266524314880371,2.423901081085205
140,0.4282451868057251,0.724540650844574,0.3789888620376587,1.964888095855713,24.47774887084961,1.20631742477417,1.5235332250595093,0.2905682623386383,-0.06422273069620132,-0.07941970229148865,-0.010215986520051956,1.2079668045043945,1.5257058143615723,0.29119864106178284
141,0.402682900428772,0.7186698913574219,1.651498794555664,13.33598518371582,160.95423889160156,8.51034164428711,9.555011749267578,3.7582385540008545,0.02118576690554619,-0.7417413592338562,0.2301672399044037,8.534052848815918,9.552750587463379,3.7616477012634277
142,0.40884140133857727,0.7079128623008728,0.3367427587509155,1.0432302951812744,8.527288436889648,0.7079101204872131,0.6784258484840393,0.3562738001346588,0.0419035330414772,0.03043096326291561,0.03098312020301819,0.7086400389671326,0.6796335577964783,0.35591402649879456
143,0.3967834413051605,0.7284731268882751,0.35239601135253906,1.5432208776474,17.338449478149414,1.3767825365066528,0.48728147149086,0.49855488538742065,-0.009816069155931473,-0.05343557149171829,-0.06081831827759743,1.3805878162384033,0.48569372296333313,0.4962116777896881
144,0.41601821780204773,0.706502377986908,0.6801971793174744,7.214735984802246,96.72470092773438,1.2664738893508911,6.954843997955322,1.4417338371276855,0.08137233555316925,0.5377782583236694,-0.12628109753131866,1.2673823833465576,6.953363418579102,1.4401986598968506
145,0.43473055958747864,0.7097282409667969,0.2812094986438751,1.086098313331604,12.20117473602295,0.7992507219314575,0.6044248938560486,0.4189012050628662,0.048066701740026474,-0.04923740029335022,-0.009480767883360386,0.800029456615448,0.6040964722633362,0.4199621081352234
146,0.3641400635242462,0.7435717582702637,1.1263705492019653,12.028412818908691,160.92835998535156,6.308403491973877,9.534936904907227,3.737882614135742,0.46265366673469543,-0.7297003269195557,0.26776206493377686,6.308964252471924,9.533493041992188,3.7386796474456787
147,0.37487953901290894,0.7316634058952332,0.17516396939754486,0.4005252420902252,3.188908338546753,0.3275284171104431,0.1650814265012741,0.16091524064540863,0.02172306925058365,0.007907169871032238,0.001490007503889501,0.3277188539505005,0.16535191237926483,0.16135717928409576
148,0.3847286105155945,0.7253530025482178,0.460384726524353,1.5704879760742188,15.284917831420898,1.2282719612121582,0.8086232542991638,0.5512791275978088,0.04883458465337753,0.016266167163848877,0.0589059479534626,1.2307242155075073,0.8107147216796875,0.5496518611907959
149,0.4148370921611786,0.7246504426002502,1.250178337097168,12.129731178283691,161.3014373779297,6.47081995010376,9.511884689331055,3.844852924346924,0.34124550223350525,-0.7297951579093933,0.2350122332572937,6.47983980178833,9.510300636291504,3.8483686447143555
150,0.41708284616470337,0.7194854617118835,0.21105699241161346,0.5987170338630676,5.247987270355225,0.30699846148490906,0.4618065059185028,0.2257184535264969,-0.01232739444822073,0.013580318540334702,0.005204418674111366,0.3076065182685852,0.4628943204879761,0.22628788650035858
151,0.4286174476146698,0.7220692038536072,0.3541521728038788,1.231167197227478,13.463211059570312,1.0504913330078125,0.5415440797805786,0.3449212908744812,0.10354933142662048,0.030689595267176628,-0.008664661087095737,1.0482913255691528,0.5421819686889648,0.34577426314353943
152,0.4205598831176758,0.7151162624359131,1.7670660018920898,12.821974754333496,160.7275848388672,6.842832088470459,9.951597213745117,4.3063201904296875,0.1209694966673851,-0.7195076942443848,0.15556129813194275,6.860846519470215,9.953238487243652,4.315513610839844
153,0.4236885905265808,0.7166018486022949,0.5511696934700012,4.4142069816589355,58.86326599121094,0.5452592968940735,4.078341007232666,1.5984538793563843,0.024056365713477135,-0.30195602774620056,0.1069127544760704,0.5462478399276733,4.078492164611816,1.5993232727050781
154,0.4751664400100708,0.6861562728881836,1.7195193767547607,14.924101829528809,187.04562377929688,5.474244117736816,13.857535362243652,0.8545119166374207,0.10996510088443756,0.6561926007270813,0.09799020737409592,5.488406181335449,13.880602836608887,0.8512426018714905
155,0.4261586666107178,0.7237073183059692,0.40179431438446045,2.1432902812957764,25.209199905395508,1.7033729553222656,0.7724816799163818,1.046654462814331,-0.0983356311917305,-0.02147613652050495,-0.057312048971652985,1.705275535583496,0.7743369936943054,1.047999382019043
156,0.3801927864551544,0.7186241745948792,1.7645182609558105,14.618188858032227,165.11366271972656,10.76211929321289,9.105830192565918,3.8667919635772705,-1.0912681818008423,0.008547168225049973,-0.12003529816865921,10.7365140914917,9.1312255859375,3.8757095336914062
157,0.4060498774051666,0.7259793877601624,0.20524029433727264,0.5327736735343933,4.035013675689697,0.24404050409793854,0.3216603100299835,0.34760135412216187,0.004556060768663883,-0.045969486236572266,-0.016290070489048958,0.2446785867214203,0.3192465901374817,0.34818795323371887
158,0.4583672285079956,0.696536123752594,0.38993221521377563,1.1179862022399902,9.102526664733887,0.4146685004234314,0.9531247615814209,0.41169923543930054,0.006798852235078812,-0.16689462959766388,0.005397982895374298,0.4157692790031433,0.9410167336463928,0.41281217336654663
159,0.4014250934123993,0.7260197401046753,1.4322304725646973,10.233272552490234,105.38075256347656,4.857815742492676,8.675582885742188,2.4198684692382812,0.27547717094421387,0.05180846527218819,0.01996377296745777,4.863526821136475,8.699627876281738,2.4265356063842773
160,0.37328583002090454,0.7366849780082703,0.2874123752117157,0.9883138537406921,10.110865592956543,0.5924299955368042,0.7159364819526672,0.336490660905838,0.013900686986744404,0.08128448575735092,-0.011485720984637737,0.5939188599586487,0.7132912874221802,0.3372326195240021
161,0.39712128043174744,0.7245991230010986,1.3275600671768188,12.054336547851562,160.40440368652344,6.343522548675537,9.54849624633789,3.7273294925689697,0.5287165641784668,-0.7073182463645935,0.2562600374221802,6.339084148406982,9.548823356628418,3.728882312774658
162,0.4187374413013458,0.7325815558433533,0.2623632848262787,0.6890830993652344,4.982555866241455,0.343016654253006,0.520305871963501,0.2940356135368347,0.026941565796732903,-0.042047034949064255,0.02113627828657627,0.3429108262062073,0.5200507640838623,0.2940930128097534
163,0.3892282545566559,0.7175421118736267,0.40866008400917053,1.424855351448059,11.761112213134766,0.8456717729568481,1.0469526052474976,0.4679126441478729,0.0852038636803627,0.07756594568490982,0.01726508140563965,0.8437154293060303,1.0469876527786255,0.46889835596084595
164,0.41072362661361694,0.7019721269607544,0.2964518964290619,0.8051807284355164,5.922176361083984,0.5042187571525574,0.5763106942176819,0.248888298869133,0.042387623339891434,0.010307966731488705,0.024388279765844345,0.5038353800773621,0.5778257250785828,0.24838143587112427
165,0.41018903255462646,0.7058042287826538,1.7955646514892578,13.861920356750488,160.26930236816406,6.454113483428955,11.344391822814941,4.669262886047363,0.6137348413467407,-0.21409335732460022,0.07269666343927383,6.442788124084473,11.37401008605957,4.681719779968262
166,0.3670240044593811,0.7220802903175354,0.2634870707988739,0.922392725944519,9.083645820617676,0.6863237619400024,0.3261541724205017,0.5228686332702637,0.06599132716655731,-0.01415555365383625,-0.017179317772388458,0.685049295425415,0.32675573229789734,0.5240440964698792
167,0.40243008732795715,0.7400837540626526,1.1558921337127686,11.971626281738281,160.3374786376953,6.2762532234191895,9.496153831481934,3.708308219909668,0.43327099084854126,-0.7527604103088379,0.3179141581058502,6.278745651245117,9.49267578125,3.7049620151519775
168,0.3913342356681824,0.7269288301467896,0.4964182674884796,2.8197362422943115,35.23146057128906,0.7603744864463806,1.8968075513839722,1.9429011344909668,-0.015429656952619553,0.1311822086572647,-0.13877494633197784,0.7623384594917297,1.897544026374817,1.9433443546295166
169,0.42106685042381287,0.7193223834037781,0.23037488758563995,0.6681440472602844,6.831371307373047,0.4624635577201843,0.4119303524494171,0.25071367621421814,-0.014964338392019272,0.0068126255646348,-0.02505233697593212,0.4635107219219208,0.41302290558815,0.2501547038555145
170,0.4362783432006836,0.7087737321853638,1.142198920249939,12.0070161819458,160.66517639160156,6.307328701019287,9.499338150024414,3.761465072631836,0.5048931837081909,-0.6695851683616638,0.303810715675354,6.304624557495117,9.502140998840332,3.7596335411071777
171,0.42695480585098267,0.7005713582038879,0.6242732405662537,4.143592357635498,53.34626388549805,3.192464590072632,2.5916171073913574,0.510927140712738,-0.33303743600845337,-0.19738049805164337,-0.05673591047525406,3.1839025020599365,2.5912976264953613,0.5091836452484131
172,0.4162813723087311,0.7179500460624695,0.3599438965320587,1.2446913719177246,10.8323392868042,0.7027516961097717,0.9445698857307434,0.4039608836174011,0.016809435561299324,0.09489142149686813,0.01858757808804512,0.7045103311538696,0.9424129128456116,0.40465864539146423
173,0.48640915751457214,0.6923990845680237,1.0637632608413696,5.666863918304443,50.20183563232422,3.702805757522583,3.8395683765411377,1.9131876230239868,-0.259463369846344,-0.45866233110427856,0.10289012640714645,3.704007148742676,3.8227083683013916,1.915747880935669
174,0.4090937077999115,0.7262136340141296,1.059824824333191,5.338857173919678,65.548583984375,4.671825408935547,2.491624116897583,0.6850240230560303,-0.28522610664367676,0.01868126168847084,3.725687929545529e-05,4.676117897033691,2.4985039234161377,0.6869348883628845
175,0.3974965512752533,0.7141439914703369,0.7117102742195129,4.208155632019043,53.36847686767578,3.1400649547576904,2.6982457637786865,0.7536782026290894,0.1618097573518753,0.12381570041179657,0.01591014675796032,3.1446406841278076,2.7029221057891846,0.7556120753288269
176,0.48713159561157227,0.7206571698188782,0.2996383011341095,1.1295239925384521,12.84304141998291,0.7955647706985474,0.6975698471069336,0.39534467458724976,-0.08976835012435913,0.026927556842565536,-0.03411067649722099,0.7926889061927795,0.6989943385124207,0.39496901631355286
177,0.45143944025039673,0.6959171891212463,1.233141303062439,12.00780200958252,160.5160369873047,6.28862190246582,9.504667282104492,3.781783103942871,0.4902809262275696,-0.6452878713607788,0.32508933544158936,6.286969184875488,9.509187698364258,3.778294801712036
178,0.3897864818572998,0.6967783570289612,0.3952805995941162,1.2829692363739014,9.78581428527832,0.8176144361495972,0.9138758778572083,0.3772902488708496,-0.083157017827034,0.005865701008588076,-0.04319770634174347,0.8156434297561646,0.9164060950279236,0.37585464119911194
179,0.4561147093772888,0.7061052322387695,0.27928900718688965,0.8041528463363647,8.207223892211914,0.3683222234249115,0.5728124380111694,0.4276522696018219,0.03559834882616997,-0.043365929275751114,0.02161831595003605,0.36762046813964844,0.5727617740631104,0.42829692363739014
180,0.40476876497268677,0.7264982461929321,1.1113460063934326,11.995919227600098,160.67535400390625,6.292851448059082,9.509739875793457,3.7238314151763916,0.48786816000938416,-0.7221614718437195,0.283717542886734,6.291411399841309,9.5087308883667,3.72336483001709
181,0.418243408203125,0.711406409740448,0.31615909934043884,0.7639833688735962,5.6378936767578125,0.4084123373031616,0.5662083625793457,0.3102870285511017,-0.02591482363641262,-0.12336837500333786,-0.004330241587013006,0.4087262749671936,0.5541463494300842,0.31112226843833923
182,0.376494824886322,0.7164910435676575,1.2097212076187134,9.737860679626465,107.38967895507812,6.468740940093994,7.1311936378479,1.4585579633712769,-0.1494373381137848,-0.7649393677711487,0.09701138734817505,6.4850544929504395,7.109825611114502,1.4593876600265503
183,0.44214048981666565,0.724868655204773,1.5956828594207764,12.99827766418457,157.34494018554688,10.92549991607666,6.272809028625488,3.200087547302246,-1.0738091468811035,0.6278030872344971,-0.1994139850139618,10.90293025970459,6.258723258972168,3.20277738571167
184,0.3764386475086212,0.7385547161102295,1.0361517667770386,6.303114891052246,72.24437713623047,4.737907409667969,4.121931076049805,0.5396105647087097,-0.2736685872077942,-0.5001145601272583,0.00021604100766126066,4.743190765380859,4.10289192199707,0.5411157011985779
185,0.41167354583740234,0.7002881765365601,1.0371792316436768,10.309015274047852,137.6711883544922,6.991708278656006,7.556876182556152,0.534267246723175,0.6243560314178467,-0.5665004849433899,-0.018545594066381454,6.983199596405029,7.5566325187683105,0.5354346632957458
186,0.43388018012046814,0.7094975709915161,0.7894014120101929,6.1286187171936035,81.48209381103516,1.008126139640808,5.823828220367432,1.6207014322280884,0.06148965284228325,0.3803437352180481,-0.10162939876317978,1.0090559720993042,5.8276047706604,1.6220237016677856
187,0.39328402280807495,0.7017499804496765,0.2488001585006714,0.5464746356010437,3.871238946914673,0.3884342610836029,0.2713041305541992,0.27230024337768555,-0.0005690707475878298,-0.03136186674237251,-0.005568123888224363,0.3895173668861389,0.2702370584011078,0.2730027139186859
188,0.3664798438549042,0.7099573612213135,0.4662289321422577,1.9332596063613892,17.56055450439453,1.1863772869110107,1.398337960243225,0.612088680267334,-0.04253503680229187,-0.09100301563739777,-0.00017852253222372383,1.1889216899871826,1.3992657661437988,0.6137959957122803
189,0.4287185072898865,0.7157147526741028,0.8360381722450256,5.031890869140625,55.603031158447266,2.225156545639038,4.059118270874023,1.9728572368621826,0.0948575809597969,-0.2725508511066437,0.11590813100337982,2.229334831237793,4.061254978179932,1.9749430418014526
190,0.411112517118454,0.6967796683311462,0.22596369683742523,0.6536679267883301,6.53129768371582,0.549803614616394,0.2812389135360718,0.21424853801727295,-0.010827155783772469,-0.01973262056708336,0.02441801317036152,0.551230251789093,0.28132835030555725,0.21344627439975739
191,0.43384960293769836,0.6879671812057495,0.31733790040016174,0.8041677474975586,6.315963268280029,0.5646372437477112,0.5192921757698059,0.2412598431110382,0.026963990181684494,-0.06334289163351059,-0.0004232605278957635,0.5655661821365356,0.5168521404266357,0.2419324368238449
192,0.42168182134628296,0.728851854801178,1.7170026302337646,13.35221004486084,160.50233459472656,7.496346950531006,10.390663146972656,3.7577106952667236,0.8803501725196838,-1.0079888105392456,0.34242483973503113,7.465240478515625,10.370503425598145,3.752514362335205
193,0.3801307678222656,0.7453038692474365,0.720562756061554,4.237288951873779,54.673988342285156,3.2192540168762207,2.6418018341064453,0.7822445631027222,0.27536848187446594,0.12584160268306732,-0.05096346512436867,3.2164015769958496,2.6461634635925293,0.782759964466095
194,0.41669267416000366,0.7197642922401428,0.3258640468120575,1.481431245803833,18.600967407226562,0.5145731568336487,1.3721942901611328,0.21664643287658691,-0.0011978567345067859,-0.20218192040920258,-0.0061966730281710625,0.5160070657730103,1.3610035181045532,0.2171618640422821
195,0.410390704870224,0.723839282989502,0.45380899310112,1.3926409482955933,10.845260620117188,0.6085577607154846,1.1902822256088257,0.3903002142906189,-0.03163231164216995,-0.0816752165555954,0.028329897671937943,0.6094303727149963,1.1907891035079956,0.39035651087760925
196,0.4013470709323883,0.712920069694519,0.658035159111023,3.467433214187622,41.535823822021484,3.139453411102295,1.4159725904464722,0.4024246335029602,-0.2615719437599182,-0.22956687211990356,0.05891377106308937,3.1372644901275635,1.4011366367340088,0.3991992771625519
197,0.39770960807800293,0.6964820027351379,0.49584639072418213,3.13820481300354,41.57771682739258,3.1018149852752686,0.41665470600128174,0.23123979568481445,0.22567547857761383,-0.07578281313180923,0.014921736903488636,3.1022236347198486,0.4108477234840393,0.23140153288841248
198,0.4512392282485962,0.7155469059944153,0.3329167366027832,0.7481206655502319,4.3228583335876465,0.5804941058158875,0.4092022180557251,0.23508428037166595,-0.015025265514850616,-0.08133749663829803,0.011224614456295967,0.5819182991981506,0.40215563774108887,0.23547114431858063
199,0.41578397154808044,0.721535861492157,1.6204696893692017,14.948905944824219,195.84274291992188,6.1174211502075195,12.763816833496094,4.809568881988525,0.1312698870897293,-1.0310612916946411,0.3693995773792267,6.133072376251221,12.757590293884277,4.8087382316589355
200,0.4209749400615692,0.7210056185722351,0.5963630080223083,3.929307699203491,51.56057357788086,3.2400062084198,2.104781150817871,0.7153434753417969,-0.25848057866096497,-0.24905480444431305,0.08156582713127136,3.2386879920959473,2.0958240032196045,0.7126603126525879
201,0.4493076503276825,0.7081632614135742,2.2966361045837402,15.787437438964844,160.3402557373047,10.500904083251953,11.153042793273926,3.818878650665283,1.021789789199829,-1.0967477560043335,0.23193132877349854,10.480225563049316,11.1299467086792,3.8224613666534424
202,0.4730816185474396,0.6505286693572998,2.1800971031188965,11.253665924072266,103.87432098388672,6.3016037940979,8.755433082580566,3.205801486968994,-0.2472260594367981,1.3056243658065796,-0.4568394124507904,6.314316272735596,8.681686401367188,3.1819350719451904
203,0.42287275195121765,0.6867277026176453,0.4876008927822113,1.8938125371932983,23.23593521118164,1.3085111379623413,1.3093440532684326,0.3999282717704773,-0.06802041828632355,-0.1763276606798172,-0.007652536034584045,1.3103870153427124,1.3010358810424805,0.40097036957740784
204,0.49857762455940247,0.6427285671234131,1.3115286827087402,8.213305473327637,103.98564910888672,4.869307041168213,6.372368335723877,1.7723307609558105,-0.5764111280441284,-0.7026099562644958,0.10123390704393387,4.8485565185546875,6.351181507110596,1.7743725776672363
205,0.49126213788986206,0.6603928804397583,2.126441240310669,13.705026626586914,159.41693115234375,7.0835466384887695,11.077677726745605,3.864736557006836,0.15876109898090363,-1.3426501750946045,0.29738423228263855,7.101521968841553,11.026681900024414,3.8640263080596924
206,0.5420175790786743,0.6407360434532166,1.3553828001022339,7.845565319061279,95.16177368164062,2.1430447101593018,7.378617763519287,1.5862716436386108,-0.013638119213283062,-0.24750511348247528,-0.007724677212536335,2.1489789485931396,7.395036220550537,1.5906774997711182
207,0.4666750431060791,0.6207183003425598,2.372267246246338,15.572526931762695,195.2772216796875,3.324974298477173,14.592305183410645,4.302651882171631,0.20976833999156952,-1.6547698974609375,0.5215206742286682,3.3276069164276123,14.538614273071289,4.282841682434082
208,0.5164018273353577,0.6653709411621094,1.3447920083999634,6.754668235778809,86.84119415283203,6.541110515594482,1.4223129749298096,0.9035688042640686,-0.4579346179962158,0.0817204937338829,-0.12144830077886581,6.543262481689453,1.4239243268966675,0.8978671431541443
209,0.46008139848709106,0.6522881984710693,1.1647465229034424,4.856118202209473,59.2658576965332,1.8053815364837646,4.055945873260498,1.967685580253601,0.054086919873952866,-0.2336203157901764,0.18364304304122925,1.8096046447753906,4.060507297515869,1.9645617008209229
210,0.45410189032554626,0.6180675029754639,0.9797822833061218,5.1691365242004395,56.823699951171875,4.1975178718566895,2.9438092708587646,0.659394383430481,-0.49234163761138916,-0.3005087077617645,-0.006113619543612003,4.180171489715576,2.9365997314453125,0.6612052917480469
211,0.4601752460002899,0.633161723613739,1.9178009033203125,13.559115409851074,178.8582763671875,1.838102102279663,12.794641494750977,4.094889163970947,0.019418440759181976,-0.8146867156028748,0.36367714405059814,1.8431265354156494,12.80429458618164,4.090085029602051
212,0.498657763004303,0.6219785213470459,3.215162515640259,17.912273406982422,174.35018920898438,6.280552387237549,15.838668823242188,5.526365756988525,0.22989904880523682,-2.1360466480255127,0.6092471480369568,6.293849945068359,15.737749099731445,5.508002281188965
213,0.5344207882881165,0.6267071962356567,1.1283111572265625,3.8717637062072754,39.019596099853516,2.6050469875335693,2.5549309253692627,1.2948404550552368,-0.2914227545261383,-0.15300880372524261,-0.0018171085976064205,2.5959160327911377,2.5574591159820557,1.2984509468078613
214,0.4750311076641083,0.6394557356834412,2.82038950920105,17.08805274963379,165.59437561035156,13.133232116699219,10.243614196777344,3.819436550140381,0.14210909605026245,-1.2202622890472412,0.4212270677089691,13.169095993041992,10.199043273925781,3.8067264556884766
215,0.47067898511886597,0.61757892370224,2.268779754638672,10.623472213745117,118.91352081298828,3.839186191558838,9.230201721191406,3.594743251800537,0.027199380099773407,0.6744334101676941,-0.2952129542827606,3.8497986793518066,9.231206893920898,3.5925939083099365
216,0.5583513975143433,0.5990193486213684,5.311087608337402,22.130922317504883,166.52548217773438,14.766847610473633,15.22174072265625,6.325865745544434,-1.2509033679962158,-0.9622218608856201,0.776382565498352,14.754812240600586,15.233673095703125,6.295553684234619
217,0.5127444863319397,0.5946882367134094,2.919694423675537,17.168672561645508,202.2273406982422,5.873819828033447,15.668225288391113,3.8429596424102783,-0.4035593867301941,-1.2429430484771729,-0.052203159779310226,5.876286029815674,15.662412643432617,3.853323221206665
218,0.5025351643562317,0.6089122295379639,4.726524829864502,20.047229766845703,162.23733520507812,13.1588134765625,14.043866157531738,5.613101959228516,-0.09741291403770447,-0.6709563732147217,0.14610634744167328,13.19515609741211,14.0669584274292,5.626852035522461
219,0.44284504652023315,0.615203320980072,1.4288705587387085,7.811968803405762,99.54561614990234,2.7949233055114746,6.535184383392334,3.241392135620117,0.1288289874792099,-0.4547359049320221,0.17080989480018616,2.7997405529022217,6.537528991699219,3.245917558670044
220,0.5364254713058472,0.6071549654006958,2.608975887298584,16.707443237304688,201.97682189941406,7.890326499938965,14.336115837097168,3.3700428009033203,-0.0032796012237668037,-1.02495539188385,0.10940100252628326,7.912335395812988,14.339316368103027,3.377662181854248
221,0.5142529606819153,0.6332319378852844,2.4552741050720215,11.157651901245117,116.06053161621094,9.502216339111328,5.5258917808532715,1.9145724773406982,0.8636825680732727,0.23014482855796814,-0.16887648403644562,9.489279747009277,5.536497592926025,1.9124294519424438
222,0.4773075580596924,0.627059817314148,1.8682029247283936,11.20954704284668,134.81356811523438,9.376452445983887,6.059736251831055,1.0078136920928955,-0.6716623902320862,-0.6767064332962036,0.05209045484662056,9.37845230102539,6.03863000869751,1.0092741250991821
223,0.45174211263656616,0.6212419271469116,0.9194612503051758,5.29908561706543,69.85196685791016,1.6980842351913452,4.983138561248779,0.6042681932449341,-0.19515088200569153,-0.40910348296165466,-0.043819610029459,1.6915384531021118,4.980169296264648,0.6043583750724792
224,0.5229801535606384,0.5912300944328308,1.320867657661438,5.844336032867432,60.29413604736328,3.2391366958618164,4.757809638977051,1.0136576890945435,0.20116645097732544,0.3820827901363373,-0.03419281914830208,3.2419018745422363,4.755671501159668,1.0159066915512085
225,0.539562463760376,0.604032576084137,2.211092948913574,12.174383163452148,130.7083282470703,10.368534088134766,6.078579902648926,1.9390677213668823,0.7736232280731201,-0.47651466727256775,0.00965945515781641,10.368473052978516,6.07677698135376,1.9444525241851807
226,0.5181083679199219,0.6039453744888306,3.2937300205230713,15.181211471557617,145.70755004882812,12.838231086730957,7.528895378112793,2.9941182136535645,-1.7133182287216187,-0.30327656865119934,-0.3200019598007202,12.75888442993164,7.543768882751465,2.9852726459503174
227,0.5291517376899719,0.6106587648391724,2.330413818359375,13.038744926452637,125.36530303955078,6.801037311553955,10.431717872619629,3.864454746246338,0.37831634283065796,-0.24875733256340027,-0.07028647512197495,6.809449195861816,10.457841873168945,3.874593496322632
228,0.519283652305603,0.6076605319976807,4.060922145843506,18.22064208984375,150.82545471191406,13.733942031860352,11.161382675170898,4.335224151611328,-1.8215643167495728,-0.16873425245285034,0.1038190945982933,13.650577545166016,11.19123649597168,4.346069812774658
229,0.5588644742965698,0.6009756326675415,1.6888821125030518,7.689418315887451,60.013187408447266,4.368585109710693,6.127388000488281,1.5804214477539062,-0.1181861087679863,-0.3898945450782776,0.0288526751101017,4.379167556762695,6.132028102874756,1.5845657587051392
230,0.5372928977012634,0.5802500247955322,2.9722585678100586,14.2857027053833,162.21861267089844,6.985116481781006,11.557042121887207,4.660923004150391,-0.20160813629627228,-1.2524975538253784,0.5411010384559631,7.001682758331299,11.521018981933594,4.6423211097717285
231,0.5112332105636597,0.6311551928520203,3.3817641735076904,15.408281326293945,144.4586639404297,5.812620162963867,13.179961204528809,5.469663143157959,-0.26807722449302673,0.4604418873786926,-0.31074967980384827,5.822631359100342,13.208658218383789,5.4760613441467285
232,0.5020366907119751,0.6520546674728394,2.741013765335083,12.796469688415527,117.22999572753906,7.34030294418335,10.26573657989502,2.11759352684021,0.25123199820518494,-0.36857402324676514,0.17833593487739563,7.356465816497803,10.287735939025879,2.1159567832946777
233,0.5616441369056702,0.6202949285507202,1.341474175453186,5.514825820922852,65.16825866699219,5.0098114013671875,2.163865089416504,0.7954733371734619,-0.4783425033092499,0.17544859647750854,0.0003754192148335278,5.000833034515381,2.1627564430236816,0.7976921796798706
234,0.5216004252433777,0.5955810546875,1.4159451723098755,6.519360542297363,78.77335357666016,5.886988162994385,1.7592297792434692,2.1795740127563477,0.2941271662712097,0.051446761935949326,-0.19259577989578247,5.896036148071289,1.7633824348449707,2.1771042346954346
235,0.49191808700561523,0.6416846513748169,2.0900909900665283,11.305802345275879,101.30742645263672,10.591715812683105,3.2687206268310547,2.2253525257110596,-0.5887976288795471,-0.3219476640224457,0.06813857704401016,10.604836463928223,3.2619006633758545,2.230513572692871
236,0.4621604382991791,0.6331894993782043,1.9528439044952393,12.692527770996094,150.99732971191406,5.251246929168701,10.857544898986816,3.954543352127075,0.07230070978403091,0.4807182848453522,-0.19714796543121338,5.265395164489746,10.877153396606445,3.9606432914733887
237,0.4850434958934784,0.6201712489128113,1.1072930097579956,3.5360400676727295,37.748558044433594,2.364619016647339,2.424431800842285,1.0169987678527832,-0.2409788817167282,-0.10175176709890366,-0.15295752882957458,2.3588693141937256,2.4290525913238525,1.0082350969314575
238,0.5257843732833862,0.6031422019004822,1.0789874792099,2.6156740188598633,18.07976722717285,1.7748682498931885,1.771720290184021,0.7433707118034363,-0.1749013364315033,-0.02477068454027176,0.017099089920520782,1.7711563110351562,1.7764886617660522,0.7452470660209656
239,0.5483163595199585,0.6105896234512329,4.014235496520996,22.069686889648438,211.80247497558594,13.730555534362793,16.419252395629883,5.380622386932373,0.09764587134122849,-1.0786000490188599,0.04793085530400276,13.768507957458496,16.429487228393555,5.395417213439941
240,0.5271511077880859,0.6192975044250488,1.614915370941162,5.411211967468262,52.67789840698242,2.604700803756714,4.466763496398926,1.59523344039917,-0.3472769856452942,0.20904113352298737,-0.047265298664569855,2.5886476039886475,4.474315166473389,1.5989809036254883
241,0.526947021484375,0.6240839958190918,1.5159473419189453,6.921254634857178,69.80089569091797,6.610448360443115,1.992752194404602,0.4844311475753784,-0.15328460931777954,0.003999196458607912,0.049925561994314194,6.627105712890625,1.9983065128326416,0.4831956624984741
242,0.5497099161148071,0.5969218611717224,4.25452184677124,23.995548248291016,210.3209991455078,15.167672157287598,17.205411911010742,7.049954414367676,-1.0372834205627441,-1.2966820001602173,0.36159083247184753,15.174371719360352,17.204336166381836,7.060314178466797
243,0.5081908702850342,0.6072733998298645,3.2852730751037598,15.101903915405273,157.91732788085938,8.813450813293457,11.2235689163208,4.941869735717773,0.37869992852211,-0.8828637003898621,0.4558405578136444,8.829872131347656,11.220001220703125,4.93452787399292
244,0.575651228427887,0.5849690437316895,2.5949442386627197,12.60400104522705,128.9840087890625,5.227964401245117,10.999913215637207,3.245171308517456,-0.223804771900177,0.2767743170261383,-0.12657710909843445,5.237741947174072,11.027104377746582,3.251746892929077
245,0.5753368735313416,0.6080341935157776,1.8644942045211792,8.76689624786377,104.11064910888672,5.625698566436768,6.313316345214844,2.3134443759918213,0.03778701648116112,0.37057259678840637,-0.290754109621048,5.64126443862915,6.320011138916016,2.3015027046203613
246,0.5362024903297424,0.5949277877807617,0.880577802658081,1.8044086694717407,11.344205856323242,0.9632307887077332,1.3973366022109985,0.6128026843070984,-0.0745023563504219,-0.025655599310994148,-0.015357102267444134,0.9630239605903625,1.4009981155395508,0.6143190264701843
247,0.5341745615005493,0.6133937835693359,1.4021925926208496,5.497162818908691,65.80437469482422,4.861170768737793,2.471194267272949,0.6935622692108154,0.07706787437200546,-0.12027820944786072,0.0007662905845791101,4.874117374420166,2.4751501083374023,0.6954964399337769
248,0.5341464877128601,0.5939203500747681,2.8730762004852295,14.80574893951416,140.83094787597656,5.346480846405029,13.20131778717041,4.0435791015625,0.4966532588005066,-1.3398821353912354,0.4774603247642517,5.338212013244629,13.169778823852539,4.026491641998291
249,0.5626086592674255,0.6049136519432068,2.3538413047790527,10.718305587768555,119.92864990234375,3.229814291000366,9.627555847167969,3.42936635017395,-0.4454471170902252,-0.999650239944458,0.4045426845550537,3.2078726291656494,9.602227210998535,3.414921283721924
250,0.5536182522773743,0.5869255065917969,2.273818254470825,10.536027908325195,128.2102813720703,6.634274005889893,8.10356330871582,1.1517683267593384,-0.5807747840881348,-0.5039376020431519,-0.033594075590372086,6.627239227294922,8.110438346862793,1.1544896364212036
251,0.5298225283622742,0.59382164478302,1.786811351776123,7.427675724029541,67.27336883544922,5.259109020233154,4.524886608123779,2.6528372764587402,0.1274246722459793,-0.27930688858032227,0.018046580255031586,5.272230625152588,4.528855800628662,2.6601758003234863
252,0.5109986662864685,0.5901438593864441,2.9522881507873535,15.109807968139648,166.80369567871094,11.598506927490234,8.787919998168945,4.068586826324463,-0.5980908870697021,0.4871012568473816,-0.1409326195716858,11.615386962890625,8.798885345458984,4.077487468719482
253,0.5655784010887146,0.5800605416297913,4.679032325744629,20.788721084594727,159.12741088867188,8.596662521362305,18.282180786132812,4.90206241607666,0.017768902704119682,-3.0711750984191895,0.7756955027580261,8.620623588562012,18.072647094726562,4.85380220413208
254,0.6030285954475403,0.578373372554779,2.005983829498291,7.527279853820801,73.52068328857422,6.438921928405762,3.5905582904815674,1.5192482471466064,-0.6129926443099976,0.2508932054042816,-0.06241370365023613,6.427555561065674,3.5917727947235107,1.5221998691558838
255,0.5657140612602234,0.5756155252456665,1.6328556537628174,6.1036376953125,64.71268463134766,2.3990025520324707,5.414470195770264,1.4773943424224854,0.0007311185472644866,0.15291829407215118,-0.19643215835094452,2.4056942462921143,5.427407264709473,1.4683619737625122
256,0.568684458732605,0.6223444938659668,2.721518039703369,14.38241958618164,149.454345703125,7.295666694641113,12.138973236083984,2.50451397895813,-0.2345687448978424,-0.7667790651321411,-0.09075099229812622,7.312234878540039,12.148524284362793,2.5098507404327393
257,0.5679007768630981,0.6082546710968018,2.0590498447418213,9.986194610595703,100.73702239990234,7.5417327880859375,6.44711971282959,1.131812572479248,-0.9850482940673828,-0.624282956123352,0.1265072524547577,7.497982025146484,6.434722423553467,1.1278576850891113
258,0.556658148765564,0.5858418941497803,2.751694917678833,11.75826358795166,86.69490051269531,6.002521514892578,9.74896240234375,2.6803383827209473,-0.052200742065906525,-0.8129633069038391,0.15688154101371765,6.019037246704102,9.742106437683105,2.683206796646118
259,0.5996890664100647,0.5753167271614075,4.277226448059082,20.661575317382812,178.11526489257812,15.864653587341309,13.105901718139648,1.8570919036865234,-1.2524725198745728,-1.402741551399231,0.22163736820220947,15.85925006866455,13.066964149475098,1.8489618301391602
260,0.5538102388381958,0.5703288912773132,2.668806791305542,9.768851280212402,72.48885345458984,7.334969520568848,5.9382781982421875,2.522996425628662,0.28831198811531067,-0.12357711791992188,-0.13887426257133484,7.349746227264404,5.953552722930908,2.526198625564575
261,0.5872817635536194,0.6061561703681946,4.116141319274902,18.030303955078125,126.0811767578125,13.583785057067871,10.763437271118164,4.972033500671387,-0.4694950580596924,-1.4461902379989624,0.324639230966568,13.61353588104248,10.695589065551758,4.975262641906738
262,0.6125068068504333,0.5973802208900452,2.333601236343384,11.06217098236084,106.36903381347656,9.213787078857422,5.606749534606934,2.4580729007720947,1.0659228563308716,-0.2089662402868271,-0.2869053781032562,9.177451133728027,5.61848258972168,2.4480817317962646
263,0.5883325934410095,0.5896357297897339,2.8427395820617676,14.971059799194336,154.4886932373047,10.385683059692383,10.160860061645508,3.6093180179595947,0.44377705454826355,0.7856981158256531,-0.26370224356651306,10.40514087677002,10.15869426727295,3.6097123622894287
264,0.6000593304634094,0.5712685585021973,3.085685968399048,15.047332763671875,154.1864776611328,7.5352582931518555,12.411477088928223,3.949343681335449,0.6672226190567017,-1.6728037595748901,0.45928719639778137,7.526596546173096,12.332536697387695,3.933488130569458
265,0.5236406326293945,0.5918309092521667,4.936451435089111,19.927953720092773,126.12071990966797,15.235146522521973,12.694746017456055,1.9639334678649902,-0.018458429723978043,-1.683052659034729,0.17509673535823822,15.277632713317871,12.617781639099121,1.961568832397461
266,0.5346261262893677,0.5986567139625549,3.6949410438537598,21.477542877197266,171.009521484375,14.970687866210938,14.202576637268066,5.9540019035339355,-1.129880428314209,0.22693884372711182,0.09074325859546661,14.969629287719727,14.240375518798828,5.969916343688965
267,0.5178833603858948,0.5772683620452881,4.736104965209961,21.158639907836914,156.97695922851562,14.00359058380127,14.364934921264648,6.725776672363281,-0.31563541293144226,0.48117169737815857,0.4207334518432617,14.039085388183594,14.396920204162598,6.73132848739624
268,0.5835580229759216,0.6103939414024353,1.3125849962234497,4.60284423828125,56.30022430419922,1.3158843517303467,3.8393776416778564,2.1711299419403076,0.03237001225352287,-0.27948883175849915,-0.14081190526485443,1.3191555738449097,3.839872360229492,2.1726021766662598
269,0.5132522583007812,0.5985661149024963,1.4502779245376587,6.790494441986084,81.6189956665039,5.173617839813232,3.8098742961883545,2.1975784301757812,0.2745995819568634,-0.10418419539928436,0.03781960904598236,5.180736064910889,3.81907320022583,2.2033820152282715
270,0.5123227834701538,0.6083078384399414,1.0782110691070557,2.3902933597564697,14.763952255249023,1.6957378387451172,1.510514736175537,0.7458692193031311,0.08693977445363998,-0.026770178228616714,0.008576404303312302,1.69823157787323,1.5144901275634766,0.7479002475738525
271,0.5644811391830444,0.5872310996055603,1.6448203325271606,9.980311393737793,130.39320373535156,9.008502960205078,4.094570636749268,1.2992157936096191,-0.545465886592865,-0.014008511789143085,-0.06451132893562317,9.01705551147461,4.105967998504639,1.3012325763702393
272,0.5598427653312683,0.5932478904724121,3.5901830196380615,18.309207916259766,175.79339599609375,8.653654098510742,15.393416404724121,4.835712909698486,-0.5315582156181335,-1.4427433013916016,0.41701361536979675,8.661405563354492,15.368404388427734,4.831136703491211
273,0.5231191515922546,0.6282998323440552,1.610836148262024,5.649323463439941,55.532005310058594,4.828794956207275,2.7176809310913086,1.1008191108703613,0.5072509050369263,-0.241413414478302,0.0740012601017952,4.815473556518555,2.7144877910614014,1.1013926267623901
274,0.6099346280097961,0.5969940423965454,1.4423496723175049,5.544262409210205,65.87053680419922,2.3010292053222656,5.003174304962158,0.6421470046043396,-0.12948207557201385,-0.30588972568511963,-0.08291561156511307,2.3037915229797363,5.007744789123535,0.6385475993156433
275,0.4989645481109619,0.609132707118988,1.6264060735702515,5.8273606300354,62.194969177246094,3.3091623783111572,4.336261749267578,2.050467014312744,-0.13051636517047882,-0.15907935798168182,0.23157234489917755,3.3158106803894043,4.34542989730835,2.0430314540863037
276,0.544891357421875,0.5904977321624756,2.4496958255767822,11.676143646240234,113.78064727783203,6.378751754760742,9.383419036865234,2.7559609413146973,-0.2616601586341858,0.7096853852272034,-0.3691105544567108,6.391160011291504,9.382641792297363,2.7387497425079346
277,0.5637978315353394,0.6008046269416809,1.5365980863571167,7.219505310058594,91.8975601196289,5.5616068840026855,4.480677604675293,1.0551337003707886,-0.22309914231300354,0.2703395485877991,-0.01676369644701481,5.572631359100342,4.484990119934082,1.057943344116211
278,0.5215960741043091,0.6009955406188965,2.1842079162597656,11.53287410736084,118.7120590209961,8.596803665161133,6.9041218757629395,3.381606340408325,-0.7385328412055969,0.4115690588951111,-0.33218780159950256,8.588912963867188,6.911067485809326,3.3746376037597656
279,0.56804358959198,0.5959190726280212,2.9786458015441895,13.385103225708008,140.7210235595703,9.140620231628418,9.389554977416992,2.728789806365967,-0.5677946209907532,0.6530159711837769,-0.3032638132572174,9.148415565490723,9.39294719696045,2.7194502353668213
280,0.5723873376846313,0.5809823274612427,2.278881311416626,9.069662094116211,73.95010375976562,4.56791877746582,7.3140950202941895,2.81014347076416,0.049054358154535294,-0.47255757451057434,0.32901784777641296,4.5803961753845215,7.319172382354736,2.798600673675537
281,0.519210934638977,0.5998685956001282,1.6205703020095825,10.790278434753418,142.21006774902344,1.0381438732147217,10.696566581726074,0.9673824906349182,0.11228124797344208,0.9527629017829895,-0.10148697346448898,1.0349329710006714,10.683767318725586,0.9647278189659119
282,0.570036768913269,0.6111679673194885,0.9952747821807861,2.574287176132202,25.579998016357422,1.8088233470916748,1.7473458051681519,0.5494502186775208,0.06261594593524933,0.11226482689380646,-0.03968774899840355,1.812781810760498,1.7485995292663574,0.5495436191558838
283,0.4999283254146576,0.6025362014770508,3.7086575031280518,16.522518157958984,139.7169647216797,11.5042142868042,10.977289199829102,4.488401889801025,0.5957888960838318,0.36579322814941406,0.12776048481464386,11.52082347869873,11.00179672241211,4.49909782409668
284,0.5848981142044067,0.5851121544837952,4.68629789352417,20.9950008392334,143.3557586669922,10.589874267578125,17.188446044921875,5.762115478515625,1.1624571084976196,-1.5001524686813354,0.5817742943763733,10.5552396774292,17.17061996459961,5.748661518096924
285,0.5344078540802002,0.5953028202056885,1.769220232963562,10.88383960723877,142.2666473388672,1.76999032497406,10.68101692199707,1.113992691040039,-0.0345790758728981,0.7857435345649719,-0.15546905994415283,1.774588704109192,10.68178939819336,1.1061676740646362
286,0.5130840539932251,0.6141500473022461,1.4793250560760498,4.676741123199463,48.208839416503906,4.232403755187988,1.8080369234085083,0.8304626941680908,0.0013680987758561969,0.0770096555352211,-0.04199656844139099,4.244208812713623,1.8114349842071533,0.8317136764526367
287,0.505713164806366,0.6156736612319946,1.9499943256378174,8.004058837890625,71.71578216552734,5.139542579650879,5.971277236938477,1.4120630025863647,0.4467683732509613,0.4080934524536133,-0.2193819284439087,5.134369850158691,5.97393274307251,1.3988080024719238
288,0.5320929288864136,0.6119741201400757,2.6328492164611816,14.168782234191895,151.42605590820312,9.937222480773926,9.482041358947754,3.4780590534210205,-0.9332615733146667,0.01907229982316494,-0.3629050850868225,9.9208984375,9.508471488952637,3.4687228202819824
289,0.5179837942123413,0.6090967655181885,2.53672194480896,16.526620864868164,181.38096618652344,10.788244247436523,12.502118110656738,0.66330486536026,1.0349199771881104,-0.8295826315879822,-0.0027223415672779083,10.768444061279297,12.509360313415527,0.6651495099067688
290,0.49189797043800354,0.5961540937423706,1.1049526929855347,2.4991724491119385,22.898435592651367,2.0219714641571045,1.321943759918213,0.64028000831604,0.02406175434589386,-0.15110549330711365,-0.11013683676719666,2.027467966079712,1.3169424533843994,0.6324958205223083
291,0.5870475769042969,0.6311795711517334,1.8114956617355347,6.7449870109558105,66.36912536621094,5.630368709564209,2.1975033283233643,2.9941246509552,-0.21488319337368011,-0.3059152662754059,0.4063652455806732,5.641960620880127,2.182175874710083,2.9746947288513184
292,0.5040653944015503,0.6158568263053894,1.9244182109832764,9.205451011657715,97.41851806640625,3.0784788131713867,8.408891677856445,2.1339755058288574,0.1993502378463745,-0.09349855035543442,0.03421005606651306,3.0805864334106445,8.431825637817383,2.139652967453003
293,0.5371686816215515,0.5969892740249634,0.9540137648582458,1.85934317111969,9.8444242477417,1.392564296722412,1.0066155195236206,0.7103845477104187,-0.002539947396144271,0.027755144983530045,0.015439833514392376,1.3964464664459229,1.0090396404266357,0.7121977806091309
294,0.5401513576507568,0.6151832938194275,1.635994553565979,6.788186550140381,68.73705291748047,4.5733642578125,4.846884250640869,1.2928770780563354,-0.13231386244297028,-0.017688924446702003,-0.032807543873786926,4.584201812744141,4.8603715896606445,1.2960659265518188
295,0.515487015247345,0.5854796767234802,3.9234273433685303,20.096731185913086,175.41323852539062,13.203516006469727,13.846078872680664,6.150760173797607,-1.1190217733383179,-0.37340545654296875,0.21185731887817383,13.192708015441895,13.879650115966797,6.164257526397705
296,0.5665776133537292,0.5949258208274841,1.6195825338363647,6.295084476470947,64.73419189453125,1.9893639087677002,5.334289073944092,2.6862378120422363,-0.07048273086547852,0.18251487612724304,-0.0807052031159401,1.9936603307724,5.346036434173584,2.6925148963928223
297,0.5839146971702576,0.6167045831680298,1.0123755931854248,2.6607842445373535,27.985103607177734,1.3070498704910278,2.1653077602386475,0.826338529586792,0.03779870644211769,-0.12860605120658875,-0.10833663493394852,1.3101475238800049,2.1675148010253906,0.8214911818504333
298,0.6106396913528442,0.5753738880157471,4.222090244293213,17.178537368774414,126.185546875,12.38561725616455,11.350558280944824,3.5865702629089355,0.24825160205364227,-0.6051334142684937,-0.02714674361050129,12.417669296264648,11.366031646728516,3.5964715480804443
299,0.5596709847450256,0.5906034708023071,1.6748563051223755,6.703070163726807,61.734107971191406,3.346822738647461,5.624922752380371,1.4457439184188843,-0.0771246999502182,0.49242129921913147,-0.12734554708003998,3.35526704788208,5.618957042694092,1.4441415071487427
300,0.5732554793357849,0.586608350276947,1.6397820711135864,6.959878444671631,67.26715850830078,5.777266025543213,2.6657230854034424,2.8208210468292236,-0.2935936450958252,-0.0757250189781189,0.1716143935918808,5.785894870758057,2.6720802783966064,2.8234496116638184
301,0.5343196988105774,0.5968206524848938,2.018181800842285,8.447854042053223,73.98090362548828,3.598794460296631,7.403265953063965,1.8990986347198486,-0.2809903025627136,-0.8907591104507446,0.07523167878389359,3.597815990447998,7.369983673095703,1.9029011726379395
302,0.5898827910423279,0.6070168018341064,2.4268264770507812,12.764851570129395,157.6148681640625,3.4216837882995605,12.0087308883667,2.6502625942230225,-0.16704612970352173,-1.2691667079925537,0.14093174040317535,3.4271366596221924,11.974784851074219,2.6538946628570557
303,0.5871590375900269,0.5867495536804199,2.8893795013427734,13.755602836608887,125.93960571289062,5.562888145446777,11.889933586120605,4.1110076904296875,0.5138039588928223,-0.6454823017120361,-0.08676235377788544,5.554559707641602,11.90551471710205,4.121556758880615
304,0.5351693630218506,0.5767241716384888,1.985129714012146,10.48357105255127,126.85508728027344,10.201725006103516,2.32753586769104,0.6423640251159668,0.510776698589325,-0.3154679238796234,0.017369572073221207,10.217352867126465,2.312490463256836,0.6439203023910522
305,0.5000277161598206,0.6170938611030579,1.8338661193847656,9.147080421447754,103.09636688232422,7.446765899658203,4.442984580993652,2.9111225605010986,0.5386092066764832,0.31311583518981934,0.11659982800483704,7.44797945022583,4.444300174713135,2.916900396347046
306,0.5825052857398987,0.6083166599273682,1.504393219947815,5.442585468292236,61.49276351928711,2.5800371170043945,4.7013325691223145,0.9287692308425903,-0.004800876136869192,-0.26916036009788513,0.02996693179011345,2.5872294902801514,4.706713676452637,0.9308750629425049
307,0.49866873025894165,0.6172547936439514,1.52590811252594,5.977320194244385,61.18699645996094,3.1593053340911865,4.978761196136475,0.9793269038200378,0.2530110478401184,0.07562156766653061,-0.08681246638298035,3.157942056655884,4.992073059082031,0.9781926274299622
308,0.5279247164726257,0.596482515335083,3.026902914047241,14.495826721191406,148.5660858154297,6.89821720123291,12.506442070007324,2.476389169692993,-0.1988588571548462,0.11874169856309891,-0.36670705676078796,6.914584636688232,12.540761947631836,2.455918788909912
309,0.5101176500320435,0.6128553748130798,2.4046630859375,14.160900115966797,149.44671630859375,3.631258964538574,13.486496925354004,2.336550235748291,-0.34161102771759033,-0.0962928831577301,-0.20104804635047913,3.6252388954162598,13.523771286010742,2.3343775272369385
310,0.5799686908721924,0.5770878791809082,2.2731547355651855,15.182019233703613,191.4882049560547,3.713202476501465,14.5673189163208,2.121087074279785,-0.3364774286746979,-0.6033247113227844,-0.07601922750473022,3.7082409858703613,14.595419883728027,2.1256372928619385
311,0.555772602558136,0.5933317542076111,1.860572338104248,6.990238189697266,59.64197540283203,3.653419256210327,5.807783126831055,1.3362672328948975,0.4562714695930481,0.4934025704860687,-0.059273719787597656,3.6349267959594727,5.8029279708862305,1.3386757373809814
312,0.5519282817840576,0.5843759179115295,2.1647539138793945,8.620185852050781,77.15630340576172,7.086095333099365,4.516608715057373,1.9222633838653564,-0.302036851644516,-0.5964691638946533,0.21740248799324036,7.099402904510498,4.489538669586182,1.915257453918457
313,0.46025487780570984,0.5949692130088806,1.4945241212844849,5.979334354400635,68.205078125,2.816895008087158,4.573131084442139,2.627549886703491,-0.02301616780459881,0.3074256479740143,-0.2680773138999939,2.824658155441284,4.5755133628845215,2.6211297512054443
314,0.5240894556045532,0.572054922580719,1.5858638286590576,6.779977798461914,65.54949188232422,4.827929973602295,4.610214710235596,1.1853731870651245,-0.34056130051612854,-0.5266457796096802,0.03682252764701843,4.829336643218994,4.59281063079834,1.1881060600280762
315,0.581623911857605,0.6054579019546509,2.444805383682251,14.163714408874512,166.6368408203125,12.355060577392578,6.448459625244141,2.5259885787963867,-1.232058048248291,-0.020899254828691483,-0.1152828261256218,12.327767372131348,6.46641206741333,2.530395030975342
316,0.5222339630126953,0.5746914744377136,5.268802165985107,23.64983558654785,172.24464416503906,22.46174430847168,5.799567699432373,4.598894119262695,-0.9879545569419861,-0.09522528201341629,-0.029397372156381607,22.502601623535156,5.814960956573486,4.611627578735352
317,0.5313597917556763,0.6011075973510742,1.7594929933547974,6.278830051422119,62.653358459472656,3.4258370399475098,5.134269714355469,1.1517887115478516,0.48031777143478394,-0.4665708541870117,-0.04858887940645218,3.4014604091644287,5.127288341522217,1.1539733409881592
318,0.5849127173423767,0.5743683576583862,2.966057777404785,13.905698776245117,131.23020935058594,4.8236188888549805,12.45861530303955,3.8579893112182617,-0.08144930005073547,-0.5756939649581909,-0.30345645546913147,4.836384296417236,12.480021476745605,3.856764554977417
319,0.5263951420783997,0.5838376879692078,1.9319288730621338,8.12381362915039,85.12989044189453,1.8985235691070557,7.785769939422607,1.3318204879760742,-0.03357495367527008,-0.12212465703487396,0.1312953233718872,1.9035214185714722,7.806526184082031,1.3290297985076904
320,0.6064607501029968,0.5809745192527771,2.6064112186431885,11.032082557678223,111.42530059814453,7.622509956359863,7.833663463592529,1.495958924293518,0.7192704081535339,0.2234242856502533,0.03130495920777321,7.609666347503662,7.85231876373291,1.4998031854629517
321,0.5814352035522461,0.5648660659790039,3.3925588130950928,14.81800651550293,138.586669921875,12.0431489944458,7.699563503265381,3.905458688735962,0.3780021369457245,0.09311481565237045,-0.1462239772081375,12.070792198181152,7.7204766273498535,3.9136064052581787
322,0.5156471729278564,0.5972622036933899,2.748497247695923,11.827364921569824,122.35491180419922,6.943506240844727,9.376585006713867,1.9375064373016357,0.20104320347309113,-0.8255565166473389,-0.19712978601455688,6.959955215454102,9.366225242614746,1.932828426361084
323,0.5911346673965454,0.5937283039093018,2.587157964706421,10.4989595413208,83.12422943115234,7.651431560516357,7.0679779052734375,1.3143248558044434,-0.4990618824958801,0.3006981313228607,-0.0375828854739666,7.656436443328857,7.081275939941406,1.317452073097229
324,0.5341854691505432,0.5835002660751343,2.6852118968963623,12.080400466918945,140.53517150878906,9.884489059448242,6.2135772705078125,3.1023199558258057,0.3804931342601776,-0.6583191752433777,0.07233897596597672,9.904714584350586,6.1958394050598145,3.1101279258728027
325,0.5251535177230835,0.6135143637657166,1.820099949836731,7.36168098449707,68.33767700195312,6.4379119873046875,2.0749218463897705,2.9055685997009277,0.6744339466094971,0.229988232254982,0.2506556808948517,6.420347213745117,2.0678882598876953,2.9028117656707764
326,0.5913888812065125,0.603783369064331,1.2860887050628662,4.401797771453857,54.001827239990234,1.5167055130004883,3.6050758361816406,2.019618034362793,-0.018638690933585167,0.22812281548976898,-0.2057967334985733,1.520821213722229,3.607886791229248,2.014709949493408
327,0.5072183609008789,0.5894390940666199,2.215174436569214,12.123918533325195,145.42030334472656,10.335875511169434,6.183474540710449,1.3869788646697998,0.9285087585449219,-0.6499075293540955,0.12830887734889984,10.322800636291504,6.166378974914551,1.3848835229873657
328,0.554198682308197,0.5893735289573669,2.932210922241211,16.730224609375,167.05300903320312,12.373250007629395,10.78348159790039,3.2433953285217285,0.8925028443336487,-0.5969961881637573,0.1809222549200058,12.375443458557129,10.796977996826172,3.247378349304199
329,0.49472203850746155,0.6177920699119568,1.3912209272384644,5.06769323348999,61.36796188354492,3.04673171043396,3.6942849159240723,1.658673882484436,-0.19350935518741608,0.19758936762809753,-0.13244061172008514,3.0490617752075195,3.6992874145507812,1.6579898595809937
330,0.5715912580490112,0.5811001658439636,3.2896416187286377,13.786090850830078,133.25355529785156,12.075356483459473,6.363582134246826,1.9356881380081177,-0.9893800616264343,-0.2246982902288437,-0.12607423961162567,12.068325996398926,6.377353191375732,1.936965823173523
331,0.518102765083313,0.5931686162948608,3.278886079788208,15.408227920532227,147.71710205078125,6.892648696899414,12.767744064331055,5.185517311096191,-0.3679564595222473,1.0537770986557007,-0.5882989168167114,6.9020185470581055,12.759675025939941,5.166409015655518
332,0.5803716778755188,0.6015883088111877,2.0225887298583984,11.248245239257812,142.0738525390625,4.405374526977539,10.275020599365234,1.2408192157745361,-0.035340119153261185,-0.891115665435791,0.14304792881011963,4.417520999908447,10.264860153198242,1.235983967781067
333,0.5632234215736389,0.5852320790290833,1.1939703226089478,3.2590363025665283,36.210391998291016,1.4960061311721802,2.7722299098968506,0.8354780077934265,-0.010496746748685837,0.1720110923051834,-0.09723615646362305,1.500142216682434,2.774606227874756,0.8321150541305542
334,0.5171874761581421,0.5987343788146973,2.4959347248077393,14.802032470703125,187.6829376220703,13.438551902770996,4.898428440093994,3.809319257736206,-1.1988613605499268,0.12129775434732437,-0.10929927974939346,13.4223051071167,4.910586357116699,3.818371534347534
335,0.5775628089904785,0.5665448307991028,2.9283628463745117,16.170175552368164,165.76295471191406,13.221312522888184,8.354270935058594,4.1082353591918945,1.579425573348999,-0.24078013002872467,0.36960268020629883,13.163249015808105,8.374094009399414,4.102989196777344
336,0.56746906042099,0.6040153503417969,1.9406379461288452,7.199440956115723,61.84518814086914,3.506110668182373,6.198174953460693,1.0591357946395874,-0.20778432488441467,-0.7622175812721252,0.0022272535134106874,3.5097107887268066,6.168287754058838,1.062087893486023
337,0.5645720362663269,0.5761302709579468,2.717839241027832,12.794513702392578,137.0631561279297,5.063119888305664,11.195609092712402,3.5668985843658447,0.7840166091918945,-0.07307326048612595,0.1612771451473236,5.016002178192139,11.226598739624023,3.5731899738311768
338,0.5522293448448181,0.5889405608177185,3.2146050930023193,15.698193550109863,152.31019592285156,8.134241104125977,12.595403671264648,4.6500749588012695,0.34246957302093506,0.3817119300365448,0.5144015550613403,8.149698257446289,12.624734878540039,4.634427070617676
339,0.5425616502761841,0.6028043031692505,2.1018900871276855,11.488908767700195,139.99551391601562,4.873124122619629,9.723699569702148,3.7009940147399902,-0.15524519979953766,-0.3810533881187439,0.09034281969070435,4.8842363357543945,9.743332862854004,3.7102115154266357
340,0.5746662020683289,0.5804444551467896,2.4724581241607666,12.651497840881348,137.16448974609375,3.671732187271118,11.611604690551758,3.427741289138794,0.16135039925575256,-0.6518781781196594,0.11886127293109894,3.678417444229126,11.625631332397461,3.4352352619171143
341,0.517257571220398,0.587482213973999,1.2070553302764893,4.2268524169921875,37.680809020996094,3.395707130432129,2.3941824436187744,0.7767502665519714,0.20223639905452728,0.18378432095050812,-0.0981861799955368,3.399135112762451,2.3937766551971436,0.7726689577102661
342,0.5948818922042847,0.5941458344459534,2.6532890796661377,14.18000316619873,148.42881774902344,12.85352611541748,5.572075843811035,2.193472385406494,-1.553480863571167,0.654729962348938,-0.24537873268127441,12.794893264770508,5.5489115715026855,2.185784339904785
343,0.5565314292907715,0.6078771352767944,4.843813419342041,22.094097137451172,175.1392364501953,16.27866554260254,14.258920669555664,4.453916549682617,0.739406406879425,0.4385124444961548,-0.11619093269109726,16.30722427368164,14.291932106018066,4.464820384979248
344,0.5755028128623962,0.5875535011291504,2.6378748416900635,10.766007423400879,93.36956024169922,10.079079627990723,3.1631808280944824,2.076856851577759,0.08761172741651535,-0.2268373966217041,0.16394318640232086,10.106812477111816,3.163837432861328,2.076151132583618
345,0.5516343712806702,0.5865047574043274,1.831193447113037,8.166467666625977,81.69338989257812,3.908626079559326,6.555392742156982,2.905282974243164,-0.03835082799196243,-0.9413691163063049,0.27242812514305115,3.919340133666992,6.505544662475586,2.900550365447998
346,0.504858672618866,0.5899268388748169,3.1325795650482178,15.860228538513184,150.25909423828125,7.88798713684082,13.39564323425293,3.1437642574310303,-0.4267299473285675,-0.06805334985256195,0.04258193075656891,7.898406028747559,13.43283462524414,3.1522440910339355
347,0.5947747230529785,0.5862628221511841,4.9497904777526855,21.75286102294922,204.66064453125,8.935502052307129,18.37708282470703,7.458324909210205,-1.2161070108413696,-2.0778331756591797,0.8846701979637146,8.877053260803223,18.310171127319336,7.426329135894775
348,0.5641290545463562,0.5965009927749634,2.7377140522003174,11.578887939453125,100.28218841552734,6.807053089141846,8.088706970214844,4.723080635070801,0.36761972308158875,0.32992690801620483,-0.6971529126167297,6.8160786628723145,8.10451889038086,4.684375286102295
349,0.5947712063789368,0.5758183598518372,2.537457227706909,16.505395889282227,212.6435089111328,13.903909683227539,8.508418083190918,2.5915722846984863,1.0618832111358643,0.8228597044944763,-0.16734403371810913,13.901969909667969,8.492156028747559,2.5933780670166016
350,0.5179339051246643,0.5870125889778137,1.7409976720809937,7.737438678741455,84.51834869384766,6.827323913574219,2.9824116230010986,2.0882608890533447,-0.6635763645172119,-0.09641104191541672,0.003519683610647917,6.813953399658203,2.9891676902770996,2.094083070755005
351,0.5800489783287048,0.6093986630439758,1.358760118484497,4.8426289558410645,53.63669967651367,2.1865625381469727,4.163942337036133,1.1539416313171387,-0.2271161675453186,-0.31828439235687256,0.13436903059482574,2.1808013916015625,4.163341522216797,1.1492887735366821
352,0.622103214263916,0.5696027874946594,3.299452543258667,18.327396392822266,198.46820068359375,7.30045223236084,16.121116638183594,4.765124797821045,-0.8803568482398987,-0.8117461800575256,0.26872920989990234,7.267392158508301,16.145578384399414,4.770812511444092
353,0.6285277009010315,0.5654239654541016,1.7223446369171143,10.588631629943848,134.38238525390625,3.1827495098114014,9.847393035888672,2.240100622177124,-0.3660281002521515,0.9147928357124329,-0.1551491916179657,3.1704509258270264,9.832159996032715,2.240954875946045
354,0.5856505632400513,0.5719987154006958,4.389494895935059,22.346588134765625,172.5,18.116329193115234,12.399758338928223,4.173078536987305,0.5938007831573486,-0.6600211262702942,0.29137200117111206,18.157100677490234,12.416719436645508,4.174505710601807
355,0.6304330229759216,0.5755099058151245,2.359611988067627,13.660506248474121,156.33343505859375,7.760147571563721,10.899806022644043,2.7538652420043945,-0.8441570997238159,0.8528212904930115,-0.35242483019828796,7.73561429977417,10.896702766418457,2.738839626312256
356,0.5815706849098206,0.5651196837425232,3.7423112392425537,15.448623657226562,134.56053161621094,5.937325954437256,13.347223281860352,5.025905609130859,-0.21224157512187958,-0.41313421726226807,-0.08851408958435059,5.950082302093506,13.37804126739502,5.039143085479736
357,0.570008397102356,0.591232419013977,2.0877552032470703,7.542133331298828,70.2109146118164,6.420450210571289,3.6689155101776123,1.4834586381912231,-0.9914922118186951,0.18879611790180206,-0.13655297458171844,6.36112642288208,3.6742753982543945,1.48128080368042
358,0.5752912759780884,0.6006235480308533,4.829324245452881,20.366500854492188,156.59487915039062,12.156073570251465,15.412817001342773,5.428562641143799,-1.033916711807251,0.5911335349082947,-0.24653664231300354,12.1458101272583,15.444437026977539,5.438088893890381
359,0.5568624138832092,0.5691986680030823,1.5166414976119995,6.940089225769043,89.0166244506836,5.500074863433838,3.994673252105713,1.3987880945205688,0.3338963985443115,0.06420307606458664,-0.10453042387962341,5.50524377822876,4.005298614501953,1.3987678289413452
360,0.5791128277778625,0.5780704617500305,1.9051380157470703,9.481677055358887,122.87683868408203,2.330803632736206,8.70644760131836,2.9440293312072754,-0.36737918853759766,-0.5644058585166931,0.10129833221435547,2.308088779449463,8.712368965148926,2.950493335723877
361,0.5536338686943054,0.5535987615585327,2.0476865768432617,8.139494895935059,76.07532501220703,5.960082530975342,5.203591346740723,1.9108730554580688,0.17570364475250244,0.3526213765144348,-0.3316064476966858,5.974109649658203,5.206111431121826,1.8871294260025024
362,0.6697149872779846,0.5631101727485657,6.2930989265441895,27.779359817504883,228.72056579589844,18.419151306152344,20.144439697265625,5.1603569984436035,-0.48755162954330444,0.7726078033447266,-0.3658336400985718,18.46405792236328,20.185768127441406,5.161730766296387
363,0.5915653109550476,0.5579800605773926,2.6244218349456787,12.669174194335938,148.8208465576172,5.018661022186279,10.77878475189209,4.374793529510498,-0.33830398321151733,1.258333444595337,-0.5835039019584656,5.021212577819824,10.734943389892578,4.347799777984619
364,0.6344093084335327,0.5659719109535217,2.626563310623169,11.159849166870117,105.84541320800781,4.335322380065918,9.557267189025879,3.795501232147217,0.13151530921459198,-0.30886417627334595,0.005520396865904331,4.345414638519287,9.578920364379883,3.806084632873535
365,0.5825071930885315,0.590215802192688,4.887104511260986,25.417062759399414,238.93438720703125,22.381811141967773,11.553537368774414,3.4054818153381348,0.5612334609031677,-0.1709699034690857,0.08545072376728058,22.437183380126953,11.584495544433594,3.4139058589935303
366,0.6317375898361206,0.5638044476509094,4.428389549255371,21.64104461669922,238.68988037109375,18.93986701965332,9.714376449584961,3.904745578765869,-1.871132493019104,0.5916745662689209,-0.27014973759651184,18.899784088134766,9.723388671875,3.906254768371582
367,0.591652512550354,0.6037750840187073,3.391757011413574,14.408489227294922,115.0660629272461,8.051886558532715,11.39883804321289,3.583040237426758,0.24171201884746552,1.5853010416030884,-0.4811958968639374,8.070707321166992,11.319548606872559,3.560485363006592
368,0.6319968104362488,0.5701590776443481,2.697131872177124,14.193406105041504,140.3892364501953,8.720927238464355,10.148327827453613,4.733885288238525,-0.6944039463996887,-0.38418909907341003,-0.1400914192199707,8.717485427856445,10.169341087341309,4.745011806488037
369,0.5959692597389221,0.571892261505127,1.6191484928131104,6.090554237365723,58.385772705078125,3.544517993927002,4.018392086029053,2.8954732418060303,-0.22988367080688477,-0.3335650563240051,0.27895331382751465,3.546921730041504,4.015693187713623,2.8900437355041504
370,0.6747863292694092,0.571077823638916,1.5430691242218018,5.292692184448242,59.22373580932617,2.2875821590423584,4.646031856536865,1.0926783084869385,-0.1195421889424324,0.20573043823242188,-0.14866884052753448,2.2908287048339844,4.654421806335449,1.0855368375778198
371,0.6005542278289795,0.5589987635612488,2.7804577350616455,16.771299362182617,214.65553283691406,3.682678699493408,15.83632755279541,4.114018440246582,0.09434068948030472,1.4254895448684692,-0.3988782465457916,3.6917388439178467,15.816033363342285,4.106057167053223
372,0.5459320545196533,0.5687923431396484,2.4479358196258545,8.998281478881836,77.5162353515625,7.695317268371582,3.406301259994507,3.185636520385742,0.30706605315208435,-0.1477643996477127,0.1563117504119873,7.710636615753174,3.4125874042510986,3.190674304962158
373,0.5924837589263916,0.5639627575874329,1.7056368589401245,6.897885322570801,58.53046798706055,4.552978992462158,4.992073059082031,1.3893861770629883,-0.1536388397216797,0.043500520288944244,-0.14929307997226715,4.563079357147217,5.005807876586914,1.3851951360702515
374,0.594072163105011,0.566724956035614,3.290254831314087,16.526988983154297,181.59243774414062,6.45632791519165,15.007062911987305,2.499063730239868,-0.20621003210544586,0.4722769856452942,0.07552014291286469,6.471034526824951,15.041468620300293,2.504889965057373
375,0.6274430155754089,0.5381588339805603,2.0293660163879395,7.956424713134766,75.87413024902344,6.885753154754639,3.628483533859253,1.6508197784423828,-0.008476787246763706,-0.23679150640964508,-0.06399713456630707,6.904954433441162,3.6308484077453613,1.6541801691055298
376,0.6477609276771545,0.5998604893684387,3.347028970718384,16.71693992614746,148.0655975341797,14.066163063049316,8.306405067443848,3.5500309467315674,0.29186639189720154,-0.7887317538261414,0.2474842518568039,14.102362632751465,8.291938781738281,3.5512726306915283
377,0.5549249053001404,0.6054015755653381,1.1777225732803345,3.1366655826568604,32.97797393798828,2.4697535037994385,1.4774847030639648,1.247408151626587,-0.28179648518562317,-0.000573280151002109,-0.04174496605992317,2.4604685306549072,1.481605887413025,1.2501870393753052
378,0.5931651592254639,0.5654975771903992,1.119262933731079,2.297198534011841,15.080888748168945,1.6954313516616821,1.4220153093338013,0.6168524026870728,-0.18382830917835236,0.03509515896439552,-0.053422387689352036,1.690137505531311,1.425547480583191,0.6162489056587219
379,0.5935624837875366,0.5900200605392456,2.3950178623199463,12.590459823608398,151.456787109375,10.827298164367676,6.295610427856445,1.2863023281097412,0.6096873879432678,0.7184605002403259,-0.11154615134000778,10.840272903442383,6.271926403045654,1.2850311994552612
380,0.6390608549118042,0.5710501074790955,2.189859628677368,11.384953498840332,129.92298889160156,4.251705646514893,9.728111267089844,4.1114501953125,0.16759730875492096,-1.046075701713562,0.37923556566238403,4.260251045227051,9.69868278503418,4.105342864990234
381,0.6127485632896423,0.5742406249046326,2.549492835998535,11.795787811279297,106.6277847290039,8.707965850830078,7.7618255615234375,1.7510076761245728,-0.8791016936302185,-0.005540397483855486,-0.1647079885005951,8.687644004821777,7.783473968505859,1.7481064796447754
382,0.5584030747413635,0.5825333595275879,1.4056111574172974,6.0427093505859375,77.11695861816406,3.842101573944092,4.40617561340332,1.5291190147399902,0.42988550662994385,0.3379928469657898,-0.21202492713928223,3.8286259174346924,4.405447483062744,1.5185723304748535
383,0.6516588926315308,0.5565416812896729,3.6877777576446533,20.511381149291992,227.1833038330078,17.684612274169922,9.616877555847168,3.935347557067871,-2.0081124305725098,0.04115943983197212,0.0038842731155455112,17.619237899780273,9.643614768981934,3.946322441101074
384,0.6499912142753601,0.5468778610229492,6.9159626960754395,23.034637451171875,113.5879135131836,9.624099731445312,20.19188690185547,5.500813007354736,-0.27811339497566223,-2.359164237976074,0.6732896566390991,9.6469144821167,20.10953140258789,5.474681377410889
385,0.602776825428009,0.5549811124801636,2.4846951961517334,11.008551597595215,100.84297180175781,5.804059982299805,9.132499694824219,2.0244882106781006,0.5072925090789795,0.2675672769546509,-0.29152098298072815,5.797976493835449,9.15404224395752,2.0089774131774902
386,0.5804705619812012,0.5698771476745605,3.520019054412842,14.024079322814941,91.52068328857422,9.692740440368652,9.885795593261719,2.235309600830078,0.19079692661762238,1.1505476236343384,-0.241643488407135,9.717893600463867,9.846002578735352,2.2284085750579834
387,0.6831990480422974,0.5511288046836853,5.27541971206665,19.693035125732422,178.16978454589844,16.347780227661133,10.277883529663086,3.864039659500122,-2.8956193923950195,-1.624618411064148,0.40987586975097656,16.134172439575195,10.176980018615723,3.852957248687744
388,0.6243947148323059,0.560833752155304,4.176177501678467,15.809374809265137,110.2774429321289,10.129292488098145,11.053847312927246,5.0146002769470215,-0.708427369594574,-0.3656848669052124,0.15457385778427124,10.132674217224121,11.078614234924316,5.026198387145996
389,0.6561797857284546,0.5411792397499084,3.0245819091796875,13.148634910583496,104.23401641845703,8.027952194213867,9.762575149536133,3.6236321926116943,-0.436465322971344,0.224777951836586,-0.12635354697704315,8.038439750671387,9.787210464477539,3.6315300464630127
390,0.616174042224884,0.5714760422706604,1.8598607778549194,8.378592491149902,88.07808685302734,4.374587535858154,6.856090068817139,2.014402151107788,-0.4309419095516205,0.5564801096916199,-0.07652359455823898,4.365452766418457,6.852531433105469,2.0185630321502686
391,0.6131709814071655,0.5555971264839172,4.189849853515625,20.004690170288086,182.32908630371094,11.658614158630371,15.865936279296875,3.5406880378723145,-0.7605197429656982,0.21458053588867188,-0.26499006152153015,11.66623306274414,15.908738136291504,3.54060697555542
392,0.6265488266944885,0.5718066096305847,3.6610443592071533,15.013215065002441,101.756103515625,13.294167518615723,6.026258945465088,3.5136759281158447,0.38747304677963257,-0.1528013050556183,-0.3092148005962372,13.32558822631836,6.041125297546387,3.5098061561584473
393,0.5974231362342834,0.5738381743431091,3.57629132270813,16.267593383789062,142.005615234375,13.127917289733887,8.59117603302002,4.29931116104126,-0.29960897564888,-0.19985271990299225,0.1371525526046753,13.161107063293457,8.612808227539062,4.309109687805176
394,0.6388328671455383,0.5827210545539856,2.8773183822631836,11.676513671875,96.82182312011719,3.531157970428467,10.54185676574707,3.569474935531616,0.31318575143814087,-0.6059967875480652,-0.01101667620241642,3.5270533561706543,10.55378246307373,3.5794146060943604
395,0.6334949731826782,0.5727511048316956,4.593962669372559,19.95702362060547,164.70452880859375,13.084668159484863,14.153636932373047,5.171926975250244,-0.9289750456809998,-1.1417702436447144,0.29501694440841675,13.088056564331055,14.146859169006348,5.1779093742370605
396,0.621478259563446,0.5617153644561768,2.796111822128296,13.956870079040527,119.33497619628906,10.197821617126465,9.083694458007812,2.8783953189849854,-1.1507869958877563,-0.9384104609489441,0.2597835063934326,10.1609468460083,9.060295104980469,2.8746447563171387
397,0.6298693418502808,0.5738581418991089,3.7705090045928955,17.6871395111084,144.50692749023438,12.023096084594727,12.541895866394043,3.313739538192749,0.3862996995449066,0.501300573348999,-0.1449684202671051,12.050409317016602,12.566829681396484,3.3198015689849854
398,0.6755015850067139,0.578907310962677,3.0024325847625732,11.228971481323242,81.12721252441406,7.69363260269165,7.632678031921387,2.939393997192383,-0.15848152339458466,-0.8941270709037781,0.3368455469608307,7.713456153869629,7.601269721984863,2.9281749725341797
399,0.5848934054374695,0.5887888669967651,3.532776355743408,13.96127700805664,112.89362335205078,10.294439315795898,9.062704086303711,2.6094396114349365,0.8972514271736145,0.8637822866439819,-0.10178659111261368,10.283868789672852,9.046609878540039,2.6147267818450928
400,0.5370436310768127,0.5752379894256592,3.8252530097961426,17.076810836791992,159.54483032226562,10.974413871765137,12.533515930175781,3.753751039505005,-1.4132945537567139,-1.3839455842971802,0.2515854239463806,10.913389205932617,12.491620063781738,3.755758047103882
401,0.6014809608459473,0.5647410154342651,2.47794508934021,11.771552085876465,128.11285400390625,2.4585258960723877,11.028328895568848,3.3016703128814697,0.26177486777305603,1.4551572799682617,-0.34000828862190247,2.451368808746338,10.962398529052734,3.2932772636413574
402,0.6258204579353333,0.5630727410316467,3.6301751136779785,19.134586334228516,185.1286163330078,5.964118957519531,17.408641815185547,5.2441205978393555,0.05088335648179054,0.6574758291244507,0.05702663213014603,5.980537414550781,17.444747924804688,5.258437156677246
403,0.6438422203063965,0.5582138895988464,2.697427988052368,10.28326416015625,74.88323211669922,8.373234748840332,5.216640472412109,2.9019200801849365,-1.3124600648880005,-0.12960605323314667,-0.1700928658246994,8.292801856994629,5.229576110839844,2.9050116539001465
404,0.6134588718414307,0.5709142088890076,1.8908371925354004,8.584395408630371,100.95988464355469,7.9438934326171875,2.5654752254486084,2.0011842250823975,-0.33503493666648865,0.17483891546726227,-0.16626353561878204,7.958963871002197,2.566650390625,1.9998279809951782
405,0.71030592918396,0.5388099551200867,2.467193841934204,10.677077293395996,101.10202026367188,10.142255783081055,2.9995157718658447,1.4620323181152344,1.1992921829223633,-0.008477333001792431,0.20023320615291595,10.09919261932373,3.0078704357147217,1.4522955417633057
406,0.6187646389007568,0.5409193634986877,3.8059632778167725,16.416749954223633,132.31369018554688,10.416319847106934,11.928080558776855,4.327922344207764,0.7725903391838074,-1.6082004308700562,0.4012707769870758,10.416604042053223,11.852139472961426,4.321300029754639
407,0.6487422585487366,0.5467936396598816,3.0706868171691895,12.199671745300293,112.86166381835938,9.37684440612793,7.408543109893799,2.4536221027374268,0.8753132224082947,0.09707953035831451,0.07094453275203705,9.361942291259766,7.428570747375488,2.459437608718872
408,0.6488804817199707,0.5851423740386963,2.647016763687134,9.692717552185059,87.03935241699219,7.728886604309082,5.458657741546631,2.1014599800109863,-0.3264285624027252,0.24258804321289062,-0.26841169595718384,7.743529796600342,5.468475818634033,2.090061902999878
409,0.6395567655563354,0.5735805034637451,2.85555362701416,9.691813468933105,86.8833999633789,6.145172595977783,7.151063442230225,2.242849826812744,-0.43463245034217834,0.23358047008514404,-0.11206146329641342,6.146882057189941,7.1671833992004395,2.2462968826293945
410,0.649582028388977,0.5383331775665283,3.310519218444824,12.759199142456055,90.34300994873047,6.06184196472168,10.697470664978027,3.4081332683563232,0.5733579397201538,-0.305966317653656,-0.11697043478488922,6.051498889923096,10.722921371459961,3.4156265258789062
411,0.6338569521903992,0.5517141222953796,1.947273850440979,8.381091117858887,95.94129943847656,7.384744167327881,3.831027030944824,1.0156142711639404,-0.5632287263870239,0.002875683130696416,-0.1258179396390915,7.383772850036621,3.841712236404419,1.0106019973754883
412,0.6153273582458496,0.5720454454421997,3.6392982006073,14.507784843444824,107.40583038330078,10.700799942016602,9.183841705322266,3.4096550941467285,-0.20664474368095398,0.3697873651981354,0.17231182754039764,10.728647232055664,9.201990127563477,3.41479754447937
413,0.6776426434516907,0.5485826134681702,2.737272262573242,10.854874610900879,89.97111511230469,8.280532836914062,6.195659637451172,3.29770827293396,0.5660088658332825,-0.3881703019142151,0.0747450590133667,8.284209251403809,6.200736045837402,3.3060572147369385
414,0.689099907875061,0.5492122769355774,5.117849349975586,18.34192657470703,114.39395904541016,13.708504676818848,11.624347686767578,3.65755033493042,0.438658207654953,0.9931381344795227,-0.35355207324028015,13.739703178405762,11.614151000976562,3.6505770683288574
415,0.6607289910316467,0.554787278175354,3.6365416049957275,15.518649101257324,129.589599609375,12.492655754089355,8.487029075622559,3.5682437419891357,-1.1134965419769287,-0.11265826970338821,-0.09213007986545563,12.477640151977539,8.5099515914917,3.5770039558410645
416,0.5993094444274902,0.5820808410644531,1.9185774326324463,7.970262050628662,86.21141815185547,5.267743110656738,5.5123162269592285,2.3217101097106934,-0.2424505054950714,-0.0695088729262352,-0.11901246756315231,5.276839256286621,5.527252674102783,2.3251254558563232
417,0.6206508278846741,0.5732811689376831,4.253366947174072,18.963783264160156,133.46527099609375,10.189266204833984,14.955810546875,5.668123722076416,-0.7923821806907654,0.023539554327726364,0.4717990458011627,10.186745643615723,14.997509002685547,5.664209842681885
418,0.6015931963920593,0.5720532536506653,4.215467929840088,17.971281051635742,123.23401641845703,12.316611289978027,12.30143928527832,4.465714931488037,-0.5399426221847534,0.5334856510162354,-0.27897846698760986,12.339093208312988,12.32414722442627,4.469424724578857
419,0.6210387945175171,0.5560159087181091,3.0565497875213623,13.977919578552246,125.2333984375,8.38300609588623,10.956795692443848,2.2485711574554443,0.2127649337053299,0.2942257225513458,-0.16314107179641724,8.403681755065918,10.983396530151367,2.2489006519317627
420,0.6017065048217773,0.5579288005828857,2.9843075275421143,14.067437171936035,110.83968353271484,9.949862480163574,9.174622535705566,3.836580276489258,-0.04887218773365021,-0.27566996216773987,-0.14219224452972412,9.977496147155762,9.196059226989746,3.8446383476257324
421,0.6549999117851257,0.5876961946487427,3.709125280380249,14.592649459838867,108.80956268310547,11.245329856872559,7.981607913970947,4.773037433624268,-0.2873624563217163,-0.26613539457321167,-0.0567072369158268,11.273015022277832,7.999420642852783,4.786013603210449
422,0.5902018547058105,0.5553227066993713,3.0279548168182373,13.897387504577637,125.68175506591797,8.317277908325195,10.639493942260742,3.280466318130493,-0.5109509229660034,1.1649649143218994,-0.4211697280406952,8.324724197387695,10.605022430419922,3.262392520904541
423,0.5828147530555725,0.582975447177887,4.107240676879883,18.343908309936523,153.1515350341797,15.89283561706543,9.056857109069824,1.3748037815093994,0.06474126130342484,-0.47468045353889465,0.12670454382896423,15.937036514282227,9.069637298583984,1.3727712631225586
424,0.5874561071395874,0.5621100664138794,2.6585168838500977,11.158020973205566,98.27503204345703,7.817049503326416,7.761144161224365,1.777586579322815,-0.7779473662376404,0.014751922339200974,-0.1458941251039505,7.799939155578613,7.782778263092041,1.7765308618545532
425,0.5675286054611206,0.571792483329773,2.9959375858306885,12.777575492858887,115.90705871582031,8.498059272766113,8.852546691894531,3.5611562728881836,0.8829010128974915,0.8702417612075806,0.10773224383592606,8.475647926330566,8.834242820739746,3.56945538520813
426,0.6150736808776855,0.5623183846473694,4.21530818939209,20.563434600830078,187.4702606201172,11.486520767211914,16.01658821105957,5.863752365112305,-1.2304282188415527,-1.612647533416748,0.3726207911968231,11.452285766601562,15.979645729064941,5.868223667144775
427,0.5450694561004639,0.6066084504127502,2.573868751525879,14.069164276123047,164.9541778564453,13.448657989501953,3.7861580848693848,1.6552925109863281,-1.1424330472946167,-0.004407066851854324,-0.09731855988502502,13.437423706054688,3.7967169284820557,1.6570384502410889
428,0.558497428894043,0.5878033638000488,2.1512844562530518,6.810075283050537,54.27518081665039,2.507157802581787,5.8239030838012695,2.4846417903900146,-0.032580796629190445,0.6391558647155762,0.0019488242687657475,2.513939142227173,5.80487060546875,2.4915714263916016
429,0.6097785234451294,0.5627322196960449,3.194964647293091,12.666180610656738,97.86402130126953,9.943705558776855,7.139114856719971,3.253906011581421,-0.1746840626001358,-0.01198543980717659,-0.12173380702733994,9.969902992248535,7.159018516540527,3.260698080062866
430,0.5720006823539734,0.5569853782653809,2.6981287002563477,10.514422416687012,109.76728820800781,4.892138957977295,8.398706436157227,4.010209083557129,0.2072172611951828,0.7469907402992249,-0.3639642596244812,4.9013824462890625,8.388755798339844,4.004797458648682
431,0.5914652347564697,0.5766536593437195,2.017425775527954,9.295674324035645,84.6643295288086,7.916959285736084,3.776374101638794,3.0773866176605225,-0.6241233348846436,0.13263188302516937,-0.2602595090866089,7.914334774017334,3.7845711708068848,3.0749146938323975
432,0.6213339567184448,0.5628963708877563,4.231109619140625,17.207630157470703,123.55345916748047,6.883382320404053,15.382197380065918,3.479881525039673,-0.49274110794067383,-1.4664438962936401,0.27514880895614624,6.88487434387207,15.354848861694336,3.4786629676818848
433,0.5740247964859009,0.5881944894790649,3.6002578735351562,17.57121467590332,145.0186767578125,16.04803466796875,6.92677116394043,1.7966588735580444,1.3195704221725464,0.8793440461158752,-0.26964759826660156,16.03830337524414,6.889893531799316,1.7812637090682983
434,0.5720495581626892,0.5757002234458923,3.877335786819458,16.06119155883789,144.1006317138672,12.086008071899414,9.940078735351562,3.6173312664031982,-1.4420057535171509,0.783881664276123,0.05123400315642357,12.033147811889648,9.936761856079102,3.6270573139190674
435,0.6463562846183777,0.559482753276825,3.322563648223877,12.710787773132324,94.6533203125,7.741598606109619,9.796272277832031,2.3800902366638184,0.2423614114522934,-1.1396580934524536,0.16409939527511597,7.759387016296387,9.7568941116333,2.381049633026123
436,0.6419333219528198,0.5575955510139465,2.730807304382324,13.061222076416016,121.68424224853516,4.163355827331543,11.986430168151855,3.096364974975586,-0.3769105076789856,1.1642543077468872,-0.3724353313446045,4.157824993133545,11.963030815124512,3.0824592113494873
437,0.603320837020874,0.5732247829437256,3.2392449378967285,13.411128044128418,110.28075408935547,10.107122421264648,8.226836204528809,3.166008949279785,0.6213459372520447,-0.3557727038860321,0.32325685024261475,10.116144180297852,8.2420654296875,3.15824818611145
438,0.6303268074989319,0.5574609041213989,4.816489219665527,20.558835983276367,156.2872772216797,11.21631145477295,16.41288948059082,5.241863250732422,-0.8491154909133911,-1.9956029653549194,0.4259642958641052,11.21532154083252,16.33656120300293,5.239100933074951
439,0.6186490058898926,0.5776658654212952,3.218130350112915,14.358827590942383,112.67701721191406,7.922563076019287,11.603806495666504,2.9598255157470703,0.23687778413295746,-1.69613516330719,0.012047439813613892,7.941110134124756,11.511195182800293,2.968057155609131
440,0.618547797203064,0.5677343010902405,2.133740186691284,9.764657020568848,85.36970520019531,1.7329212427139282,9.158696174621582,2.9092631340026855,-0.07832919806241989,-0.41360390186309814,-0.040746502578258514,1.7359789609909058,9.174873352050781,2.9170920848846436
441,0.6065379977226257,0.5700852870941162,3.0804522037506104,11.475929260253906,95.7538833618164,6.549160003662109,8.908503532409668,3.073111057281494,-0.39040303230285645,-0.2735990285873413,-0.26327210664749146,6.555749416351318,8.929139137268066,3.0703535079956055
442,0.5985187292098999,0.5532014966011047,3.8743515014648438,13.342992782592773,103.70500183105469,6.620800018310547,11.232827186584473,2.8326773643493652,0.9144768714904785,0.06630181521177292,0.18699979782104492,6.575632095336914,11.263962745666504,2.8343825340270996
443,0.6424731016159058,0.5748749375343323,2.1914260387420654,8.59957218170166,70.4299545288086,6.255653381347656,5.269882678985596,2.6547677516937256,-0.27005743980407715,0.7177095413208008,0.09248021990060806,6.26725435256958,5.235344409942627,2.6605570316314697
444,0.5088310837745667,0.5956773161888123,1.9876903295516968,9.433517456054688,90.676513671875,5.411360740661621,7.278906345367432,2.593442440032959,0.08621574193239212,-0.39453786611557007,0.06762837618589401,5.4257659912109375,7.288479328155518,2.599792242050171
445,0.6297919750213623,0.5643472671508789,2.5390501022338867,9.576835632324219,81.6417465209961,3.600428581237793,8.40024185180664,2.8615808486938477,-0.042187485843896866,-1.2207765579223633,0.15491947531700134,3.6102240085601807,8.334245681762695,2.865354537963867
446,0.5892595648765564,0.5678561925888062,2.7463741302490234,10.206820487976074,83.03275299072266,5.773199558258057,8.059146881103516,2.4288861751556396,-0.7981095314025879,-0.5930227637290955,0.10471805185079575,5.733715534210205,8.05971908569336,2.433396339416504
447,0.5906739830970764,0.5800006985664368,2.2130870819091797,13.598119735717773,174.25357055664062,13.406716346740723,1.642662525177002,1.571786642074585,-0.7925159335136414,-0.20811352133750916,0.094017393887043,13.420600891113281,1.6339709758758545,1.573348879814148
448,0.5505168437957764,0.5718104243278503,2.954561471939087,16.170812606811523,187.1129150390625,13.96550464630127,7.963253498077393,1.7454370260238647,-1.0221128463745117,-0.5940093398094177,-0.05169469118118286,13.966900825500488,7.963219165802002,1.7495379447937012
449,0.6092023849487305,0.5895137190818787,3.0503344535827637,14.186114311218262,129.7122802734375,10.552669525146484,8.98634147644043,3.022033214569092,0.2331359088420868,-0.40839874744415283,0.029964320361614227,10.579521179199219,9.002098083496094,3.0303139686584473
450,0.6034294366836548,0.5531794428825378,3.092135429382324,11.170970916748047,83.26925659179688,5.826701641082764,9.147940635681152,2.674945831298828,0.591082751750946,-0.0365641713142395,-0.14953599870204926,5.812811851501465,9.173383712768555,2.6782126426696777
451,0.6091685891151428,0.5631297826766968,3.684157371520996,18.06710433959961,150.8802032470703,13.87977409362793,11.513591766357422,1.0996953248977661,-1.5271244049072266,0.7223801016807556,-0.07527981698513031,13.833988189697266,11.522960662841797,1.1001758575439453
452,0.6003508567810059,0.5782421231269836,1.7894785404205322,5.636632442474365,48.06782531738281,4.2507123947143555,3.155012607574463,1.9362232685089111,0.31666040420532227,0.07497172802686691,0.09402899444103241,4.250725269317627,3.1629199981689453,1.939333200454712
453,0.5745065212249756,0.5706168413162231,3.2545061111450195,14.916302680969238,124.19232177734375,12.266044616699219,8.05395793914795,2.6784346103668213,-0.08645007014274597,-0.17650571465492249,-0.15022403001785278,12.29995346069336,8.074482917785645,2.681678056716919
454,0.61435866355896,0.5579063296318054,5.183748245239258,22.410324096679688,165.6164093017578,15.630359649658203,15.545402526855469,4.031735420227051,-0.3420071303844452,1.4408639669418335,-0.10790764540433884,15.670206069946289,15.521659851074219,4.041533470153809
455,0.6203669905662537,0.5606539845466614,3.2284557819366455,13.217001914978027,126.95133972167969,11.496749877929688,5.08933687210083,4.075850486755371,-0.3166983723640442,-0.1720016449689865,-0.1389043927192688,11.524443626403809,5.1006178855896,4.084845066070557
456,0.518428385257721,0.5779082775115967,3.820155143737793,14.094196319580078,103.322265625,4.836378574371338,12.880403518676758,3.057940721511841,-0.6191619038581848,-0.7423309683799744,0.11707498878240585,4.809961318969727,12.89486312866211,3.0642218589782715
457,0.5842214822769165,0.5730768442153931,1.465558409690857,6.426015377044678,81.70167541503906,5.692556381225586,2.783595323562622,1.0677415132522583,-0.41372236609458923,-0.22370202839374542,-0.08567898720502853,5.693339824676514,2.7823314666748047,1.0672669410705566
458,0.5583507418632507,0.567165732383728,4.497348308563232,23.408613204956055,244.53338623046875,19.822410583496094,12.12365436553955,2.8376317024230957,1.50493323802948,-0.8254351615905762,0.012051129713654518,19.820335388183594,12.12926197052002,2.8455212116241455
459,0.5817974209785461,0.5635669827461243,4.56013822555542,20.0712947845459,151.16624450683594,14.621874809265137,12.588714599609375,5.530097484588623,-2.040513753890991,-1.1567776203155518,-0.03520737215876579,14.519182205200195,12.570420265197754,5.545410633087158
460,0.65521240234375,0.537469208240509,4.571811676025391,19.78799057006836,147.47421264648438,12.793862342834473,14.567091941833496,3.9599900245666504,-0.7434792518615723,-0.3495078682899475,0.326192706823349,12.807868003845215,14.603520393371582,3.957540988922119
461,0.561935544013977,0.5479150414466858,4.444218158721924,18.89281463623047,134.7335968017578,9.775871276855469,15.231959342956543,5.418324947357178,-0.5285096168518066,-2.024538993835449,0.3739084005355835,9.788803100585938,15.138925552368164,5.420485973358154
462,0.5575603246688843,0.5649004578590393,2.3199033737182617,9.90244197845459,106.1102066040039,4.903712272644043,8.1351900100708,2.7983293533325195,-0.05415092036128044,0.7788171172142029,-0.36156976222991943,4.917091369628906,8.120412826538086,2.7826123237609863
463,0.5681361556053162,0.5778684020042419,3.661025047302246,15.758659362792969,142.0977325439453,10.540570259094238,11.492194175720215,2.2718167304992676,-0.07869912683963776,-1.2149208784103394,-0.1066427230834961,10.569676399230957,11.459671020507812,2.275641918182373
464,0.5994876027107239,0.5715245008468628,2.8895926475524902,16.648414611816406,195.27627563476562,13.024335861206055,10.15752124786377,2.088336229324341,0.9279208779335022,-0.15300598740577698,0.08248060941696167,13.02747631072998,10.184699058532715,2.092527151107788
465,0.5303126573562622,0.5898687243461609,4.406918525695801,17.981433868408203,137.0091552734375,12.751755714416504,11.918145179748535,4.322326183319092,-0.6802906394004822,-1.5840779542922974,0.5227258801460266,12.769115447998047,11.845354080200195,4.30256986618042
466,0.5525873899459839,0.591729998588562,3.555335521697998,15.014714241027832,137.384765625,9.69188117980957,11.053220748901367,3.055394411087036,-0.965985119342804,0.25826650857925415,0.023924212902784348,9.670520782470703,11.081026077270508,3.0638234615325928
467,0.5795207023620605,0.5658804774284363,2.769365072250366,11.278676986694336,100.59076690673828,2.626628875732422,10.536894798278809,3.0468392372131348,-0.20886917412281036,-1.5420594215393066,0.4187890887260437,2.6256144046783447,10.452520370483398,3.026338577270508
468,0.5938199162483215,0.5759285688400269,1.4306200742721558,3.7905571460723877,36.9172477722168,3.2012076377868652,1.9163289070129395,0.6695349216461182,-0.344565749168396,0.0022204320412129164,-0.046919241547584534,3.1914873123168945,1.921673059463501,0.6697519421577454
469,0.5576052665710449,0.5718931555747986,2.862645149230957,13.064697265625,105.30848693847656,8.444843292236328,9.168457984924316,3.912838935852051,-1.2937427759170532,0.8459726572036743,-0.5273135900497437,8.36843204498291,9.15481185913086,3.8879597187042236
470,0.566012978553772,0.5731754302978516,2.3056352138519287,8.347379684448242,80.25023651123047,5.058441638946533,6.270942687988281,2.183159828186035,-0.5667213797569275,0.07362747192382812,0.013493156991899014,5.040616989135742,6.28800106048584,2.1892075538635254
471,0.638529360294342,0.5472745299339294,2.120478391647339,8.0440092086792,73.90744018554688,5.189835548400879,5.992664813995361,1.3636982440948486,-0.7444792985916138,-0.14746202528476715,-0.03638055920600891,5.150487422943115,6.007560729980469,1.3670153617858887
472,0.6066671013832092,0.5698778629302979,2.9635531902313232,10.260001182556152,87.8656997680664,4.451028347015381,8.936999320983887,2.3634767532348633,-0.2868311405181885,0.1138620600104332,-0.2098526954650879,4.454166889190674,8.961200714111328,2.360708475112915
473,0.5078195333480835,0.5919123291969299,4.628357887268066,22.485267639160156,198.98219299316406,7.395398139953613,20.567241668701172,5.280523300170898,-0.6938953995704651,-1.5861153602600098,0.32433003187179565,7.383310794830322,20.563190460205078,5.285255432128906
474,0.5486501455307007,0.5886108875274658,4.400981903076172,21.39652442932129,152.8231658935547,17.210838317871094,11.999990463256836,4.195051193237305,-0.2952722907066345,0.3284947872161865,0.0605681948363781,17.256305694580078,12.028952598571777,4.2063140869140625
475,0.5881479382514954,0.5950766801834106,2.431211471557617,11.248540878295898,105.32386779785156,4.618371486663818,9.941189765930176,2.524495840072632,0.3459736704826355,0.1210753470659256,-0.16845053434371948,4.6182403564453125,9.968179702758789,2.525895595550537
476,0.5745328068733215,0.5634889006614685,4.924590587615967,19.812612533569336,181.52322387695312,12.413538932800293,14.229121208190918,5.997986793518066,0.4671822488307953,1.4690254926681519,-0.2579975426197052,12.439347267150879,14.192564010620117,6.009150981903076
477,0.5454739928245544,0.5689318180084229,3.300921678543091,15.893658638000488,149.8993682861328,10.8698148727417,10.569252967834473,4.769318580627441,0.7145274877548218,-1.1537965536117554,0.28395944833755493,10.876559257507324,10.535393714904785,4.774137496948242
478,0.5917107462882996,0.5623039603233337,1.8354358673095703,7.311246395111084,74.70333862304688,3.007523536682129,6.439914703369141,1.713659405708313,-0.29387807846069336,-0.04070078209042549,-0.020216625183820724,3.0014796257019043,6.457748889923096,1.7183198928833008
479,0.5676920413970947,0.5685214996337891,2.686814308166504,12.699674606323242,129.68109130859375,6.268222808837891,10.454963684082031,3.5615766048431396,0.37642061710357666,-0.7287003397941589,0.17890049517154694,6.274363994598389,10.45863151550293,3.567002534866333
480,0.5555058717727661,0.5705199241638184,2.5885696411132812,11.567442893981934,102.09420776367188,8.578591346740723,6.898368835449219,3.5533084869384766,1.0122289657592773,-0.11953116953372955,0.2619248032569885,8.542424201965332,6.916572093963623,3.553525924682617
481,0.5787236094474792,0.5721175670623779,4.259435653686523,19.286230087280273,174.56312561035156,8.586350440979004,16.260826110839844,5.815393447875977,0.2530042827129364,0.24944108724594116,-0.0522109791636467,8.606561660766602,16.304264068603516,5.831378936767578
482,0.618572473526001,0.5794145464897156,2.0109035968780518,6.606466770172119,45.65216827392578,4.275282859802246,4.540322303771973,2.180100440979004,-0.04857819899916649,-0.1597314029932022,-0.046913884580135345,4.28693151473999,4.550168037414551,2.1856753826141357
483,0.6057525873184204,0.5712025165557861,1.7498770952224731,5.987379550933838,57.854278564453125,5.595475673675537,1.8443065881729126,1.0667235851287842,-0.1588280200958252,0.07376529276371002,-0.0731508731842041,5.608822822570801,1.8479712009429932,1.067180871963501
484,0.5896052122116089,0.556734561920166,2.4441215991973877,8.693599700927734,79.96564483642578,3.6843161582946777,7.547159671783447,2.2460825443267822,-0.03245905041694641,0.15896686911582947,0.07126970589160919,3.6944499015808105,7.566533088684082,2.251213788986206
485,0.6164264678955078,0.5754640698432922,1.8475111722946167,8.637986183166504,101.70005798339844,3.3039441108703613,7.640483856201172,2.306899070739746,-0.16864581406116486,-0.6706145405769348,0.1562904417514801,3.3088409900665283,7.632226943969727,2.308018684387207
486,0.5598363280296326,0.5704776644706726,2.0786845684051514,7.962464332580566,91.71115112304688,6.788611888885498,3.343437910079956,2.4773006439208984,0.28409862518310547,-0.3770159184932709,0.13896022737026215,6.801583766937256,3.3313798904418945,2.480299472808838
487,0.564221978187561,0.5790497660636902,5.936821937561035,21.386049270629883,127.6396255493164,10.946240425109863,17.242738723754883,6.342785358428955,-0.24809342622756958,1.1340974569320679,-0.4812160134315491,10.973954200744629,17.253395080566406,6.342145919799805
488,0.5811616778373718,0.5551878213882446,1.7336273193359375,6.559861660003662,74.98298645019531,4.9773712158203125,4.020569801330566,1.4465745687484741,-0.6250172257423401,-0.4978465437889099,-0.09220706671476364,4.951746940612793,4.000756740570068,1.4476596117019653
489,0.6640534996986389,0.5538133978843689,4.940740585327148,18.64958953857422,162.0972442626953,15.133606910705566,10.06440258026123,4.181982040405273,-1.0438625812530518,-0.12487121671438217,-0.060130588710308075,15.13967514038086,10.091699600219727,4.19321346282959
490,0.625906229019165,0.5783337950706482,2.1337947845458984,6.66179895401001,60.06340789794922,5.678980350494385,2.670868396759033,2.234995126724243,-0.532390832901001,0.04059252142906189,-0.0225724708288908,5.669741153717041,2.678009271621704,2.241115093231201
491,0.5691190958023071,0.5645062923431396,2.4570364952087402,11.528735160827637,105.71766662597656,3.1552860736846924,10.079316139221191,4.622044563293457,-0.11087356507778168,-0.6720757484436035,0.23068532347679138,3.1621334552764893,10.08493709564209,4.629160404205322
492,0.5904098749160767,0.5628535747528076,1.8217475414276123,6.820746898651123,72.72518920898438,5.359701633453369,4.082033157348633,1.0645169019699097,0.3210093379020691,0.12090367823839188,0.006819326430559158,5.36500358581543,4.091623306274414,1.0674643516540527
493,0.5833768248558044,0.5642374753952026,3.768629312515259,15.30091667175293,139.0502166748047,11.251947402954102,9.434231758117676,4.3019795417785645,-0.8244367241859436,0.2696305215358734,-0.03818162530660629,11.25300407409668,9.456683158874512,4.313809871673584
494,0.5993407964706421,0.5684056878089905,2.6157097816467285,9.434868812561035,79.78779602050781,2.183972120285034,8.688155174255371,2.9602322578430176,0.09984061121940613,-0.151749387383461,-0.08643826842308044,2.187774419784546,8.711060523986816,2.967223644256592
495,0.6783114671707153,0.5581783652305603,4.62734842300415,17.31049346923828,114.1664810180664,11.346173286437988,12.086390495300293,4.983644008636475,-0.36153700947761536,0.4310985207557678,-0.5530085563659668,11.372044563293457,12.112390518188477,4.966682434082031
496,0.6319085359573364,0.5280932188034058,3.7206850051879883,14.445334434509277,128.42987060546875,9.546491622924805,10.589224815368652,2.3238956928253174,0.11000866442918777,0.18103714287281036,-0.20218566060066223,9.572484970092773,10.617210388183594,2.3215410709381104
497,0.5999332666397095,0.5555558204650879,3.5683465003967285,14.54708480834961,153.9819793701172,6.45367431640625,12.910222053527832,1.8149120807647705,-0.4796279966831207,1.1228152513504028,-0.12049350142478943,6.453779220581055,12.89717960357666,1.8159592151641846
498,0.588622510433197,0.5831684470176697,1.5257385969161987,4.89462947845459,56.5343017578125,3.809652090072632,2.8217334747314453,1.2172781229019165,0.14415216445922852,0.2523759603500366,0.04492829740047455,3.817542791366577,2.8182640075683594,1.2198418378829956
499,0.6603372693061829,0.5758954286575317,1.7103339433670044,4.6186747550964355,38.3137321472168,3.2154481410980225,3.1923279762268066,0.8955966234207153,0.14563708007335663,-0.015572402626276016,0.020818788558244705,3.2211084365844727,3.2011945247650146,0.8978520631790161
500,0.6030466556549072,0.5458189249038696,3.393876791000366,15.87584114074707,146.67369079589844,10.790377616882324,11.371541023254395,2.509615421295166,1.2499477863311768,0.10700978338718414,-0.014170657843351364,10.747632026672363,11.402755737304688,2.516575574874878
501,0.6765943765640259,0.542205810546875,4.033580303192139,16.222698211669922,136.23727416992188,11.386198997497559,10.548584938049316,4.717817306518555,-1.3134186267852783,-0.5160756707191467,0.042558036744594574,11.341742515563965,10.56534194946289,4.7307844161987305
502,0.6386614441871643,0.5439865589141846,2.8358592987060547,11.232951164245605,116.736572265625,4.180032730102539,9.539384841918945,4.2079267501831055,0.7833601236343384,0.14232705533504486,-0.1433236449956894,4.117427349090576,9.564929008483887,4.2172160148620605
503,0.6255208849906921,0.5473648905754089,4.749345779418945,17.773664474487305,146.30145263671875,9.355229377746582,14.78403091430664,3.132932662963867,0.5795996189117432,1.3510191440582275,-0.2265901416540146,9.363303184509277,14.763236999511719,3.133443832397461
504,0.6071966290473938,0.5789600014686584,2.6890902519226074,10.601109504699707,95.66132354736328,5.373296737670898,8.932206153869629,1.9305156469345093,-0.5609449148178101,-0.40512415766716003,0.1594051867723465,5.358842849731445,8.947903633117676,1.9292898178100586
505,0.5542501211166382,0.5937267541885376,2.967623710632324,10.541637420654297,86.0443344116211,5.834112167358398,8.596016883850098,1.7882264852523804,0.6189035177230835,-0.30771124362945557,0.0008361021755263209,5.817373752593994,8.614470481872559,1.7932143211364746
506,0.6238355040550232,0.5940712690353394,3.5783698558807373,14.548843383789062,134.46551513671875,6.8511552810668945,12.553321838378906,2.672940492630005,-1.339613676071167,-0.2931664288043976,0.059963878244161606,6.737652778625488,12.584904670715332,2.6797215938568115
507,0.6543697714805603,0.5726777911186218,4.514145851135254,17.48841667175293,128.64089965820312,14.343009948730469,9.693110466003418,2.483222246170044,-0.8157837390899658,-0.9465805292129517,0.14561109244823456,14.359735488891602,9.673688888549805,2.4858641624450684
508,0.6182975172996521,0.5428510308265686,3.1123580932617188,14.9052152633667,151.31179809570312,5.231345176696777,13.577035903930664,3.2345879077911377,0.18606139719486237,1.5505996942520142,-0.5166725516319275,5.242618560791016,13.525824546813965,3.201963186264038
509,0.5985898971557617,0.5541232824325562,1.576760172843933,5.3222575187683105,47.873374938964844,3.285778045654297,3.322812795639038,2.5473520755767822,0.20127345621585846,0.3859555721282959,-0.33873000741004944,3.2887556552886963,3.309527635574341,2.531773090362549
510,0.5913214087486267,0.5776962637901306,4.229712009429932,17.625072479248047,178.6451873779297,12.003608703613281,11.891664505004883,5.014463901519775,-1.301268458366394,-0.6427718997001648,0.22262004017829895,11.966153144836426,11.907401084899902,5.02349328994751
511,0.638222873210907,0.5693779587745667,5.259026527404785,19.17510986328125,135.12818908691406,13.537099838256836,12.843177795410156,4.414133071899414,-1.2073876857757568,-1.1936631202697754,0.4140844941139221,13.520757675170898,12.82325553894043,4.40692663192749
512,0.6772037148475647,0.5558021664619446,4.108520030975342,16.422269821166992,123.21975708007812,8.873208999633789,13.408679008483887,3.3413169384002686,-0.6858389973640442,-0.699471652507782,0.16051265597343445,8.87134075164795,13.427774429321289,3.346768617630005
513,0.685468852519989,0.5557620525360107,2.9492275714874268,14.583073616027832,138.10025024414062,9.599654197692871,10.46056842803955,3.330043077468872,-1.0391091108322144,1.1238179206848145,-0.4187469482421875,9.569869995117188,10.429034233093262,3.3128247261047363
514,0.6375381350517273,0.5639967918395996,5.174352645874023,21.257387161254883,185.77487182617188,14.95795726776123,14.099926948547363,5.415533065795898,-0.5952799916267395,-0.530654788017273,-0.03786593675613403,14.987799644470215,14.129239082336426,5.430506229400635
515,0.6647823452949524,0.5743529200553894,5.2903618812561035,22.611156463623047,245.36044311523438,20.574663162231445,8.853455543518066,3.0925612449645996,-2.3518240451812744,0.6348341107368469,-0.23378056287765503,20.496822357177734,8.85529899597168,3.092313766479492
516,0.6048682332038879,0.5562822222709656,1.483149528503418,3.52143931388855,35.71458053588867,2.720524311065674,1.9953285455703735,1.0089340209960938,-0.2733619511127472,-0.14911243319511414,-0.023939451202750206,2.714305877685547,1.9952993392944336,1.0114635229110718
517,0.6934906244277954,0.5557757019996643,3.0554885864257812,11.942049026489258,118.88406372070312,5.977112770080566,9.416176795959473,4.2687554359436035,0.11756469309329987,1.0843943357467651,-0.6425662636756897,5.9926252365112305,9.379618644714355,4.2318878173828125
518,0.6928171515464783,0.5564613938331604,1.5154680013656616,3.4341354370117188,29.663820266723633,2.4713759422302246,2.2882771492004395,0.6703543663024902,-0.12444327026605606,0.28963956236839294,-0.09583429992198944,2.475125789642334,2.2762038707733154,0.6653193831443787
519,0.5921291708946228,0.5370112061500549,3.1048684120178223,11.500864028930664,111.57234191894531,9.973368644714355,5.414892196655273,1.8656741380691528,-0.8236055374145508,-0.08665186911821365,0.10084528475999832,9.96702766418457,5.429300785064697,1.868143081665039
520,0.6503734588623047,0.5449097156524658,3.539806604385376,13.58851146697998,134.1239471435547,7.63790225982666,10.344134330749512,4.394198417663574,0.0066544003784656525,-0.5842893719673157,0.2158355712890625,7.659204483032227,10.356427192687988,4.401136875152588
521,0.6300187706947327,0.5546596050262451,2.8389947414398193,12.006501197814941,101.12705993652344,9.504730224609375,6.400550365447998,3.5845675468444824,1.0536381006240845,0.6096174120903015,0.1684563010931015,9.472498893737793,6.389225006103516,3.59059476852417
522,0.6460650563240051,0.5378164052963257,4.0617780685424805,14.048630714416504,107.42727661132812,9.200569152832031,10.29466724395752,2.594874858856201,0.31734535098075867,-1.1513557434082031,0.31690722703933716,9.220743179321289,10.258617401123047,2.582634210586548
523,0.6344107389450073,0.5679445266723633,3.706501007080078,13.827680587768555,88.9065170288086,7.379678249359131,11.241127967834473,3.2221314907073975,-0.22617846727371216,-1.5908756256103516,0.43403559923171997,7.396787166595459,11.159027099609375,3.2016704082489014
524,0.618442952632904,0.5877606272697449,2.4167044162750244,11.170961380004883,133.63876342773438,4.653408050537109,9.935259819030762,2.1039984226226807,-0.28942063450813293,-0.678206205368042,0.13110896944999695,4.65735387802124,9.939733505249023,2.105767011642456
525,0.6441435217857361,0.5409524440765381,4.838123798370361,15.926382064819336,92.31608581542969,8.484752655029297,12.940342903137207,3.7691073417663574,-0.9921285510063171,1.474858283996582,-0.5206977725028992,8.450052261352539,12.891880989074707,3.743379831314087
526,0.609900176525116,0.5581254959106445,5.098676681518555,21.66238021850586,205.66973876953125,16.727693557739258,12.74268913269043,5.202577590942383,-0.21125811338424683,0.6475241780281067,0.043282583355903625,16.77301597595215,12.761724472045898,5.216908931732178
527,0.577588677406311,0.5663740038871765,3.2791571617126465,11.496246337890625,89.09269714355469,9.538830757141113,5.95689058303833,2.3853399753570557,-0.11357362568378448,-0.3627854287624359,0.015851296484470367,9.564760208129883,5.962419033050537,2.3919408321380615
528,0.6406630277633667,0.5483177900314331,3.169802665710449,12.837528228759766,101.06439971923828,10.551487922668457,7.107903480529785,1.716377854347229,-1.1415431499481201,0.8687552809715271,-0.16715902090072632,10.518815040588379,7.0742902755737305,1.71298348903656
529,0.6326884627342224,0.5742847323417664,2.7312140464782715,10.665136337280273,103.00886535644531,5.7002973556518555,8.751309394836426,2.160170316696167,0.385575532913208,0.569222629070282,-0.2712002396583557,5.703105926513672,8.757136344909668,2.1490564346313477
530,0.569514811038971,0.5769795179367065,4.925502300262451,17.562910079956055,113.58279418945312,11.736250877380371,12.301427841186523,4.403537750244141,1.4785034656524658,0.40980225801467896,0.08647588640451431,11.675225257873535,12.328892707824707,4.414969444274902
531,0.5889295935630798,0.5696996450424194,1.3241848945617676,2.467534303665161,14.713726043701172,1.6979615688323975,1.6894363164901733,0.5928369164466858,-0.09678365290164948,0.17901022732257843,-0.037035856395959854,1.6999295949935913,1.6846116781234741,0.5933293700218201
532,0.6305628418922424,0.5533612370491028,3.570770263671875,15.202316284179688,137.21078491210938,9.943642616271973,10.6489839553833,4.3397626876831055,0.48552510142326355,-0.9614303708076477,0.40179407596588135,9.959486961364746,10.635075569152832,4.333176136016846
533,0.6078144907951355,0.5557550191879272,4.051388263702393,16.31300926208496,122.25179290771484,10.229169845581055,12.392715454101562,2.8105032444000244,0.31907138228416443,0.6340581178665161,-0.2756224274635315,10.25271224975586,12.411006927490234,2.8047573566436768
534,0.6551950573921204,0.5622565746307373,4.813490867614746,18.142627716064453,128.60581970214844,11.0551176071167,13.361907005310059,5.329046726226807,-0.9083197116851807,-1.9492251873016357,0.7925320863723755,11.04847240447998,13.255839347839355,5.284484386444092
535,0.6274170875549316,0.5761489272117615,4.192811012268066,18.02889633178711,156.72314453125,14.6161527633667,10.054610252380371,3.211538553237915,-0.15522301197052002,-0.3774573504924774,-0.31301042437553406,14.656097412109375,10.075549125671387,3.2051639556884766
536,0.656216025352478,0.5888287425041199,2.5490543842315674,6.9922380447387695,51.3812255859375,4.286531448364258,4.58843994140625,3.076240301132202,-0.11203206330537796,-0.036349955946207047,0.07785432785749435,4.2970194816589355,4.6010942459106445,3.0838332176208496
537,0.556686282157898,0.5499770045280457,4.799924373626709,17.324100494384766,132.691650390625,12.580487251281738,11.030213356018066,4.493346691131592,-1.639694094657898,-0.4024747312068939,-0.3541758060455322,12.507966995239258,11.053614616394043,4.491861343383789
538,0.5915058851242065,0.5434941649436951,5.626130104064941,19.73270034790039,149.82899475097656,12.868147850036621,13.982020378112793,5.319147109985352,-0.4949857294559479,1.4068951606750488,-0.7314468622207642,12.894491195678711,13.949860572814941,5.2833123207092285
539,0.6731323599815369,0.540490984916687,4.784485816955566,16.982635498046875,106.72693634033203,12.861762046813965,10.308880805969238,4.088027000427246,-0.05035489425063133,0.04752508923411369,0.23685383796691895,12.897539138793945,10.33752727508545,4.092543601989746
540,0.6093950271606445,0.5643088817596436,3.4782979488372803,12.937079429626465,99.32901000976562,9.410197257995605,8.5021333694458,2.555375576019287,-0.26558917760849,-0.6980436444282532,0.18713708221912384,9.432686805725098,8.497064590454102,2.5556228160858154
541,0.6220734715461731,0.5552992224693298,3.4104819297790527,10.914093971252441,91.7380599975586,5.344881057739258,8.94373607635498,3.249501943588257,-0.31357669830322266,-0.15176385641098022,-0.10409057885408401,5.350557804107666,8.967391967773438,3.2568936347961426
542,0.6240067481994629,0.5879350900650024,4.07548713684082,14.192876815795898,89.67267608642578,8.390463829040527,11.21469497680664,2.2953197956085205,-0.8115920424461365,-0.6216587424278259,0.09402675926685333,8.37441349029541,11.228686332702637,2.299790143966675
543,0.6318233013153076,0.5412020683288574,3.3046183586120605,11.318975448608398,88.00304412841797,7.412781715393066,8.330066680908203,1.9441821575164795,-0.9250689148902893,0.4485367238521576,-0.11080817133188248,7.375349521636963,8.34118366241455,1.9464360475540161
544,0.5397718548774719,0.5688672065734863,1.883766770362854,7.2219343185424805,87.42037963867188,5.587579727172852,4.402629375457764,1.2458518743515015,0.35789093375205994,0.3654906451702118,0.08113865554332733,5.591660976409912,4.399670600891113,1.2466745376586914
545,0.629006564617157,0.5662227272987366,4.1787800788879395,16.34719467163086,101.57948303222656,3.986691951751709,15.249354362487793,4.335229873657227,-0.023568805307149887,-2.0631508827209473,0.7295756340026855,3.9977424144744873,15.151289939880371,4.285318851470947
546,0.6152371764183044,0.5549019575119019,1.3543202877044678,2.343545913696289,14.581785202026367,1.5969284772872925,1.5660905838012695,0.6995623707771301,-0.2013472467660904,-0.14711901545524597,0.08579523861408234,1.5886032581329346,1.5635141134262085,0.6962180733680725
547,0.6081530451774597,0.5683411359786987,4.211681365966797,17.150245666503906,155.4690704345703,8.423567771911621,14.716254234313965,2.570267915725708,-0.1924474537372589,0.5635263919830322,-0.1577884703874588,8.444859504699707,14.746479988098145,2.572575807571411
548,0.5761893391609192,0.5688435435295105,3.091571807861328,12.800993919372559,121.05139923095703,11.012313842773438,6.195244312286377,2.052642345428467,-1.2751115560531616,0.4150572121143341,-0.06167226657271385,10.968753814697266,6.198566913604736,2.057438611984253
549,0.5738680362701416,0.5559813976287842,3.8522305488586426,15.994738578796387,129.7808074951172,12.491318702697754,9.69394588470459,2.413722515106201,-1.0085042715072632,-0.5344554781913757,0.2763758897781372,12.485268592834473,9.70620059967041,2.404536008834839
550,0.6218730211257935,0.5917708873748779,4.070455074310303,15.720280647277832,143.175048828125,12.079914093017578,9.850165367126465,2.0438072681427,-0.3767344355583191,1.5193071365356445,-0.18607072532176971,12.10771656036377,9.759437561035156,2.040996789932251
551,0.600804328918457,0.5552700161933899,5.329590797424316,21.041494369506836,150.8438720703125,12.932637214660645,15.587945938110352,5.701519966125488,-1.5511492490768433,-0.24509276449680328,-0.016988541930913925,12.875092506408691,15.629493713378906,5.7173991203308105
552,0.598497748374939,0.5779188871383667,5.531571865081787,19.323530197143555,106.14724731445312,12.069581031799316,14.171721458435059,5.18520975112915,0.9277169108390808,0.6362296342849731,0.11990015208721161,12.0674409866333,14.196922302246094,5.1982831954956055
553,0.6146090030670166,0.5410888195037842,5.367221355438232,20.466947555541992,177.54837036132812,14.325854301452637,13.713085174560547,5.06133508682251,-1.2264997959136963,-1.118804931640625,0.4256468117237091,14.313068389892578,13.705493927001953,5.057473182678223
554,0.6040043234825134,0.5378265380859375,1.74705171585083,4.208489418029785,30.429018020629883,2.52813458442688,3.242889642715454,0.8964282870292664,-0.37224870920181274,0.017936108633875847,0.09095349162817001,2.507554054260254,3.2518858909606934,0.8942897319793701
555,0.617891252040863,0.5378932356834412,4.5792036056518555,17.42220687866211,131.40638732910156,12.684608459472656,11.133612632751465,4.321645259857178,0.6029657125473022,1.5249359607696533,-0.45438963174819946,12.705612182617188,11.059449195861816,4.3096795082092285
556,0.5624281167984009,0.5597295165061951,3.512915849685669,14.5342435836792,123.00877380371094,9.605042457580566,10.422883987426758,3.2172818183898926,-0.5957930684089661,-0.5950189232826233,0.42008107900619507,9.613286972045898,10.434910774230957,3.198636293411255
557,0.593070924282074,0.5530821681022644,4.942771911621094,18.61929702758789,126.770263671875,11.233132362365723,14.161613464355469,4.465837001800537,-0.4689979553222656,-0.8408321142196655,0.31677117943763733,11.254642486572266,14.17606258392334,4.467013359069824
558,0.6664280891418457,0.5418970584869385,4.550172328948975,16.875307083129883,121.12281799316406,10.595715522766113,12.276451110839844,4.6685686111450195,-0.20776963233947754,-0.6158739924430847,0.2643232047557831,10.623229026794434,12.295193672180176,4.674081325531006
559,0.6619653701782227,0.5710787177085876,4.618169784545898,16.143531799316406,123.49083709716797,12.550639152526855,9.413317680358887,3.805856466293335,-0.6524012684822083,-0.6358684301376343,0.09122210741043091,12.568633079528809,9.418014526367188,3.815376043319702
560,0.6540350914001465,0.5632835626602173,6.157957553863525,20.595916748046875,141.7808074951172,14.499495506286621,13.817976951599121,4.797908306121826,-2.2395567893981934,-0.21969960629940033,0.25083109736442566,14.365452766418457,13.854768753051758,4.804712295532227
561,0.5492000579833984,0.5571852922439575,3.640045166015625,15.532441139221191,135.3253173828125,5.668509483337402,13.753129959106445,4.469465732574463,-0.12422174215316772,0.4838086664676666,-0.19249136745929718,5.682956218719482,13.782958030700684,4.477774143218994
562,0.6538007855415344,0.5735194683074951,3.108515739440918,12.558588027954102,137.14341735839844,6.865673542022705,9.585222244262695,4.324831008911133,-0.24166908860206604,0.06719250231981277,-0.05203908309340477,6.880558013916016,9.611722946166992,4.336580753326416
563,0.6295905113220215,0.5779878497123718,4.990100383758545,20.813722610473633,190.36837768554688,17.72455596923828,9.94003963470459,4.499632835388184,-2.1278982162475586,0.7020035982131958,-0.4481181800365448,17.64544677734375,9.942877769470215,4.489751815795898
564,0.6446482539176941,0.5504974722862244,3.7671573162078857,16.122852325439453,180.38438415527344,6.9754509925842285,14.061649322509766,3.682314395904541,-0.5681591629981995,-1.4484176635742188,0.354651540517807,6.97166633605957,14.02586841583252,3.675419807434082
565,0.692182719707489,0.5572125911712646,3.4898769855499268,13.287615776062012,120.95799255371094,8.25049114227295,10.214463233947754,2.0383524894714355,0.34045782685279846,-1.391250729560852,0.3478800058364868,8.266457557678223,10.147500038146973,2.014049768447876
566,0.6435056924819946,0.5404545068740845,3.4036574363708496,12.736737251281738,109.93701934814453,7.351305961608887,10.172657012939453,2.1679060459136963,-0.48232465982437134,-0.922758162021637,0.0342281311750412,7.355928421020508,10.158977508544922,2.1736819744110107
567,0.6780226826667786,0.5450025796890259,5.514341831207275,18.52117919921875,101.91371154785156,10.944704055786133,14.484807014465332,3.665780782699585,-1.5599690675735474,0.663677990436554,-0.21595445275306702,10.863178253173828,14.509955406188965,3.669621706008911
568,0.6077861785888672,0.5359665751457214,4.0484514236450195,14.075456619262695,106.84184265136719,8.498022079467773,10.764244079589844,3.167515754699707,-0.24065183103084564,0.11235547065734863,-0.130011186003685,8.51830768585205,10.793681144714355,3.1736743450164795
569,0.5783789753913879,0.5382080078125,5.582390308380127,21.433137893676758,171.25791931152344,18.329357147216797,10.082101821899414,4.665319442749023,-2.6283161640167236,0.6095700860023499,-0.329863578081131,18.190536499023438,10.091728210449219,4.666624069213867
570,0.638016939163208,0.5527380704879761,4.401904582977295,14.538273811340332,103.22330474853516,11.621440887451172,8.37630844116211,2.4780993461608887,-0.8753440976142883,-0.8040562272071838,0.29082223773002625,11.62075138092041,8.360883712768555,2.4678401947021484
571,0.6352816224098206,0.5507906079292297,6.119969367980957,24.568056106567383,242.9824676513672,21.070228576660156,12.093639373779297,3.6576926708221436,0.28621962666511536,-0.023093245923519135,-0.003766791196539998,21.127050399780273,12.127350807189941,3.667893409729004
572,0.6364718675613403,0.5424608588218689,3.2924575805664062,12.405754089355469,108.2681655883789,10.588323593139648,6.233438014984131,1.7130005359649658,-1.431693196296692,-0.5268822908401489,0.16438071429729462,10.52034854888916,6.228456020355225,1.7098513841629028
573,0.5529033541679382,0.5743846893310547,3.600756883621216,14.923837661743164,142.621337890625,8.185338020324707,11.931997299194336,3.653578519821167,-1.2366251945495605,-0.8926874995231628,0.41083282232284546,8.113954544067383,11.931747436523438,3.640533208847046
574,0.6115111112594604,0.5418717861175537,2.894451856613159,8.848749160766602,78.38641357421875,7.580923557281494,4.38148307800293,1.2777183055877686,-1.3263232707977295,0.11143394559621811,-0.046639878302812576,7.484818458557129,4.3922834396362305,1.280428409576416
575,0.6039140224456787,0.5679931640625,5.1942644119262695,19.147268295288086,120.02859497070312,15.043457984924316,11.195483207702637,3.869551658630371,1.0933117866516113,0.26368990540504456,0.17725414037704468,15.045526504516602,11.223596572875977,3.8762717247009277
576,0.5988949537277222,0.5535186529159546,5.699364185333252,19.01412582397461,118.74685668945312,12.62957763671875,13.71058464050293,3.7484147548675537,-1.062946081161499,-1.3174374103546143,0.4096541702747345,12.619872093200684,13.685209274291992,3.7363555431365967
577,0.651063084602356,0.5570361018180847,5.153140544891357,23.364177703857422,250.52284240722656,19.592121124267578,12.367425918579102,3.013352155685425,0.49514123797416687,0.08873554319143295,-0.015493975952267647,19.64049530029297,12.401604652404785,3.0217175483703613
578,0.6389756202697754,0.5485036969184875,3.6741580963134766,18.52639389038086,232.24896240234375,18.078763961791992,3.7083044052124023,1.622969388961792,0.2156524658203125,-0.1329929232597351,0.2946704924106598,18.127904891967773,3.7162561416625977,1.6004464626312256
579,0.6455444693565369,0.5440484285354614,4.835141658782959,17.356544494628906,147.91033935546875,14.683623313903809,8.978344917297363,2.242807388305664,0.21651747822761536,-0.43555569648742676,0.0727786049246788,14.722981452941895,8.992788314819336,2.2478790283203125
580,0.6688196063041687,0.5432600378990173,6.346449851989746,19.247825622558594,114.60016632080078,15.062825202941895,11.432462692260742,3.590109348297119,-2.9630327224731445,1.1412560939788818,-0.156376451253891,14.809714317321777,11.407087326049805,3.5967066287994385
581,0.638053834438324,0.53570157289505,4.967447757720947,16.165149688720703,131.6680908203125,11.997601509094238,10.529810905456543,2.548067808151245,-1.0908678770065308,0.11407269537448883,0.165554478764534,11.981234550476074,10.558563232421875,2.549776315689087
582,0.6274630427360535,0.5244132876396179,4.254777431488037,13.26857852935791,94.42511749267578,8.868624687194824,9.172150611877441,3.6433959007263184,-0.057654913514852524,-0.37697094678878784,-0.1182529479265213,8.893174171447754,9.189963340759277,3.6516339778900146
583,0.6907872557640076,0.5381398797035217,6.350018501281738,17.747385025024414,96.15941619873047,11.461067199707031,13.036763191223145,3.695462465286255,-0.7664176225662231,-0.19508811831474304,0.013442480005323887,11.467309951782227,13.071663856506348,3.7057456970214844
584,0.6261681318283081,0.5709211230278015,4.425576210021973,14.49715805053711,110.87435150146484,7.762721061706543,11.813151359558105,3.2182602882385254,-0.07872505486011505,0.25067928433418274,-0.07952649891376495,7.7839741706848145,11.843436241149902,3.2262518405914307
585,0.7087581157684326,0.5528447031974792,5.2099714279174805,14.556803703308105,92.95375061035156,11.046269416809082,9.044736862182617,2.841339111328125,-1.6466000080108643,1.108279824256897,-0.549932062625885,10.953325271606445,9.001618385314941,2.7953879833221436
586,0.6766120195388794,0.5658775568008423,4.641115665435791,15.196429252624512,117.62640380859375,6.841518878936768,13.236546516418457,2.9864540100097656,-0.8581291437149048,-0.7293471693992615,-0.12120913714170456,6.80642032623291,13.253304481506348,2.992316722869873
587,0.7014886140823364,0.5446150302886963,4.572829723358154,15.355440139770508,148.38034057617188,8.119443893432617,12.26976490020752,4.39511775970459,-1.744213342666626,-1.6349413394927979,0.6143672466278076,7.952004909515381,12.194271087646484,4.364105701446533
588,0.7149697542190552,0.5440528988838196,6.4524431228637695,25.00979232788086,222.92160034179688,20.37763023376465,13.807695388793945,4.425984859466553,0.5941439270973206,2.1872692108154297,-0.8762741088867188,20.425785064697266,13.671381950378418,4.350475311279297
589,0.7152247428894043,0.557966411113739,6.226772785186768,24.60170555114746,226.80653381347656,20.716495513916016,12.659079551696777,3.9772377014160156,-1.8977819681167603,0.4926282465457916,-0.0037637180648744106,20.68692970275879,12.684775352478027,3.9883296489715576
590,0.5901079773902893,0.584400475025177,3.6306166648864746,11.748648643493652,98.32039642333984,7.685649394989014,8.56899356842041,2.3524186611175537,-0.11325705051422119,0.7860613465309143,-0.24766422808170319,7.7062506675720215,8.55666446685791,2.3458707332611084
591,0.6206281185150146,0.574735164642334,5.293218612670898,15.598857879638672,89.82963562011719,11.987191200256348,9.11115550994873,4.076574325561523,-0.4711146056652069,0.5351864695549011,0.22911648452281952,12.011341094970703,9.120795249938965,4.081483840942383
592,0.7348487973213196,0.5635533928871155,4.755093574523926,14.39309310913086,89.6705551147461,10.870861053466797,8.95113468170166,2.9770257472991943,-1.8917641639709473,-0.3990058898925781,0.014969943091273308,10.734853744506836,8.967180252075195,2.9852921962738037
593,0.6722307205200195,0.5389770865440369,4.26127815246582,15.283183097839355,115.47274017333984,8.932706832885742,11.914623260498047,3.438631534576416,-1.1254626512527466,-0.8819894790649414,-0.0022392908576875925,8.88624095916748,11.915077209472656,3.4482226371765137
594,0.6461742520332336,0.5564149618148804,5.840056896209717,18.67317771911621,131.07847595214844,10.038742065429688,15.1139497756958,4.4135894775390625,-2.124934196472168,-0.8003619909286499,0.26371321082115173,9.83863639831543,15.134841918945312,4.417993068695068
595,0.6752684712409973,0.554161012172699,2.689756393432617,9.402071952819824,88.28309631347656,7.929895401000977,4.930875301361084,1.0964436531066895,-0.6019253134727478,0.23736487329006195,-0.1135331317782402,7.929073810577393,4.938897132873535,1.0935918092727661
596,0.6328303813934326,0.5823427438735962,4.284469127655029,15.63051986694336,108.77859497070312,9.903462409973145,11.730537414550781,2.9375271797180176,-2.46317458152771,0.09705590456724167,-0.20490716397762299,9.619009971618652,11.762856483459473,2.9385459423065186
597,0.691629946231842,0.582402229309082,5.018978118896484,18.13471221923828,148.2119598388672,10.343942642211914,14.508350372314453,3.373189687728882,-0.23451462388038635,-0.6698094606399536,0.18203702569007874,10.370129585266113,14.533307075500488,3.3776695728302
598,0.6245697736740112,0.5782459378242493,5.203395843505859,17.7524471282959,108.48181915283203,13.708148956298828,11.086854934692383,2.077902317047119,-0.9092547297477722,1.634488582611084,-0.37840136885643005,13.716114044189453,10.996297836303711,2.048856258392334
599,0.651054322719574,0.5801068544387817,3.7667922973632812,13.182055473327637,108.19892120361328,8.005963325500488,10.036764144897461,2.989060401916504,-1.1197283267974854,-0.0946732833981514,-0.08565977215766907,7.949386119842529,10.064312934875488,2.996166944503784
600,0.6192154884338379,0.5879203677177429,2.560009002685547,7.701718807220459,63.05149459838867,5.6174468994140625,4.8876776695251465,1.9675809144973755,-0.7981718182563782,-0.07730651646852493,0.18267695605754852,5.575962066650391,4.900698184967041,1.9645471572875977
601,0.6478433609008789,0.5660707950592041,4.538541316986084,16.559904098510742,158.5974578857422,6.478182792663574,14.522984504699707,4.62022590637207,-0.7388050556182861,-0.37729254364967346,0.29248881340026855,6.453868389129639,14.558578491210938,4.6238203048706055
602,0.6637019515037537,0.5824009776115417,2.9410970211029053,9.631770133972168,72.76045989990234,5.653357982635498,7.204645156860352,2.9838953018188477,-0.9359627962112427,-0.32414495944976807,0.300006240606308,5.590892314910889,7.217426300048828,2.9770565032958984
603,0.5769910216331482,0.5911869406700134,2.6128990650177,9.15654182434082,98.61888122558594,4.534457206726074,7.75125789642334,1.7885633707046509,-0.18325017392635345,-0.4711783528327942,0.15446898341178894,4.543391227722168,7.758504867553711,1.7868510484695435
604,0.646426260471344,0.5450664162635803,3.063098669052124,11.071647644042969,108.96033477783203,9.327837944030762,5.71322774887085,1.7122660875320435,0.007081482093781233,-0.2953190207481384,0.0055665867403149605,9.353854179382324,5.721505165100098,1.7170332670211792
605,0.6029095649719238,0.5418910980224609,3.411259651184082,13.352483749389648,143.53652954101562,10.62342643737793,7.712100505828857,2.4403209686279297,-0.8118189573287964,-0.1350356638431549,-0.010959495790302753,10.621909141540527,7.732426643371582,2.447103261947632
606,0.5812995433807373,0.5401180982589722,2.881887197494507,11.209163665771484,102.52102661132812,5.761043548583984,8.90756893157959,3.6209025382995605,-0.254732221364975,1.0546637773513794,-0.4306262731552124,5.771462440490723,8.869584083557129,3.6052329540252686
607,0.6353622674942017,0.539273738861084,3.2604963779449463,10.432417869567871,84.96512603759766,4.5860161781311035,8.697039604187012,3.487880229949951,-0.15336613357067108,1.4722217321395874,-0.5699040293693542,4.596236228942871,8.595436096191406,3.450603485107422
608,0.6490251421928406,0.5538071990013123,3.886160135269165,12.44539737701416,89.2031478881836,5.7597880363464355,10.438094139099121,3.5719666481018066,-0.9920664429664612,0.38239505887031555,0.007937590591609478,5.689533710479736,10.460183143615723,3.5819215774536133
609,0.5794654488563538,0.5531359910964966,2.9229629039764404,9.739967346191406,95.51063537597656,8.015047073364258,5.361182689666748,1.3724792003631592,-1.1622220277786255,0.6517996191978455,-0.09884022921323776,7.952456474304199,5.33625602722168,1.3727340698242188
610,0.6687016487121582,0.5648017525672913,4.488608360290527,16.461299896240234,119.80271911621094,14.105886459350586,8.154433250427246,2.345959186553955,-1.5363041162490845,-0.6278144717216492,0.12572287023067474,14.061088562011719,8.152907371520996,2.3491225242614746
611,0.7197403907775879,0.547753632068634,6.728233814239502,22.465791702270508,147.6023712158203,13.980441093444824,16.84993553161621,5.033766269683838,0.12131325900554657,0.6168006658554077,-0.23089782893657684,14.01891040802002,16.88561248779297,5.042494297027588
612,0.6496571898460388,0.5468572974205017,5.17385721206665,17.646400451660156,147.1893768310547,10.134408950805664,13.753046035766602,4.42073917388916,-1.7519067525863647,-1.2085247039794922,0.6126585602760315,10.009679794311523,13.738058090209961,4.390292644500732
613,0.6491771340370178,0.5494353175163269,7.563416957855225,24.2944278717041,156.78895568847656,16.248384475708008,17.221710205078125,5.44260311126709,-1.4453045129776,1.5694268941879272,-0.7731472849845886,16.2291202545166,17.197887420654297,5.40243673324585
614,0.670229434967041,0.5443171858787537,5.6121039390563965,18.759798049926758,139.7457275390625,13.425375938415527,12.640474319458008,3.4507477283477783,-2.076678514480591,0.0772041529417038,-0.30063965916633606,13.300788879394531,12.675496101379395,3.4472150802612305
615,0.6517288684844971,0.5565228462219238,4.362911224365234,15.465205192565918,136.18394470214844,13.110004425048828,7.908183574676514,2.1819732189178467,1.3716251850128174,-0.3580605387687683,0.16032610833644867,13.074421882629395,7.922110080718994,2.1821448802948
616,0.7479004263877869,0.5535922050476074,4.490513801574707,14.132208824157715,83.4284439086914,8.12771224975586,11.213029861450195,2.8155980110168457,0.30780741572380066,0.21672622859477997,-0.002527862088754773,8.144536018371582,11.242206573486328,2.8234505653381348
617,0.7057304978370667,0.5359541177749634,4.164444923400879,12.64761734008789,89.30162811279297,8.387218475341797,9.010340690612793,2.9035391807556152,-1.0561589002609253,-0.14981617033481598,0.07588719576597214,8.343664169311523,9.034224510192871,2.9106435775756836
618,0.7026796340942383,0.49702537059783936,4.483174800872803,12.485020637512207,86.16642761230469,8.071897506713867,9.250875473022461,2.267490863800049,-2.5918853282928467,0.483334481716156,-0.27375832200050354,7.66577672958374,9.264009475708008,2.257183074951172
619,0.7189034223556519,0.5294641852378845,6.266909599304199,18.94207000732422,144.9621124267578,14.50764274597168,11.317570686340332,4.499212265014648,-1.617321252822876,0.9437233805656433,-0.20219294726848602,14.457427024841309,11.309614181518555,4.507203578948975
620,0.6832864880561829,0.5616817474365234,5.701930999755859,19.999788284301758,117.64413452148438,14.773388862609863,13.0646333694458,3.3247339725494385,-1.5515855550765991,0.2795540690422058,-0.06475787609815598,14.732666015625,13.098076820373535,3.3333756923675537
621,0.7761597037315369,0.5305678248405457,9.462998390197754,33.387939453125,307.8961486816406,28.324119567871094,16.558717727661133,6.189286708831787,0.5336571931838989,-0.15368427336215973,-0.3868483304977417,28.39808464050293,16.60419273376465,6.194416522979736
622,0.6896626353263855,0.5544378161430359,4.218120574951172,15.578144073486328,130.0121307373047,9.290430068969727,11.710714340209961,4.384706974029541,-0.5137409567832947,0.09455104917287827,-0.0489254891872406,9.30208969116211,11.742997169494629,4.396663665771484
623,0.7478586435317993,0.521261990070343,6.315685272216797,19.10394859313965,111.99195098876953,11.998847007751465,14.349802017211914,3.8822264671325684,0.5214767456054688,-1.3131412267684937,0.37733936309814453,12.020947456359863,14.329451560974121,3.8746225833892822
624,0.7219249606132507,0.5260547995567322,5.59590482711792,17.634414672851562,138.4249725341797,10.629293441772461,13.2699613571167,4.679621696472168,-0.6084061861038208,1.9653438329696655,-0.5108919739723206,10.641468048095703,13.160223007202148,4.66462516784668
625,0.7685361504554749,0.5147063136100769,8.60316276550293,25.636411666870117,172.35394287109375,21.277103424072266,13.83684253692627,3.612795352935791,-1.7101123332977295,0.20226286351680756,-0.18862485885620117,21.267427444458008,13.873956680297852,3.617932081222534
626,0.6803264617919922,0.5017250776290894,5.671067237854004,18.936561584472656,130.91131591796875,16.929506301879883,7.898493766784668,3.0982232093811035,1.4134304523468018,0.2656145691871643,-0.021455468609929085,16.91745948791504,7.916046142578125,3.1067910194396973
627,0.6924117207527161,0.5050568580627441,5.199514389038086,17.44269371032715,136.89129638671875,13.387886047363281,10.842616081237793,2.7294228076934814,-1.6897116899490356,-1.5140204429626465,0.24412503838539124,13.317873001098633,10.766337394714355,2.7260663509368896
628,0.6755694150924683,0.5264295339584351,4.967700958251953,15.365793228149414,89.60430145263672,10.763667106628418,10.43078899383545,3.383739948272705,-0.5481724143028259,1.2986747026443481,-0.3617558181285858,10.779683113098145,10.378497123718262,3.3737313747406006
629,0.6548773646354675,0.5134484767913818,4.988903045654297,15.669151306152344,86.55305480957031,8.971739768981934,11.9796724319458,4.6387104988098145,-0.9411524534225464,0.3807896077632904,-0.3554644286632538,8.947127342224121,12.007018089294434,4.637971878051758
630,0.7479838728904724,0.5073832869529724,6.14013671875,16.235984802246094,80.6842269897461,11.776973724365234,10.80698299407959,2.849412679672241,-1.1062581539154053,2.235384464263916,-0.2640874981880188,11.757607460021973,10.602758407592773,2.845061779022217
631,0.7207727432250977,0.5119852423667908,7.771193027496338,22.827899932861328,123.9769287109375,18.446613311767578,12.74630069732666,4.28569221496582,0.7242377400398254,0.6389751434326172,-0.07486272603273392,18.483806610107422,12.76578426361084,4.296990871429443
632,0.6957778334617615,0.5239174962043762,5.063235759735107,15.326976776123047,91.89281463623047,11.363779067993164,9.483089447021484,3.9814248085021973,0.3581351339817047,-0.48830142617225647,-0.08508460223674774,11.389816284179688,9.496926307678223,3.991619110107422
633,0.7652034759521484,0.5702602863311768,6.869162559509277,22.91765594482422,192.3802032470703,19.61758804321289,10.799043655395508,4.8733906745910645,0.23414289951324463,-0.5183708071708679,-0.07707294076681137,19.670909881591797,10.816682815551758,4.886373043060303
634,0.7463933229446411,0.5177357196807861,6.989743709564209,24.17808723449707,229.85614013671875,16.254764556884766,17.078533172607422,5.355950355529785,-0.6026824116706848,-0.3601274788379669,0.2991279363632202,16.288896560668945,17.122364044189453,5.362507343292236
635,0.7252197265625,0.5185359716415405,9.150632858276367,24.734474182128906,122.47212982177734,21.797014236450195,11.07791519165039,3.736874580383301,0.9147914052009583,-0.1784735471010208,0.04021957144141197,21.83855628967285,11.10737419128418,3.7470812797546387
636,0.7396603226661682,0.4943869709968567,5.992922782897949,19.998817443847656,136.6978302001953,13.81521987915039,13.71939754486084,4.568422317504883,0.3583803176879883,0.021848933771252632,0.19011420011520386,13.849093437194824,13.757648468017578,4.577197074890137
637,0.7273407578468323,0.5066019296646118,7.129098892211914,20.250043869018555,149.1371612548828,16.45710563659668,11.016938209533691,4.225515365600586,-1.8676362037658691,0.20802049338817596,-0.021650144830346107,16.39639663696289,11.045699119567871,4.237246513366699
638,0.7353557348251343,0.570488691329956,5.9241414070129395,17.45122528076172,121.41978454589844,14.043869972229004,9.49755573272705,4.136593341827393,-1.415762186050415,0.40736424922943115,-0.43432918190956116,14.011301040649414,9.515283584594727,4.125203609466553
639,0.6884335279464722,0.532357931137085,6.4393815994262695,18.99456024169922,101.779052734375,14.380250930786133,12.053248405456543,2.953122138977051,-0.5864126086235046,0.4452858865261078,0.009972010739147663,14.408368110656738,12.078619956970215,2.9613425731658936
640,0.7742834091186523,0.47906890511512756,6.773818016052246,26.56626319885254,263.7502136230469,22.301198959350586,13.44421672821045,5.260788440704346,-3.4295430183410645,1.1841732263565063,-0.5946699380874634,22.09738540649414,13.42931842803955,5.241650581359863
641,0.7463505864143372,0.5109226107597351,3.4553823471069336,9.156959533691406,56.800907135009766,6.737028121948242,5.292994499206543,3.2321157455444336,-1.1015795469284058,0.21487338840961456,-0.07050184905529022,6.6648969650268555,5.303382873535156,3.2403602600097656
642,0.7483171224594116,0.515706479549408,5.4337263107299805,17.58510971069336,157.50747680664062,11.017248153686523,12.986869812011719,4.381503105163574,0.7896386384963989,-0.43701571226119995,0.02293412946164608,11.019566535949707,13.01572036743164,4.393664360046387
643,0.782335102558136,0.5006175637245178,6.940948486328125,22.247957229614258,157.52862548828125,16.076007843017578,14.795790672302246,4.197394371032715,-0.6812039613723755,0.009001053869724274,-0.2805693745613098,16.106372833251953,14.837058067321777,4.199688911437988
644,0.7151557803153992,0.5111404657363892,6.733345031738281,22.355749130249023,171.27487182617188,13.228947639465332,16.447004318237305,7.366851806640625,-1.5319955348968506,-2.957461357116699,1.183763027191162,13.176593780517578,16.22404670715332,7.291403770446777
645,0.7533068656921387,0.4913157522678375,6.294737339019775,21.790937423706055,170.04798889160156,16.92730712890625,12.610687255859375,5.4112629890441895,-0.20087064802646637,-0.9765197038650513,0.37946832180023193,16.973329544067383,12.607891082763672,5.412998676300049
646,0.7786520719528198,0.5119576454162598,8.711050033569336,28.42444610595703,207.22108459472656,25.404277801513672,11.1965913772583,6.099857330322266,-3.39186692237854,-1.6826192140579224,0.25247904658317566,25.247053146362305,11.100314140319824,6.111629486083984
647,0.7688400149345398,0.5160244703292847,5.290079116821289,20.624544143676758,137.2696533203125,19.115020751953125,7.503066062927246,1.9214112758636475,-0.5423928499221802,-0.8369712829589844,0.001402653637342155,19.160621643066406,7.4770355224609375,1.9267704486846924
648,0.8167980909347534,0.47078749537467957,7.645171165466309,23.406782150268555,136.36395263671875,18.743389129638672,13.308059692382812,4.41115665435791,0.3690579831600189,0.05418688431382179,0.39205706119537354,18.792030334472656,13.345070838928223,4.4059553146362305
649,0.7017911672592163,0.5172588229179382,3.5130155086517334,12.19307804107666,115.61659240722656,10.234847068786621,6.307790756225586,2.0324349403381348,-1.2772188186645508,0.5508227348327637,-0.07256729155778885,10.183168411254883,6.301222801208496,2.036804676055908
650,0.7776544094085693,0.4988393783569336,5.897998332977295,20.125080108642578,134.09983825683594,15.34591007232666,12.43630313873291,3.8549017906188965,0.3236335813999176,-0.4902583360671997,0.11820235848426819,15.385293006896973,12.461297988891602,3.8638370037078857
651,0.8472743630409241,0.48423853516578674,4.932310581207275,17.39090347290039,140.1283416748047,13.248761177062988,10.444051742553711,4.223225116729736,1.5869154930114746,0.10896258801221848,-0.18686731159687042,13.190068244934082,10.472614288330078,4.230857849121094
652,0.8601056337356567,0.5030733346939087,5.855844497680664,22.12270736694336,190.87118530273438,20.612634658813477,6.929627418518066,4.063702583312988,-2.91277813911438,0.154624342918396,0.007020812947303057,20.46271514892578,6.9472270011901855,4.075031757354736
653,0.8790364861488342,0.49259963631629944,4.5862555503845215,15.052192687988281,122.55693817138672,10.160446166992188,10.469318389892578,3.7050280570983887,0.535152792930603,0.00956463348120451,0.18105047941207886,10.17464542388916,10.498517036437988,3.7109241485595703
654,0.8731292486190796,0.49171754717826843,4.08858060836792,12.33480167388916,77.54927825927734,7.724418640136719,9.293180465698242,2.4733591079711914,0.3907053768634796,-0.13616667687892914,0.21073690056800842,7.736049652099609,9.318102836608887,2.4712390899658203
655,0.8737263083457947,0.5302603840827942,4.937184810638428,16.596296310424805,103.57037353515625,13.242919921875,9.392843246459961,3.4404356479644775,0.2130640745162964,1.0446393489837646,-0.41132432222366333,13.278141021728516,9.360610008239746,3.4252870082855225
656,0.9360814094543457,0.48861774802207947,4.061705112457275,14.744547843933105,138.20176696777344,9.973104476928711,10.174887657165527,3.796121835708618,-0.6820476055145264,-1.1716499328613281,0.4084571897983551,9.977507591247559,10.135397911071777,3.7846102714538574
657,0.8175572156906128,0.48008984327316284,2.958164930343628,9.39517593383789,73.53327178955078,5.231015682220459,7.536482334136963,2.026630163192749,0.13957273960113525,0.7287907004356384,-0.10270582884550095,5.243740081787109,7.522085189819336,2.0296719074249268
658,0.9198297262191772,0.4669708013534546,5.50901985168457,16.028358459472656,106.10169982910156,9.058462142944336,12.559661865234375,4.136111736297607,-1.5344206094741821,-2.268932342529297,0.6642748713493347,8.952460289001465,12.38747501373291,4.093808174133301
659,0.8432976603507996,0.4893168807029724,5.296525001525879,19.057170867919922,181.80917358398438,15.960661888122559,9.978652000427246,2.9765114784240723,-0.3813709318637848,0.910852313041687,-0.1268530786037445,16.0006103515625,9.96471118927002,2.982102632522583
660,0.8720609545707703,0.4677969217300415,5.009547233581543,17.015710830688477,178.65440368652344,8.337327003479004,14.344264030456543,3.776970386505127,0.8713868856430054,1.5453007221221924,-0.39288169145584106,8.314793586730957,14.30056381225586,3.7669591903686523
661,0.8421167135238647,0.4999213218688965,4.816245079040527,17.32354164123535,152.87828063964844,13.890423774719238,9.721745491027832,3.556530714035034,0.3871234655380249,-0.889545738697052,0.4949429929256439,13.923757553100586,9.707965850830078,3.5317471027374268
662,0.8445494771003723,0.5198544859886169,7.0972723960876465,27.76584243774414,242.574462890625,19.131486892700195,18.661603927612305,7.528133869171143,1.5690454244613647,2.3886525630950928,-0.9040882587432861,19.120222091674805,18.55972671508789,7.494495391845703
663,0.7899678945541382,0.5000539422035217,6.943356990814209,26.07744789123535,248.7108917236328,18.901552200317383,16.169559478759766,7.830067157745361,-1.2475188970565796,-0.34053125977516174,0.0611424557864666,18.912948608398438,16.2110652923584,7.851668357849121
664,0.834525465965271,0.4972458779811859,4.121732234954834,16.3698673248291,147.36080932617188,13.743817329406738,8.514909744262695,2.5644466876983643,0.22961968183517456,-1.0815951824188232,0.21948140859603882,13.780231475830078,8.46949577331543,2.562163829803467
665,0.7639856338500977,0.5303967595100403,5.675939559936523,20.736967086791992,157.72621154785156,14.551656723022461,14.121122360229492,4.343384742736816,-0.7385737299919128,0.4097197651863098,0.09661147743463516,14.573439598083496,14.154549598693848,4.354422092437744
666,0.8595719337463379,0.5056986212730408,7.075911521911621,24.46293067932129,172.53863525390625,16.91136360168457,17.109251022338867,4.440077781677246,-1.0722699165344238,-1.7017173767089844,0.33779701590538025,16.924413681030273,17.071901321411133,4.439558506011963
667,0.7860094904899597,0.5024590492248535,4.5932393074035645,17.700830459594727,153.7235870361328,9.903063774108887,14.488101959228516,2.3116211891174316,-0.6280574798583984,-1.7851018905639648,0.1728752851486206,9.910696029663086,14.41781234741211,2.311577796936035
668,0.8042154312133789,0.478915274143219,3.8038365840911865,12.286008834838867,86.27157592773438,9.185208320617676,7.601109027862549,2.9666683673858643,0.7988349199295044,-0.9312703013420105,0.35525012016296387,9.175928115844727,7.564887523651123,2.9535374641418457
669,0.8741970658302307,0.48278969526290894,4.7997894287109375,17.371366500854492,121.4971923828125,14.04629898071289,9.000438690185547,4.843337059020996,-2.0945851802825928,0.22817908227443695,0.17643629014492035,13.927992820739746,9.022644996643066,4.853622913360596
670,0.8362866044044495,0.4836430251598358,5.853237152099609,18.881855010986328,149.6685791015625,11.24073600769043,14.610555648803711,4.086801528930664,-0.9986099600791931,0.4981633722782135,-0.12598396837711334,11.227521896362305,14.642790794372559,4.096252918243408
671,0.8601162433624268,0.4643476903438568,3.4575870037078857,9.628546714782715,73.99055480957031,6.416614532470703,6.7102437019348145,2.551196336746216,0.3883264362812042,0.7321557402610779,-0.26592305302619934,6.422718524932861,6.688787460327148,2.544376850128174
672,0.9141852259635925,0.45136526226997375,9.102347373962402,29.26836395263672,221.1327362060547,18.40397071838379,21.332935333251953,7.926967620849609,-1.4039266109466553,-2.080366373062134,0.8992656469345093,18.40152931213379,21.29047966003418,7.897763252258301
673,0.8925397396087646,0.47304338216781616,5.179754257202148,18.001544952392578,155.7782440185547,8.636849403381348,14.807489395141602,5.495336532592773,0.65435791015625,-0.011771690100431442,0.22462192177772522,8.63604736328125,14.848787307739258,5.5060601234436035
674,0.8972721695899963,0.47467565536499023,5.153274059295654,19.050128936767578,175.79922485351562,13.677118301391602,12.226103782653809,5.134806156158447,-1.4683517217636108,-0.4314206540584564,0.09367294609546661,13.636000633239746,12.252573013305664,5.1482720375061035
675,0.8711684346199036,0.4931453764438629,4.22659969329834,16.577299118041992,171.8922119140625,11.333866119384766,11.842267990112305,2.4720520973205566,1.8970967531204224,-0.9140002727508545,0.05015089362859726,11.2051362991333,11.83987808227539,2.4784374237060547
676,0.8414257764816284,0.5088763236999512,6.293575763702393,19.00981330871582,131.2302703857422,13.908790588378906,12.274423599243164,4.154160976409912,-1.2695977687835693,-1.768836498260498,0.21608591079711914,13.889359474182129,12.180185317993164,4.160109043121338
677,0.8767939209938049,0.49235981702804565,2.5085246562957764,8.012092590332031,61.30787658691406,4.441944599151611,6.482368469238281,1.5625827312469482,0.3102531433105469,-0.3234004080295563,0.11154010891914368,4.443456172943115,6.4923553466796875,1.5629441738128662
678,0.8708980083465576,0.48497939109802246,3.157527446746826,10.229262351989746,105.9584732055664,9.266758918762207,3.8734371662139893,1.9394501447677612,0.7270914912223816,-0.18917156755924225,0.11591684818267822,9.263959884643555,3.8796067237854004,1.9413831233978271
679,0.8363960385322571,0.49348583817481995,2.9203104972839355,11.328973770141602,112.57518005371094,9.709200859069824,5.345656394958496,2.345428466796875,0.04124980419874191,-0.027414534240961075,-0.04490302875638008,9.73619556427002,5.360496997833252,2.3515398502349854
680,0.8390541076660156,0.5110870003700256,4.36874532699585,18.782228469848633,224.27175903320312,13.842693328857422,11.19251537322998,5.989957332611084,1.6093472242355347,-0.48109620809555054,0.43138107657432556,13.787175178527832,11.213362693786621,5.991068363189697
681,0.836587131023407,0.5190483927726746,3.8038768768310547,14.738611221313477,133.99794006347656,12.217429161071777,7.902924537658691,2.3462536334991455,-0.21389447152614594,-0.31353214383125305,-0.056369177997112274,12.249629974365234,7.918729305267334,2.3521194458007812
682,0.7998513579368591,0.49891766905784607,4.6475749015808105,18.254743576049805,169.21302795410156,5.045381546020508,16.84641456604004,4.8967413902282715,1.2367753982543945,1.304185152053833,-0.29054883122444153,4.905092239379883,16.84270477294922,4.901749134063721
683,0.8323941230773926,0.5106562972068787,4.608941078186035,18.420671463012695,147.3126220703125,7.1130805015563965,16.287656784057617,4.841217517852783,0.23249147832393646,-1.2704602479934692,0.3791775405406952,7.129110813140869,16.283327102661133,4.839808464050293
684,0.8408092260360718,0.5025438666343689,6.0374064445495605,21.404361724853516,185.00411987304688,12.03817367553711,16.721572875976562,5.798112392425537,-0.654960572719574,-1.752322793006897,-0.16959640383720398,12.053873062133789,16.675888061523438,5.811797142028809
685,0.7991982698440552,0.5023471713066101,4.358942985534668,14.803654670715332,106.98897552490234,7.224059581756592,12.371256828308105,3.7300360202789307,-0.011308754794299603,-0.4298107624053955,0.1605067253112793,7.244202136993408,12.398273468017578,3.736975908279419
686,0.8252962827682495,0.4968182444572449,4.502570152282715,14.706340789794922,101.18231964111328,9.05587100982666,11.27200984954834,2.685041666030884,-0.39447659254074097,-1.0710066556930542,0.18144698441028595,9.072511672973633,11.252313613891602,2.6863763332366943
687,0.8402252197265625,0.5095655918121338,3.1972453594207764,12.371563911437988,114.74330139160156,8.76679515838623,8.506348609924316,1.9598296880722046,-0.26168230175971985,0.3930867612361908,0.030078761279582977,8.787331581115723,8.520963668823242,1.9650650024414062
688,0.8367131948471069,0.4992077946662903,3.9892749786376953,11.319801330566406,66.46713256835938,5.1126708984375,9.215678215026855,4.131558895111084,0.7371997833251953,0.10177765041589737,-0.18702109158039093,5.073355674743652,9.24082088470459,4.13883638381958
689,0.8473638296127319,0.5059260129928589,3.4006094932556152,13.803460121154785,119.0405044555664,6.5994367599487305,11.021446228027344,5.050811290740967,0.4538651406764984,-0.3795212209224701,0.029255099594593048,6.602176666259766,11.045634269714355,5.064815044403076
690,0.8797013163566589,0.49577605724334717,2.0178091526031494,4.3177289962768555,29.767375946044922,2.07940936088562,3.5811877250671387,1.2222667932510376,0.6448274850845337,0.2142893522977829,-0.14318035542964935,1.9824161529541016,3.5847420692443848,1.2172374725341797
691,0.7586342692375183,0.5200481414794922,2.706695318222046,8.09615421295166,52.373653411865234,6.23349666595459,4.934525966644287,1.5302584171295166,-0.49005264043807983,-0.6523571014404297,0.23166224360466003,6.231537342071533,4.904857158660889,1.5168406963348389
692,0.8560820817947388,0.5127246379852295,3.473562479019165,15.407934188842773,152.38136291503906,6.532848834991455,13.20089340209961,4.523573875427246,0.31590819358825684,-1.7039096355438232,0.4297637939453125,6.543406963348389,13.126980781555176,4.5156731605529785
693,0.8362267017364502,0.511627733707428,3.946462869644165,17.48819923400879,147.41683959960938,8.558951377868652,14.535372734069824,4.615667819976807,0.5999199151992798,0.11605209857225418,0.2716442346572876,8.561715126037598,14.575455665588379,4.620520114898682
694,0.8531955480575562,0.5112871527671814,4.550458908081055,15.541133880615234,117.18268585205078,4.911186695098877,13.99904727935791,4.629661560058594,0.18534818291664124,-0.33015117049217224,-0.3741873502731323,4.921377182006836,14.034192085266113,4.627387046813965
695,0.8757494688034058,0.5040354132652283,4.000885963439941,18.1678524017334,187.17147827148438,14.36877155303955,10.504433631896973,3.6422643661499023,0.8288447260856628,-0.7815810441970825,0.37929755449295044,14.384860038757324,10.504536628723145,3.63256573677063
696,0.7830101251602173,0.5091753602027893,5.604842662811279,22.57365608215332,186.88426208496094,14.815095901489258,16.535581588745117,4.081358909606934,-0.6438750624656677,-0.8510189056396484,-0.02030242420732975,14.842382431030273,16.559728622436523,4.0926923751831055
697,0.7628335952758789,0.515651285648346,2.857701063156128,12.510268211364746,115.16304779052734,2.6394670009613037,11.617026329040527,3.818995475769043,0.44727274775505066,-1.467391014099121,0.36188846826553345,2.608550548553467,11.556121826171875,3.812415361404419
698,0.718687891960144,0.5393688678741455,3.508039712905884,15.213072776794434,146.2110595703125,5.988275051116943,13.118705749511719,4.84537935256958,0.7664693593978882,0.834608793258667,0.019673462957143784,5.955586910247803,13.128649711608887,4.858855247497559
699,0.7756232619285583,0.5454692840576172,3.134730815887451,14.825875282287598,137.42994689941406,9.425471305847168,11.342806816101074,1.519148826599121,-0.7679573893547058,0.7043491005897522,0.1159214898943901,9.420337677001953,11.352495193481445,1.5189447402954102
700,0.7822496891021729,0.5114037990570068,5.696366310119629,21.319549560546875,156.8802490234375,11.988825798034668,16.81854248046875,5.284688472747803,0.6700430512428284,-3.179577350616455,0.8731722831726074,12.0034761428833,16.561323165893555,5.22659158706665
701,0.8055062890052795,0.5255651473999023,2.498211145401001,10.90006160736084,125.74635314941406,6.999292850494385,7.872763156890869,2.800147771835327,1.147827386856079,0.40854910016059875,-0.2877751886844635,6.923793315887451,7.884086608886719,2.793090581893921
702,0.8479348421096802,0.5189822912216187,3.754051923751831,15.673242568969727,169.313720703125,5.93570613861084,14.300859451293945,2.4296886920928955,0.5074410438537598,-1.6757009029388428,0.01072816364467144,5.930471420288086,14.241959571838379,2.4364423751831055
703,0.8214064836502075,0.5251904129981995,1.8000872135162354,9.116279602050781,112.08628845214844,8.380864143371582,3.452341079711914,0.9741727709770203,0.7285305857658386,-0.06595644354820251,0.028620047494769096,8.372428894042969,3.461338996887207,0.9764684438705444
704,0.7763532996177673,0.5441405773162842,2.9902291297912598,14.125449180603027,150.22335815429688,10.26904582977295,9.219149589538574,3.0136899948120117,-0.46616220474243164,-1.2005537748336792,0.2908051908016205,10.287073135375977,9.166141510009766,3.007993459701538
705,0.7713575959205627,0.5454984307289124,3.3681294918060303,14.687324523925781,142.09864807128906,9.473153114318848,10.895476341247559,2.69545578956604,0.4677565395832062,0.5890313386917114,0.29255133867263794,9.487990379333496,10.909890174865723,2.687006950378418
706,0.7632831931114197,0.5187616944313049,3.623077154159546,15.953330993652344,143.07899475097656,11.367435455322266,10.232573509216309,4.537026405334473,0.19806399941444397,-0.9888888001441956,0.7477009296417236,11.397414207458496,10.213085174560547,4.48747444152832
707,0.7600547075271606,0.5365105271339417,1.495200753211975,7.584214210510254,99.16971588134766,7.329323768615723,1.7956857681274414,0.7594829797744751,-0.4454110562801361,-0.1593407839536667,0.05371774733066559,7.336183547973633,1.7935913801193237,0.7596940994262695
708,0.7972820401191711,0.5223814249038696,2.515300750732422,10.534486770629883,94.63832092285156,3.5209500789642334,9.824079513549805,1.437281847000122,0.29473018646240234,0.10543215274810791,-0.06691499799489975,3.5183796882629395,9.850915908813477,1.4397281408309937
709,0.6946996450424194,0.5600140690803528,1.7640248537063599,7.908169269561768,93.58267211914062,7.036198616027832,3.0413918495178223,1.9444706439971924,0.5710079073905945,-0.009136009030044079,-0.01535559818148613,7.032553672790527,3.0498616695404053,1.9498335123062134
710,0.831335723400116,0.542557418346405,3.5640928745269775,18.266538619995117,203.05760192871094,5.472967624664307,16.892845153808594,4.283090591430664,-0.2882000803947449,-1.453316569328308,0.38077011704444885,5.480619430541992,16.877159118652344,4.278031826019287
711,0.7337034344673157,0.5322160124778748,2.1188395023345947,11.460705757141113,136.42135620117188,10.36214828491211,4.442821502685547,2.0579068660736084,-0.8825893402099609,0.30330339074134827,0.18051624298095703,10.353292465209961,4.444820404052734,2.055692434310913
712,0.6754398941993713,0.5545678734779358,3.3092775344848633,14.098467826843262,133.7478485107422,9.166643142700195,10.426942825317383,2.453220844268799,-0.008410644717514515,0.8341017961502075,-0.1772514134645462,9.192209243774414,10.422518730163574,2.453634262084961
713,0.7345824241638184,0.5541036128997803,2.9156458377838135,13.002190589904785,104.8934555053711,5.07650899887085,11.607768058776855,2.923306703567505,-0.46256768703460693,-0.2985607087612152,0.10413362085819244,5.069492340087891,11.636296272277832,2.929600715637207
714,0.669807493686676,0.5480065941810608,1.1178737878799438,5.161965847015381,66.62615203857422,1.013979434967041,4.888491153717041,1.3116402626037598,-0.08038578927516937,-0.41453492641448975,0.07626786082983017,1.0136075019836426,4.884470462799072,1.3130736351013184
715,0.671132504940033,0.5859137773513794,0.8703566193580627,1.9344440698623657,15.131453514099121,1.1296595335006714,1.4463212490081787,0.6116352081298828,-0.18143492937088013,-0.2028895914554596,-0.0022818446159362793,1.1181044578552246,1.4360145330429077,0.6133370399475098
716,0.7125053405761719,0.5660330653190613,1.779546856880188,9.843282699584961,120.05252075195312,2.032397508621216,8.969426155090332,3.5084149837493896,-0.18622197210788727,0.8833814859390259,-0.31725460290908813,2.0294933319091797,8.950716018676758,3.5037877559661865
717,0.7028985619544983,0.5344926714897156,2.5355145931243896,12.853297233581543,151.28875732421875,11.727421760559082,4.599198341369629,2.5538620948791504,1.1388648748397827,-0.15018130838871002,-0.08175192773342133,11.704549789428711,4.609567642211914,2.5596730709075928
718,0.6935132741928101,0.551446259021759,2.2240147590637207,11.28807258605957,133.69268798828125,3.2415380477905273,10.157505989074707,3.7064931392669678,-0.21610978245735168,-0.288129985332489,0.10317957401275635,3.2433478832244873,10.181740760803223,3.715390920639038
719,0.7160926461219788,0.5396305322647095,3.2238285541534424,14.28725814819336,111.77284240722656,9.08591079711914,10.362829208374023,3.7661314010620117,-0.2570127248764038,1.0187636613845825,-0.15083712339401245,9.107609748840332,10.34139633178711,3.773606300354004
720,0.7235665917396545,0.5547881722450256,2.8558716773986816,17.691282272338867,164.5509796142578,11.31954574584961,13.044188499450684,3.8338546752929688,0.4444776475429535,1.1093815565109253,-0.16241708397865295,11.342368125915527,13.03317928314209,3.841097116470337
721,0.7093204855918884,0.5503504276275635,4.019279479980469,18.399538040161133,161.7119140625,12.092732429504395,13.277840614318848,4.000977993011475,-1.4994057416915894,-0.7868338823318481,-0.060831114649772644,12.032885551452637,13.291479110717773,4.011673927307129
722,0.6481646299362183,0.5607345700263977,2.161858081817627,9.761336326599121,97.81330871582031,4.250988960266113,8.566608428955078,1.9560163021087646,0.2887871563434601,-1.0457191467285156,0.22039096057415009,4.2529988288879395,8.526260375976562,1.9489820003509521
723,0.6977485418319702,0.5515463948249817,2.3220248222351074,13.154990196228027,164.4001007080078,12.152472496032715,4.46974515914917,2.32218074798584,0.5091137290000916,0.5379325151443481,-0.31139013171195984,12.17567253112793,4.449634552001953,2.3076272010803223
724,0.6544004082679749,0.5732137560844421,4.066795825958252,16.875530242919922,129.9879913330078,11.975539207458496,10.869256973266602,4.81967306137085,-0.05453118309378624,0.5759005546569824,-0.30893391370773315,12.008820533752441,10.884264945983887,4.823177814483643
725,0.6645048260688782,0.5599046349525452,1.5290088653564453,6.4855451583862305,67.28185272216797,3.8378305435180664,4.840320587158203,1.9760174751281738,0.1350579857826233,0.5156393647193909,-0.2593865990638733,3.8461520671844482,4.826201915740967,1.9643831253051758
726,0.6253581047058105,0.563640832901001,2.2778549194335938,9.797429084777832,112.68341064453125,3.0549533367156982,9.24091911315918,1.1235175132751465,0.17986217141151428,1.0700656175613403,-0.01466862391680479,3.0581610202789307,9.204358100891113,1.126555323600769
727,0.6992805004119873,0.5628340244293213,3.1320929527282715,16.816787719726562,200.44424438476562,4.090149402618408,15.718826293945312,4.358151435852051,-0.6460868716239929,-2.0237207412719727,0.436422199010849,4.0500640869140625,15.631492614746094,4.348340034484863
728,0.7200706601142883,0.5441207885742188,3.1791281700134277,14.965055465698242,140.37049865722656,11.586366653442383,8.974800109863281,3.0268728733062744,-0.29161974787712097,-1.111241340637207,0.006819762755185366,11.615005493164062,8.930581092834473,3.0353081226348877
729,0.6862781643867493,0.5854405760765076,1.709719181060791,7.518432140350342,72.05475616455078,6.399011611938477,3.8091788291931152,1.0342351198196411,0.3726465106010437,0.32484757900238037,-0.006415608339011669,6.405970573425293,3.8058888912200928,1.0370999574661255
730,0.6757622361183167,0.5784102082252502,2.046820640563965,11.09734058380127,110.26632690429688,2.864315986633301,10.537416458129883,1.9772522449493408,0.07710271328687668,-1.1857270002365112,0.09006179124116898,2.871264696121216,10.499698638916016,1.9807096719741821
731,0.6634379029273987,0.5549048185348511,2.1240038871765137,10.955724716186523,137.78524780273438,2.8387255668640137,10.249101638793945,2.631629467010498,0.2081257700920105,-0.4485471248626709,-0.03634319826960564,2.8389828205108643,10.267843246459961,2.638718605041504
732,0.602806806564331,0.5623569488525391,1.7408369779586792,6.638638973236084,53.8997917175293,3.847147226333618,3.2709476947784424,4.309510707855225,0.11292748898267746,0.040695033967494965,0.4537988007068634,3.8562164306640625,3.279817581176758,4.297505855560303
733,0.7209517955780029,0.5678582787513733,2.3973827362060547,9.54196548461914,96.60295867919922,5.589510917663574,7.47135066986084,1.9963442087173462,0.0996265858411789,-0.33451658487319946,-0.0017419285140931606,5.604212284088135,7.484678268432617,2.0019121170043945
734,0.6187877058982849,0.5665529370307922,2.178903818130493,11.188227653503418,110.42363739013672,2.384669542312622,10.774715423583984,1.842633843421936,0.016670934855937958,-0.3796461522579193,0.03889381140470505,2.391263008117676,10.798060417175293,1.8473619222640991
735,0.6682011485099792,0.5594261884689331,3.886282205581665,16.54085922241211,139.80743408203125,5.655584335327148,14.149389266967773,6.43499755859375,-0.012879605405032635,-0.6010852456092834,-0.09480009227991104,5.671345233917236,14.176048278808594,6.45224666595459
736,0.6384276747703552,0.5520259141921997,2.2282376289367676,11.535110473632812,109.36922454833984,3.3892478942871094,10.269495010375977,4.013633728027344,0.13567271828651428,-0.04510993883013725,-0.25884535908699036,3.39597749710083,10.298040390014648,4.01645040512085
737,0.6628299355506897,0.5690034627914429,3.4163317680358887,17.012834548950195,159.91551208496094,8.89065170288086,14.166097640991211,3.116819143295288,0.7435004711151123,0.27450743317604065,-0.02218686230480671,8.884221076965332,14.202945709228516,3.125433921813965
738,0.6480727195739746,0.5479028820991516,2.370671033859253,10.728668212890625,107.13150024414062,4.751710414886475,8.755467414855957,3.983386993408203,0.44816386699676514,-0.27723926305770874,0.007219728082418442,4.7437238693237305,8.775486946105957,3.9944915771484375
739,0.6927424073219299,0.5455483198165894,1.9068101644515991,8.735886573791504,82.17217254638672,4.8547444343566895,6.949665069580078,2.109341859817505,-0.14720721542835236,-0.07118315994739532,0.09530067443847656,4.866047382354736,6.968685626983643,2.113065719604492
740,0.7031242251396179,0.5528889894485474,1.704324722290039,6.69593620300293,72.71018981933594,3.0411643981933594,5.797762393951416,1.4045766592025757,-0.23395481705665588,-0.7797597646713257,0.07485763728618622,3.0406100749969482,5.761112213134766,1.4064929485321045
741,0.742813766002655,0.549608051776886,4.4551239013671875,19.729454040527344,135.7523956298828,7.385480880737305,17.071701049804688,6.577467441558838,0.17089307308197021,-1.357801079750061,0.6158133149147034,7.404098987579346,17.065086364746094,6.566843032836914
742,0.7028253674507141,0.5487854480743408,2.9662747383117676,13.933582305908203,112.34416198730469,2.820755958557129,12.63500690460205,5.1521477699279785,-0.3732690215110779,-0.628315269947052,0.37650495767593384,2.803748607635498,12.654576301574707,5.15270471572876
743,0.748784601688385,0.5574544072151184,3.0266778469085693,13.070137023925781,117.68365478515625,9.402847290039062,7.8852009773254395,4.4987287521362305,-0.8930823802947998,0.8542410135269165,-0.5470103025436401,9.386446952819824,7.860658168792725,4.477804660797119
744,0.7181898355484009,0.5530309081077576,1.6788734197616577,5.495266914367676,46.70652770996094,3.472491979598999,4.072659492492676,1.246273398399353,-0.033242207020521164,-0.4405774176120758,0.0782989114522934,3.4820187091827393,4.060052394866943,1.2472808361053467
745,0.6982082724571228,0.563211977481842,3.3499596118927,14.564547538757324,157.58689880371094,5.960590362548828,12.662749290466309,4.031402111053467,0.23156821727752686,-0.46258440613746643,0.2792143225669861,5.97270393371582,12.689595222473145,4.032939910888672
746,0.6681360602378845,0.5724741816520691,4.152573585510254,17.192138671875,125.26854705810547,9.205772399902344,13.389632225036621,5.616147041320801,-1.218720555305481,-1.3797945976257324,0.25558823347091675,9.15019702911377,13.355499267578125,5.625977516174316
747,0.687279999256134,0.5607966184616089,4.062573432922363,17.439579010009766,123.33529663085938,8.269148826599121,14.62898063659668,4.6640191078186035,-1.2281080484390259,-1.6815053224563599,0.510337233543396,8.2002534866333,14.572556495666504,4.648946285247803
748,0.6995972990989685,0.562554121017456,1.1420342922210693,3.5715243816375732,38.883941650390625,3.0891194343566895,1.6249414682388306,0.7567651867866516,-0.213702991604805,-0.1120968759059906,-0.010336966253817081,3.0903143882751465,1.6255922317504883,0.7588053345680237
749,0.732005774974823,0.5544467568397522,2.1865289211273193,12.146841049194336,140.09255981445312,8.930800437927246,7.925241470336914,2.230943441390991,-0.4853973388671875,-0.8593337535858154,0.1952524185180664,8.942475318908691,7.900491237640381,2.2285821437835693
750,0.675080418586731,0.5605739951133728,2.2121481895446777,8.823164939880371,71.33560943603516,2.6694400310516357,7.778437614440918,3.1965973377227783,0.11041980236768723,0.17998512089252472,-0.16504435241222382,2.6745948791503906,7.798047065734863,3.2012386322021484
751,0.7281121611595154,0.5468845963478088,1.6261183023452759,6.900266170501709,80.20584869384766,2.529106378555298,5.987485408782959,2.3167459964752197,0.09848185628652573,0.3447945713996887,0.017468886449933052,2.5342376232147217,5.994223117828369,2.3231422901153564
752,0.7390324473381042,0.5391818284988403,1.9140779972076416,6.5213518142700195,57.818904876708984,4.814762592315674,4.168591022491455,1.403188705444336,0.3947170674800873,-0.2300611287355423,-0.24632370471954346,4.811941146850586,4.1738481521606445,1.3852523565292358
753,0.6267238855361938,0.5462483763694763,2.2822000980377197,9.148005485534668,88.05618286132812,7.367249488830566,5.091236591339111,1.8678725957870483,0.7070613503456116,0.4267370402812958,-0.08304238319396973,7.353696346282959,5.087472915649414,1.8712308406829834
754,0.7177637219429016,0.5398043394088745,2.191826820373535,9.163552284240723,103.42890167236328,2.505801200866699,8.428169250488281,2.5802297592163086,0.2074078917503357,-0.6146817803382874,0.12969937920570374,2.5041682720184326,8.42917251586914,2.5841562747955322
755,0.7181275486946106,0.5503257513046265,3.566133975982666,17.085983276367188,194.2558135986328,15.651721000671387,5.033598899841309,4.649441719055176,0.03224968537688255,-0.30593952536582947,0.35912221670150757,15.69534683227539,5.0383076667785645,4.648482322692871
756,0.6623364686965942,0.5659147500991821,2.3024933338165283,9.126368522644043,71.83452606201172,7.900327205657959,4.221734046936035,1.7471100091934204,-1.024411678314209,-0.5333018898963928,0.11388944089412689,7.855480194091797,4.199596405029297,1.7482569217681885
757,0.7574684023857117,0.5386841893196106,2.542015314102173,11.701491355895996,112.22089385986328,10.736639022827148,4.128154754638672,2.1465818881988525,1.555806040763855,-0.04346615448594093,-0.1805478185415268,10.652950286865234,4.139440059661865,2.144942045211792
758,0.7366300225257874,0.5258732438087463,1.969907283782959,9.724312782287598,116.06055450439453,7.214838027954102,5.410080432891846,3.638596534729004,0.28724369406700134,-0.4500557482242584,0.06001313775777817,7.229227066040039,5.40636682510376,3.648249626159668
759,0.7406454086303711,0.5623968243598938,1.7415653467178345,5.372361660003662,55.403953552246094,3.708836555480957,2.873978614807129,2.6166863441467285,-0.311730295419693,0.3127618134021759,-0.3498326241970062,3.706021785736084,2.8648786544799805,2.6004292964935303
760,0.7186127305030823,0.5569053292274475,2.4877636432647705,9.970582008361816,77.6959228515625,7.165731430053711,6.318551540374756,2.85319447517395,0.45003363490104675,-0.38619789481163025,0.1409587860107422,7.171534538269043,6.324329853057861,2.8576595783233643
761,0.7451037168502808,0.5575992465019226,2.3759546279907227,8.555526733398438,85.26872253417969,5.553853988647461,5.149618625640869,3.9790914058685303,0.5185935497283936,0.40066438913345337,-0.4579038918018341,5.545013427734375,5.148329257965088,3.963681936264038
762,0.7139202952384949,0.5633512139320374,3.9690325260162354,16.526647567749023,136.4518280029297,6.914186000823975,14.512450218200684,3.8357350826263428,0.03515934571623802,-2.4658823013305664,0.5878608226776123,6.933382987976074,14.341312408447266,3.800992488861084
763,0.7445834279060364,0.5342559218406677,1.6410349607467651,7.191805362701416,62.614601135253906,3.6584997177124023,6.0336384773254395,1.390194296836853,-0.28079622983932495,0.04297303780913353,-0.02542731538414955,3.6578831672668457,6.0503153800964355,1.3938390016555786
764,0.8086376786231995,0.5258876085281372,2.369082450866699,10.112048149108887,89.4564437866211,6.401737213134766,7.449645519256592,2.4029276371002197,-0.22554250061511993,-0.9114307165145874,0.329414039850235,6.415607929229736,7.414304733276367,2.38688063621521
765,0.758909285068512,0.5391058921813965,1.2980138063430786,5.136199951171875,62.279170989990234,3.0700371265411377,4.026339054107666,0.8625642657279968,-0.22962841391563416,-0.3308270573616028,0.07775582373142242,3.069976806640625,4.0239176750183105,0.8614486455917358
766,0.7883503437042236,0.5369033813476562,2.5132546424865723,12.440573692321777,135.10682678222656,5.149834156036377,11.033014297485352,2.5533642768859863,0.112067811191082,-0.03109985776245594,-0.24936379492282867,5.162976264953613,11.063745498657227,2.5482468605041504
767,0.7450724244117737,0.5346825122833252,1.4323251247406006,5.472630977630615,57.87644577026367,4.376295566558838,2.9786276817321777,1.387627124786377,0.02932807058095932,0.02636788785457611,0.06141865625977516,4.388404369354248,2.98681902885437,1.3901339769363403
768,0.7288050651550293,0.5440404415130615,3.1434638500213623,17.150903701782227,159.22808837890625,11.030854225158691,12.64444637298584,3.548480749130249,0.8848071694374084,-1.1310443878173828,0.29445770382881165,11.025982856750488,12.628888130187988,3.5461061000823975
769,0.7742344737052917,0.5474143624305725,5.0377678871154785,21.177085876464844,152.92868041992188,13.364253044128418,15.765501022338867,4.616779804229736,1.0142663717269897,0.7644167542457581,-0.567667543888092,13.36288070678711,15.79088306427002,4.594527721405029
770,0.794775664806366,0.5458133220672607,1.8549350500106812,8.041440963745117,82.22118377685547,4.581899166107178,5.375246524810791,3.8441779613494873,-0.10259664803743362,-0.37612178921699524,-0.10219543427228928,4.593527793884277,5.377028465270996,3.8535380363464355
771,0.7405850291252136,0.5394520163536072,2.219557523727417,16.969392776489258,225.2135772705078,15.092999458312988,6.510997772216797,4.215273857116699,1.2771024703979492,-0.5076171159744263,0.3485207259654999,15.080821990966797,6.509285926818848,4.212559223175049
772,0.6727879047393799,0.5539039373397827,2.122971534729004,10.748044967651367,111.23314666748047,8.892046928405762,5.587515830993652,2.2872824668884277,0.8126786947250366,-0.5786794424057007,0.16198492050170898,8.879530906677246,5.572971343994141,2.287903308868408
773,0.7493294477462769,0.5189142227172852,2.3849101066589355,13.804021835327148,174.58897399902344,12.89810562133789,4.776009559631348,1.1745672225952148,1.215199589729309,0.5078479051589966,-0.0917670726776123,12.87654972076416,4.762179374694824,1.1742432117462158
774,0.6963329911231995,0.5346623659133911,3.3732335567474365,13.95666790008545,99.83263397216797,7.804388046264648,10.879749298095703,3.9384255409240723,0.1706181913614273,0.17189252376556396,0.03950520604848862,7.824286937713623,10.908735275268555,3.9492130279541016
775,0.7506393790245056,0.5463026762008667,2.1880908012390137,10.000411033630371,109.85352325439453,9.142486572265625,2.7961223125457764,2.933405637741089,0.6088456511497498,-0.06919658929109573,0.19293242692947388,9.147635459899902,2.803063154220581,2.9352190494537354
776,0.7546293139457703,0.5562252998352051,2.3584976196289062,10.006810188293457,89.8282470703125,5.637056350708008,7.7855095863342285,2.78310489654541,0.23373456299304962,-0.5235214233398438,0.22993186116218567,5.647918701171875,7.789556503295898,2.78132700920105
777,0.8170365691184998,0.5351394414901733,1.608809471130371,5.502559185028076,60.71759033203125,5.149724960327148,1.564829707145691,1.1444623470306396,-0.5666496753692627,0.07953722029924393,0.10591021925210953,5.132732391357422,1.5671663284301758,1.1427299976348877
778,0.6150873303413391,0.5047696828842163,1.0703320503234863,5.205211639404297,67.43794250488281,2.5245401859283447,4.4586100578308105,0.9174546003341675,-0.19680631160736084,0.2669861614704132,-0.07278525829315186,2.5238773822784424,4.463023662567139,0.9171139001846313
779,0.8155543208122253,0.5371997356414795,2.6212246417999268,14.279951095581055,178.2396697998047,12.407790184020996,6.3469929695129395,3.111178398132324,0.725743293762207,-0.2542438507080078,0.2780212163925171,12.421097755432129,6.359588623046875,3.107374906539917
780,0.7778273820877075,0.5353096127510071,2.7867696285247803,17.894145965576172,195.51028442382812,15.34744930267334,8.795379638671875,2.7013955116271973,-1.4569621086120605,-0.11373486369848251,-0.14060035347938538,15.320754051208496,8.819175720214844,2.705259323120117
781,0.719606876373291,0.5395591855049133,2.7564537525177,14.530149459838867,139.9858856201172,5.923698425292969,12.737060546875,3.715148448944092,0.5581138730049133,0.654643714427948,0.11712394654750824,5.913797855377197,12.755707740783691,3.7236595153808594
782,0.7086839079856873,0.5508845448493958,1.4344608783721924,5.559313774108887,60.87921142578125,1.4425160884857178,5.181643009185791,1.405595302581787,-0.0173757616430521,0.2623575031757355,-0.16367872059345245,1.446434736251831,5.189431667327881,1.399927020072937
783,0.6736240386962891,0.5597776770591736,2.394000291824341,10.898212432861328,90.83170318603516,3.3081350326538086,9.50599193572998,4.178923606872559,0.09280567616224289,0.5076360702514648,-0.1665794402360916,3.3160574436187744,9.518905639648438,4.187249660491943
784,0.7184956073760986,0.5662031173706055,1.3297607898712158,6.615527153015137,85.982177734375,5.573856830596924,3.5063464641571045,0.6347028017044067,0.5617112517356873,0.32332244515419006,-0.08524196594953537,5.56095027923584,3.5011465549468994,0.6307070851325989
785,0.7446534037590027,0.5412375926971436,2.3412492275238037,9.876955032348633,81.15814208984375,8.148603439331055,4.9323248863220215,2.6127898693084717,-0.08116510510444641,-0.328071266412735,0.12085472047328949,8.170928001403809,4.935129642486572,2.6172733306884766
786,0.7389649152755737,0.5394482612609863,2.853909730911255,14.838011741638184,174.6095428466797,13.439043045043945,5.967431545257568,1.9870721101760864,-0.3808949589729309,0.20743726193904877,-0.1911524534225464,13.471115112304688,5.9804606437683105,1.9833735227584839
787,0.7059403657913208,0.5570541024208069,2.7001805305480957,11.638324737548828,107.98819732666016,5.334627628326416,9.990363121032715,2.6804821491241455,0.7652840614318848,-0.5870079398155212,-0.03874443098902702,5.29417610168457,10.000922203063965,2.687678337097168
788,0.6805205345153809,0.5639598965644836,2.489137887954712,14.4088773727417,145.34219360351562,8.418733596801758,11.42280387878418,2.502039909362793,0.5013784766197205,1.023093581199646,-0.1809656023979187,8.427231788635254,11.408628463745117,2.5024478435516357
789,0.7110003232955933,0.5511322617530823,2.543266773223877,11.223112106323242,100.01332092285156,6.999033451080322,8.391663551330566,2.559638738632202,0.3605687618255615,0.4356038570404053,-0.2880559265613556,7.009236812591553,8.403725624084473,2.5504729747772217
790,0.7113999128341675,0.5389188528060913,1.9340786933898926,10.039487838745117,123.06369018554688,3.8599345684051514,9.140976905822754,1.5279932022094727,0.306447297334671,-0.599357545375824,0.050082553178071976,3.8584835529327393,9.146748542785645,1.5314321517944336
791,0.6998199820518494,0.538019597530365,2.780449151992798,12.857625007629395,109.51318359375,12.255291938781738,3.318824291229248,2.027749538421631,-0.18106314539909363,-0.18645697832107544,0.09717052429914474,12.288134574890137,3.3228249549865723,2.031069755554199
792,0.6247983574867249,0.5725528597831726,2.20863676071167,14.020974159240723,144.94985961914062,2.6694929599761963,13.341919898986816,3.3844728469848633,0.12734666466712952,0.24681104719638824,0.18403463065624237,2.673891544342041,13.376847267150879,3.38889217376709
793,0.7187028527259827,0.562242329120636,3.743007183074951,23.693334579467773,289.003173828125,23.03272819519043,4.716842174530029,2.9357941150665283,-0.4912956655025482,0.027340572327375412,-0.22460052371025085,23.091720581054688,4.729919910430908,2.9353549480438232
794,0.7163872718811035,0.5397902727127075,2.4017741680145264,17.6951904296875,233.0036163330078,16.567975997924805,5.615200519561768,2.6629912853240967,1.0406804084777832,-0.218333438038826,0.1741478592157364,16.581384658813477,5.626605033874512,2.664703607559204
795,0.7091836929321289,0.5490677952766418,2.248265027999878,12.063175201416016,121.86446380615234,2.9929118156433105,11.283287048339844,3.0413968563079834,-0.060402803122997284,0.0565091036260128,-0.181834414601326,3.0006487369537354,11.314619064331055,3.0444247722625732
796,0.7134140729904175,0.5591539740562439,2.276085138320923,11.835105895996094,117.96977233886719,6.523807525634766,9.279791831970215,3.3756704330444336,-0.7083793878555298,0.3652898669242859,0.049676842987537384,6.503324031829834,9.298463821411133,3.3847198486328125
797,0.6542937755584717,0.5608806014060974,2.836623430252075,13.733261108398438,128.4806365966797,7.530253887176514,11.10645866394043,2.923067808151245,0.9665462970733643,-0.6527774333953857,0.17338158190250397,7.488796710968018,11.118185997009277,2.926060199737549
798,0.7283932566642761,0.5196165442466736,4.414862632751465,23.62566566467285,259.2283935546875,19.497175216674805,12.311279296875,5.144378662109375,1.3303556442260742,-0.7618836760520935,0.3345653712749481,19.505992889404297,12.3219575881958,5.147807598114014
799,0.6943044066429138,0.5290676951408386,2.1172373294830322,11.50097942352295,133.9001922607422,1.8468232154846191,10.422327995300293,4.498537063598633,0.22111403942108154,-1.2444740533828735,0.530610203742981,1.838653326034546,10.376626968383789,4.479595184326172
800,0.6691232919692993,0.5583553314208984,2.140151262283325,11.158824920654297,128.5632781982422,9.152182579040527,5.940684795379639,2.3377761840820312,-0.03745824098587036,0.49556005001068115,-0.19154468178749084,9.177634239196777,5.936492443084717,2.3364150524139404
801,0.6544755101203918,0.5479575991630554,1.1329834461212158,4.467016696929932,55.88712692260742,4.32554292678833,0.7797985672950745,0.7973896861076355,-0.0015403642319142818,0.049904078245162964,-0.053725894540548325,4.337608337402344,0.7803707718849182,0.797796905040741
802,0.6983864307403564,0.5914545655250549,4.276485443115234,23.64716911315918,256.7013244628906,20.489601135253906,10.966630935668945,4.370105743408203,2.135956287384033,0.24532034993171692,0.006435929331928492,20.4348087310791,10.99446964263916,4.382290840148926
803,0.6750380396842957,0.5512152314186096,3.7809605598449707,15.220986366271973,120.07650756835938,10.513635635375977,9.967260360717773,4.668580055236816,1.0035825967788696,-0.8044318556785583,0.43955859541893005,10.494819641113281,9.962457656860352,4.660806179046631
804,0.6420727372169495,0.5600088834762573,1.8095195293426514,7.284168243408203,67.27694702148438,5.420949459075928,4.256973743438721,2.355968952178955,0.38529497385025024,-0.4192917048931122,0.12226226925849915,5.422322750091553,4.248090744018555,2.3593573570251465
805,0.6941646933555603,0.5519705414772034,1.313251256942749,5.3397088050842285,51.2283935546875,3.753389358520508,3.6679954528808594,0.985072135925293,0.019719114527106285,0.17702674865722656,-0.10200256109237671,3.7638072967529297,3.673940658569336,0.9825097918510437
806,0.6525973081588745,0.5430771112442017,1.7133257389068604,7.77357816696167,82.1667251586914,4.364214897155762,6.350152015686035,1.028454303741455,0.13525059819221497,0.44616445899009705,-0.19831928610801697,4.374286651611328,6.352128028869629,1.0119669437408447
807,0.7363371849060059,0.5455715656280518,1.2377628087997437,3.5885441303253174,35.972129821777344,2.114504814147949,2.6958680152893066,1.0671520233154297,-0.10962631553411484,-0.08977299928665161,-0.027771614491939545,2.11755108833313,2.7018887996673584,1.0697662830352783
808,0.7163048982620239,0.5696467757225037,1.636671543121338,10.311895370483398,135.68887329101562,8.371085166931152,5.925299644470215,1.0728117227554321,0.7058404684066772,0.5421718955039978,-0.17534133791923523,8.364541053771973,5.916901588439941,1.0613380670547485
809,0.6695107817649841,0.550176739692688,1.1001622676849365,3.010493755340576,32.07200241088867,2.4676005840301514,1.4569236040115356,0.9227102398872375,0.24787339568138123,0.024646960198879242,-0.023528359830379486,2.461967706680298,1.4607783555984497,0.9249831438064575
810,0.6807826161384583,0.5651422739028931,2.190467119216919,9.150276184082031,78.49239349365234,5.768728733062744,6.6504034996032715,2.4942879676818848,-0.27948305010795593,-0.08893182873725891,-0.09164945781230927,5.778026580810547,6.6683573722839355,2.499556303024292
811,0.7168518900871277,0.5472574830055237,2.7175357341766357,10.412195205688477,80.4896011352539,6.8725905418396,7.6665778160095215,1.5507731437683105,-0.3031594455242157,-1.0338259935379028,0.08936941623687744,6.885052680969238,7.617743015289307,1.5525143146514893
812,0.7198635339736938,0.5532967448234558,1.88111412525177,10.599343299865723,133.6236114501953,7.549587249755859,6.744467735290527,3.1403751373291016,0.5521363019943237,-0.5886299014091492,0.27175021171569824,7.55037260055542,6.737473011016846,3.137321949005127
813,0.7022838592529297,0.5435400605201721,2.5453062057495117,10.06817626953125,83.88563537597656,6.437290668487549,7.204092502593994,2.833817720413208,-0.15610958635807037,0.35015347599983215,-0.29053062200546265,6.453348159790039,7.215649127960205,2.8267483711242676
814,0.7295300364494324,0.5380681157112122,2.5926353931427,11.54421329498291,97.75031280517578,9.222541809082031,6.6025590896606445,2.1493637561798096,0.41512688994407654,-0.1951182335615158,-0.08724702149629593,9.23889446258545,6.618084907531738,2.153582811355591
815,0.7155473828315735,0.550559401512146,3.1181721687316895,13.181661605834961,93.28262329101562,7.544405460357666,10.08263111114502,3.895983934402466,0.09185151010751724,-0.13582471013069153,-0.02643568255007267,7.564889430999756,10.109837532043457,3.906761407852173
816,0.701518714427948,0.551750123500824,1.630324125289917,7.94000768661499,76.3390884399414,4.381654739379883,6.300732135772705,2.036073923110962,0.15292988717556,-0.04826308414340019,-0.06723438203334808,4.391200065612793,6.318121910095215,2.040639877319336
817,0.7559528350830078,0.5730046033859253,1.9576542377471924,9.611712455749512,79.5093994140625,4.609747886657715,7.3716630935668945,4.098026752471924,-0.20101740956306458,-0.9300841689109802,0.40099114179611206,4.618209362030029,7.333151817321777,4.089737415313721
818,0.6810377240180969,0.5631623864173889,1.2081925868988037,3.7790567874908447,37.699806213378906,1.6198604106903076,2.8061466217041016,1.9449586868286133,0.23100586235523224,-0.3200679421424866,0.08456744998693466,1.6077762842178345,2.795610189437866,1.9485394954681396
819,0.7057732939720154,0.5483922362327576,1.3998770713806152,4.153907299041748,32.542057037353516,2.028496503829956,3.0665512084960938,1.932979941368103,-0.011154619976878166,0.05696073919534683,0.09802356362342834,2.0341238975524902,3.0745744705200195,1.935877799987793
820,0.6974866390228271,0.5439727902412415,0.9008922576904297,2.1374378204345703,19.005321502685547,1.735534429550171,1.0511174201965332,0.6720966100692749,-0.007968436926603317,0.04411710426211357,-0.11425929516553879,1.7403571605682373,1.0531206130981445,0.6641604900360107
821,0.6866226196289062,0.5503230690956116,1.6175094842910767,8.138043403625488,96.8035659790039,4.272058963775635,6.897802829742432,0.6305315494537354,-0.37598198652267456,0.5165020823478699,0.03034394420683384,4.267352104187012,6.897624492645264,0.6315577030181885
822,0.7166207432746887,0.5358884930610657,2.4512102603912354,14.175508499145508,130.18429565429688,5.673194408416748,12.20398998260498,4.452250957489014,0.08101744204759598,-0.04478535056114197,0.4631560444831848,5.68843936920166,12.23794937133789,4.440445899963379
823,0.745720624923706,0.5587438941001892,1.5322381258010864,7.414653301239014,86.67463684082031,4.698139190673828,5.422036170959473,1.8724596500396729,0.4736039638519287,-0.46396511793136597,0.07821173220872879,4.6872453689575195,5.417216777801514,1.8760439157485962
824,0.6629850268363953,0.5696907639503479,1.3951395750045776,6.408825874328613,70.03038024902344,6.170406818389893,1.497124195098877,0.8704875707626343,-0.675026535987854,0.023022450506687164,-0.0964057445526123,6.1504807472229,1.5011227130889893,0.8675458431243896
825,0.7319326400756836,0.5500945448875427,1.20866858959198,3.4212889671325684,29.22565460205078,2.283153772354126,2.317821979522705,1.0583608150482178,-0.038556694984436035,-0.292214572429657,-0.06811400502920151,2.289196014404297,2.305741548538208,1.059112787246704
826,0.695682168006897,0.5331573486328125,2.8248941898345947,15.117110252380371,181.02267456054688,6.442425727844238,13.211475372314453,3.5325767993927,-0.3569891154766083,-0.9536077380180359,0.22012527287006378,6.4504714012146,13.213770866394043,3.5355465412139893
827,0.6980955004692078,0.5404863953590393,1.5396623611450195,6.2346510887146,53.9388313293457,3.4089272022247314,4.999504566192627,1.5016812086105347,0.35986295342445374,-0.08058808743953705,0.09542480111122131,3.3993349075317383,5.01279878616333,1.502826452255249
828,0.7086156606674194,0.5521494150161743,1.4032868146896362,5.532939434051514,64.60821533203125,4.812282085418701,2.529651165008545,1.0277268886566162,0.4607297480106354,0.1845404952764511,-0.06804078817367554,4.803537368774414,2.5299484729766846,1.0283324718475342
829,0.7126873731613159,0.5291721820831299,2.1098649501800537,8.614788055419922,71.34048461914062,7.672185897827148,3.679760217666626,1.3459198474884033,0.911011278629303,-0.13114967942237854,0.06494702398777008,7.639155864715576,3.687680244445801,1.3481018543243408
830,0.7145237922668457,0.5400980114936829,2.010359287261963,8.815933227539062,88.5723648071289,4.747760772705078,7.307753086090088,1.3327401876449585,0.3328978717327118,0.22299955785274506,-0.13564935326576233,4.74928617477417,7.3247246742248535,1.329517126083374
831,0.6983581185340881,0.5667965412139893,1.438172459602356,5.535323619842529,54.04799270629883,2.888878345489502,4.588586330413818,1.1131343841552734,0.029957348480820656,-0.5375040769577026,0.015033457428216934,2.8967807292938232,4.569707870483398,1.1161376237869263
832,0.6843869686126709,0.5477124452590942,4.249322414398193,26.68977928161621,248.0699462890625,24.950912475585938,8.133021354675293,4.863158702850342,2.822042226791382,-0.6038854122161865,0.5148266553878784,24.85995864868164,8.133194923400879,4.849320411682129
833,0.6767510771751404,0.5591637492179871,1.6202503442764282,7.444605827331543,87.93783569335938,1.8882728815078735,7.127629280090332,1.0263923406600952,-0.009183964692056179,0.7509108185768127,-0.10462533682584763,1.8935174942016602,7.107734680175781,1.02389395236969
834,0.6865100860595703,0.5589202046394348,1.2085756063461304,4.683615684509277,55.326637268066406,2.5484118461608887,3.8502697944641113,0.7856674194335938,-0.27643224596977234,-0.2981680631637573,-0.006917247548699379,2.5404415130615234,3.849414825439453,0.7878284454345703
835,0.759475588798523,0.5400563478469849,1.2367132902145386,4.2318902015686035,51.0323486328125,3.859266757965088,1.6247365474700928,0.6125239729881287,0.31174445152282715,-0.1331540197134018,0.00014904473209753633,3.85738468170166,1.6237879991531372,0.6142325401306152
836,0.7004112005233765,0.5541088581085205,1.5864143371582031,6.445813179016113,65.20915222167969,3.1136667728424072,4.8337202072143555,2.9135429859161377,-0.04619859158992767,-0.49867406487464905,0.16016140580177307,3.1220083236694336,4.8213396072387695,2.9172523021698
837,0.59657222032547,0.5583577752113342,1.4093906879425049,5.428900718688965,65.4375991821289,3.4842123985290527,4.088790416717529,0.7842296361923218,-0.5626418590545654,-0.32596877217292786,-0.1290864199399948,3.44807505607605,4.0871453285217285,0.7756903767585754
838,0.7125275135040283,0.5591312646865845,2.2589566707611084,10.291348457336426,114.59268188476562,8.711977005004883,5.270801544189453,1.4939701557159424,-0.5762655735015869,-0.7875251173973083,0.17520110309123993,8.717144966125488,5.2261738777160645,1.487799882888794
839,0.6889564394950867,0.5567601323127747,0.7380759716033936,1.4957849979400635,9.948576927185059,1.0015865564346313,1.0204483270645142,0.4391833245754242,-0.09325902909040451,-0.041618309915065765,-0.03586973249912262,1.0000170469284058,1.022443413734436,0.4389370381832123
840,0.6916770339012146,0.5672652721405029,5.116515636444092,26.216821670532227,288.40765380859375,23.3166446685791,11.284680366516113,4.038792133331299,-1.2061258554458618,-0.46150529384613037,-0.22111715376377106,23.350379943847656,11.306690216064453,4.043983459472656
841,0.7327079176902771,0.5821452140808105,1.4340920448303223,8.456513404846191,111.16835021972656,8.094775199890137,2.348973035812378,0.6852519512176514,-0.5948261618614197,0.15107513964176178,0.08787934482097626,8.095409393310547,2.3506484031677246,0.6814892292022705
842,0.6776117086410522,0.5702825784683228,1.3018217086791992,5.4569525718688965,64.67625427246094,1.9900648593902588,4.569906234741211,2.2212440967559814,0.06308497488498688,-0.39337587356567383,0.11781228333711624,1.9946130514144897,4.565643310546875,2.2243049144744873
843,0.6725951433181763,0.5691717267036438,3.1339211463928223,17.128520965576172,154.54933166503906,10.965553283691406,12.176008224487305,4.988759994506836,1.109304666519165,-0.7012805938720703,0.5433146953582764,10.939728736877441,12.189702987670898,4.972918510437012
844,0.685580849647522,0.5702710151672363,2.5436739921569824,14.29849624633789,134.18112182617188,3.4146649837493896,13.204354286193848,4.293262004852295,-0.13061697781085968,-1.3453776836395264,0.44290679693222046,3.4216835498809814,13.172276496887207,4.282267093658447
845,0.7216067314147949,0.561391294002533,2.172847032546997,10.611227035522461,125.9033432006836,4.352319240570068,8.81859016418457,3.9859633445739746,-0.6063280701637268,-1.0607974529266357,0.3638770580291748,4.321900367736816,8.778976440429688,3.980391502380371
846,0.6817429661750793,0.5557008981704712,3.8527934551239014,17.562240600585938,163.03079223632812,11.278081893920898,12.974928855895996,3.5900423526763916,-0.02160848118364811,-1.3161449432373047,0.18661153316497803,11.30951976776123,12.944008827209473,3.5951895713806152
847,0.6116605997085571,0.5703997015953064,2.181795597076416,10.544303894042969,107.75569152832031,3.3839476108551025,9.556594848632812,2.8987486362457275,-0.3892245590686798,0.04118482023477554,0.17938050627708435,3.3708651065826416,9.583162307739258,2.9012632369995117
848,0.6556011438369751,0.5776582360267639,1.1754406690597534,5.722366809844971,68.703857421875,4.576430320739746,3.253800630569458,1.1020666360855103,-0.611240804195404,-0.38650277256965637,0.09521408379077911,4.548078536987305,3.2397754192352295,1.101008415222168
849,0.558064877986908,0.599898099899292,0.8230646848678589,1.7720391750335693,15.83310604095459,1.3656305074691772,0.9934433102607727,0.5368857383728027,-0.013456013984978199,-0.05590086802840233,-0.037475354969501495,1.3693734407424927,0.9946359992027283,0.5370701551437378
850,0.6384233236312866,0.5860092639923096,3.036691665649414,14.01203441619873,116.56617736816406,3.0111401081085205,13.06596565246582,4.068252086639404,-0.3826054036617279,-0.7850931882858276,0.1122441217303276,2.9950647354125977,13.078737258911133,4.078046798706055
851,0.6869693398475647,0.5654580593109131,1.1441218852996826,3.608881711959839,29.959962844848633,2.302138328552246,2.6733591556549072,0.7598260045051575,0.10427577793598175,0.04095083847641945,-0.06558378040790558,2.3061904907226562,2.680501937866211,0.759101927280426
852,0.6744734048843384,0.6072240471839905,1.8133050203323364,8.207324981689453,78.2474136352539,5.702645778656006,5.731329917907715,1.4113337993621826,-0.584430992603302,-0.7980135083198547,-0.010784176178276539,5.688443183898926,5.6913323402404785,1.4152294397354126
853,0.7033919095993042,0.5650537610054016,1.063130259513855,4.414949417114258,55.539344787597656,1.0199795961380005,4.148139953613281,1.1155064105987549,-0.07098028063774109,0.2709914445877075,-0.043866585940122604,1.0203449726104736,4.150824546813965,1.1177527904510498
854,0.653519332408905,0.5584521889686584,3.4080042839050293,19.529207229614258,233.6086883544922,17.12116813659668,8.56659984588623,3.8560190200805664,1.183577299118042,-0.42973554134368896,0.11676419526338577,17.127851486206055,8.579680442810059,3.865001916885376
855,0.6372569799423218,0.554662823677063,1.7568618059158325,6.812397480010986,65.72000122070312,4.514948844909668,4.541572570800781,2.32338285446167,-0.30843573808670044,0.12212787568569183,0.17591524124145508,4.516965866088867,4.55259370803833,2.3231759071350098
856,0.631585419178009,0.5736520290374756,2.923825740814209,20.347862243652344,263.123291015625,12.85893726348877,15.050619125366211,4.7076616287231445,1.135068416595459,-1.4206169843673706,0.19808121025562286,12.84447193145752,15.02522087097168,4.716612339019775
857,0.6814952492713928,0.5763574838638306,2.5337624549865723,11.760510444641113,115.40747833251953,9.948954582214355,5.879763126373291,2.18088698387146,-0.8572674989700317,-0.23963958024978638,-0.3513566255569458,9.93959903717041,5.891265869140625,2.1584017276763916
858,0.6751315593719482,0.566652238368988,3.6462044715881348,13.929834365844727,122.59208679199219,5.2212748527526855,12.457961082458496,3.4026148319244385,0.5990461707115173,1.0149909257888794,-0.19955016672611237,5.201263904571533,12.451179504394531,3.406233310699463
859,0.6386830806732178,0.5537843108177185,2.6713461875915527,12.380417823791504,121.02694702148438,11.396889686584473,3.4158742427825928,3.423079013824463,-0.3359381854534149,-0.43654951453208923,0.3416875898838043,11.423712730407715,3.3973138332366943,3.4154834747314453
860,0.6365692615509033,0.5820968151092529,2.4458694458007812,10.253377914428711,74.2873764038086,7.978909015655518,5.90481424331665,2.5694262981414795,0.13591372966766357,-0.8343292474746704,0.15149110555648804,8.000004768371582,5.861878871917725,2.572111129760742
861,0.6498864889144897,0.5752519965171814,2.7946112155914307,18.64828109741211,231.1280517578125,11.276590347290039,14.221145629882812,4.284380912780762,0.6990677714347839,-0.690363347530365,0.28908589482307434,11.286295890808105,14.244000434875488,4.286540985107422
862,0.6757421493530273,0.5747125148773193,2.6954193115234375,11.6039400100708,95.37596893310547,7.035039901733398,9.08014965057373,1.6463621854782104,0.6194347143173218,1.3079942464828491,-0.18350736796855927,7.027263641357422,9.010512351989746,1.6406668424606323
863,0.665890634059906,0.5740458965301514,1.0363930463790894,3.7491025924682617,43.838321685791016,1.5229346752166748,3.288363456726074,0.9607837796211243,-0.17593804001808167,-0.4320957660675049,0.0635598748922348,1.5169575214385986,3.268944025039673,0.9613531827926636
864,0.6280953884124756,0.5839976072311401,1.7865809202194214,6.746240615844727,59.07453918457031,4.09349250793457,5.189063549041748,1.3522950410842896,-0.10267996788024902,0.1552824079990387,-0.041678693145513535,4.103619575500488,5.201207637786865,1.355422854423523
865,0.5968289971351624,0.5758539438247681,2.019094467163086,9.032675743103027,89.58770751953125,7.530167102813721,4.644745349884033,1.8199341297149658,0.1296929270029068,-0.2596175968647003,0.06360075622797012,7.550051689147949,4.65041971206665,1.8238959312438965
866,0.6102088093757629,0.5828514695167542,2.7905502319335938,12.724974632263184,113.79666900634766,10.752361297607422,6.347654819488525,2.4533655643463135,1.4743189811706543,0.016848141327500343,0.30250468850135803,10.68051528930664,6.36533784866333,2.4414355754852295
867,0.6467244625091553,0.5569300055503845,2.2071871757507324,10.262887001037598,114.72555541992188,6.483188152313232,7.607773780822754,2.3274261951446533,-0.2687222957611084,0.09448525309562683,0.3811211884021759,6.495684623718262,7.628406047821045,2.3024137020111084
868,0.5972374677658081,0.5796127319335938,0.9233461618423462,1.8633335828781128,12.381587982177734,1.330422282218933,1.1422252655029297,0.6303250193595886,-0.1289522647857666,0.015166426077485085,0.07959847152233124,1.3278518915176392,1.145310401916504,0.6270230412483215
869,0.6690639853477478,0.5650197267532349,4.538364410400391,31.702943801879883,374.61309814453125,28.23672103881836,13.04474925994873,6.131793022155762,2.7359416484832764,0.49863070249557495,0.45837822556495667,28.182252883911133,13.071575164794922,6.131691932678223
870,0.6439766883850098,0.5818365216255188,2.117966890335083,9.159173965454102,71.60437774658203,6.599311351776123,5.9732232093811035,2.1587417125701904,-0.6491342782974243,-0.3732812702655792,0.12278824299573898,6.58562707901001,5.978176593780518,2.1612586975097656
871,0.5993658900260925,0.5647994875907898,3.2770633697509766,12.971419334411621,113.35856628417969,6.648181438446045,10.979622840881348,1.8727786540985107,-0.5271865129470825,0.05663725733757019,0.038738690316677094,6.6457319259643555,11.010102272033691,1.8776006698608398
872,0.6655319333076477,0.5623419284820557,4.770299434661865,21.458269119262695,198.78334045410156,10.473666191101074,17.64809226989746,6.269327640533447,-0.3374672830104828,-1.0778294801712036,0.2856399118900299,10.497427940368652,17.664283752441406,6.2802863121032715
873,0.6284357905387878,0.559381365776062,2.01720929145813,12.493001937866211,163.2733154296875,12.0818510055542,2.3896634578704834,2.0960676670074463,-1.1807137727737427,0.14888490736484528,0.15986476838588715,12.057558059692383,2.3916738033294678,2.095792293548584
874,0.5971962213516235,0.6367172598838806,3.133289337158203,16.33935546875,162.70323181152344,15.101033210754395,5.03640079498291,3.6834843158721924,1.571610927581787,-0.8820106983184814,0.5174696445465088,15.06092357635498,4.97239875793457,3.657127618789673
875,0.6323096752166748,0.5684298276901245,1.547620177268982,9.55285358428955,124.59242248535156,1.9548052549362183,9.255585670471191,1.3303680419921875,0.19155065715312958,0.6382840871810913,-0.10108207166194916,1.9508239030838013,9.259306907653809,1.330222487449646
876,0.5267989039421082,0.5797473788261414,1.712113857269287,8.104879379272461,70.77849578857422,3.9672188758850098,6.668651580810547,2.340794801712036,0.0225068312138319,0.11549384146928787,-0.06999631226062775,3.9782209396362305,6.68625020980835,2.3462746143341064
877,0.606203019618988,0.5539872646331787,2.853743553161621,12.262829780578613,105.2477798461914,8.66497802734375,7.5791144371032715,4.22518253326416,-0.4665168821811676,0.06250716745853424,0.24849338829517365,8.676546096801758,7.599997520446777,4.2296342849731445
878,0.5943565368652344,0.5690056681632996,1.3367542028427124,4.797276973724365,46.25275421142578,3.78147554397583,2.826535701751709,0.8514706492424011,0.2876560688018799,-0.03609197586774826,0.05781513452529907,3.781036138534546,2.834188938140869,0.8518750667572021
879,0.6043221950531006,0.5658448338508606,2.4851129055023193,10.858114242553711,98.15540313720703,6.847380638122559,7.803655624389648,3.1804022789001465,0.07542042434215546,0.6947755217552185,-0.2732388973236084,6.866064548492432,7.794346332550049,3.1774816513061523
880,0.5616846680641174,0.578256368637085,2.3367526531219482,11.644770622253418,101.79767608642578,6.9052300453186035,8.829652786254883,3.155271291732788,0.29067859053611755,0.792306125164032,-0.15836960077285767,6.91835355758667,8.818563461303711,3.1600847244262695
881,0.5341299176216125,0.5785521864891052,3.8115875720977783,19.773452758789062,168.54293823242188,15.168428421020508,11.860548973083496,4.4984025955200195,0.1418427973985672,-0.1949377954006195,-0.024275366216897964,15.210073471069336,11.8920259475708,4.510884761810303
882,0.6191039681434631,0.5787233114242554,2.9025280475616455,14.275969505310059,124.67716979980469,4.925239086151123,12.951153755187988,3.436997652053833,-0.16973505914211273,0.337518572807312,0.07099875807762146,4.936043739318848,12.982868194580078,3.4458491802215576
883,0.602288544178009,0.5582568049430847,4.183210372924805,19.287118911743164,185.51246643066406,15.361525535583496,11.042770385742188,3.751499891281128,0.2300248146057129,-0.20836353302001953,-0.12039763480424881,15.402647018432617,11.071601867675781,3.760026454925537
884,0.6230992674827576,0.5637205839157104,1.9327067136764526,10.67822265625,113.97341918945312,9.594067573547363,3.939429759979248,2.5414950847625732,-0.07077935338020325,-0.3953316807746887,0.09578593075275421,9.620567321777344,3.930476427078247,2.5467734336853027
885,0.5740009546279907,0.5583556890487671,1.9274319410324097,10.640081405639648,138.18115234375,10.30052375793457,2.2030158042907715,1.502427101135254,0.8374460339546204,-0.30270305275917053,0.08750107139348984,10.295061111450195,2.1882071495056152,1.5040606260299683
886,0.5813767313957214,0.5499489307403564,3.470573663711548,16.39541244506836,158.31382751464844,12.016260147094727,10.616142272949219,3.422943592071533,0.5546154379844666,-1.494821548461914,0.26222601532936096,12.036935806274414,10.539692878723145,3.4224042892456055
887,0.6265788078308105,0.5747421979904175,3.8388116359710693,18.2491455078125,141.8068389892578,12.584222793579102,12.780665397644043,3.364999532699585,0.25198933482170105,0.8606231808662415,-0.1968204528093338,12.616793632507324,12.787224769592285,3.3686089515686035
888,0.5793382525444031,0.5973552465438843,3.7292134761810303,16.02358627319336,123.48613739013672,9.707615852355957,12.012252807617188,4.268875598907471,-0.19262267649173737,-1.5220891237258911,0.27890631556510925,9.73277759552002,11.948667526245117,4.271636962890625
889,0.5870015025138855,0.556634783744812,3.3081414699554443,13.301671981811523,103.6661376953125,9.04822063446045,9.216429710388184,3.181443929672241,-0.5088174343109131,0.6560301184654236,0.13963671028614044,9.059102058410645,9.218694686889648,3.187243700027466
890,0.6144699454307556,0.5825364589691162,1.3053054809570312,4.715638637542725,51.27516174316406,1.8711061477661133,4.180937767028809,1.1207005977630615,-0.3708082437515259,0.05829984322190285,-0.019729819148778915,1.8391112089157104,4.192192554473877,1.123652458190918
891,0.6224287748336792,0.5509486794471741,3.0214579105377197,15.23365592956543,161.9985809326172,13.233851432800293,7.196887016296387,2.2658915519714355,1.1233670711517334,0.2872682511806488,-0.3026748597621918,13.222867012023926,7.211209774017334,2.2518489360809326
892,0.6039844155311584,0.5619289875030518,4.6115899085998535,18.9693660736084,130.10780334472656,7.445910453796387,16.289730072021484,6.24819803237915,-0.20817871391773224,-0.6948140859603882,-0.03994034603238106,7.463760852813721,16.320301055908203,6.265499114990234
893,0.6470943093299866,0.5564190149307251,3.591006278991699,19.802841186523438,225.2317352294922,15.026154518127441,11.553793907165527,5.73384952545166,1.2305903434753418,-0.524839460849762,0.32752180099487305,15.017452239990234,11.57406234741211,5.7404561042785645
894,0.6261782646179199,0.5709056258201599,2.0449304580688477,9.479768753051758,85.4262466430664,6.259568691253662,6.8126678466796875,2.066729784011841,-0.7322213053703308,-0.9692078828811646,0.22318823635578156,6.2339348793029785,6.762182712554932,2.0603742599487305
895,0.710583508014679,0.5842646360397339,5.300522804260254,20.396574020385742,150.45916748046875,16.390806198120117,11.581181526184082,3.6384050846099854,0.7600969076156616,0.7415038347244263,0.03030276857316494,16.418842315673828,11.5896577835083,3.6484274864196777
896,0.6797638535499573,0.5442355275154114,5.117701053619385,24.79030990600586,186.4517059326172,18.093738555908203,16.256465911865234,4.785749912261963,1.3672144412994385,-0.9517261981964111,0.41619256138801575,18.092334747314453,16.27385139465332,4.780917644500732
897,0.7288292646408081,0.5389801263809204,7.190353870391846,30.78097915649414,263.5247802734375,27.916105270385742,12.049294471740723,4.79311990737915,1.5823014974594116,-0.8904544711112976,0.6951667666435242,27.9489688873291,12.049863815307617,4.755668640136719
898,0.6827667355537415,0.5475642681121826,2.8950448036193848,16.06841468811035,167.0921173095703,12.196223258972168,10.238261222839355,2.15036678314209,0.4117821753025055,-0.919539749622345,0.1533767133951187,12.223270416259766,10.225325584411621,2.1508729457855225
899,0.676003634929657,0.5699048638343811,6.798532009124756,28.411258697509766,295.76806640625,23.039203643798828,14.896484375,7.381692409515381,1.2565531730651855,-0.015581851825118065,0.3769686818122864,23.06908416748047,14.938028335571289,7.392624378204346
900,0.7190688252449036,0.5585748553276062,2.3206000328063965,8.39406681060791,68.17638397216797,5.682169437408447,5.976498126983643,1.5667688846588135,-0.08607424050569534,-0.13218367099761963,0.16716544330120087,5.697365760803223,5.991702556610107,1.5621708631515503
901,0.7335525751113892,0.5217841267585754,4.908827304840088,20.011953353881836,130.48013305664062,13.494950294494629,13.427730560302734,6.1693315505981445,-1.4737639427185059,-1.4469765424728394,0.5350334048271179,13.451652526855469,13.386777877807617,6.16323184967041
902,0.6934890151023865,0.5210359692573547,2.2116012573242188,10.551749229431152,121.91461944580078,8.35195541381836,6.031166076660156,2.2823896408081055,-0.3850920498371124,0.42265671491622925,-0.2910762131214142,8.366345405578613,6.033120155334473,2.270066976547241
903,0.7707482576370239,0.5312498807907104,5.273622035980225,30.075651168823242,357.91168212890625,28.204627990722656,9.170418739318848,4.994716644287109,0.7998626828193665,-0.6568391919136047,0.612504243850708,28.271926879882812,9.172380447387695,4.9708452224731445
904,0.7036449909210205,0.5504774451255798,1.922309398651123,7.6367011070251465,61.43033218383789,5.246102809906006,5.089071750640869,2.2133564949035645,0.41176751255989075,-0.13601438701152802,-0.18810798227787018,5.2445068359375,5.101444244384766,2.2115001678466797
905,0.7284916639328003,0.5645177364349365,3.8572781085968018,15.833656311035156,163.21775817871094,13.411572456359863,7.46621561050415,3.8845880031585693,1.248627781867981,-0.666036069393158,0.33143606781959534,13.390570640563965,7.4571919441223145,3.881218671798706
906,0.6927043795585632,0.5448908805847168,1.932023525238037,7.696468830108643,72.26282501220703,4.857774257659912,5.367053031921387,2.6138863563537598,-0.41426897048950195,-0.30496492981910706,-0.18419712781906128,4.853578090667725,5.37332820892334,2.6146609783172607
907,0.7143911123275757,0.5295999646186829,2.041555166244507,10.069900512695312,126.19974517822266,2.2935476303100586,9.706659317016602,1.3868298530578613,-0.13765807449817657,-0.7850174307823181,0.017786290496587753,2.2957987785339355,9.701850891113281,1.390583872795105
908,0.6772581338882446,0.5488322377204895,2.6580810546875,10.201346397399902,90.7360610961914,6.0481414794921875,8.014117240905762,1.805923342704773,-0.1892879158258438,-0.5206382274627686,0.10844294726848602,6.06204080581665,8.019495010375977,1.8076928853988647
909,0.6934993863105774,0.5495699048042297,2.9666965007781982,11.223703384399414,85.45550537109375,6.980230331420898,8.110834121704102,3.3855979442596436,0.11809039860963821,-0.2954447567462921,-0.10706125944852829,6.998698711395264,8.128061294555664,3.393343687057495
910,0.689490556716919,0.5629726648330688,3.6468558311462402,15.083629608154297,106.03184509277344,9.032946586608887,11.548439025878906,3.5433449745178223,0.1529982089996338,-1.0189087390899658,0.1406320333480835,9.056843757629395,11.535490036010742,3.550429344177246
911,0.6959047317504883,0.5613310933113098,2.4690749645233154,10.94533634185791,90.97283935546875,6.771155834197998,7.612980842590332,3.9992949962615967,-0.054039403796195984,-0.27809008955955505,-0.06152348220348358,6.789827346801758,7.62912130355835,4.009975910186768
912,0.6982746124267578,0.5499364137649536,1.3873777389526367,5.905334949493408,70.99851989746094,1.8460670709609985,5.497239589691162,1.1159614324569702,-0.21218565106391907,-0.5480096340179443,0.043427299708127975,1.8389476537704468,5.485114097595215,1.1182266473770142
913,0.7036798596382141,0.5450135469436646,4.141388893127441,15.91948127746582,118.00701904296875,12.198288917541504,9.470314025878906,3.8658456802368164,-0.2755916118621826,0.1527680903673172,-0.38367563486099243,12.229192733764648,9.495494842529297,3.8574891090393066
914,0.685310959815979,0.5857158899307251,2.912144660949707,12.422319412231445,99.3987808227539,8.146595001220703,8.329319953918457,4.309225559234619,-0.38848283886909485,0.7584530711174011,-0.24586746096611023,8.160024642944336,8.317853927612305,4.314206123352051
915,0.717263400554657,0.5367375612258911,2.159688949584961,9.6315336227417,97.822509765625,7.369270324707031,5.8016767501831055,2.1910812854766846,0.8162166476249695,-0.6935110092163086,0.26130205392837524,7.344359397888184,5.776144027709961,2.1815125942230225
916,0.754681408405304,0.5480098724365234,1.1743894815444946,2.8865067958831787,23.33241844177246,1.8298455476760864,2.1058590412139893,0.7409086227416992,0.03490738943219185,-0.024601880460977554,-0.07671014219522476,1.834615707397461,2.111588954925537,0.7389824390411377
917,0.780471920967102,0.557425320148468,3.019805908203125,14.304666519165039,116.78221130371094,6.985960483551025,11.28361988067627,5.3385186195373535,-0.006442960351705551,1.3578760623931885,-0.7482313513755798,7.005444049835205,11.232863426208496,5.300568103790283
918,0.7640805840492249,0.5452077388763428,2.70037841796875,12.108634948730469,107.94961547851562,10.277695655822754,6.0592498779296875,2.0672383308410645,0.7001163959503174,-0.7364314794540405,0.06589395552873611,10.282423973083496,6.031107425689697,2.071951389312744
919,0.6576931476593018,0.5603751540184021,5.170297145843506,20.793275833129883,161.11660766601562,17.062610626220703,11.249788284301758,3.8301291465759277,2.842620849609375,-0.6722608208656311,0.5281975865364075,16.871084213256836,11.261008262634277,3.8041152954101562
920,0.7411752939224243,0.5648329257965088,3.0412139892578125,13.444220542907715,119.07965087890625,10.314481735229492,7.722658634185791,3.8365478515625,0.10574285686016083,-0.250099241733551,0.14773324131965637,10.3427095413208,7.740137100219727,3.844395875930786
921,0.6738027930259705,0.5732035636901855,2.4433298110961914,10.39167594909668,103.12149810791016,8.294917106628418,5.736476898193359,2.5048205852508545,0.7626407146453857,0.3893864154815674,0.15729887783527374,8.28282356262207,5.739211082458496,2.506849765777588
922,0.7063524127006531,0.5564746260643005,3.427492618560791,13.79934024810791,105.05158996582031,9.914790153503418,8.85671615600586,3.69828462600708,-0.553088366985321,0.44003888964653015,-0.1664152890443802,9.92696475982666,8.870450973510742,3.7048439979553223
923,0.6855915188789368,0.5569984316825867,2.9452567100524902,10.850038528442383,87.0610580444336,3.408897638320923,9.628555297851562,3.6597354412078857,0.0377790667116642,-0.008632384240627289,-0.06362706422805786,3.418196201324463,9.65540885925293,3.669389009475708
924,0.6668949723243713,0.5571833848953247,4.05381441116333,17.219249725341797,124.26251983642578,14.633946418762207,8.051920890808105,4.1852946281433105,0.07688047736883163,-0.9083310961723328,0.4706098735332489,14.67456340789795,8.022839546203613,4.170351982116699
925,0.676032304763794,0.5619879961013794,2.9167544841766357,17.985750198364258,225.29544067382812,8.238848686218262,15.572694778442383,3.6193583011627197,-0.6567903757095337,-1.14121675491333,0.3021361529827118,8.235535621643066,15.574143409729004,3.616785764694214
926,0.7257562279701233,0.5739993453025818,3.6281983852386475,16.692100524902344,127.15873718261719,7.784372329711914,13.97940444946289,4.754580020904541,-0.9144675731658936,0.9671292304992676,0.39384695887565613,7.752035617828369,13.984810829162598,4.7514567375183105
927,0.6749446988105774,0.5949906706809998,2.1660218238830566,10.633540153503418,128.83013916015625,3.471966028213501,8.847655296325684,4.768290996551514,0.04760614037513733,0.38190749287605286,-0.4217838943004608,3.481323480606079,8.864066123962402,4.762848854064941
928,0.6626425981521606,0.5470370650291443,2.420412302017212,12.186789512634277,113.92928314208984,9.270180702209473,7.44373893737793,2.6781227588653564,0.08846999704837799,0.013176070526242256,0.10529318451881409,9.295615196228027,7.46449089050293,2.683516502380371
929,0.65318363904953,0.5571177005767822,3.4802002906799316,13.734846115112305,103.68599700927734,8.259251594543457,9.939620971679688,4.651307106018066,1.0740138292312622,1.4182378053665161,-0.3694315552711487,8.211965560913086,9.865362167358398,4.649546146392822
930,0.6907221078872681,0.5677603483200073,5.099817276000977,18.77190399169922,122.52081298828125,10.32080078125,14.484935760498047,6.004337787628174,-0.9945610165596008,0.50035560131073,-0.180794820189476,10.301423072814941,14.516670227050781,6.0183563232421875
931,0.5765466094017029,0.5422006845474243,3.376816987991333,14.92796516418457,127.06279754638672,7.761689186096191,12.260075569152832,3.505831480026245,0.4099069833755493,-0.189163938164711,-0.04742160066962242,7.772478103637695,12.29280948638916,3.515289068222046
932,0.6554445624351501,0.5884734988212585,2.9297988414764404,13.436396598815918,135.19371032714844,11.177118301391602,6.39240026473999,3.840048313140869,0.3946593403816223,-0.03797297924757004,-0.0063192578963935375,11.201306343078613,6.410118579864502,3.8507542610168457
933,0.6465362310409546,0.5560110807418823,1.9907503128051758,11.823128700256348,152.6138916015625,6.494965076446533,8.640203475952148,4.790480136871338,0.6025475263595581,-0.5780101418495178,0.18434520065784454,6.484993934631348,8.644893646240234,4.8002848625183105
934,0.6466175317764282,0.5747519731521606,4.553329944610596,18.790014266967773,142.85325622558594,16.627809524536133,8.112793922424316,3.2807233333587646,-0.717018723487854,-0.3746851980686188,0.08991538733243942,16.658681869506836,8.126742362976074,3.2886388301849365
935,0.6412045359611511,0.5771133899688721,3.998960494995117,16.188196182250977,120.51167297363281,11.522704124450684,10.689033508300781,3.8767950534820557,1.1985327005386353,-0.29873746633529663,-0.6234666705131531,11.492170333862305,10.714662551879883,3.8370065689086914
936,0.652742326259613,0.5937236547470093,5.625292778015137,24.103105545043945,191.06358337402344,12.16839599609375,19.46128273010254,7.358560085296631,-0.17746160924434662,0.47695526480674744,0.14645788073539734,12.201041221618652,19.50970458984375,7.37762451171875
937,0.7223464846611023,0.5427953600883484,3.5139336585998535,14.7174654006958,114.43366241455078,3.6009082794189453,13.46953010559082,4.712641716003418,-0.39669403433799744,0.027430810034275055,-0.47853630781173706,3.5889737606048584,13.507074356079102,4.70136022567749
938,0.695375382900238,0.5719976425170898,3.0930802822113037,16.331926345825195,161.93345642089844,15.498229026794434,4.960795879364014,1.388255000114441,-0.10703141987323761,-0.06034880876541138,0.1435943990945816,15.54109001159668,4.974265098571777,1.384660243988037
939,0.7022013068199158,0.5663105249404907,2.8291268348693848,11.092694282531738,93.12663269042969,9.200819969177246,5.519362449645996,2.815922260284424,-1.1658862829208374,0.669546902179718,-0.08773831278085709,9.152111053466797,5.493882656097412,2.8224055767059326
940,0.6769757270812988,0.5550189018249512,3.9427525997161865,17.5919132232666,138.14617919921875,12.103928565979004,12.26431655883789,3.543562173843384,-0.6024931073188782,-1.7367075681686401,0.05554986745119095,12.122644424438477,12.174593925476074,3.5530097484588623
941,0.6869332790374756,0.5481467247009277,5.775949478149414,25.685009002685547,239.3955535888672,22.280271530151367,11.797402381896973,4.912270545959473,2.7379307746887207,0.6577820777893066,-0.11005372554063797,22.173086166381836,11.811906814575195,4.924736022949219
942,0.7333135604858398,0.553880512714386,4.079947471618652,20.47816276550293,221.6200714111328,17.85615348815918,8.639029502868652,5.087252140045166,1.1416608095169067,0.3950199782848358,0.030627870932221413,17.86932373046875,8.65406608581543,5.101350784301758
943,0.6603214144706726,0.5532851219177246,3.476925849914551,15.533536911010742,132.4159393310547,8.724502563476562,12.203948020935059,4.029579162597656,-0.3611375689506531,-1.5568662881851196,0.5215101838111877,8.741339683532715,12.137998580932617,4.006834983825684
944,0.6856321096420288,0.5645577311515808,4.685046672821045,19.488460540771484,148.39859008789062,15.78334903717041,10.726466178894043,3.95335054397583,-0.8024682402610779,0.3832482397556305,-0.4672941565513611,15.806903839111328,10.749518394470215,3.9365856647491455
945,0.6424560546875,0.5689207911491394,2.5431647300720215,12.012911796569824,97.67664337158203,8.159740447998047,8.479133605957031,2.4151535034179688,-1.1496790647506714,0.27323687076568604,0.17356935143470764,8.100876808166504,8.498369216918945,2.415627956390381
946,0.6591940522193909,0.5698177814483643,6.251964569091797,28.885501861572266,234.6322021484375,26.929767608642578,10.067208290100098,2.794840097427368,4.329616546630859,-0.2859289348125458,0.04040278494358063,26.653583526611328,10.091217041015625,2.8023431301116943
947,0.5472549200057983,0.503113865852356,2.6696176528930664,11.882222175598145,136.10455322265625,10.337882041931152,5.153392314910889,2.7853050231933594,0.4630766212940216,0.3167055547237396,-0.10673820227384567,10.35631275177002,5.157999038696289,2.791022777557373
948,0.627027690410614,0.554574191570282,2.004730224609375,7.976562023162842,77.39102935791016,3.7647013664245605,6.262139320373535,3.1997146606445312,-0.0777314305305481,0.5117971301078796,-0.06203067675232887,3.774397611618042,6.258598804473877,3.2080368995666504
949,0.6831389665603638,0.5418787002563477,3.0138306617736816,10.657052040100098,70.0599594116211,4.2909979820251465,9.379218101501465,2.681483268737793,-0.26533961296081543,-0.6476187705993652,0.1917123794555664,4.294732570648193,9.382933616638184,2.682081937789917
950,0.6820307374000549,0.562764585018158,2.4858505725860596,9.463682174682617,70.8556900024414,5.5883259773254395,6.589422702789307,3.8615264892578125,0.6971531510353088,0.04697923734784126,0.38912221789360046,5.560136318206787,6.607635021209717,3.8525869846343994
951,0.6886246204376221,0.5529687404632568,5.801296710968018,24.90460968017578,225.4595489501953,18.3543701171875,14.987594604492188,7.663463592529297,-2.1480095386505127,0.6685783863067627,-0.37210673093795776,18.27909278869629,15.014439582824707,7.675775051116943
952,0.6482471823692322,0.5634737610816956,4.607492446899414,26.130653381347656,327.1245422363281,24.280481338500977,9.281903266906738,2.6674888134002686,1.5069539546966553,-0.5103235840797424,0.17710080742835999,24.30126953125,9.293715476989746,2.66902756690979
953,0.6661649942398071,0.5368853211402893,4.44445276260376,24.257463455200195,286.658935546875,22.480045318603516,8.034605979919434,4.3031535148620605,-1.8805263042449951,0.18269973993301392,0.1672799438238144,22.463735580444336,8.05493450164795,4.311895370483398
954,0.7048128247261047,0.5570600628852844,3.5274624824523926,18.74879264831543,183.8423309326172,16.290706634521484,8.919353485107422,2.564223289489746,2.0165317058563232,0.49865391850471497,0.14126193523406982,16.210508346557617,8.930244445800781,2.5674710273742676
955,0.6778160929679871,0.5621433854103088,4.855886459350586,20.257600784301758,163.63226318359375,11.94344425201416,15.301131248474121,5.796548366546631,-0.33179038763046265,-2.6850686073303223,0.846621572971344,11.972136497497559,15.105717658996582,5.750383377075195
956,0.6636738777160645,0.5610500574111938,2.576237201690674,11.426058769226074,90.14693450927734,3.969132423400879,10.250970840454102,3.117434024810791,0.12006798386573792,-0.43932342529296875,0.3789372742176056,3.9783825874328613,10.270120620727539,3.1029489040374756
957,0.6936368346214294,0.5648553967475891,4.754002571105957,18.14139747619629,137.1146240234375,12.309989929199219,10.67334270477295,7.978359699249268,0.2613115906715393,1.412144660949707,-0.608135998249054,12.341546058654785,10.609023094177246,7.977338790893555
958,0.6704863905906677,0.5547058582305908,5.2320051193237305,25.49281120300293,255.13748168945312,23.277847290039062,9.089473724365234,5.040502548217773,3.004319429397583,0.42663684487342834,-0.4056740403175354,23.14754867553711,9.104782104492188,5.03816556930542
959,0.6891328692436218,0.5392606258392334,4.271093368530273,15.361332893371582,109.62808990478516,11.31824016571045,8.859270095825195,5.420452117919922,-0.7775837779045105,0.7245301604270935,-0.4638904333114624,11.32299518585205,8.85422134399414,5.415629863739014
960,0.6247961521148682,0.565969705581665,8.544299125671387,34.92137145996094,321.3456115722656,31.02734375,15.01170539855957,5.608462333679199,-0.8034906983375549,-0.4873393774032593,0.5726725459098816,31.103458404541016,15.04564380645752,5.594710826873779
961,0.6430715918540955,0.5540137887001038,4.498891830444336,17.79378890991211,148.4237060546875,9.616113662719727,13.914162635803223,5.5267863273620605,0.17034046351909637,0.05299553647637367,-0.19169490039348602,9.641425132751465,13.952873229980469,5.538868427276611
962,0.6527514457702637,0.5501691699028015,4.5731401443481445,28.824304580688477,357.8321533203125,25.89733123779297,11.38051700592041,5.536489486694336,1.635526180267334,-1.1079964637756348,0.4616847336292267,25.917728424072266,11.35804557800293,5.532596111297607
963,0.6695562601089478,0.5541036128997803,3.3954217433929443,12.435843467712402,97.01911163330078,6.501191139221191,10.143244743347168,3.0820915699005127,0.6531176567077637,1.1929174661636353,-0.21006342768669128,6.486343860626221,10.100950241088867,3.0835020542144775
964,0.7066069841384888,0.5707558393478394,4.31433629989624,16.800212860107422,108.0938949584961,9.508721351623535,13.019655227661133,4.724397659301758,0.5695702433586121,0.5731011629104614,0.48311173915863037,9.518123626708984,13.043317794799805,4.712740898132324
965,0.6433674693107605,0.5735384821891785,4.612980365753174,19.615825653076172,146.22535705566406,16.03063201904297,10.552433967590332,4.055315971374512,0.10240938514471054,-0.016354074701666832,-0.4220823049545288,16.07501983642578,10.581854820251465,4.044540882110596
966,0.6616745591163635,0.5673847794532776,5.789002895355225,25.668787002563477,279.5458984375,23.318134307861328,9.515837669372559,4.9598493576049805,1.623064398765564,0.6376491189002991,0.41649264097213745,23.326465606689453,9.520934104919434,4.956117153167725
967,0.6949172019958496,0.5431795120239258,4.758497714996338,18.813016891479492,159.94200134277344,12.36400032043457,13.277837753295898,4.9759602546691895,0.3173362910747528,-1.9305254220962524,0.5811325907707214,12.394403457641602,13.17338752746582,4.955694198608398
968,0.6590309739112854,0.5486942529678345,5.391336441040039,22.30997657775879,152.7116241455078,17.648836135864258,12.593059539794922,5.26008415222168,1.938429355621338,-0.7109631299972534,0.5155195593833923,17.590991973876953,12.608046531677246,5.249362945556641
969,0.6184784770011902,0.5650948286056519,6.226920127868652,22.739458084106445,157.84097290039062,15.29914665222168,15.964178085327148,5.3069844245910645,-1.4296278953552246,0.8053022623062134,-0.3534606695175171,15.274693489074707,15.988327026367188,5.309971332550049
970,0.6380705237388611,0.5679106712341309,6.463596820831299,22.161027908325195,152.71792602539062,13.05707836151123,16.61857795715332,6.666837692260742,0.7595071792602539,-0.4647957682609558,0.40191274881362915,13.071330070495605,16.658414840698242,6.673274040222168
971,0.6603565812110901,0.5981384515762329,3.9193286895751953,14.387947082519531,93.97176361083984,8.31532096862793,10.658683776855469,4.925535678863525,0.12632745504379272,0.09545009583234787,-0.06756740063428879,8.337554931640625,10.687986373901367,4.938810348510742
972,0.7080776691436768,0.5965940356254578,4.134462356567383,15.904858589172363,97.32586669921875,8.573627471923828,12.208518028259277,5.514482021331787,-0.5499842166900635,-1.6609954833984375,0.413143128156662,8.579833984375,12.12873649597168,5.514322757720947
973,0.6839718818664551,0.5696327090263367,4.957479000091553,24.196361541748047,280.66607666015625,21.152080535888672,11.328611373901367,3.1170425415039062,-1.334293007850647,0.06477682292461395,-0.10338247567415237,21.168838500976562,11.360025405883789,3.1240172386169434
974,0.6114566922187805,0.572811484336853,4.899848461151123,27.721555709838867,284.70086669921875,26.454343795776367,7.286486625671387,3.944540023803711,-0.3066595792770386,0.31855955719947815,0.09576427936553955,26.52635383605957,7.2998247146606445,3.9543774127960205
975,0.6902116537094116,0.5558651685714722,3.5554323196411133,11.411154747009277,86.83209991455078,4.91697359085083,10.10843276977539,1.9640270471572876,-0.4688774645328522,-0.15645210444927216,-0.24588574469089508,4.908218860626221,10.135415077209473,1.954009771347046
976,0.656913697719574,0.5654222965240479,4.664003849029541,17.59012222290039,148.09304809570312,13.400693893432617,10.697991371154785,3.9225940704345703,-0.10554993152618408,-1.273795247077942,0.17283610999584198,13.437657356262207,10.651515007019043,3.929716110229492
977,0.6633399128913879,0.5768396258354187,2.7738468647003174,9.69882583618164,74.83868408203125,4.024158954620361,8.28918170928955,3.02701473236084,-0.9153539538383484,-0.06733793020248413,-0.2261904627084732,3.9296014308929443,8.312030792236328,3.0269718170166016
978,0.610828161239624,0.5816740393638611,4.448033332824707,16.50099754333496,111.4771499633789,8.783159255981445,13.1481294631958,4.718650817871094,-0.18325211107730865,-2.185035228729248,0.6081534028053284,8.805742263793945,13.001462936401367,4.692348957061768
979,0.6351306438446045,0.5856184959411621,4.325369834899902,16.11985206604004,132.25714111328125,9.688652038574219,12.040655136108398,4.582821846008301,-1.124295711517334,0.017926661297678947,-0.14512652158737183,9.650040626525879,12.07422924041748,4.5933003425598145
980,0.5577305555343628,0.5915445685386658,2.9786369800567627,12.552213668823242,104.36247253417969,5.364831447601318,10.16182804107666,5.051131725311279,0.17818234860897064,-0.7099441885948181,0.3398069739341736,5.376827716827393,10.165273666381836,5.053746223449707
981,0.6689804196357727,0.5588222146034241,4.0514044761657715,16.571027755737305,128.84405517578125,13.877314567565918,8.248619079589844,3.738905906677246,-1.689877986907959,0.5573968291282654,-0.14136862754821777,13.812459945678711,8.252720832824707,3.7466540336608887
982,0.6471052169799805,0.5598898530006409,3.7473342418670654,15.599760055541992,122.0831527709961,9.654352188110352,11.127519607543945,5.130722999572754,-1.0263251066207886,-0.15300339460372925,0.06807918846607208,9.626421928405762,11.157503128051758,5.1445817947387695
983,0.6340405941009521,0.5925061106681824,3.1712634563446045,11.146286010742188,104.7271499633789,4.105381011962891,10.088106155395508,2.369737386703491,-0.48747238516807556,-1.2153239250183105,0.1447238177061081,4.08770751953125,10.042567253112793,2.3719120025634766
984,0.6916824579238892,0.5573782920837402,3.7833263874053955,14.9092435836792,114.29788970947266,5.597524166107178,13.111183166503906,4.364645957946777,-0.6528906226158142,-1.9656410217285156,0.4302741587162018,5.574824810028076,12.999159812927246,4.355501174926758
985,0.6058594584465027,0.5776500701904297,4.3416829109191895,16.190977096557617,129.9216766357422,9.404865264892578,13.07008171081543,1.6938738822937012,1.2801417112350464,-0.21973657608032227,0.07547628879547119,9.343324661254883,13.104686737060547,1.6969116926193237
986,0.6988842487335205,0.5690457820892334,2.0475268363952637,7.526417255401611,62.08392333984375,4.895782947540283,4.737178325653076,3.1995954513549805,0.18284526467323303,-0.34526926279067993,-0.18220554292201996,4.906013488769531,4.737757205963135,3.2033133506774902
987,0.5947670340538025,0.5720046162605286,3.164926528930664,14.319737434387207,148.35195922851562,10.414773941040039,8.968522071838379,4.019073486328125,-0.6749038100242615,-0.13777057826519012,-0.031646136194467545,10.421873092651367,8.992478370666504,4.030158996582031
988,0.7186739444732666,0.5336709022521973,3.4128568172454834,12.163015365600586,90.96411895751953,8.270951271057129,7.677369594573975,4.537436008453369,-1.2755147218704224,-0.6918207406997681,0.43585383892059326,8.194801330566406,7.667463779449463,4.529051780700684
989,0.661741316318512,0.539065420627594,3.0779683589935303,13.16110610961914,107.1732177734375,9.910855293273926,8.366351127624512,2.2346901893615723,-1.3977441787719727,-0.4221811294555664,0.15081508457660675,9.839165687561035,8.378999710083008,2.235814332962036
990,0.7294782996177673,0.5555840134620667,5.990708351135254,22.284893035888672,150.12681579589844,15.033303260803223,15.648011207580566,5.0750322341918945,0.7894161939620972,-0.707863986492157,0.1055394634604454,15.054438591003418,15.6755952835083,5.088087558746338
991,0.6512389183044434,0.5412806868553162,4.609279155731201,17.153657913208008,122.14083099365234,12.736213684082031,10.31674575805664,5.059803485870361,-0.9812451004981995,-0.415983110666275,0.44266045093536377,12.733778953552246,10.337109565734863,5.054462432861328
992,0.7336018681526184,0.5509455800056458,4.845223903656006,19.542125701904297,135.1249542236328,12.985173225402832,13.984110832214355,4.210057258605957,-1.5193150043487549,-1.9474316835403442,0.3580062985420227,12.931955337524414,13.886474609375,4.206509590148926
993,0.679100513458252,0.574116587638855,4.965342044830322,21.397504806518555,188.99636840820312,17.628917694091797,11.513113975524902,3.8108673095703125,1.6533989906311035,-0.5590988397598267,0.3353026807308197,17.600168228149414,11.531607627868652,3.8066766262054443
994,0.6830309629440308,0.5510492920875549,4.664997100830078,13.552290916442871,72.39900207519531,7.878358840942383,10.340826988220215,3.829272747039795,0.0042472416535019875,0.3749885559082031,-0.2820197343826294,7.900333404541016,10.362852096557617,3.8295257091522217
995,0.7426031827926636,0.5460335612297058,3.9244577884674072,14.507308006286621,96.01762390136719,8.777680397033691,11.045656204223633,3.3775432109832764,-0.28913357853889465,-0.8789126873016357,0.0625624880194664,8.797388076782227,11.041345596313477,3.386383533477783
996,0.7271588444709778,0.5548194050788879,2.898501396179199,13.028789520263672,124.45970916748047,9.8912935256958,7.871760845184326,3.1538960933685303,0.031997427344322205,-0.3773435950279236,0.27519723773002625,9.918832778930664,7.8846435546875,3.1506307125091553
997,0.6168856620788574,0.5503399968147278,3.4211673736572266,12.527233123779297,108.75979614257812,7.829093933105469,9.513108253479004,2.2666380405426025,-0.24517430365085602,0.8226162791252136,-0.3296539783477783,7.847081661224365,9.503911018371582,2.248793125152588
998,0.676567018032074,0.5493753552436829,2.7544617652893066,12.321249008178711,123.95430755615234,9.194369316101074,7.938901901245117,2.061692714691162,0.6015447974205017,0.7748146057128906,-0.08069466799497604,9.200263023376465,7.923040390014648,2.065859317779541
999,0.6121755242347717,0.5808155536651611,3.18544864654541,11.884767532348633,82.56315612792969,9.158246994018555,6.661677837371826,3.6050336360931396,0.18863894045352936,0.18629859387874603,-0.19156746566295624,9.181844711303711,6.677647113800049,3.6099817752838135
1000,0.667755663394928,0.5924034118652344,3.5328245162963867,18.300451278686523,208.2415313720703,16.99175262451172,6.4686760902404785,2.0840063095092773,0.5872763991355896,0.30391472578048706,-0.030904071405529976,17.028968811035156,6.479556560516357,2.0895895957946777
1001,0.6431131362915039,0.5496440529823303,4.51148796081543,16.840330123901367,121.42681884765625,14.606635093688965,6.932995796203613,4.709196090698242,0.449815958738327,1.1073094606399536,-0.4444972574710846,14.640432357788086,6.8630876541137695,4.7012481689453125
1002,0.5874455571174622,0.5844360589981079,5.986352920532227,23.121315002441406,154.90499877929688,17.628644943237305,14.296257972717285,4.409433364868164,-0.08689643442630768,-2.172806739807129,0.44570687413215637,17.677602767944336,14.169591903686523,4.399085998535156
1003,0.6896868944168091,0.5886867046356201,5.112194061279297,17.63252067565918,114.27206420898438,12.02959156036377,12.446869850158691,3.357111930847168,-1.1331514120101929,-0.9702385067939758,0.26763859391212463,12.009509086608887,12.443610191345215,3.3557608127593994
1004,0.5885509848594666,0.5927071571350098,2.673954486846924,11.236260414123535,93.47632598876953,6.992496967315674,8.356058120727539,2.744964122772217,-0.055162906646728516,0.8615890741348267,-0.11969234049320221,7.011783123016357,8.334705352783203,2.750002861022949
1005,0.6511463522911072,0.5694995522499084,2.120875358581543,6.3581695556640625,44.22869873046875,4.66672420501709,3.061541795730591,3.0454840660095215,-0.5237545967102051,0.32351812720298767,-0.16631226241588593,4.650175094604492,3.0528926849365234,3.049422025680542
1006,0.5968940258026123,0.588996171951294,2.74395489692688,10.351606369018555,96.62782287597656,7.7082133293151855,6.733802318572998,1.5476170778274536,0.3484628200531006,0.2800998389720917,-0.059820834547281265,7.7218122482299805,6.74674129486084,1.5507742166519165
1007,0.6862063407897949,0.5725752115249634,4.682358264923096,14.359071731567383,96.42169952392578,8.494348526000977,11.16203784942627,3.072119951248169,-0.42620131373405457,-1.0840468406677246,0.36418530344963074,8.50731372833252,11.140259742736816,3.0589663982391357
1008,0.6390725374221802,0.5825871229171753,2.9914450645446777,12.798762321472168,104.4110336303711,8.402298927307129,8.976242065429688,3.5548248291015625,-0.6860401034355164,0.17794032394886017,0.08762145787477493,8.397604942321777,8.99951171875,3.563657522201538
1009,0.6591340899467468,0.5659076571464539,2.4408318996429443,8.835206985473633,85.8329849243164,4.679433345794678,7.061892032623291,2.5086779594421387,-1.1439557075500488,-0.2638687491416931,0.025578128173947334,4.550107479095459,7.076645374298096,2.5155446529388428
1010,0.6274637579917908,0.5640566945075989,5.217489242553711,21.636606216430664,209.39926147460938,19.120075225830078,9.485363960266113,3.5486936569213867,2.8380773067474365,-0.5462644696235657,0.40542352199554443,18.96101188659668,9.4960355758667,3.535292387008667
1011,0.6562272310256958,0.5613048672676086,4.163846492767334,15.439925193786621,119.25753021240234,11.381865501403809,9.264890670776367,4.79647970199585,-1.913774013519287,-0.07434957474470139,0.39581096172332764,11.251115798950195,9.290434837341309,4.793453216552734
1012,0.6316364407539368,0.5786907076835632,4.115153789520264,15.98173999786377,114.37467193603516,11.190153121948242,10.955831527709961,3.1884586811065674,1.640465497970581,-0.7620362639427185,-0.07492779940366745,11.100131034851074,10.959782600402832,3.1964690685272217
1013,0.6378859877586365,0.5870615243911743,4.241355895996094,15.927708625793457,109.94764709472656,6.77263879776001,13.802041053771973,4.16256046295166,-0.4565327763557434,0.4685985743999481,-0.1286311149597168,6.776082992553711,13.832561492919922,4.172178268432617
1014,0.6221627593040466,0.6011906862258911,3.328876495361328,12.941404342651367,87.70926666259766,8.511616706848145,8.913500785827637,3.947380781173706,-0.4995557367801666,-1.0352799892425537,0.19525864720344543,8.520645141601562,8.87786865234375,3.953545570373535
1015,0.6399977207183838,0.5850257873535156,5.066921710968018,17.598506927490234,99.46210479736328,12.95358943939209,11.35763168334961,3.593916893005371,0.397621750831604,0.13961325585842133,-0.15530751645565033,12.983600616455078,11.388452529907227,3.6005754470825195
1016,0.688094437122345,0.5751625895500183,2.7119522094726562,10.346437454223633,76.16302490234375,7.2897772789001465,6.627630710601807,3.159497022628784,0.7861213684082031,-0.4184945821762085,0.3255452811717987,7.267481327056885,6.63285493850708,3.151446580886841
1017,0.622210681438446,0.5673016905784607,3.995072603225708,16.195789337158203,105.99761962890625,10.044339179992676,12.342366218566895,3.0134496688842773,0.27884480357170105,1.1409281492233276,-0.41404086351394653,10.068474769592285,12.323799133300781,2.9931960105895996
1018,0.6533597707748413,0.5822029709815979,3.24178409576416,12.268779754638672,75.44017791748047,8.103545188903809,8.745550155639648,2.893245220184326,0.5303546190261841,-0.15721873939037323,0.04300878569483757,8.108726501464844,8.768527030944824,2.9009950160980225
1019,0.7276172637939453,0.6106976866722107,3.8142642974853516,13.790630340576172,108.6619644165039,10.58314323425293,8.404474258422852,2.7465195655822754,-0.21844284236431122,0.717914342880249,-0.10125192254781723,10.610404014587402,8.397113800048828,2.7523086071014404
1020,0.6456499695777893,0.5797666311264038,4.472035884857178,17.317935943603516,149.850341796875,13.863033294677734,9.355725288391113,4.494180202484131,0.5261406898498535,-1.212984561920166,0.5372917652130127,13.89168643951416,9.30263614654541,4.474393367767334
1021,0.6394838094711304,0.5745971202850342,3.7357728481292725,14.51473331451416,110.55316925048828,8.57257080078125,11.16502571105957,3.539872884750366,0.25525325536727905,0.7556356191635132,-0.1979474425315857,8.592672348022461,11.170498847961426,3.5441925525665283
1022,0.7027764916419983,0.566126823425293,3.4489686489105225,15.276827812194824,154.5629119873047,12.88676929473877,6.961305141448975,4.341985702514648,0.17079788446426392,-0.4328899383544922,0.4830315113067627,12.92158031463623,6.967212677001953,4.327071189880371
1023,0.6896771788597107,0.5377838015556335,4.4049153327941895,16.507469177246094,110.87675476074219,8.421497344970703,13.6622953414917,3.8622000217437744,0.37396860122680664,-0.7588892579078674,0.041441213339567184,8.436656951904297,13.679254531860352,3.8727500438690186
1024,0.7085210084915161,0.5571466088294983,4.3293304443359375,16.96784210205078,113.8274917602539,10.01414680480957,13.36707878112793,2.990938425064087,0.9671298861503601,-1.0433169603347778,0.34681186079978943,9.995139122009277,13.363472938537598,2.9790499210357666
1025,0.7411177754402161,0.5529932379722595,3.786227226257324,14.522786140441895,94.08077239990234,6.824957847595215,12.077677726745605,4.296621799468994,0.25980234146118164,-0.5549532175064087,0.23387625813484192,6.839034557342529,12.098575592041016,4.302219390869141
1026,0.6310886144638062,0.5660120844841003,6.546045303344727,21.680980682373047,122.0357437133789,17.28404426574707,12.023332595825195,5.173615455627441,-2.4159038066864014,-1.1637059450149536,0.4037424921989441,17.162105560302734,12.000264167785645,5.172225475311279
1027,0.7732725143432617,0.5548164248466492,6.521002292633057,21.33322525024414,140.7091064453125,15.963593482971191,13.048089027404785,5.478822708129883,1.0793110132217407,0.2237585484981537,-0.23151050508022308,15.971491813659668,13.082562446594238,5.489198684692383
1028,0.7094029784202576,0.5447105765342712,4.03651762008667,15.356335639953613,112.97122192382812,10.114373207092285,11.046194076538086,3.3908815383911133,0.3949066400527954,-1.2854056358337402,0.19227690994739532,10.134852409362793,11.001753807067871,3.394869327545166
1029,0.6882491707801819,0.5840172171592712,3.9299235343933105,15.36721134185791,142.4463653564453,12.012628555297852,9.06422233581543,3.112515449523926,-0.1574862003326416,0.6786311864852905,-0.2525094449520111,12.0451021194458,9.063996315002441,3.1109094619750977
1030,0.6543370485305786,0.5883843302726746,3.003817558288574,11.982998847961426,71.65396881103516,7.239816188812256,8.889116287231445,3.4872562885284424,0.6973229646682739,0.13458222150802612,0.13827095925807953,7.226255893707275,8.91288948059082,3.4942336082458496
1031,0.7510091662406921,0.5992416143417358,4.627671241760254,18.958019256591797,174.60891723632812,13.369702339172363,12.665471076965332,4.499262809753418,-0.5726045370101929,0.31150132417678833,-0.20429734885692596,13.394696235656738,12.696958541870117,4.50715970993042
1032,0.5865806341171265,0.5873640775680542,2.9731028079986572,12.269621849060059,95.68306732177734,9.382342338562012,7.604979515075684,2.16322922706604,-0.2734207212924957,0.20965273678302765,-0.10130075365304947,9.40451717376709,7.623294830322266,2.166883707046509
1033,0.6392084360122681,0.586216151714325,5.952888011932373,20.770904541015625,152.048583984375,14.17979907989502,14.142247200012207,5.510042667388916,1.0054473876953125,-2.5734846591949463,0.7448052763938904,14.183560371398926,13.944914817810059,5.474700450897217
1034,0.693794846534729,0.5957857370376587,4.906641006469727,19.839807510375977,146.66770935058594,14.064285278320312,13.155510902404785,4.769320011138916,1.2656102180480957,-2.105833053588867,0.6775273084640503,14.046297073364258,13.022096633911133,4.734118461608887
1035,0.692910373210907,0.5385623574256897,3.4157023429870605,15.16801929473877,158.70681762695312,9.38742733001709,11.206439971923828,4.044838905334473,0.696357786655426,-0.5096727609634399,-0.02016706019639969,9.387677192687988,11.22607135772705,4.056070804595947
1036,0.780637264251709,0.5609686374664307,4.9323201179504395,16.277711868286133,115.77400970458984,12.011240005493164,10.392122268676758,3.5633997917175293,0.3628476560115814,-1.4513828754425049,0.5508154034614563,12.039246559143066,10.318975448608398,3.530390977859497
1037,0.6857947111129761,0.5639979839324951,4.718984603881836,17.253498077392578,115.68673706054688,8.979740142822266,13.449721336364746,6.012688636779785,0.30554699897766113,0.4646550714969635,-0.05126556009054184,8.999574661254883,13.47918701171875,6.02924108505249
1038,0.7644005417823792,0.5659947991371155,3.4830756187438965,12.116621971130371,100.42352294921875,8.059775352478027,8.454656600952148,3.220454454421997,-0.1559724658727646,0.8018703460693359,-0.06296014040708542,8.080743789672852,8.440021514892578,3.228820562362671
1039,0.6218870878219604,0.6012154817581177,2.923121452331543,10.608168601989746,86.09477996826172,7.267445087432861,7.4331793785095215,2.1131322383880615,0.8268964290618896,-0.328765332698822,0.07104235142469406,7.240388870239258,7.446619033813477,2.117828845977783
1040,0.6910445094108582,0.5667389035224915,5.033566951751709,16.284780502319336,109.27191925048828,13.337450981140137,8.8927640914917,2.8679699897766113,-1.6410332918167114,0.07429133355617523,-0.039716653525829315,13.273030281066895,8.917258262634277,2.8756940364837646
1041,0.6830058097839355,0.5475510954856873,5.556723594665527,21.30674934387207,150.8104248046875,15.974599838256836,13.701184272766113,3.3267533779144287,2.4330291748046875,-1.2489618062973022,0.04804220423102379,15.832269668579102,13.682199478149414,3.3356850147247314
1042,0.7204390168190002,0.5325340628623962,4.290167331695557,15.351223945617676,126.13351440429688,7.703363418579102,12.865053176879883,3.2876551151275635,-0.3252270817756653,0.034988656640052795,-0.3433668315410614,7.717963218688965,12.900891304016113,3.2787952423095703
1043,0.6456513404846191,0.5802968144416809,6.373507499694824,20.560184478759766,141.53614807128906,17.018325805664062,10.825176239013672,3.9891557693481445,0.7794514894485474,0.14787225425243378,0.02556316740810871,17.04788589477539,10.854358673095703,4.000201225280762
1044,0.6594178676605225,0.5591458082199097,5.256206512451172,17.108684539794922,104.75483703613281,11.764451026916504,11.787036895751953,3.9205305576324463,-0.19372546672821045,-0.031390488147735596,-0.062780000269413,11.795665740966797,11.819873809814453,3.9309628009796143
1045,0.6745035648345947,0.5646814703941345,6.475752830505371,18.52711296081543,100.9502182006836,12.582319259643555,12.658227920532227,4.970756530761719,-0.37058207392692566,-2.0066776275634766,0.46701642870903015,12.611942291259766,12.533020973205566,4.962573528289795
1046,0.6893399357795715,0.56490558385849,6.717284679412842,18.40715789794922,111.5656509399414,13.529829978942871,12.097098350524902,3.0704033374786377,1.104152798652649,0.6113179326057434,-0.031035371124744415,13.52231502532959,12.11534309387207,3.078810453414917
1047,0.6486985683441162,0.5668373107910156,6.9114179611206055,19.855785369873047,118.70345306396484,12.032940864562988,15.00062084197998,4.943877220153809,-0.8227087259292603,-0.8271586298942566,-0.23969870805740356,12.038269996643066,15.019576072692871,4.951836585998535
1048,0.6449621915817261,0.5884085297584534,4.590230941772461,16.225027084350586,109.7723388671875,13.590255737304688,8.262595176696777,3.2071731090545654,0.6613898873329163,-0.1856258511543274,-0.12026994675397873,13.612017631530762,8.283552169799805,3.2138569355010986
1049,0.6190574169158936,0.6135461330413818,4.316624164581299,14.42894172668457,114.42433166503906,10.82114315032959,9.182611465454102,2.603243350982666,0.8902466297149658,-1.7337640523910522,0.02788485959172249,10.814542770385742,9.042603492736816,2.6103553771972656
1050,0.6346072554588318,0.5913837552070618,6.152726173400879,18.733596801757812,118.64009857177734,11.546773910522461,14.242608070373535,3.8428807258605957,-2.7799875736236572,2.464935064315796,-0.7938465476036072,11.238386154174805,14.066814422607422,3.770479917526245
1051,0.566726565361023,0.5919448137283325,6.956502437591553,18.09101104736328,102.98191833496094,12.727194786071777,11.630436897277832,5.48052453994751,-0.19020462036132812,-2.3709256649017334,0.8501204252243042,12.761269569396973,11.417969703674316,5.429291725158691
1052,0.5891807079315186,0.5701739192008972,7.655245304107666,19.921886444091797,104.26268005371094,14.284977912902832,12.752647399902344,5.494622707366943,0.3056918680667877,-0.5475077629089355,0.40528297424316406,14.321542739868164,12.776429176330566,5.494940280914307
1053,0.5820450186729431,0.5928531289100647,6.574272632598877,18.17725372314453,105.58880615234375,14.654525756835938,10.324628829956055,3.0098979473114014,0.8995971083641052,-1.415661334991455,0.21461805701255798,14.66768741607666,10.25564193725586,3.010611057281494
1054,0.6775974035263062,0.5888118147850037,6.920433521270752,22.1055965423584,133.01101684570312,17.093647003173828,13.486869812011719,3.8169357776641846,1.9694570302963257,-0.6945464015007019,0.32383477687835693,17.02717399597168,13.506543159484863,3.813782215118408
1055,0.7327306270599365,0.514832615852356,8.274892807006836,20.802188873291016,154.1735382080078,13.889324188232422,14.414374351501465,5.660705089569092,-1.0593339204788208,-2.3571784496307373,0.5810906291007996,13.887496948242188,14.260000228881836,5.646507740020752
1056,0.648093581199646,0.5833413600921631,7.735592365264893,22.407428741455078,152.2313690185547,15.47430419921875,15.104904174804688,5.8720316886901855,-0.78969407081604,1.7599908113479614,-0.4978911578655243,15.497247695922852,15.043864250183105,5.8672051429748535
1057,0.6381955742835999,0.5667402148246765,9.446194648742676,24.76201820373535,147.21803283691406,17.94530487060547,16.235475540161133,5.247182369232178,0.7213383913040161,-3.1928770542144775,0.6706833839416504,17.980819702148438,15.9628267288208,5.2186598777771
1058,0.6673288345336914,0.5194066166877747,16.292896270751953,39.397159576416016,315.1536560058594,32.30868911743164,21.278322219848633,7.451025485992432,-0.8763467669487,2.2758283615112305,0.09654441475868225,32.38689041137695,21.215280532836914,7.471182346343994
1059,0.7692568302154541,0.48337462544441223,12.779566764831543,27.022634506225586,110.86766815185547,18.968786239624023,17.764680862426758,7.404324531555176,-2.3496878147125244,0.5441060662269592,-0.7859936356544495,18.87519645690918,17.805875778198242,7.383025169372559
1060,0.7049149870872498,0.5532445907592773,8.436673164367676,21.930912017822266,93.30921173095703,14.781453132629395,15.257979393005371,5.446794509887695,-0.7257822751998901,1.153689980506897,-0.13273777067661285,14.804805755615234,15.256739616394043,5.460365295410156
1061,0.6818869709968567,0.53742915391922,9.536336898803711,27.96473503112793,191.9119415283203,24.835994720458984,11.889547348022461,4.882460117340088,-0.6508895754814148,-1.8188836574554443,0.6175960898399353,24.896717071533203,11.782369613647461,4.856751441955566
1062,0.7308880090713501,0.5225996971130371,10.67654800415039,25.570215225219727,117.8322982788086,20.755752563476562,14.208246231079102,4.600033760070801,-3.6190879344940186,2.971978187561035,-0.7931724190711975,20.49480628967285,13.932696342468262,4.543774604797363
1063,0.7012973427772522,0.5451119542121887,13.474380493164062,45.25340270996094,314.2733459472656,39.58644485473633,21.440391540527344,4.592726230621338,8.73599624633789,1.1053935289382935,0.12236291170120239,38.718177795410156,21.471603393554688,4.603902339935303
1064,0.6800912618637085,0.5081784725189209,9.348567008972168,23.802139282226562,135.6501922607422,21.316816329956055,9.989642143249512,3.513157844543457,1.816709280014038,-0.4566096067428589,0.2816493809223175,21.298507690429688,10.007037162780762,3.51161789894104
1065,0.6105713248252869,0.5488623380661011,14.095317840576172,37.23666763305664,298.1640319824219,31.978870391845703,18.3002986907959,5.387027263641357,-3.043148994445801,0.9294961094856262,-0.21866577863693237,31.922544479370117,18.327659606933594,5.397602081298828
1066,0.7759950160980225,0.45411500334739685,15.807671546936035,35.645626068115234,162.47100830078125,30.268159866333008,17.198680877685547,7.658626556396484,-2.32358717918396,0.6081123352050781,0.27748551964759827,30.263023376464844,17.235870361328125,7.6749467849731445
1067,0.898503839969635,0.41608136892318726,12.149208068847656,26.873994827270508,122.7080307006836,20.953256607055664,15.957440376281738,5.3416056632995605,-1.7539873123168945,-1.4378268718719482,-0.17449554800987244,20.937957763671875,15.93686294555664,5.353646755218506
1068,0.5530579686164856,0.5264256000518799,3.1569981575012207,11.80040454864502,79.65492248535156,9.53205680847168,5.892458915710449,3.697077989578247,-0.7151253819465637,0.47684475779533386,-0.4254882037639618,9.531706809997559,5.889515399932861,3.682756185531616
1069,0.6429511904716492,0.5787968039512634,3.2129464149475098,10.578971862792969,80.96256256103516,8.999370574951172,4.959281921386719,2.5162479877471924,-0.022369321435689926,0.1716492474079132,-0.14782121777534485,9.024445533752441,4.970135688781738,2.518908977508545
1070,0.6285467743873596,0.5600575804710388,3.759373426437378,12.489361763000488,90.34761810302734,10.405753135681152,6.03778600692749,3.3540425300598145,0.24434906244277954,-0.5410785675048828,0.44402027130126953,10.431901931762695,6.030266761779785,3.3337955474853516
1071,0.7680559158325195,0.47056496143341064,9.578339576721191,21.723724365234375,120.298828125,17.278135299682617,11.102302551269531,7.079911708831787,-1.7323660850524902,-0.01626669615507126,-0.9439790844917297,17.23902130126953,11.133259773254395,7.036270618438721
1072,0.6874686479568481,0.5484582185745239,6.672123908996582,26.509119033813477,264.5565490722656,15.858128547668457,19.855289459228516,7.551209926605225,-1.999619722366333,-0.5087983012199402,0.31624653935432434,15.775433540344238,19.90413475036621,7.565629482269287
1073,0.7016004920005798,0.5439624786376953,10.391979217529297,33.655860900878906,265.1607666015625,22.09418487548828,23.853002548217773,8.694708824157715,-3.9606435298919678,-2.6991662979125977,0.4600732624530792,21.796924591064453,23.765901565551758,8.706748008728027
1074,0.6388357877731323,0.5456250309944153,4.204825401306152,13.781316757202148,89.44084167480469,10.3779296875,8.252657890319824,3.757248640060425,0.26462000608444214,-0.10633576661348343,0.2579007148742676,10.403494834899902,8.274991035461426,3.758842706680298
1075,0.6965151429176331,0.5560823678970337,5.0550761222839355,22.893367767333984,262.13433837890625,14.862738609313965,16.39042091369629,5.878716945648193,-0.8358880877494812,-0.5617808103561401,0.4381723403930664,14.880607604980469,16.426483154296875,5.87871789932251
1076,0.8744043111801147,0.43051669001579285,12.286273002624512,30.26913833618164,234.76451110839844,20.49617576599121,20.110597610473633,9.5755615234375,0.537132978439331,-2.682023763656616,0.0513533279299736,20.546287536621094,19.98654556274414,9.602133750915527
1077,0.8237997889518738,0.505573570728302,8.728802680969238,33.66165542602539,344.6225891113281,28.054166793823242,17.596342086791992,6.036520481109619,-2.709287643432617,-1.7918559312820435,0.05168278515338898,28.000926971435547,17.55369758605957,6.053137302398682
1078,1.0660912990570068,0.3953092098236084,18.820409774780273,41.19519805908203,337.4302062988281,35.91680908203125,17.837547302246094,9.425993919372559,-2.4014744758605957,-0.6145948171615601,0.396020770072937,35.936397552490234,17.87668228149414,9.443941116333008
1079,0.9527261257171631,0.4945318102836609,20.314529418945312,48.4423828125,276.12579345703125,33.43181228637695,34.467838287353516,6.3989644050598145,-1.698979377746582,-2.828429937362671,0.5870868563652039,33.481746673583984,34.44741439819336,6.389750003814697
1080,0.8337778449058533,0.47087007761001587,15.581721305847168,37.26487350463867,250.67718505859375,24.401342391967773,26.448427200317383,9.681225776672363,-2.585505962371826,-3.010836601257324,0.22375798225402832,24.331661224365234,26.34979248046875,9.705636978149414
1081,0.8474990725517273,0.5124858021736145,14.423416137695312,44.2365837097168,280.8982238769531,19.370073318481445,38.125606536865234,11.318733215332031,-0.09916182607412338,-2.5780768394470215,-0.1875096708536148,19.42384910583496,38.144447326660156,11.348747253417969
1082,0.703933835029602,0.5163187384605408,10.389801025390625,33.351356506347656,273.87017822265625,18.981449127197266,26.502525329589844,7.045124053955078,-1.319888710975647,-2.618191957473755,0.706897497177124,18.988325119018555,26.446447372436523,7.0291218757629395
1083,0.7293930649757385,0.5400211215019226,9.894797325134277,27.91477394104004,188.33404541015625,16.55451202392578,21.832416534423828,5.341179370880127,0.12444809824228287,-1.0458358526229858,-0.18323034048080444,16.600221633911133,21.868183135986328,5.3529253005981445
1084,0.690873920917511,0.528894305229187,9.72397232055664,24.700254440307617,173.8546600341797,14.44676685333252,19.20028305053711,5.722126007080078,0.8730158805847168,-2.4808361530303955,0.34455856680870056,14.460588455200195,19.092443466186523,5.72767448425293
1085,0.7129129767417908,0.5124716758728027,10.99457836151123,30.908597946166992,195.44186401367188,17.345842361450195,24.708833694458008,6.628490924835205,-1.4927444458007812,-0.23116165399551392,-0.07191309332847595,17.329696655273438,24.776670455932617,6.646589279174805
1086,0.7758371233940125,0.5064823627471924,9.122039794921875,23.26841163635254,153.1758270263672,14.469369888305664,17.016263961791992,6.519433498382568,-1.2172141075134277,0.3031719923019409,-0.3630888760089874,14.458297729492188,17.061019897460938,6.527472019195557
1087,0.8901464343070984,0.4870643615722656,10.987967491149902,25.637147903442383,160.82504272460938,15.879878044128418,19.023937225341797,6.571350574493408,1.9928327798843384,-0.2142396718263626,0.4136534035205841,15.798282623291016,19.07579231262207,6.5766119956970215
1088,0.8641267418861389,0.46667683124542236,9.10161304473877,20.874418258666992,109.76815795898438,17.046438217163086,11.628105163574219,3.1539695262908936,0.4136490821838379,0.12622933089733124,0.16772234439849854,17.088953018188477,11.6598539352417,3.158291816711426
1089,0.9352844953536987,0.4879896640777588,9.836775779724121,21.45011329650879,105.64411163330078,14.846505165100098,14.498244285583496,5.4304304122924805,2.267225980758667,-1.944888710975647,-0.4928646981716156,14.713296890258789,14.407278060913086,5.423102378845215
1090,0.9333387017250061,0.4837757349014282,10.748762130737305,26.492183685302734,210.1867218017578,15.643250465393066,20.52375602722168,5.991657257080078,-0.9643794894218445,-1.7734426259994507,0.13600264489650726,15.657048225402832,20.504026412963867,6.006822109222412
1091,0.7947283983230591,0.533431351184845,8.927722930908203,27.9642391204834,236.3841552734375,10.744038581848145,24.23286247253418,8.90689468383789,1.678742527961731,2.8850369453430176,-0.8384498953819275,10.641679763793945,24.12762451171875,8.892077445983887
1092,0.799472987651825,0.5324118733406067,8.174686431884766,27.582538604736328,238.8947296142578,16.30889129638672,20.619234085083008,8.346471786499023,-0.6809759140014648,-1.3586091995239258,0.32175445556640625,16.340120315551758,20.63181495666504,8.363532066345215
1093,0.777487576007843,0.5243192911148071,8.321789741516113,23.91349983215332,212.59918212890625,18.331710815429688,13.831507682800293,6.670324325561523,1.2567710876464844,0.30388638377189636,-0.6670712232589722,18.33959197998047,13.866741180419922,6.655398368835449
1094,0.8159794807434082,0.5386836528778076,6.1998610496521,17.56812286376953,119.29378509521484,11.152388572692871,12.669113159179688,4.874090671539307,1.0249249935150146,0.4781033396720886,0.1788892298936844,11.13616943359375,12.695402145385742,4.884393692016602
1095,0.7757845520973206,0.5207448601722717,7.609313011169434,25.28121566772461,240.91766357421875,17.85059356689453,17.282142639160156,4.671577453613281,0.10368700325489044,1.8822822570800781,-0.644673228263855,17.900083541870117,17.227251052856445,4.6397881507873535
1096,0.8244397640228271,0.5372281670570374,7.825377941131592,28.08796501159668,275.25567626953125,11.652942657470703,23.63477325439453,9.72318172454834,1.1187807321548462,-2.6891841888427734,0.48834094405174255,11.63146686553955,23.54678726196289,9.737998008728027
1097,0.8646630048751831,0.528759777545929,8.400772094726562,26.90096092224121,243.58566284179688,16.833297729492188,19.824289321899414,6.877456188201904,-0.7588273882865906,0.040433503687381744,0.18149062991142273,16.863094329833984,19.879545211791992,6.894237995147705
1098,0.7617084980010986,0.5457423329353333,7.377158164978027,24.004230499267578,225.33880615234375,13.597390174865723,19.584348678588867,2.7869882583618164,-1.7582685947418213,-1.9837528467178345,-0.15685506165027618,13.520842552185059,19.537967681884766,2.790332317352295
1099,0.7515313029289246,0.5515248775482178,4.664636135101318,16.977035522460938,160.16259765625,15.716984748840332,5.551610946655273,3.2211360931396484,1.0652295351028442,0.15654362738132477,-0.058139823377132416,15.724586486816406,5.564883232116699,3.2295947074890137
1100,0.807121992111206,0.529438853263855,4.782066822052002,14.317718505859375,87.21369171142578,9.2008695602417,10.571052551269531,2.9315390586853027,-0.2335636466741562,0.031493544578552246,-0.08802428096532822,9.22356128692627,10.600492477416992,2.9383904933929443
1101,0.7204527854919434,0.5591526031494141,6.090895175933838,16.72206687927246,104.24697875976562,13.493181228637695,9.16493034362793,3.683152198791504,-0.7458375692367554,0.3313841223716736,0.5843854546546936,13.5101318359375,9.18448543548584,3.646639823913574
1102,0.6729044914245605,0.5689935684204102,6.4154205322265625,22.29684066772461,183.3323516845703,11.646734237670898,17.495216369628906,7.444464206695557,-1.2068393230438232,-1.0078438520431519,-0.1297120302915573,11.616351127624512,17.514883041381836,7.464096546173096
1103,0.7093058824539185,0.5441761016845703,8.561882972717285,28.648103713989258,270.12994384765625,12.681856155395508,23.33301544189453,10.744988441467285,0.08048750460147858,-0.9499117732048035,0.4751700758934021,12.716974258422852,23.378704071044922,10.764419555664062
1104,0.7366208434104919,0.549786388874054,7.968535423278809,28.89326286315918,232.9826202392578,12.249102592468262,25.43690299987793,6.14362907409668,-1.6635733842849731,-1.7565524578094482,0.29761895537376404,12.169461250305176,25.44696617126465,6.153532981872559
1105,0.7496596574783325,0.5317013263702393,4.750030040740967,16.805612564086914,144.6864013671875,14.440682411193848,7.890267372131348,3.411597967147827,0.6860451102256775,1.0817018747329712,-0.14468559622764587,14.464612007141113,7.8375701904296875,3.4180359840393066
1106,0.8317131996154785,0.5230109691619873,4.975082874298096,14.167753219604492,106.96788024902344,10.759032249450684,8.024709701538086,4.535690784454346,-0.8165442943572998,-1.4866199493408203,0.2513989508152008,10.757926940917969,7.907802581787109,4.541350364685059
1107,0.7208186984062195,0.5802145600318909,5.044591903686523,18.534339904785156,157.82798767089844,14.340544700622559,11.031970977783203,4.020715713500977,-0.5056738257408142,-0.27689266204833984,0.37041983008384705,14.371603012084961,11.059257507324219,4.014784336090088
1108,0.7531696557998657,0.550547182559967,8.114778518676758,24.91779899597168,148.6205596923828,17.30291175842285,15.681472778320312,8.694670677185059,0.04945945739746094,-1.4546537399291992,-1.3609529733657837,17.351104736328125,15.657411575317383,8.6114501953125
1109,0.6317620873451233,0.5613206624984741,5.652193546295166,15.462566375732422,115.86514282226562,9.220539093017578,11.55221176147461,4.540816783905029,-1.029137372970581,0.04734683781862259,-0.3432886004447937,9.188486099243164,11.584338188171387,4.540451526641846
1110,0.7399762868881226,0.5555762052536011,8.02226734161377,30.803932189941406,208.2764892578125,20.297744750976562,21.14034652709961,9.485225677490234,-0.9882110953330994,-0.47763970494270325,-0.7444784641265869,20.330228805541992,21.19390106201172,9.482340812683105
1111,0.7393205165863037,0.5851233005523682,7.9657673835754395,27.4992733001709,209.63890075683594,19.76504135131836,17.387731552124023,7.951105117797852,-1.7570562362670898,-0.5639944076538086,0.5020083785057068,19.741703033447266,17.427059173583984,7.957376003265381
1112,0.6506202220916748,0.5590344071388245,7.402687072753906,23.635650634765625,222.5752716064453,10.687215805053711,20.195512771606445,6.04720401763916,-1.3998624086380005,-2.079589366912842,0.4298444986343384,10.624692916870117,20.144189834594727,6.048733234405518
1113,0.6931201219558716,0.5742005705833435,6.0909624099731445,23.912893295288086,194.29942321777344,7.167374610900879,22.456575393676758,4.019632339477539,-0.8081739544868469,-0.7779132723808289,0.20237982273101807,7.1415300369262695,22.505699157714844,4.025732517242432
1114,0.6897072792053223,0.5749594569206238,5.275346755981445,20.558231353759766,224.27462768554688,11.159514427185059,16.688053131103516,4.428879737854004,-1.8415791988372803,-0.795293390750885,0.3357798457145691,11.037215232849121,16.715587615966797,4.428450584411621
1115,0.6212432980537415,0.5769418478012085,6.634871482849121,20.242149353027344,190.44171142578125,9.164719581604004,17.50131607055664,4.410948753356934,-0.17731188237667084,-1.1555122137069702,-0.6111716032028198,9.188563346862793,17.511838912963867,4.380587577819824
1116,0.5577976703643799,0.5946343541145325,9.381019592285156,31.839815139770508,204.89134216308594,17.304079055786133,25.51435089111328,7.959936618804932,0.5953506827354431,-0.8836615085601807,-0.33663225173950195,17.342073440551758,25.57016944885254,7.974998950958252
1117,0.6474682688713074,0.6071842908859253,5.361894130706787,15.435806274414062,135.1196746826172,11.75860595703125,9.374249458312988,3.481778621673584,-0.7491475343704224,0.46667420864105225,-0.6456354260444641,11.767451286315918,9.388741493225098,3.4309375286102295
1118,0.6518281102180481,0.5574400424957275,11.331258773803711,37.25340270996094,243.3855438232422,20.404972076416016,28.96997833251953,11.497536659240723,0.6765282154083252,-2.8076324462890625,0.9862176179885864,20.450639724731445,28.91403579711914,11.487114906311035
1119,0.6528686285018921,0.6044387817382812,7.135142803192139,27.109107971191406,242.34877014160156,23.296504974365234,13.273419380187988,3.999101400375366,-2.9224209785461426,-0.4805475175380707,-0.41179877519607544,23.17694664001465,13.301718711853027,3.988938570022583
1120,0.5832456946372986,0.5717024207115173,7.084560871124268,22.59352684020996,157.814697265625,12.793883323669434,18.14434051513672,4.191295146942139,-0.9707751870155334,-1.6469228267669678,0.3263534605503082,12.792583465576172,18.119844436645508,4.190226078033447
1121,0.7077582478523254,0.5451903343200684,7.18701171875,23.397701263427734,185.3568115234375,15.877370834350586,16.51201057434082,4.766042709350586,-0.21078534424304962,0.32810088992118835,-0.1793253868818283,15.920255661010742,16.554798126220703,4.775952339172363
1122,0.6270217299461365,0.5454522967338562,9.990324974060059,33.808589935302734,225.9735565185547,15.572911262512207,28.064308166503906,10.62543773651123,0.19029580056667328,-3.9564359188079834,1.0347307920455933,15.615184783935547,27.861522674560547,10.604433059692383
1123,0.6544532775878906,0.5400354266166687,11.753103256225586,34.510169982910156,232.76397705078125,19.28818130493164,27.585704803466797,7.612278938293457,-1.158728003501892,-2.430431604385376,-0.6036447882652283,19.307050704956055,27.555076599121094,7.60947322845459
1124,0.6745032072067261,0.5423793196678162,5.489029884338379,16.99986457824707,134.48916625976562,10.536124229431152,12.592828750610352,4.4052414894104,0.40060460567474365,1.2175289392471313,-0.29296210408210754,10.557872772216797,12.568795204162598,4.407749652862549
1125,0.6703296899795532,0.5505027174949646,5.922524929046631,22.1734619140625,218.04251098632812,12.914981842041016,17.517662048339844,4.242308139801025,-2.30967116355896,-1.6616559028625488,-0.15692409873008728,12.742220878601074,17.48731803894043,4.251230239868164
1126,0.6913469433784485,0.5761383175849915,6.347776412963867,23.54951286315918,233.0207977294922,12.000889778137207,19.454803466796875,5.662938594818115,-0.9350782632827759,-1.368300437927246,-0.7686813473701477,11.997777938842773,19.460758209228516,5.626175880432129
1127,0.6521574854850769,0.5563169717788696,6.336602210998535,24.267963409423828,259.356201171875,21.483327865600586,10.67714786529541,3.660492420196533,-1.201746940612793,-0.3012455701828003,-0.0323525108397007,21.509521484375,10.702668190002441,3.6705596446990967
1128,0.6153114438056946,0.5285892486572266,7.0939507484436035,21.25212287902832,182.7208251953125,15.202887535095215,13.904029846191406,5.21564245223999,-0.31476151943206787,-1.3689429759979248,0.10469970852136612,15.242027282714844,13.875069618225098,5.229137420654297
1129,0.5997308492660522,0.5450872182846069,5.47357177734375,18.062877655029297,174.61866760253906,8.333136558532715,14.337170600891113,7.1604461669921875,0.13548865914344788,0.8993929624557495,-0.6972896456718445,8.355276107788086,14.348844528198242,7.146292209625244
1130,0.6274007558822632,0.5247635841369629,7.252824306488037,26.725404739379883,213.730712890625,11.38569164276123,23.023418426513672,7.384817123413086,0.8877277374267578,-3.002833366394043,1.2513447999954224,11.38269329071045,22.89042854309082,7.2983269691467285
1131,0.6183895468711853,0.5198512077331543,3.4715418815612793,10.0636625289917,61.243629455566406,5.4986252784729,6.648496627807617,5.180724620819092,-0.11384844779968262,-0.45730850100517273,-0.32577747106552124,5.512780666351318,6.651251316070557,5.18489408493042
1132,0.6814895868301392,0.5471160411834717,4.405941009521484,17.424968719482422,203.9595489501953,8.068279266357422,14.967385292053223,3.8091721534729004,6.976657459745184e-05,-0.7769054770469666,-0.43319928646087646,8.09078598022461,14.988901138305664,3.795015573501587
1133,0.6811143159866333,0.5602436065673828,8.339730262756348,29.9148006439209,242.77340698242188,13.89650821685791,25.649444580078125,6.6248250007629395,-1.181117057800293,-2.5905869007110596,0.718838632106781,13.884846687316895,25.589468002319336,6.604079723358154
1134,0.7162325382232666,0.5422149896621704,5.681925296783447,19.294353485107422,179.63943481445312,10.118014335632324,15.730508804321289,4.738038063049316,0.8117333650588989,-1.282907485961914,0.2619607448577881,10.113532066345215,15.72183895111084,4.7439866065979
1135,0.6758963465690613,0.5307233929634094,12.221254348754883,34.749603271484375,212.67172241210938,23.094974517822266,25.33821678161621,5.668501377105713,1.5287566184997559,-1.6884721517562866,-0.0015526135684922338,23.108600616455078,25.352418899536133,5.6843132972717285
1136,0.6430937647819519,0.555461585521698,6.423995018005371,21.751672744750977,232.19036865234375,5.844911575317383,19.124223709106445,8.557825088500977,0.9211178421974182,-0.03959282860159874,0.35263389348983765,5.7879743576049805,19.177528381347656,8.574407577514648
1137,0.768004834651947,0.5447647571563721,7.2536773681640625,27.58736801147461,260.4964294433594,11.451654434204102,24.6999454498291,4.453671455383301,0.8388454914093018,-3.216043472290039,-0.024592431262135506,11.452746391296387,24.557992935180664,4.466026782989502
1138,0.860963761806488,0.5082314610481262,7.9690656661987305,30.3245906829834,233.9415740966797,10.282989501953125,26.469736099243164,10.639261245727539,-0.514070451259613,-2.8575351238250732,0.8152722716331482,10.298778533935547,26.388442993164062,10.637567520141602
1139,0.7129080891609192,0.5373314619064331,9.212240219116211,32.63665771484375,223.7318115234375,17.386526107788086,26.439254760742188,7.9891133308410645,2.333958387374878,-1.3509187698364258,-0.155647411942482,17.277219772338867,26.47837257385254,8.009878158569336
1140,0.6674531102180481,0.5532976388931274,3.588892936706543,10.88860034942627,77.19808197021484,7.073759078979492,7.7266621589660645,2.970224142074585,0.9259045124053955,0.5890058279037476,-0.49756738543510437,7.032462120056152,7.725669860839844,2.9364194869995117
1141,0.7037378549575806,0.5346798300743103,6.702425479888916,20.237770080566406,186.34573364257812,10.263116836547852,15.653109550476074,7.695188999176025,0.1503330022096634,0.14902818202972412,-0.3768124282360077,10.290639877319336,15.696061134338379,7.7073974609375
1142,0.7226027250289917,0.5644640326499939,9.004182815551758,31.095870971679688,233.1370849609375,20.446063995361328,21.844453811645508,8.469449043273926,0.6125588417053223,0.15902557969093323,0.1819944679737091,20.4938907623291,21.90480613708496,8.491113662719727
1143,0.8020868897438049,0.5221974849700928,8.476822853088379,25.61180305480957,168.75794982910156,11.662590026855469,21.72855567932129,6.915077209472656,0.47151684761047363,2.399296760559082,-1.1521580219268799,11.685559272766113,21.655920028686523,6.837437152862549
1144,0.811568558216095,0.5249650478363037,7.448741436004639,26.373233795166016,242.94326782226562,9.330700874328613,22.98392677307129,8.956816673278809,1.051629900932312,-3.1639909744262695,0.5114954710006714,9.297109603881836,22.8286075592041,8.967143058776855
1145,0.7798315286636353,0.5272173285484314,6.250336647033691,24.787389755249023,224.02525329589844,9.969733238220215,22.15898895263672,4.8988118171691895,-0.5474134683609009,-0.18072499334812164,-0.025473076850175858,9.982460975646973,22.220060348510742,4.912410259246826
1146,0.7717232704162598,0.52408766746521,5.969758033752441,22.786930084228516,250.3261260986328,8.994941711425781,20.6676082611084,3.3444266319274902,1.3010079860687256,-0.7555457353591919,0.25713586807250977,8.925183296203613,20.71140480041504,3.3438282012939453
1147,0.7483693957328796,0.5602833032608032,7.747954368591309,28.37355613708496,254.04898071289062,19.966623306274414,19.03810691833496,6.628959655761719,-1.2703857421875,-1.4793494939804077,-0.22562719881534576,19.981748580932617,19.033489227294922,6.643598556518555
1148,0.7375107407569885,0.516452431678772,10.219961166381836,35.15437698364258,219.09744262695312,19.50890350341797,28.268598556518555,7.491279602050781,2.0827794075012207,-5.079773902893066,1.4678318500518799,19.451515197753906,27.88601303100586,7.366559982299805
1149,0.7649919390678406,0.5254848003387451,7.903377532958984,31.625736236572266,216.30479431152344,14.86136531829834,27.2740535736084,5.954249858856201,0.7113876342773438,-3.792360544204712,0.5367704629898071,14.885735511779785,27.084447860717773,5.946547031402588
1150,0.8560879826545715,0.4776127338409424,8.699789047241211,26.973979949951172,219.82188415527344,12.293739318847656,23.17403793334961,6.278817653656006,0.7225114107131958,-2.6146950721740723,0.2460828274488449,12.306722640991211,23.090288162231445,6.291494369506836
1151,0.7768863439559937,0.5363267660140991,5.480462551116943,23.870439529418945,190.66673278808594,12.371356010437012,20.117982864379883,3.466153621673584,-0.6304242014884949,-3.169400453567505,0.4226565957069397,12.38974666595459,19.922178268432617,3.4498844146728516
1152,0.8821843862533569,0.5154935121536255,3.156959056854248,14.972145080566406,182.860595703125,4.609819412231445,13.780481338500977,3.6073591709136963,0.13275358080863953,1.0655657052993774,-0.3466372787952423,4.620760917663574,13.777546882629395,3.600681781768799
1153,0.8241744637489319,0.4976356029510498,7.3945841789245605,31.85747718811035,243.65716552734375,8.059475898742676,30.1793155670166,6.257204532623291,0.825249433517456,-2.117769956588745,-0.34478166699409485,8.03947639465332,30.188892364501953,6.265125751495361
1154,0.8862324953079224,0.48800331354141235,3.9580013751983643,12.251184463500977,90.6858139038086,6.576868057250977,9.840298652648926,3.163045644760132,-0.019480949267745018,-0.37039101123809814,-0.20860520005226135,6.595184803009033,9.860754013061523,3.1649630069732666
1155,0.8247233629226685,0.5173414349555969,4.608013153076172,18.381925582885742,156.66207885742188,9.96690845489502,14.767496109008789,4.525149822235107,0.5166608095169067,-1.6035435199737549,0.32064568996429443,9.981271743774414,14.721125602722168,4.526365756988525
1156,0.8868579268455505,0.5032516717910767,4.000400066375732,14.504966735839844,132.74606323242188,5.549089431762695,13.08526611328125,2.8943827152252197,0.437865287065506,0.10177271068096161,0.13061565160751343,5.547217845916748,13.121369361877441,2.8994996547698975
1157,0.845740795135498,0.5185868740081787,5.962916374206543,24.350738525390625,195.72659301757812,8.196435928344727,22.150501251220703,5.927243232727051,0.8512824177742004,-0.44420915842056274,-0.22426603734493256,8.174847602844238,22.207820892333984,5.939520835876465
1158,0.8497658371925354,0.5221967697143555,6.100164413452148,28.555395126342773,242.19566345214844,11.072251319885254,25.639860153198242,5.950915336608887,-0.6494990587234497,-3.5038130283355713,0.8001248240470886,11.084015846252441,25.470176696777344,5.913328647613525
1159,0.9043492078781128,0.48990651965141296,4.471606731414795,18.740768432617188,198.5291748046875,10.524321556091309,15.074978828430176,3.633181571960449,0.08824486285448074,-0.49228692054748535,0.28249886631965637,10.55330753326416,15.108966827392578,3.6322858333587646
1160,0.8728724718093872,0.5001853704452515,2.9167943000793457,10.352919578552246,107.2310562133789,8.708216667175293,4.927862644195557,2.6582117080688477,0.13012689352035522,0.2998931109905243,0.0564490370452404,8.731532096862793,4.9324493408203125,2.665025472640991
1161,0.8658419251441956,0.5019136667251587,6.279367446899414,26.337726593017578,275.20587158203125,18.957202911376953,17.29443359375,5.93320369720459,1.9362976551055908,-0.6297600865364075,0.6059979200363159,18.910659790039062,17.3311710357666,5.918638229370117
1162,0.8284143209457397,0.5148342847824097,4.23551607131958,17.603286743164062,142.76295471191406,5.49831485748291,16.324323654174805,3.6277599334716797,-0.5303136706352234,-0.658312201499939,0.23172825574874878,5.487946033477783,16.356542587280273,3.6304497718811035
1163,0.9037796854972839,0.5105316638946533,4.6866230964660645,18.86098289489746,209.8807373046875,8.265997886657715,16.524614334106445,3.787749767303467,-0.6149759888648987,1.1394293308258057,-0.42194265127182007,8.266082763671875,16.531267166137695,3.774674892425537
1164,0.875744104385376,0.49156755208969116,7.66862154006958,27.813297271728516,183.0196990966797,10.413909912109375,25.062929153442383,6.081076145172119,0.9698182344436646,-2.756420850753784,0.2778419256210327,10.397575378417969,24.980379104614258,6.091670036315918
1165,0.813377320766449,0.49281179904937744,5.451508522033691,23.157808303833008,194.6777801513672,14.66054630279541,17.49098777770996,3.9265615940093994,-2.124880313873291,-1.5318024158477783,-0.033083733171224594,14.54620361328125,17.472383499145508,3.937375068664551
1166,0.843247652053833,0.5046902894973755,6.606575012207031,26.175718307495117,219.0357208251953,10.05771255493164,23.60650062561035,5.1714396476745605,-0.16647256910800934,-2.5270979404449463,0.12004638463258743,10.084385871887207,23.53631591796875,5.184467792510986
1167,0.8248677849769592,0.523177981376648,3.7360944747924805,12.00142765045166,91.4946060180664,9.536256790161133,6.520416259765625,3.2524209022521973,-0.7075468301773071,0.16101554036140442,0.06739354878664017,9.5364990234375,6.5366106033325195,3.2607927322387695
1168,0.7322711944580078,0.537991464138031,2.0236258506774902,7.844017505645752,64.0582046508789,4.374316692352295,6.333625316619873,1.5096864700317383,-0.4164237976074219,-0.778071939945221,0.0005894873174838722,4.3665971755981445,6.3031840324401855,1.5138975381851196
1169,0.8608956933021545,0.5055822134017944,5.15789794921875,23.638286590576172,246.44842529296875,17.665760040283203,15.459460258483887,2.7739171981811523,1.0053534507751465,-2.271791696548462,0.2576064169406891,17.686325073242188,15.334280967712402,2.7696337699890137
1170,0.8152207732200623,0.5244636535644531,4.794337272644043,20.14693832397461,178.07550048828125,9.22187614440918,16.88500213623047,5.9793701171875,-0.5516325235366821,-1.9023106098175049,0.23374265432357788,9.231040954589844,16.824298858642578,5.9914655685424805
1171,0.8459234833717346,0.5180708169937134,3.10565185546875,10.673328399658203,99.71391296386719,9.221683502197266,4.662707805633545,2.6720125675201416,0.18650174140930176,0.46349114179611206,-0.3071844279766083,9.245515823364258,4.6525559425354,2.661700487136841
1172,0.851063072681427,0.4951595664024353,5.996236324310303,24.048704147338867,204.81417846679688,15.232498168945312,17.642457962036133,5.92071008682251,-1.7671902179718018,-0.47706130146980286,-0.01606244035065174,15.171844482421875,17.68520164489746,5.937203884124756
1173,0.8965821862220764,0.5176024436950684,3.681584358215332,16.26780128479004,189.28277587890625,8.400142669677734,13.430253028869629,3.702334403991699,-0.487120658159256,0.6507775187492371,-0.29893550276756287,8.409399032592773,13.451895713806152,3.7005395889282227
1174,0.8079364895820618,0.5182961821556091,5.286712646484375,24.44188117980957,199.8562774658203,10.71321964263916,21.450557708740234,4.744054794311523,-0.5185920596122742,-2.536896228790283,0.3654366135597229,10.730509757995605,21.359426498413086,4.743153095245361
1175,0.898504376411438,0.5176519155502319,6.229920387268066,23.021528244018555,172.5447540283203,9.769858360290527,20.25779151916504,4.9155402183532715,0.1424306333065033,-1.297558069229126,-0.1870228350162506,9.796070098876953,20.272584915161133,4.92568302154541
1176,0.9246886372566223,0.5125607848167419,4.219000816345215,12.474982261657715,70.69657135009766,9.89405345916748,7.337416648864746,1.9736254215240479,0.281159371137619,0.7735167145729065,-0.1388934850692749,9.917645454406738,7.316883087158203,1.9742237329483032
1177,0.8486562371253967,0.5073927640914917,5.967615127563477,21.061498641967773,149.4931182861328,11.40317440032959,16.993562698364258,4.977263450622559,-2.074899911880493,-0.5734039545059204,0.5128398537635803,11.24409008026123,17.031261444091797,4.9645819664001465
1178,0.8573482036590576,0.49879610538482666,6.168215751647949,24.922555923461914,204.37144470214844,9.708202362060547,21.7283935546875,7.4001030921936035,0.16117806732654572,-0.09574191272258759,-0.3040804862976074,9.733941078186035,21.78879165649414,7.414477825164795
1179,0.8977640271186829,0.5095108151435852,3.496687173843384,13.276350021362305,143.10025024414062,6.538010120391846,11.200007438659668,2.8417813777923584,-0.27381807565689087,-0.8325486183166504,0.06310450285673141,6.550495147705078,11.200175285339355,2.8490054607391357
1180,0.8907455205917358,0.514521062374115,2.6477854251861572,7.789580345153809,44.512306213378906,3.466749906539917,6.845580101013184,1.3406134843826294,0.04588880017399788,0.011883566156029701,0.0066931224428117275,3.4761154651641846,6.864664554595947,1.3443361520767212
1181,0.9703661799430847,0.4674643576145172,6.304071426391602,27.32540512084961,220.107177734375,16.130521774291992,21.356304168701172,5.512913703918457,-1.3299700021743774,-0.3943804204463959,-0.06501886993646622,16.120441436767578,21.4122257232666,5.527906894683838
1182,0.8911811709403992,0.4900572896003723,6.0581278800964355,24.460323333740234,244.2603302001953,21.13209342956543,11.021017074584961,5.502641677856445,1.264640212059021,-0.3000315725803375,0.5440108776092529,21.153059005737305,11.047662734985352,5.490958213806152
1183,0.927638053894043,0.48741522431373596,4.648322582244873,12.639573097229004,61.187870025634766,7.804307460784912,8.278827667236328,5.505691051483154,-1.0812761783599854,-0.8870907425880432,0.4369312822818756,7.750598907470703,8.25412368774414,5.503635406494141
1184,0.9442185163497925,0.4967544376850128,7.703386306762695,29.583341598510742,207.29489135742188,10.742435455322266,26.95165252685547,5.777772903442383,0.052559640258550644,-3.037292242050171,0.5123202800750732,10.772270202636719,26.854663848876953,5.771067142486572
1185,1.0029466152191162,0.47966504096984863,5.120291709899902,19.116865158081055,201.15658569335938,8.488382339477539,16.261516571044922,5.381913185119629,-0.7356994152069092,-0.982918381690979,0.32657915353775024,8.48002815246582,16.277063369750977,5.386980056762695
1186,0.888795793056488,0.4785962700843811,6.405466079711914,24.653690338134766,189.4835968017578,6.771113395690918,22.820411682128906,6.417579174041748,-0.2624554932117462,-2.2693417072296143,-0.28704023361206055,6.784898281097412,22.770631790161133,6.42903995513916
1187,0.9178013205528259,0.5090831518173218,8.75433349609375,33.34083938598633,211.49546813964844,8.997318267822266,31.357425689697266,6.882722854614258,0.9844209551811218,-2.806119441986084,0.5293940305709839,8.968247413635254,31.31873321533203,6.881474018096924
1188,0.9376136660575867,0.4996156692504883,5.713099479675293,22.977867126464844,181.29832458496094,9.039275169372559,20.584949493408203,4.746975898742676,-0.03939802572131157,-1.4735833406448364,0.07678209990262985,9.064404487609863,20.58940887451172,4.759593963623047
1189,0.8807891011238098,0.4986588954925537,6.2873382568359375,25.46703338623047,218.72305297851562,17.290945053100586,17.72319793701172,5.956608772277832,0.837374746799469,-1.8262828588485718,0.2981436848640442,17.318832397460938,17.678028106689453,5.965737342834473
1190,0.8799718618392944,0.5048356652259827,6.743510723114014,27.21865463256836,208.39646911621094,13.618207931518555,22.807071685791016,5.93608283996582,0.43040722608566284,-0.5689006447792053,0.3539322018623352,13.649372100830078,22.86357307434082,5.942050933837891
1191,0.905410647392273,0.5119221210479736,4.747639179229736,15.81546688079834,161.5013427734375,8.922677040100098,12.2584867477417,4.4993696212768555,-0.4763020873069763,-1.747397780418396,-0.1579030156135559,8.934809684753418,12.16714859008789,4.509140968322754
1192,0.8642692565917969,0.4787644147872925,6.678393840789795,24.15607261657715,209.95252990722656,11.026705741882324,20.604381561279297,6.114490985870361,-0.02391323633491993,-2.1374354362487793,-0.10066210478544235,11.0574369430542,20.55038070678711,6.130716323852539
1193,0.9539605379104614,0.4703335762023926,3.9270732402801514,18.605249404907227,223.63778686523438,4.5194220542907715,17.687667846679688,3.5883898735046387,0.12189025431871414,-0.8190537691116333,0.24329674243927002,4.5303802490234375,17.71797752380371,3.590118646621704
1194,0.9828780293464661,0.48902660608291626,5.203899383544922,23.769359588623047,190.2634735107422,12.405909538269043,19.77492332458496,4.475293159484863,-0.4033001959323883,-2.0265839099884033,0.1747899055480957,12.433940887451172,19.72567367553711,4.484352111816406
1195,0.898692786693573,0.49586090445518494,2.5637173652648926,7.8654375076293945,58.501155853271484,5.53768253326416,3.2470216751098633,4.544890880584717,-0.29442575573921204,0.003696049563586712,-0.09607798606157303,5.54527473449707,3.2560763359069824,4.556550025939941
1196,0.9804077744483948,0.47535184025764465,6.296191692352295,26.921354293823242,220.956787109375,18.026371002197266,18.353364944458008,7.93493127822876,0.15603134036064148,-0.7293183207511902,-0.1420762985944748,18.075977325439453,18.39002227783203,7.955789089202881
1197,0.9730188250541687,0.4630383551120758,6.132889747619629,24.932697296142578,202.31236267089844,6.594841480255127,23.505475997924805,5.063601493835449,-0.382826566696167,-1.8633803129196167,0.38088083267211914,6.602085590362549,23.49686050415039,5.06334114074707
1198,0.9523719549179077,0.49161776900291443,5.88627815246582,26.803192138671875,241.95794677734375,10.587578773498535,23.80620765686035,6.291153430938721,-0.497008353471756,-3.4654412269592285,0.3382519483566284,10.605408668518066,23.618328094482422,6.299576282501221
1199,0.9807389378547668,0.46760672330856323,7.80059289932251,28.644248962402344,193.7027130126953,10.49416446685791,26.080049514770508,5.495140075683594,-0.45218586921691895,-2.6938509941101074,0.7137480974197388,10.513662338256836,26.012908935546875,5.463788032531738
1200,0.9824565649032593,0.45774179697036743,4.903324604034424,20.0308780670166,166.82801818847656,9.036107063293457,16.961490631103516,5.647358417510986,1.3933435678482056,-2.4144585132598877,0.6653220653533936,8.952939987182617,16.835594177246094,5.623672962188721
1201,1.0435341596603394,0.4775291681289673,6.192625522613525,23.163801193237305,202.4636688232422,10.351343154907227,19.753625869750977,6.261451244354248,-1.1657419204711914,0.06874214857816696,-0.7152906656265259,10.31418228149414,19.80860710144043,6.237812042236328
1202,1.020193099975586,0.4593069851398468,8.263030052185059,32.34897232055664,213.58663940429688,16.499784469604492,27.179609298706055,5.956661224365234,-1.9363160133361816,-3.199057102203369,0.44964635372161865,16.43147850036621,27.065977096557617,5.956233978271484
1203,0.8930153250694275,0.51820307970047,3.0056610107421875,10.20462417602539,84.58235931396484,6.741769790649414,7.286503314971924,2.3642690181732178,-0.9201239347457886,0.6390436291694641,-0.4011373817920685,6.697314739227295,7.27867317199707,2.3364901542663574
1204,0.9606127738952637,0.47227799892425537,5.936908721923828,26.7091007232666,203.3802947998047,9.707757949829102,24.209264755249023,5.748656272888184,-0.003063117153942585,-3.889535665512085,0.5440012216567993,9.73483657836914,23.9614200592041,5.7388224601745605
1205,0.9360253214836121,0.47833359241485596,4.211134910583496,18.847198486328125,180.97976684570312,10.235774993896484,15.396634101867676,3.659167528152466,0.4596567153930664,-1.0532872676849365,-0.005579736549407244,10.253972053527832,15.403409957885742,3.66936993598938
1206,0.9960438013076782,0.4925602376461029,5.033770561218262,16.760387420654297,136.96875,6.897482872009277,14.57259464263916,4.57982873916626,-0.664160430431366,-0.17283016443252563,0.5919867753982544,6.88458251953125,14.61221694946289,4.554075241088867
1207,0.9120801091194153,0.48832443356513977,11.071556091308594,38.66358184814453,212.94781494140625,13.181321144104004,35.30451583862305,8.643881797790527,-0.36074256896972656,-7.315791130065918,1.4560469388961792,13.213136672973633,34.634552001953125,8.5441312789917
1208,0.9294840693473816,0.51953125,4.788232326507568,21.023332595825195,206.12240600585938,8.353263854980469,18.088748931884766,6.708253860473633,-0.6669479608535767,-1.597029685974121,-0.24848289787769318,8.349821090698242,18.06837272644043,6.722349166870117
1209,0.8837208151817322,0.5090465545654297,4.8210129737854,22.457672119140625,217.56375122070312,4.611833095550537,21.477739334106445,4.667417049407959,-0.32399609684944153,-3.148883581161499,0.36792343854904175,4.613270282745361,21.304916381835938,4.665872097015381
1210,0.9094960689544678,0.4699118435382843,4.6753058433532715,21.22727394104004,200.62063598632812,4.858381748199463,20.01815414428711,5.12511682510376,-0.6543551087379456,-0.1455935537815094,0.14712783694267273,4.827542781829834,20.073463439941406,5.137294769287109
1211,0.9837637543678284,0.45433130860328674,2.762570858001709,14.653084754943848,183.97601318359375,10.814956665039062,9.44285774230957,2.9295148849487305,0.7268726825714111,-0.9112858176231384,0.3518720269203186,10.820601463317871,9.425000190734863,2.9164185523986816
1212,0.9174348711967468,0.48442259430885315,6.383218288421631,26.881484985351562,226.88662719726562,9.541231155395508,24.24744987487793,6.6060791015625,-0.030677838250994682,-2.705537796020508,0.771003246307373,9.567795753479004,24.16324806213379,6.579233646392822
1213,0.9190954566001892,0.4929324984550476,8.000580787658691,31.980167388916016,265.0542907714844,27.814228057861328,15.448859214782715,3.2299611568450928,0.7287110686302185,-1.4702776670455933,0.19221383333206177,27.882238388061523,15.42163372039795,3.2332303524017334
1214,0.8518508076667786,0.509886622428894,4.625870704650879,20.29561424255371,211.24424743652344,10.573226928710938,16.663238525390625,4.738701820373535,-0.9533732533454895,-2.168851613998413,-0.5174970626831055,10.559530258178711,16.56757354736328,4.723498821258545
1215,0.9083130955696106,0.5013636350631714,6.766814708709717,26.4598388671875,180.41151428222656,16.987396240234375,19.8005313873291,4.414788722991943,-2.168107748031616,-0.7122342586517334,0.240688294172287,16.895465850830078,19.842912673950195,4.42051887512207
1216,0.911212682723999,0.46410226821899414,7.827749252319336,31.8292236328125,204.1399383544922,20.91034698486328,22.68842315673828,7.816162586212158,-2.003054141998291,-2.6731841564178467,-0.22338619828224182,20.87224578857422,22.593238830566406,7.834763050079346
1217,0.9220011234283447,0.449399471282959,4.659177303314209,20.82813835144043,185.5150909423828,9.401535987854004,18.030569076538086,4.507882595062256,0.2850148677825928,-2.4982380867004395,0.6112015247344971,9.42342758178711,17.90646743774414,4.478713035583496
1218,0.8914748430252075,0.47282516956329346,8.05225944519043,29.370206832885742,189.16175842285156,17.75529670715332,22.39583969116211,6.766446113586426,0.6395899057388306,-1.0262502431869507,0.3104749619960785,17.79326820373535,22.43471908569336,6.778173446655273
1219,0.8192882537841797,0.4788684546947479,7.719679355621338,33.4676628112793,248.54315185546875,11.492592811584473,30.733444213867188,6.592419624328613,1.069869041442871,-4.239213943481445,0.5250219702720642,11.474603652954102,30.524580001831055,6.589810371398926
1220,0.9283251762390137,0.4915963113307953,3.308480978012085,16.445343017578125,184.32427978515625,4.231705665588379,15.447107315063477,3.7321372032165527,-0.2629773020744324,-0.3011278808116913,0.13471031188964844,4.235307693481445,15.487251281738281,3.7401087284088135
1221,0.9907367825508118,0.4924229383468628,9.232430458068848,31.63705062866211,205.53953552246094,12.801976203918457,27.493181228637695,9.007623672485352,-0.008724975399672985,-2.1607306003570557,0.9744032621383667,12.83768367767334,27.484594345092773,8.979743957519531
1222,0.9659162759780884,0.4808751940727234,4.510837554931641,20.020000457763672,214.89193725585938,4.916036605834961,18.687725067138672,5.234679222106934,0.14532272517681122,-1.851635456085205,0.41851094365119934,4.9275946617126465,18.64763832092285,5.232477188110352
1223,0.8714902997016907,0.5050119161605835,6.858842849731445,26.206459045410156,208.42825317382812,9.699275970458984,23.592731475830078,6.007123947143555,-0.287808895111084,-2.3055660724639893,0.3606110215187073,9.722047805786133,23.54530143737793,6.013016700744629
1224,0.9111895561218262,0.504091203212738,4.8435516357421875,21.472070693969727,166.52749633789062,14.542535781860352,15.602008819580078,2.4782724380493164,0.3193071782588959,-0.7835841178894043,-0.020541567355394363,14.579586029052734,15.625784873962402,2.4850997924804688
1225,0.8535322546958923,0.4982187747955322,3.1278328895568848,13.046345710754395,155.56536865234375,11.866280555725098,4.71373176574707,2.679415225982666,0.9187667369842529,0.21541625261306763,-0.031953029334545135,11.863659858703613,4.721941947937012,2.6866977214813232
1226,0.8977417349815369,0.4956636428833008,4.908074855804443,22.20039939880371,201.04209899902344,9.120994567871094,19.520896911621094,5.34788179397583,0.3908483386039734,-2.7841672897338867,0.5102442502975464,9.13803482055664,19.375225067138672,5.338334083557129
1227,0.9430688619613647,0.48197346925735474,6.16331672668457,26.05522918701172,211.5862274169922,9.454822540283203,23.53857421875,5.9512104988098145,1.5928837060928345,-4.203162670135498,0.9772605895996094,9.345674514770508,23.22486686706543,5.886797904968262
1228,0.9541850090026855,0.490972638130188,6.336728572845459,24.05524253845215,181.45346069335938,17.06004524230957,15.886566162109375,5.935196399688721,0.19842733442783356,-2.6748223304748535,0.14053016901016235,17.106475830078125,15.703448295593262,5.9500837326049805
1229,0.8925331830978394,0.5257565975189209,5.235131740570068,18.921600341796875,132.54898071289062,11.27699089050293,14.414021492004395,4.805456161499023,-0.4268746078014374,-0.1522304117679596,0.2094578742980957,11.300341606140137,14.453421592712402,4.814280986785889
1230,0.9722466468811035,0.47748783230781555,6.190928936004639,26.73175811767578,201.0585479736328,10.159716606140137,24.13741683959961,5.362109184265137,0.45380911231040955,-3.040121078491211,0.42709389328956604,10.177886962890625,24.011993408203125,5.359982490539551
1231,0.9592480659484863,0.4445418417453766,6.296492576599121,21.170377731323242,183.40965270996094,12.007161140441895,16.608102798461914,5.308848857879639,-0.4009580910205841,-2.0714244842529297,0.06906884908676147,12.033939361572266,16.524383544921875,5.323206424713135
1232,1.0325140953063965,0.4723522365093231,5.507753849029541,22.980186462402344,183.93545532226562,17.380199432373047,14.251336097717285,4.787171363830566,-0.0949048399925232,1.5441793203353882,-0.4632670283317566,17.42841911315918,14.206949234008789,4.777993679046631
1233,0.9426193237304688,0.49074262380599976,7.383031845092773,32.27750778198242,218.93746948242188,8.341090202331543,30.08609962463379,8.190852165222168,-0.9480039477348328,-3.1741113662719727,1.2532212734222412,8.310158729553223,30.001649856567383,8.11699104309082
1234,1.0178462266921997,0.44896119832992554,7.190146446228027,25.846248626708984,184.41871643066406,8.45148754119873,23.98065185546875,4.639974117279053,0.04337092489004135,-4.807160377502441,0.667796790599823,8.474950790405273,23.55942153930664,4.604475498199463
1235,1.0068824291229248,0.4404980540275574,4.945803642272949,19.938762664794922,175.25997924804688,6.390754222869873,18.353132247924805,4.458150386810303,0.1677992045879364,-1.5577620267868042,0.20403705537319183,6.406371116638184,18.33791160583496,4.465900897979736
1236,0.9637846350669861,0.4600459039211273,7.266087055206299,28.048437118530273,217.76312255859375,15.637027740478516,22.33507537841797,6.583502769470215,2.018613576889038,-1.725250244140625,0.03784262388944626,15.549439430236816,22.330459594726562,6.601757526397705
1237,0.9635322690010071,0.4779919981956482,5.933762073516846,25.138587951660156,183.45542907714844,13.954764366149902,20.533910751342773,3.9461026191711426,1.1510334014892578,-2.626979351043701,0.37881746888160706,13.94600772857666,20.42198371887207,3.9388344287872314
1238,1.0106866359710693,0.46989014744758606,6.071860313415527,26.854248046875,275.92559814453125,20.867963790893555,16.809558868408203,1.7655982971191406,-0.7166817784309387,-0.5811209678649902,0.12517397105693817,20.913827896118164,16.846372604370117,1.7660679817199707
1239,1.0048900842666626,0.4535636901855469,4.264236927032471,18.169923782348633,158.8391571044922,5.301052570343018,16.284709930419922,6.0706868171691895,-0.6030135154724121,-1.03826105594635,0.16222316026687622,5.281333923339844,16.29690933227539,6.085446834564209
1240,1.0554407835006714,0.4547080397605896,5.258790016174316,22.026065826416016,215.63677978515625,7.321298599243164,20.015592575073242,5.56077241897583,-0.8970412015914917,-3.106327772140503,0.37756216526031494,7.286403656005859,19.828235626220703,5.563415050506592
1241,1.0698570013046265,0.41235682368278503,6.183764934539795,23.601457595825195,163.6354217529297,14.378960609436035,17.825830459594727,5.702102184295654,-0.6521246433258057,1.0311719179153442,-0.6902811527252197,14.4042329788208,17.84562110900879,5.675954818725586
1242,1.0738991498947144,0.4541656970977783,8.62161636352539,32.665977478027344,201.6721649169922,12.726845741271973,28.831382751464844,8.593299865722656,-1.6171566247940063,-5.979856014251709,0.6227264404296875,12.658896446228027,28.283103942871094,8.594614028930664
1243,1.110730767250061,0.4360460937023163,4.36070442199707,17.921855926513672,155.16355895996094,5.047607421875,15.85195541381836,6.665586948394775,-0.5416109561920166,-1.2259324789047241,0.16880559921264648,5.032464504241943,15.848566055297852,6.68203592300415
1244,1.1170845031738281,0.42811381816864014,3.9985029697418213,17.556697845458984,183.6627960205078,13.900900840759277,9.912158012390137,4.092886924743652,0.6544928550720215,-0.1941143125295639,-0.1881944090127945,13.924217224121094,9.937901496887207,4.0999627113342285
1245,1.1184329986572266,0.4249251186847687,4.785178184509277,20.72462272644043,201.30670166015625,6.9509687423706055,18.901378631591797,4.892014980316162,-0.5816851258277893,-0.5214827060699463,0.22127275168895721,6.945908069610596,18.94688606262207,4.90064001083374
1246,1.1208350658416748,0.43860843777656555,3.7990198135375977,14.341073989868164,118.06126403808594,7.026730537414551,12.120670318603516,3.0628139972686768,-0.3712886571884155,0.1177065372467041,0.06885336339473724,7.036487102508545,12.153907775878906,3.0705814361572266
1247,1.1109025478363037,0.4395761489868164,4.055288314819336,18.956501007080078,175.5972137451172,11.785062789916992,13.748428344726562,5.6073174476623535,-1.4960334300994873,-0.9452759027481079,-0.22991520166397095,11.72232723236084,13.754152297973633,5.618229866027832
1248,1.0884865522384644,0.4366196393966675,8.368542671203613,30.817819595336914,202.501220703125,10.47514533996582,28.18708610534668,6.745183944702148,-0.13570649921894073,-4.976456642150879,0.3976811468601227,10.5034818649292,27.821697235107422,6.752232551574707
1249,1.1180734634399414,0.4412100613117218,4.66936731338501,19.02454376220703,160.9807891845703,12.132392883300781,14.00479507446289,4.313239574432373,-0.7808518409729004,-1.644111156463623,0.16720616817474365,12.141011238098145,13.946748733520508,4.322019577026367
1250,1.0656105279922485,0.4174509346485138,3.518056631088257,14.483949661254883,179.34121704101562,13.601767539978027,4.636545181274414,1.8108400106430054,0.6111391186714172,-0.021401405334472656,-0.05035949870944023,13.625933647155762,4.649428844451904,1.8151888847351074
1251,1.085580587387085,0.43412840366363525,5.643023490905762,25.605390548706055,232.76812744140625,10.706696510314941,22.719379425048828,4.983220100402832,-0.2856770157814026,-2.950650453567505,0.23987245559692383,10.73274040222168,22.589794158935547,4.99132776260376
1252,1.0984747409820557,0.4463552236557007,3.3727591037750244,15.257122993469238,185.56239318847656,4.9955153465271,14.340103149414062,1.478541612625122,0.2992742955684662,-1.4513602256774902,0.06862316280603409,5.000452041625977,14.30626392364502,1.4810680150985718
1253,1.1088331937789917,0.45737311244010925,4.4274139404296875,20.09741973876953,196.1300048828125,10.343214988708496,16.476715087890625,5.04401159286499,0.9468967914581299,-1.281245470046997,0.7132990956306458,10.328511238098145,16.472646713256836,5.007249355316162
1254,1.1078375577926636,0.4371658265590668,2.9596474170684814,13.197612762451172,127.05554962158203,3.1811227798461914,12.284500122070312,3.626084804534912,0.1934439241886139,-0.08066187798976898,0.2699635624885559,3.1840927600860596,12.318501472473145,3.6261072158813477
1255,1.1299186944961548,0.4269378185272217,7.038088798522949,28.798009872436523,192.56765747070312,19.292680740356445,21.077192306518555,3.5874345302581787,-1.0635013580322266,-2.8313968181610107,0.4338959753513336,19.317081451416016,20.94441032409668,3.5710315704345703
1256,1.068373680114746,0.4413307309150696,4.069974899291992,18.417160034179688,143.96788024902344,11.193251609802246,14.180084228515625,3.5816311836242676,0.29052498936653137,-0.7024826407432556,0.2807381749153137,11.220691680908203,14.202177047729492,3.5805718898773193
1257,1.0398916006088257,0.4285261929035187,5.170301914215088,21.400619506835938,202.5609893798828,9.061023712158203,18.585098266601562,5.520730972290039,-1.3041585683822632,-2.6153130531311035,0.3055281937122345,8.991690635681152,18.451488494873047,5.527646064758301
1258,1.1044052839279175,0.431647390127182,7.773369789123535,31.29430389404297,227.26824951171875,13.932975769042969,27.38163948059082,5.954107761383057,-0.5191601514816284,-2.178884267807007,0.5403172969818115,13.962138175964355,27.370946884155273,5.946080684661865
1259,1.1300402879714966,0.43824243545532227,6.366896152496338,35.65775680541992,391.7616271972656,28.584842681884766,20.8170223236084,4.5862812995910645,-1.968122959136963,-1.5616836547851562,0.48643288016319275,28.596553802490234,20.816265106201172,4.5731329917907715
1260,1.0952653884887695,0.44193345308303833,3.9662089347839355,18.743165969848633,169.15455627441406,10.749850273132324,15.097724914550781,2.7938663959503174,-0.7990151643753052,-1.7318044900894165,0.1843412071466446,10.750017166137695,15.039907455444336,2.7955548763275146
1261,1.1058578491210938,0.4378621280193329,5.186112403869629,21.355165481567383,178.98361206054688,8.961572647094727,18.79050064086914,4.759249210357666,0.2166808694601059,-1.8033804893493652,0.4985088109970093,8.983942985534668,18.755935668945312,4.74627161026001
1262,1.1670231819152832,0.4164106547832489,6.1847076416015625,24.991365432739258,220.71966552734375,21.052675247192383,12.808306694030762,4.159379959106445,-0.5507422089576721,-0.8095465898513794,0.09465242922306061,21.10417366027832,12.818353652954102,4.1699018478393555
1263,1.1042814254760742,0.421186238527298,5.490649700164795,21.770151138305664,159.78750610351562,12.858180046081543,15.105829238891602,8.967753410339355,-1.8446248769760132,0.8398191928863525,-1.0602153539657593,12.760673522949219,15.12453842163086,8.929699897766113
1264,1.1129893064498901,0.4372991621494293,4.440590858459473,16.94513511657715,169.90969848632812,9.073650360107422,13.858148574829102,3.5718629360198975,0.61789470911026,-1.427368402481079,0.2096741795539856,9.077838897705078,13.822893142700195,3.5756492614746094
1265,1.1940373182296753,0.4289889931678772,4.125158786773682,27.031639099121094,354.9171142578125,25.702110290527344,3.943265676498413,7.386585712432861,-1.8666446208953857,0.270388126373291,-0.20420745015144348,25.705739974975586,3.944957971572876,7.404358863830566
1266,1.1762880086898804,0.43220698833465576,3.880934000015259,20.39388084411621,189.51199340820312,13.886198043823242,14.350412368774414,4.1411967277526855,-1.2354520559310913,-0.7674136161804199,0.02266286313533783,13.869709968566895,14.369850158691406,4.15268611907959
1267,1.1515792608261108,0.3988984227180481,5.3790154457092285,20.42038345336914,142.9755859375,12.310460090637207,15.99587631225586,3.094599962234497,0.19367676973342896,-2.3343634605407715,0.44216230511665344,12.343270301818848,15.868768692016602,3.07139253616333
1268,1.1368248462677002,0.4206894040107727,9.091693878173828,31.779787063598633,225.13241577148438,26.674850463867188,16.566865921020508,4.893474578857422,-2.3000552654266357,-2.2496531009674072,0.3370414674282074,26.64963150024414,16.459196090698242,4.895471096038818
1269,1.2133296728134155,0.4080773591995239,4.7336602210998535,19.87740707397461,160.60614013671875,12.724285125732422,14.614653587341309,4.428972244262695,-0.7902501821517944,-0.2984291911125183,-0.15960006415843964,12.735145568847656,14.652363777160645,4.438441753387451
1270,1.1610366106033325,0.407934308052063,6.764278411865234,29.381967544555664,236.8507537841797,18.31812286376953,22.50614356994629,4.606492042541504,-1.5433889627456665,-0.6220413446426392,-0.11754579097032547,18.30390167236328,22.560300827026367,4.617837429046631
1271,1.15924072265625,0.43245062232017517,5.686577320098877,22.530900955200195,170.07371520996094,18.444950103759766,12.67453384399414,2.604156017303467,-1.4867228269577026,-1.291509985923767,0.011818131431937218,18.436216354370117,12.643730163574219,2.6113932132720947
1272,1.1485016345977783,0.4246165454387665,4.431833267211914,18.7895565032959,204.05799865722656,15.733989715576172,10.011317253112793,2.29400372505188,0.9204975962638855,-0.35126927495002747,0.021795162931084633,15.7508544921875,10.033061027526855,2.3002989292144775
1273,1.1673389673233032,0.42031335830688477,4.479864120483398,19.511032104492188,178.85513305664062,9.31598949432373,16.80998992919922,3.364057779312134,-0.7983445525169373,-1.81156587600708,0.4168217182159424,9.307608604431152,16.758708953857422,3.3474462032318115
1274,1.1800509691238403,0.41840001940727234,6.073967456817627,23.8408145904541,179.78494262695312,18.559982299804688,13.86412239074707,5.630063533782959,0.26845040917396545,-2.2798330783843994,0.8170283436775208,18.60980796813965,13.713534355163574,5.586002349853516
1275,1.2220468521118164,0.408419668674469,5.1398749351501465,28.225881576538086,344.868896484375,26.14192771911621,9.32827377319336,5.1267170906066895,-1.360870361328125,0.5284011960029602,-0.46930670738220215,26.179306030273438,9.339274406433105,5.119431972503662
1276,1.1585156917572021,0.4056268036365509,6.9117560386657715,23.62065887451172,150.0003204345703,18.409168243408203,13.743231773376465,5.491960525512695,0.8786957859992981,-0.6897435188293457,0.059262000024318695,18.439477920532227,13.76419734954834,5.506958961486816
1277,1.2687065601348877,0.40219295024871826,7.114605903625488,31.198362350463867,269.55706787109375,27.816791534423828,13.890205383300781,2.5741429328918457,2.302180767059326,-0.7561940550804138,-0.06577341258525848,27.798686981201172,13.908293724060059,2.5804808139801025
1278,1.2120945453643799,0.39542871713638306,5.582430362701416,23.851818084716797,214.9527130126953,16.44293785095215,17.02723503112793,2.9346749782562256,-0.9033207297325134,-0.900424063205719,0.026459554210305214,16.463905334472656,17.050840377807617,2.9427413940429688
1279,1.2539527416229248,0.4071393609046936,9.038373947143555,43.084800720214844,463.8580627441406,39.79058837890625,16.080181121826172,3.7995941638946533,3.4259302616119385,-1.4341354370117188,0.14327384531497955,39.75341033935547,16.060775756835938,3.8074827194213867
1280,1.3122283220291138,0.3966899514198303,7.34264612197876,33.24967575073242,346.5546875,25.38840675354004,20.306396484375,6.972797870635986,-2.0824930667877197,-2.17382550239563,0.16835707426071167,25.37343406677246,20.246023178100586,6.990209102630615
1281,1.29490327835083,0.3948933482170105,4.06113862991333,25.447507858276367,312.5972595214844,22.936389923095703,10.112727165222168,4.3852458000183105,-1.8803083896636963,0.4793704152107239,0.03552123159170151,22.922948837280273,10.129535675048828,4.397333145141602
1282,1.255469799041748,0.4159299433231354,5.744534015655518,23.859901428222656,195.0391845703125,17.261323928833008,15.501110076904297,5.57288932800293,-0.3843856155872345,-1.117873191833496,0.5431782603263855,17.305179595947266,15.503876686096191,5.561825752258301
1283,1.2568614482879639,0.409911185503006,4.488088607788086,21.476917266845703,202.2671356201172,8.131478309631348,19.05095672607422,5.674344062805176,0.23393785953521729,-0.9471903443336487,0.21923130750656128,8.150784492492676,19.08047103881836,5.6859235763549805
1284,1.2367188930511475,0.4135490655899048,4.530796051025391,18.546953201293945,188.29237365722656,6.505446910858154,16.786041259765625,4.460657596588135,-0.24207742512226105,-2.545482873916626,0.6529331207275391,6.519074440002441,16.63819694519043,4.424920082092285
1285,1.208936095237732,0.41960638761520386,3.642629861831665,12.7361478805542,124.4210433959961,10.186378479003906,7.192026615142822,2.592665672302246,0.1283618062734604,0.8037916421890259,-0.18328219652175903,10.213981628417969,7.166905403137207,2.593393325805664
1286,1.2097638845443726,0.4377908408641815,2.6802077293395996,10.084982872009277,127.6626205444336,9.393614768981934,3.3253173828125,1.552133560180664,-0.8552378416061401,0.3671766221523285,-0.2857246398925781,9.380695343017578,3.3142027854919434,1.5298635959625244
1287,1.2052650451660156,0.4151623845100403,3.249752998352051,14.044771194458008,137.6485137939453,5.047421455383301,12.485300064086914,3.987028121948242,-0.3693263530731201,-0.6923809051513672,0.035260189324617386,5.0479326248168945,12.500860214233398,3.9979934692382812
1288,1.1774815320968628,0.4230678379535675,6.5313520431518555,29.493684768676758,222.02178955078125,14.380280494689941,25.04214859008789,5.997972011566162,1.9437406063079834,-3.847292900085449,0.6890449523925781,14.288054466247559,24.813871383666992,5.974881649017334
1289,1.1772863864898682,0.4151182472705841,3.5352694988250732,13.787985801696777,125.69556427001953,8.640619277954102,9.942936897277832,4.072625637054443,0.6857754588127136,-0.017035653814673424,-0.008338049054145813,8.6373872756958,9.970657348632812,4.083976745605469
1290,1.2021114826202393,0.416416198015213,4.106421947479248,17.178466796875,180.41775512695312,7.684393405914307,15.086179733276367,2.908085823059082,-0.684981107711792,-1.5546115636825562,0.1706138253211975,7.675152778625488,15.047721862792969,2.9111745357513428
1291,1.233835220336914,0.4150127172470093,5.035703659057617,21.38245964050293,157.0089111328125,15.336103439331055,14.705011367797852,2.4033615589141846,-1.9801832437515259,0.40582382678985596,-0.08958949148654938,15.25014591217041,14.740411758422852,2.4083902835845947
1292,1.25828218460083,0.39965593814849854,7.3346123695373535,30.61561393737793,244.98565673828125,16.485219955444336,25.311283111572266,4.9892144203186035,1.0112320184707642,-3.6798198223114014,0.5357129573822021,16.50007438659668,25.11221694946289,4.974206447601318
1293,1.2468730211257935,0.4176122546195984,3.436021089553833,13.830998420715332,143.0689697265625,7.190768241882324,11.611598014831543,2.181772470474243,-1.1250560283660889,-1.4509729146957397,0.1459476351737976,7.122021198272705,11.552721977233887,2.182957649230957
1294,1.1728096008300781,0.43451517820358276,2.6698107719421387,7.755598545074463,68.27818298339844,5.4515299797058105,5.355307102203369,1.3231843709945679,-0.41567128896713257,-0.33881011605262756,-0.02839035727083683,5.450821876525879,5.3594865798950195,1.32656991481781
1295,1.213504433631897,0.42756545543670654,3.8165247440338135,16.601455688476562,178.33792114257812,10.548829078674316,11.969573974609375,4.5890984535217285,-0.22347308695316315,1.153663158416748,-0.2624460458755493,10.575881004333496,11.9470796585083,4.594367980957031
1296,1.2264717817306519,0.4165341556072235,6.202642917633057,24.499473571777344,181.42884826660156,12.247910499572754,20.404478073120117,5.8198089599609375,-1.9005064964294434,-2.638153076171875,0.419066458940506,12.133312225341797,20.28965187072754,5.820892333984375
1297,1.1924399137496948,0.42045918107032776,3.978839874267578,15.351552963256836,122.90940856933594,10.418161392211914,11.143214225769043,1.7207159996032715,-0.47448769211769104,-0.5067558288574219,-0.17317965626716614,10.436380386352539,11.162735939025879,1.71675443649292
1298,1.2079126834869385,0.41964730620384216,4.262941360473633,17.594409942626953,136.39950561523438,12.611732482910156,11.542607307434082,4.1564040184021,-1.4851925373077393,-1.5251158475875854,0.012998687103390694,12.558911323547363,11.473321914672852,4.167977809906006
1299,1.238718032836914,0.41687658429145813,2.887803554534912,11.551026344299316,141.40321350097656,10.940019607543945,3.462223529815674,1.3248317241668701,-1.389265775680542,-0.12233246117830276,-0.11014784127473831,10.881718635559082,3.469712972640991,1.323927640914917
1300,1.1988738775253296,0.4210198223590851,4.248278617858887,14.546838760375977,116.48787689208984,11.802901268005371,8.1077299118042,2.5625691413879395,-1.3561099767684937,-0.8562527894973755,0.3240407705307007,11.757440567016602,8.084878921508789,2.5490894317626953
1301,1.1736185550689697,0.4342770278453827,2.943896532058716,9.7697172164917,107.51493072509766,5.137037754058838,8.114547729492188,1.7922992706298828,-0.15700571238994598,0.3801703155040741,-0.18061409890651703,5.148960113525391,8.128247261047363,1.7881495952606201
1302,1.1703169345855713,0.43903377652168274,3.8091254234313965,13.394834518432617,129.56851196289062,9.945512771606445,8.670827865600586,2.3076157569885254,-0.09535454958677292,-0.5174748301506042,0.16374972462654114,9.972795486450195,8.67951488494873,2.3082191944122314
1303,1.1680026054382324,0.42657390236854553,4.923090934753418,25.569902420043945,206.16427612304688,3.3064310550689697,24.635334014892578,5.9989824295043945,-0.9670398235321045,-3.28947377204895,0.7176257967948914,3.170673370361328,24.482833862304688,5.972518444061279
1304,1.2009023427963257,0.44529932737350464,2.818967342376709,6.531717300415039,55.16291046142578,3.8559460639953613,5.14865779876709,1.1341667175292969,-1.0277804136276245,-0.6281148791313171,0.12710092961788177,3.7268149852752686,5.124454975128174,1.1301660537719727
1305,1.1534974575042725,0.4359450042247772,2.2788801193237305,5.271825790405273,55.067955017089844,3.102168083190918,4.131473064422607,1.0486303567886353,-1.1573402881622314,-0.21590884029865265,-0.019173966720700264,2.8862240314483643,4.137336254119873,1.0513795614242554
1306,1.1897999048233032,0.41825565695762634,2.5145885944366455,5.217103004455566,48.73456954956055,1.9201672077178955,4.341676235198975,2.16355562210083,-1.1752824783325195,-0.4035099446773529,0.2257990539073944,1.5227062702178955,4.334942817687988,2.157742500305176
1307,1.1690789461135864,0.43511727452278137,4.229835510253906,16.499961853027344,171.4934844970703,8.349177360534668,13.701786041259766,3.8472068309783936,-0.8581880331039429,0.25331422686576843,-0.32831472158432007,8.328121185302734,13.737656593322754,3.8438642024993896
1308,1.072373628616333,0.4567735195159912,3.397948980331421,9.999971389770508,75.50572204589844,7.065371990203857,6.870338439941406,1.6965783834457397,-0.3522067368030548,-0.2681097388267517,0.08971058577299118,7.076270580291748,6.884254455566406,1.6989308595657349
1309,1.136855959892273,0.43460240960121155,4.7088518142700195,17.702146530151367,163.66470336914062,13.566749572753906,10.291043281555176,4.837742805480957,-1.5083937644958496,0.25832247734069824,-0.35009530186653137,13.520242691040039,10.316498756408691,4.838517665863037
1310,1.1089011430740356,0.44593343138694763,3.237521171569824,11.748340606689453,120.38809204101562,9.75151252746582,6.150801658630371,2.2581326961517334,-0.24208799004554749,0.6933131217956543,-0.0959734171628952,9.775699615478516,6.12864875793457,2.262385129928589
1311,1.0828777551651,0.45700976252555847,4.882584571838379,14.876720428466797,97.36343383789062,9.147208213806152,10.706969261169434,4.796481132507324,0.14759691059589386,0.30350062251091003,-0.24306051433086395,9.171529769897461,10.73252010345459,4.803680419921875
1312,1.1761366128921509,0.4384530782699585,4.13608455657959,13.038446426391602,132.63356018066406,10.441995620727539,7.53317403793335,2.053554058074951,-2.2771356105804443,-0.5904162526130676,0.045856326818466187,10.219103813171387,7.530949115753174,2.0587687492370605
1313,1.1429518461227417,0.4282568097114563,3.7333340644836426,12.500904083251953,145.23171997070312,8.20226001739502,8.899738311767578,3.1289262771606445,-0.34894731640815735,0.7465296387672424,0.33520689606666565,8.217692375183105,8.893110275268555,3.1195967197418213
1314,1.1210768222808838,0.43440765142440796,6.093432903289795,21.20758056640625,182.05712890625,15.889047622680664,13.768606185913086,2.7794151306152344,-0.09248296916484833,-1.799850344657898,0.178716242313385,15.933098793029785,13.688535690307617,2.781400203704834
1315,1.1126136779785156,0.4386889636516571,4.159964561462402,14.603221893310547,148.69540405273438,6.036905765533447,13.06718635559082,2.4614100456237793,-0.7630199193954468,-0.9415371417999268,-0.08895974606275558,6.0051960945129395,13.069574356079102,2.466663360595703
1316,1.1112204790115356,0.4357275366783142,4.167240619659424,14.903949737548828,164.04299926757812,6.223446846008301,13.246591567993164,2.815001964569092,-1.3561755418777466,0.9188748002052307,-0.1595308482646942,6.090827941894531,13.251544952392578,2.818317413330078
1317,1.138710856437683,0.4356457591056824,2.9644064903259277,8.041171073913574,74.48950958251953,5.2851386070251465,5.4923787117004395,2.5615458488464355,-1.2365018129348755,0.06698186695575714,0.07492364943027496,5.152790546417236,5.507289409637451,2.567591905593872
1318,1.1674355268478394,0.4267853796482086,4.0716552734375,13.40630054473877,158.80398559570312,6.243741989135742,11.490755081176758,2.9507830142974854,-1.6792165040969849,-0.922714114189148,0.3395114839076996,6.030470848083496,11.485597610473633,2.9393625259399414
1319,1.119812250137329,0.4239901602268219,3.0520577430725098,8.01486587524414,81.7414779663086,3.05865478515625,7.323744297027588,1.116005539894104,-1.3674595355987549,0.5415053367614746,0.04145190119743347,2.743581771850586,7.324070453643799,1.1183463335037231
1320,1.0762271881103516,0.4555038511753082,4.617900371551514,21.09352684020996,223.87054443359375,18.452804565429688,9.818094253540039,2.8347842693328857,-1.1377061605453491,-1.0655107498168945,0.15378543734550476,18.469070434570312,9.787330627441406,2.838505268096924
1321,1.0651549100875854,0.46706217527389526,3.881572961807251,15.721609115600586,195.78358459472656,3.5855612754821777,14.56009578704834,4.724018096923828,-1.3567123413085938,-1.561479091644287,0.48974183201789856,3.328230857849121,14.51650333404541,4.711669445037842
1322,1.081312656402588,0.44052767753601074,4.930845737457275,14.845651626586914,135.73773193359375,11.472118377685547,9.088496208190918,2.4865829944610596,-2.4538919925689697,0.2588983476161957,-0.05114956200122833,11.237860679626465,9.110149383544922,2.4929914474487305
1323,1.0861375331878662,0.4460463225841522,4.859795570373535,15.875700950622559,134.4029998779297,11.237820625305176,10.995450019836426,2.2021262645721436,-0.3841351866722107,-1.7421380281448364,0.2288963794708252,11.262581825256348,10.886842727661133,2.1963071823120117
1324,1.124462366104126,0.44439074397087097,5.790424346923828,19.65873146057129,159.27894592285156,13.037094116210938,14.253031730651855,3.6539037227630615,-2.022402286529541,0.15573933720588684,0.16803857684135437,12.915199279785156,14.291935920715332,3.6602189540863037
1325,1.0926520824432373,0.42626339197158813,7.43395471572876,27.101491928100586,214.9854736328125,21.627214431762695,15.212721824645996,5.943691253662109,-4.415976047515869,-1.787075161933899,-0.25428077578544617,21.23063087463379,15.149530410766602,5.9548139572143555
1326,1.0634183883666992,0.4463735818862915,4.686031341552734,13.87341594696045,116.8235092163086,6.153379917144775,11.868208885192871,3.7085301876068115,-0.7820296287536621,0.46467193961143494,0.030405426397919655,6.120508670806885,11.892189025878906,3.718749761581421
1327,1.099306583404541,0.43770483136177063,5.117260932922363,20.12689208984375,184.6291961669922,5.895421028137207,18.651472091674805,4.739020347595215,-1.995650291442871,-1.2498141527175903,0.1347471922636032,5.5628485679626465,18.661460876464844,4.7503180503845215
1328,1.045680046081543,0.46312227845191956,4.717844009399414,13.942827224731445,102.35684204101562,5.356605052947998,12.522262573242188,2.9836478233337402,-1.2931175231933594,1.083209753036499,-0.007878303527832031,5.2126784324646,12.510124206542969,2.991959810256958
1329,1.087748646736145,0.44389769434928894,3.6584625244140625,11.40944766998291,107.09626770019531,9.336999893188477,6.181868076324463,2.186422109603882,-1.4969425201416016,-0.262960284948349,-0.05716168135404587,9.241929054260254,6.193500518798828,2.1917715072631836
1330,1.0889092683792114,0.4895610809326172,7.087414741516113,25.3002986907959,202.34686279296875,15.230533599853516,19.589406967163086,4.938727855682373,-1.401724934577942,-1.389413833618164,0.15994399785995483,15.208197593688965,19.59457778930664,4.949906349182129
1331,1.0626537799835205,0.4686451256275177,4.478544235229492,18.10725212097168,167.14109802246094,11.060479164123535,13.264507293701172,5.439781188964844,-0.7542949318885803,1.3728424310684204,-0.723372757434845,11.065508842468262,13.230072975158691,5.4065093994140625
1332,1.1074541807174683,0.4299505352973938,5.472169876098633,21.399145126342773,164.8092041015625,5.37908935546875,20.289260864257812,4.16348934173584,-1.8954583406448364,0.05206774175167084,-0.0369756855070591,5.048109531402588,20.34579086303711,4.174938678741455
1333,1.0951206684112549,0.4519794285297394,5.241215705871582,18.14695167541504,163.0977783203125,9.245292663574219,14.402660369873047,6.033215522766113,-1.8819105625152588,-1.0561244487762451,0.7585481405258179,9.076981544494629,14.403953552246094,6.002035617828369
1334,1.1395947933197021,0.4557246267795563,5.706322193145752,18.0501708984375,137.9131317138672,14.029470443725586,10.560516357421875,4.178286075592041,-1.04901921749115,-1.2977439165115356,0.18257302045822144,14.029221534729004,10.509710311889648,4.185939311981201
1335,1.0598442554473877,0.4516039490699768,3.505363702774048,8.540533065795898,75.1871337890625,6.910987854003906,4.459457874298096,2.3004767894744873,-1.8187364339828491,-0.4914948046207428,-0.1635822355747223,6.685977458953857,4.4446539878845215,2.3010542392730713
1336,1.0444345474243164,0.43890976905822754,5.128329277038574,15.693047523498535,117.54019927978516,10.60816478729248,11.092684745788574,3.2697031497955322,-0.7753479480743408,1.3627148866653442,-0.20344290137290955,10.609302520751953,11.039369583129883,3.272470474243164
1337,1.000105381011963,0.45480218529701233,3.722055435180664,11.434048652648926,112.16450500488281,9.01855182647705,6.819674015045166,1.7015336751937866,-2.4022810459136963,0.37290000915527344,-0.2577574551105499,8.716964721679688,6.828465938568115,1.6865886449813843
1338,1.0539981126785278,0.4472944438457489,3.2050490379333496,7.048304557800293,77.99595642089844,5.978494167327881,3.646371364593506,0.8001093864440918,-1.5477811098098755,-0.2802583575248718,-0.012077665887773037,5.790773391723633,3.645726203918457,0.8022497892379761
1339,1.029103398323059,0.4477819502353668,6.831271648406982,29.312551498413086,267.2125244140625,26.43264389038086,12.045236587524414,3.931065559387207,0.7472217082977295,-1.4884792566299438,0.10799569636583328,26.49578094482422,11.98625373840332,3.9405429363250732
1340,1.0600098371505737,0.4519699811935425,4.0362372398376465,11.403447151184082,115.14264678955078,10.128122329711914,3.97853422164917,3.41042423248291,-1.8211954832077026,-0.19824223220348358,0.08015178143978119,9.990827560424805,3.9846761226654053,3.418992519378662
1341,1.0288050174713135,0.4382621645927429,3.6692535877227783,12.317965507507324,116.83699035644531,9.200056076049805,7.993183612823486,1.7889295816421509,-0.5881184935569763,0.9095833897590637,-0.11141817271709442,9.206849098205566,7.963412761688232,1.790436863899231
1342,1.0207445621490479,0.46031320095062256,3.0722262859344482,9.314432144165039,115.0737075805664,2.4635353088378906,8.44594955444336,3.0586893558502197,-1.3657734394073486,-0.6654752492904663,0.3716457784175873,2.056004047393799,8.443177223205566,3.0444955825805664
1343,1.1028482913970947,0.44320380687713623,2.894961357116699,7.062053203582764,62.17714309692383,4.623079299926758,4.139673709869385,3.370880365371704,-1.0609034299850464,0.40603241324424744,-0.3018198013305664,4.512256622314453,4.131204128265381,3.366705894470215
1344,1.0848994255065918,0.4329048693180084,6.756014823913574,26.45339584350586,299.8265075683594,23.26499366760254,11.977405548095703,3.881222724914551,0.21617236733436584,-0.3523963987827301,-0.21005889773368835,23.328880310058594,12.005616188049316,3.8863444328308105
1345,1.0696091651916504,0.4487108886241913,4.378468036651611,14.274057388305664,155.3223114013672,4.834450721740723,12.679750442504883,4.427272796630859,-1.4598017930984497,-0.5299051403999329,-0.04110078513622284,4.621640205383301,12.704010963439941,4.4394307136535645
1346,1.004842758178711,0.4520525634288788,6.2701005935668945,20.743642807006836,183.19827270507812,12.053495407104492,16.200767517089844,4.7483811378479,-2.4538984298706055,-0.635546088218689,-0.16957220435142517,11.833982467651367,16.23345375061035,4.758589267730713
1347,1.0727357864379883,0.4330803453922272,7.193550109863281,32.081878662109375,338.7252502441406,29.520919799804688,9.478227615356445,8.241666793823242,-0.7911161184310913,-0.5726389288902283,0.29435649514198303,29.592636108398438,9.487303733825684,8.259383201599121
1348,1.0435339212417603,0.4620848298072815,5.413498878479004,15.098065376281738,110.49681091308594,8.799341201782227,11.896061897277832,3.0011465549468994,-0.6422284245491028,-2.0199294090270996,0.4457506537437439,8.800352096557617,11.75601863861084,2.976137399673462
1349,1.0893558263778687,0.44048547744750977,4.053126335144043,14.68850326538086,143.50660705566406,11.355972290039062,8.608673095703125,3.561569929122925,-0.6443336009979248,1.0844881534576416,-0.13065306842327118,11.369302749633789,8.563910484313965,3.5691006183624268
1350,1.0920320749282837,0.43719691038131714,7.3692097663879395,25.817806243896484,203.65158081054688,16.25919532775879,19.604984283447266,4.2240166664123535,-1.821166753768921,-2.3082175254821777,0.3749355375766754,16.201948165893555,19.52293586730957,4.219079494476318
1351,1.1049399375915527,0.43324801325798035,5.953239917755127,17.952045440673828,127.59431457519531,14.949840545654297,9.547816276550293,2.7599635124206543,-0.9543079733848572,-0.21900826692581177,-0.16023725271224976,14.960966110229492,9.571929931640625,2.762993812561035
1352,1.1456795930862427,0.40777429938316345,7.707030296325684,21.71381187438965,184.2552947998047,9.81494426727295,18.33675765991211,6.238582611083984,-3.0271010398864746,-0.1971818059682846,0.22556138038635254,9.362519264221191,18.386842727661133,6.251893997192383
1353,1.0743614435195923,0.4451572895050049,7.10227632522583,25.122535705566406,213.98199462890625,18.33091926574707,16.601547241210938,4.416772842407227,-0.08504495024681091,-0.9975672364234924,0.34021443128585815,18.381855010986328,16.617773056030273,4.415934085845947
1354,1.0940996408462524,0.4437233805656433,6.332733154296875,21.79682159423828,133.69281005859375,13.482400894165039,16.590553283691406,4.252032279968262,0.7479456663131714,-2.2096996307373047,0.09462258964776993,13.499189376831055,16.488605499267578,4.262836933135986
1355,1.1083767414093018,0.4608520269393921,4.8269147872924805,15.806517601013184,110.83309173583984,10.505121231079102,11.326281547546387,3.34720516204834,-2.2466819286346436,0.1890244483947754,-0.4061198830604553,10.290690422058105,11.356292724609375,3.3317439556121826
1356,1.0240954160690308,0.4349469244480133,4.016753673553467,17.130023956298828,195.75338745117188,15.043824195861816,8.011324882507324,1.7145756483078003,0.33277788758277893,-1.088578224182129,-0.33500003814697266,15.0820951461792,7.95916223526001,1.6862207651138306
1357,1.0164155960083008,0.43845152854919434,6.0090155601501465,22.448755264282227,162.72024536132812,10.109469413757324,19.536436080932617,4.480268478393555,-1.9969850778579712,-1.9252278804779053,-0.08895866572856903,9.937911987304688,19.495576858520508,4.491879940032959
1358,1.0105888843536377,0.4520891010761261,3.178471326828003,12.147384643554688,130.38233947753906,7.122585296630859,9.53903865814209,2.4154646396636963,-0.5073187947273254,-1.1137129068374634,0.04246102645993233,7.124311923980713,9.500226020812988,2.421828031539917
1359,1.0370323657989502,0.4656226336956024,5.6975626945495605,19.57179832458496,154.55636596679688,15.552665710449219,11.622008323669434,2.4695699214935303,-2.0941569805145264,0.6944575905799866,-0.2586800754070282,15.454019546508789,11.633602142333984,2.4628355503082275
1360,1.0537829399108887,0.4533313810825348,2.6896538734436035,8.94530200958252,100.95410919189453,4.737310409545898,7.1584954261779785,2.516397476196289,-0.9055436849594116,0.5154078006744385,-0.16461066901683807,4.662927627563477,7.15983247756958,2.5180118083953857
1361,1.0147956609725952,0.4544009268283844,3.8628153800964355,13.8633451461792,125.9799575805664,10.710429191589355,8.568714141845703,2.0139942169189453,-1.7596639394760132,-1.192996621131897,0.16931678354740143,10.594358444213867,8.508928298950195,2.0124621391296387
1362,1.0723869800567627,0.4409342110157013,5.043389320373535,18.264013290405273,120.66162872314453,9.344893455505371,15.424678802490234,2.8855481147766113,-1.4900808334350586,-0.3987540900707245,-0.11547767370939255,9.25106143951416,15.46253490447998,2.8912787437438965
1363,1.047633409500122,0.4432815909385681,4.5009002685546875,13.619999885559082,105.8896255493164,8.983297348022461,9.420472145080566,4.0074286460876465,-1.4636590480804443,0.5831398367881775,0.01113460399210453,8.887980461120605,9.428632736206055,4.018591403961182
1364,1.0201964378356934,0.4497937262058258,4.527887344360352,17.627269744873047,139.77078247070312,10.428832054138184,13.411463737487793,4.700295448303223,-0.0066167619079351425,-1.4443963766098022,0.7982299327850342,10.457919120788574,13.370649337768555,4.644940376281738
1365,1.0774073600769043,0.41953128576278687,4.076003074645996,14.04209041595459,123.01837921142578,8.419061660766602,10.835127830505371,2.9832382202148438,-0.6849110126495361,-1.3035862445831299,0.7054866552352905,8.41456127166748,10.78642749786377,2.906705856323242
1366,0.9953882694244385,0.44793930649757385,2.709986925125122,9.163673400878906,107.3661880493164,3.141082525253296,8.414148330688477,1.818958044052124,-0.17159035801887512,-0.33017316460609436,0.3854602575302124,3.1451408863067627,8.431120872497559,1.7826054096221924
1367,1.044188141822815,0.4674230217933655,5.223948001861572,19.41301727294922,157.65760803222656,7.880274295806885,16.959156036376953,5.210902690887451,-0.39487677812576294,2.4942378997802734,-0.25867682695388794,7.892328262329102,16.8215274810791,5.218995571136475
1368,0.9343726634979248,0.45659691095352173,3.6361403465270996,15.15825366973877,180.22308349609375,3.7211859226226807,14.21335506439209,3.7290689945220947,-0.23936335742473602,-0.4419455826282501,0.08071557432413101,3.7238378524780273,14.246109962463379,3.7385950088500977
1369,0.9612894058227539,0.478617399930954,3.654665231704712,13.537385940551758,126.94937133789062,8.348883628845215,10.060647010803223,3.512880802154541,-0.8393170833587646,1.1998575925827026,-0.3279653787612915,8.329758644104004,10.016704559326172,3.507293701171875
1370,0.9553927779197693,0.4671120345592499,2.2766687870025635,5.452775478363037,38.04426956176758,4.184432506561279,2.720036029815674,2.1965174674987793,0.3892607092857361,0.1906099170446396,-0.2963936924934387,4.177908420562744,2.7209179401397705,2.1824989318847656
1371,0.9926961660385132,0.46349427103996277,3.3954081535339355,11.133612632751465,111.76769256591797,7.36781644821167,8.086752891540527,2.0681028366088867,-1.2320451736450195,-0.1223568394780159,-0.23360568284988403,7.284337043762207,8.108382225036621,2.060598373413086
1372,0.9744459390640259,0.4701359272003174,6.6935906410217285,26.74616050720215,198.1260986328125,16.87969207763672,20.024856567382812,5.42570161819458,-0.13470569252967834,-0.6276633739471436,0.3892645537853241,16.926237106323242,20.070846557617188,5.426815509796143
1373,1.0015439987182617,0.4415915906429291,3.8543813228607178,13.334131240844727,113.89544677734375,7.800148963928223,10.557552337646484,2.3441009521484375,1.1600209474563599,-0.37143656611442566,-0.08839183300733566,7.734925270080566,10.58044719696045,2.3489677906036377
1374,0.9919866919517517,0.4437079429626465,5.148747444152832,19.749605178833008,184.80355834960938,7.231993675231934,17.784921646118164,4.630524635314941,-0.3775102496147156,-1.5409873723983765,0.4328386187553406,7.242279529571533,17.767457962036133,4.623110294342041
1375,1.0432000160217285,0.41909685730934143,3.8073809146881104,14.001472473144531,151.3126678466797,7.691285610198975,10.97111988067627,4.0644683837890625,0.2782328426837921,-0.6417129039764404,0.14914476871490479,7.707690715789795,10.982887268066406,4.073061466217041
1376,1.0280808210372925,0.44162026047706604,3.280311107635498,10.480655670166016,87.62066650390625,6.460878849029541,7.980429172515869,2.1009366512298584,0.5243901014328003,-0.16530372202396393,0.04103037714958191,6.457525730133057,8.000972747802734,2.1063952445983887
1377,1.0518032312393188,0.43273892998695374,3.8477797508239746,16.19296646118164,176.294189453125,7.426632881164551,13.981182098388672,3.403500556945801,0.7103595733642578,0.19806653261184692,0.24671579897403717,7.41320276260376,14.018774032592773,3.404015302658081
1378,1.012779951095581,0.43854841589927673,3.529902458190918,13.563408851623535,134.95751953125,8.722199440002441,10.04161262512207,2.656184196472168,0.4591194689273834,-1.1659905910491943,0.1936938613653183,8.734403610229492,10.001508712768555,2.6565017700195312
1379,1.0827221870422363,0.4351016581058502,4.345245361328125,19.134775161743164,191.6445770263672,14.154719352722168,12.272200584411621,3.8957204818725586,-1.3075875043869019,1.292349934577942,-0.02662433125078678,14.133505821228027,12.238005638122559,3.9064958095550537
1380,1.0616850852966309,0.4347383677959442,2.039823293685913,6.118641376495361,76.06695556640625,3.663668632507324,4.799099922180176,0.991938054561615,-0.11223780363798141,-0.3640184998512268,-0.030896659940481186,3.672163486480713,4.7986226081848145,0.9942222833633423
1381,1.1321942806243896,0.443159282207489,4.2382941246032715,13.4578218460083,112.84520721435547,7.668478965759277,10.539457321166992,3.350705862045288,0.45157864689826965,1.5226798057556152,-0.5640997886657715,7.676523685455322,10.45797348022461,3.31209397315979
1382,1.1358915567398071,0.4324771761894226,6.0136189460754395,25.954509735107422,269.0793151855469,20.31780242919922,15.223319053649902,5.392038822174072,-1.1536072492599487,-1.4739315509796143,-0.12043094635009766,20.341609954833984,15.194062232971191,5.405731201171875
1383,1.0806567668914795,0.42912375926971436,3.7990639209747314,20.804729461669922,237.49172973632812,18.906736373901367,7.983031749725342,3.4122166633605957,1.836315631866455,-0.23642468452453613,-0.11083027720451355,18.86983871459961,8.001788139343262,3.4199295043945312
1384,1.061998724937439,0.4318047761917114,6.051972389221191,25.492019653320312,247.204833984375,19.804000854492188,14.640009880065918,6.581396579742432,2.045445203781128,-0.40121546387672424,0.2947123646736145,19.75303077697754,14.675332069396973,6.593134880065918
1385,1.106973648071289,0.4162202477455139,2.5291242599487305,7.312777519226074,80.07044219970703,3.9685606956481934,6.027955532073975,1.1794021129608154,0.492977499961853,0.4913056492805481,-0.20270447432994843,3.9488067626953125,6.024659156799316,1.165092945098877
1386,1.1077841520309448,0.4367668926715851,2.2459492683410645,6.8810882568359375,78.05572509765625,4.749825477600098,4.837949275970459,1.175918459892273,0.030041303485631943,-0.0943632572889328,-0.11410444229841232,4.762979507446289,4.850521564483643,1.1736339330673218
1387,1.1359950304031372,0.40917477011680603,3.525686502456665,11.940418243408203,112.06623840332031,8.63534927368164,7.129167079925537,4.144791603088379,1.2108538150787354,0.49203357100486755,-0.7071270942687988,8.573884010314941,7.132006645202637,4.095418453216553
1388,1.0926811695098877,0.4185017943382263,2.409499406814575,7.876011848449707,83.42931365966797,3.2758901119232178,6.074641704559326,3.79457950592041,0.6456220149993896,-0.6234397888183594,-0.06365828961133957,3.220597743988037,6.059420585632324,3.804628610610962
1389,1.1054408550262451,0.4422876536846161,3.4346208572387695,10.919097900390625,84.60799407958984,5.496320724487305,8.83205509185791,3.318427324295044,-0.244012713432312,0.8586682081222534,-0.4663298726081848,5.506217956542969,8.814735412597656,3.2946624755859375
1390,1.0154199600219727,0.4482510983943939,2.981684684753418,15.955499649047852,209.1717529296875,15.39388656616211,2.2544398307800293,3.538895845413208,1.4627379179000854,-0.21475578844547272,0.12628628313541412,15.366976737976074,2.2504477500915527,3.5465071201324463
1391,1.0711320638656616,0.42018017172813416,2.560194253921509,6.2831130027771,57.736473083496094,3.8606514930725098,4.778753757476807,1.3177223205566406,0.22970955073833466,-0.43472716212272644,0.010216697119176388,3.8645613193511963,4.772213459014893,1.321358323097229
1392,1.0699840784072876,0.43335944414138794,3.9732842445373535,14.61358642578125,137.35279846191406,9.741851806640625,10.411578178405762,3.20192289352417,0.2451564073562622,0.8878864049911499,-0.36741819977760315,9.765932083129883,10.402586936950684,3.1896450519561768
1393,1.133144736289978,0.4334482252597809,2.952439546585083,8.74987506866455,84.20064544677734,4.249563694000244,6.567162990570068,3.9209558963775635,-0.11704309284687042,0.7580000162124634,-0.5351256728172302,4.259800910949707,6.541467189788818,3.8951022624969482
1394,1.0297983884811401,0.46763694286346436,3.7457635402679443,10.60580825805664,77.64990234375,7.548840045928955,7.258683681488037,1.67621648311615,-0.4578820765018463,0.2063819020986557,-0.008975361473858356,7.5559587478637695,7.2759881019592285,1.6808680295944214
1395,1.011462926864624,0.44266530871391296,3.991547107696533,11.222457885742188,87.10555267333984,8.915946006774902,6.572717666625977,1.8024604320526123,0.4293171763420105,0.10694372653961182,-0.025378048419952393,8.930445671081543,6.590178966522217,1.8073090314865112
1396,0.9321132898330688,0.4620760679244995,1.8554966449737549,2.823611259460449,14.030768394470215,2.0394933223724365,1.746319055557251,0.8738521337509155,0.36548542976379395,0.07607246935367584,0.03783702850341797,2.0120747089385986,1.7495280504226685,0.8754677772521973
1397,0.950972318649292,0.45804572105407715,5.456863880157471,20.17092514038086,180.18948364257812,15.465997695922852,12.28220272064209,4.100811958312988,1.6175856590270996,-0.7246086001396179,0.2747431993484497,15.424077987670898,12.295008659362793,4.103011131286621
1398,1.0254340171813965,0.4559713900089264,3.3702714443206787,12.37663745880127,111.21076202392578,11.011353492736816,5.35855770111084,1.7936317920684814,0.8506014943122864,-0.29628533124923706,0.10801485180854797,11.009073257446289,5.365284442901611,1.7953704595565796
1399,1.0515533685684204,0.4445796012878418,3.0742244720458984,9.65573787689209,95.61636352539062,8.079191207885742,4.795020580291748,2.228832960128784,1.369614839553833,-0.45102769136428833,0.2799372971057892,7.984464168548584,4.7870774269104,2.217350959777832
1400,0.9399976134300232,0.4654228389263153,3.1551568508148193,10.09405517578125,78.52094268798828,9.429208755493164,3.432715654373169,1.0938160419464111,1.479559063911438,0.4042762815952301,-0.044849757105112076,9.338380813598633,3.4183349609375,1.0959445238113403
1401,0.952921450138092,0.44656842947006226,3.6239709854125977,18.98763084411621,245.90423583984375,17.862823486328125,5.226659774780273,3.759208917617798,-1.192322850227356,0.586473822593689,-0.3343767821788788,17.87270164489746,5.208139896392822,3.7547526359558105
1402,0.9536187052726746,0.4728086292743683,3.6144237518310547,13.628579139709473,121.747802734375,10.023749351501465,8.634218215942383,3.27305269241333,1.610390543937683,-0.028616344556212425,0.1947629749774933,9.92113971710205,8.658256530761719,3.2763662338256836
1403,0.9051324725151062,0.4543642997741699,5.229529857635498,24.32448959350586,235.24578857421875,17.253929138183594,16.786741256713867,3.4911317825317383,2.786146640777588,2.1672208309173584,-0.1538207232952118,17.074987411499023,16.692689895629883,3.4974701404571533
1404,1.0192703008651733,0.476691335439682,2.280351400375366,7.44614839553833,72.08055877685547,5.244522571563721,4.768979549407959,2.27968168258667,0.4844450354576111,-0.46541401743888855,0.05552072823047638,5.236666679382324,4.759453296661377,2.285362482070923
1405,0.9655082821846008,0.45747867226600647,3.3598098754882812,12.568500518798828,111.5999755859375,3.059832811355591,11.801609992980957,3.053952693939209,0.6377242803573608,0.13442756235599518,-0.2560897767543793,3.000985860824585,11.833761215209961,3.051685333251953
1406,1.0019330978393555,0.4533296227455139,3.7227156162261963,17.347660064697266,169.77081298828125,11.551971435546875,12.455068588256836,3.5163183212280273,0.04903034865856171,-1.111185073852539,0.18735623359680176,11.584090232849121,12.440006256103516,3.5211181640625
1407,0.9451226592063904,0.47663789987564087,2.349538564682007,8.224360466003418,104.16426849365234,1.9382307529449463,7.657948017120361,2.288928270339966,0.3974660634994507,0.5548166036605835,-0.34066465497016907,1.9023311138153076,7.659127712249756,2.269749164581299
1408,0.9256753921508789,0.47095635533332825,2.577498197555542,11.550464630126953,139.07203674316406,11.247640609741211,2.1803271770477295,1.466278076171875,0.8939754962921143,0.006230396684259176,-0.102461077272892,11.243331909179688,2.1863999366760254,1.4667738676071167
1409,0.952404260635376,0.4831395447254181,2.5145864486694336,6.6195268630981445,64.28846740722656,5.329467296600342,3.768827199935913,1.1003894805908203,0.6936458945274353,-0.38260960578918457,-0.1252681314945221,5.298873424530029,3.7598140239715576,1.0962854623794556
1410,0.9566212892532349,0.4653816223144531,5.119282245635986,17.349166870117188,131.3173370361328,13.875946044921875,9.237418174743652,4.808514595031738,0.8416838049888611,-0.7337867021560669,0.152510866522789,13.889031410217285,9.23391342163086,4.8195013999938965
1411,0.8835663795471191,0.506914496421814,3.0027196407318115,8.462410926818848,64.29695892333984,6.588930130004883,4.804630756378174,2.2613980770111084,0.26839306950569153,0.6063240170478821,-0.2984517812728882,6.60182523727417,4.779514312744141,2.2478699684143066
1412,0.8734387755393982,0.49466174840927124,4.307711601257324,12.406994819641113,80.62757873535156,7.520819664001465,9.517550468444824,2.605193614959717,-0.634478747844696,0.9771596789360046,-0.42656996846199036,7.514912128448486,9.493663787841797,2.577202081680298
1413,0.843575656414032,0.5146148800849915,4.237316131591797,14.99544906616211,116.37761688232422,12.029633522033691,8.046059608459473,3.9258530139923096,0.8544405698776245,0.6720885634422302,-0.6746095418930054,12.032721519470215,8.04030704498291,3.8782448768615723
1414,0.8164300918579102,0.4989931881427765,3.6631643772125244,14.37861156463623,127.61514282226562,7.447793483734131,11.503761291503906,4.351816654205322,1.0104084014892578,-1.4797170162200928,0.2530476450920105,7.399519443511963,11.440018653869629,4.356571674346924
1415,0.7692375779151917,0.5618542432785034,4.954226970672607,24.407567977905273,282.3954772949219,22.540878295898438,8.591439247131348,3.7182626724243164,2.890841007232666,-0.13844899833202362,0.17016589641571045,22.417091369628906,8.614285469055176,3.7247276306152344
1416,0.8239457607269287,0.5093161463737488,5.146637439727783,16.199966430664062,90.45931243896484,10.503725051879883,11.898425102233887,3.246253728866577,-0.5526865720748901,0.9427892565727234,-0.566036581993103,10.518433570861816,11.894099235534668,3.2054407596588135
1417,0.8298954963684082,0.48209312558174133,3.207521915435791,11.905363082885742,133.48373413085938,10.901227951049805,4.420936107635498,1.8319910764694214,1.2270610332489014,-0.21798156201839447,-0.18477438390254974,10.862162590026855,4.427875995635986,1.827733039855957
1418,0.8231169581413269,0.4873301684856415,4.077008247375488,15.057117462158203,145.8885955810547,10.487354278564453,10.147293090820312,3.7100729942321777,1.8417505025863647,-1.2631958723068237,0.21118302643299103,10.353164672851562,10.09644603729248,3.7143898010253906
1419,0.7391485571861267,0.5321601033210754,4.518029689788818,15.894330024719238,121.91606140136719,8.255075454711914,13.119096755981445,3.5174899101257324,0.6289100646972656,0.3112497329711914,-0.18728837370872498,8.254042625427246,13.151988983154297,3.5222980976104736
1420,0.737347424030304,0.5124201774597168,2.0921061038970947,7.141960620880127,80.52178955078125,3.2376418113708496,6.054097652435303,1.9680397510528564,0.7270503044128418,0.24678383767604828,-0.1726708710193634,3.163752555847168,6.065938949584961,1.965918779373169
1421,0.6463865041732788,0.4785720109939575,2.9489262104034424,11.547338485717773,102.18533325195312,5.522239685058594,10.004870414733887,1.657855749130249,0.1614396572113037,0.5154048800468445,-0.20181022584438324,5.535276412963867,10.019455909729004,1.6501166820526123
1422,0.6532911658287048,0.4841695725917816,1.7023499011993408,6.776341438293457,87.14842987060547,2.8314902782440186,5.96569299697876,1.5205199718475342,0.2683674693107605,0.5905904769897461,-0.19333219528198242,2.826606035232544,5.952945709228516,1.5123858451843262
1423,0.6172890663146973,0.483228862285614,2.6744117736816406,10.86913776397705,106.34761047363281,6.585536003112793,8.295056343078613,2.4415011405944824,1.0553810596466064,-0.3298308551311493,0.04299601912498474,6.518551349639893,8.311614990234375,2.4479317665100098
1424,0.7363104224205017,0.5332701802253723,2.2920329570770264,9.800436019897461,112.40972900390625,5.798581600189209,6.978748798370361,3.7043302059173584,-0.13312004506587982,0.2721196413040161,-0.15733802318572998,5.813223838806152,6.992893218994141,3.711310863494873
1425,0.635562002658844,0.5197919607162476,3.2197978496551514,18.844371795654297,223.0066375732422,17.420198440551758,5.61836051940918,4.48118782043457,2.130098342895508,0.6567256450653076,-0.27789464592933655,17.337705612182617,5.5954108238220215,4.4850382804870605
1426,0.7824231386184692,0.536569356918335,3.4620559215545654,13.113661766052246,142.99124145507812,8.916021347045898,9.040590286254883,3.277259349822998,1.404848575592041,-0.8664478063583374,0.23689424991607666,8.829206466674805,9.024076461791992,3.277803897857666
1427,0.6982172131538391,0.5543975830078125,3.4126667976379395,10.672088623046875,85.1928482055664,9.41814136505127,4.189620494842529,2.7639009952545166,0.6745947003364563,-0.11944622546434402,-0.10502461344003677,9.420153617858887,4.199599742889404,2.769608974456787
1428,0.7126694917678833,0.5455222129821777,3.626512289047241,13.772825241088867,108.10790252685547,9.811624526977539,9.047908782958984,3.3997156620025635,0.47614824771881104,-0.46731773018836975,0.07831721752882004,9.827400207519531,9.061037063598633,3.408294439315796
1429,0.6289127469062805,0.5182915329933167,2.6111900806427,9.78083610534668,87.6072769165039,5.797305583953857,7.680343151092529,1.7516664266586304,0.41827332973480225,-0.9619722962379456,0.10802105069160461,5.798326015472412,7.641115188598633,1.7532093524932861
1430,0.5761566758155823,0.5245739817619324,1.3751534223556519,4.003958225250244,48.68593215942383,1.298018455505371,3.697802782058716,0.8204171061515808,0.28146031498908997,0.2881423234939575,0.008366222493350506,1.2706698179244995,3.696842908859253,0.8226628303527832
1431,0.5582506060600281,0.5346971154212952,2.551079273223877,11.979225158691406,115.99661254882812,7.087517738342285,8.988114356994629,3.533092975616455,-0.4736393094062805,-0.19461967051029205,-0.0845780298113823,7.091399669647217,9.011072158813477,3.541933059692383
1432,0.7621551752090454,0.575229287147522,3.109377145767212,13.868707656860352,116.04525756835938,9.108786582946777,10.163339614868164,2.4652817249298096,-0.1446882039308548,0.04674636200070381,-0.06026844680309296,9.133041381835938,10.191581726074219,2.4714195728302
1433,0.715696394443512,0.5778212547302246,4.6606903076171875,19.030738830566406,138.83641052246094,15.887322425842285,10.339130401611328,1.6924468278884888,2.066272258758545,0.3552672863006592,0.047332584857940674,15.796321868896484,10.361846923828125,1.696503758430481
1434,0.7005273103713989,0.5469383597373962,4.07893705368042,14.901618957519531,135.1143341064453,12.05700397491455,8.37828540802002,2.547790765762329,0.15091289579868317,-0.357693076133728,0.16418027877807617,12.089689254760742,8.39399528503418,2.5495872497558594
1435,0.6884110569953918,0.542104184627533,4.538938999176025,19.825708389282227,163.47801208496094,18.137840270996094,7.041945934295654,3.8063735961914062,0.8403130769729614,-0.5128729343414307,-0.10774850845336914,18.168903350830078,7.042834758758545,3.8154611587524414
1436,0.7011915445327759,0.5548011064529419,2.8163440227508545,9.23449993133545,69.72559356689453,4.240072250366211,7.948330879211426,2.0302255153656006,0.2820788025856018,-0.8514342904090881,0.12744957208633423,4.2424798011779785,7.9246392250061035,2.0318727493286133
1437,0.5978183150291443,0.517397403717041,1.7520782947540283,7.808737754821777,100.9930191040039,1.8159643411636353,7.35189151763916,1.9048192501068115,0.09938401728868484,0.4755772650241852,-0.1592729538679123,1.818300724029541,7.356958866119385,1.9034432172775269
1438,0.5645275115966797,0.5281980633735657,1.9279108047485352,8.05665397644043,90.53495788574219,3.878418207168579,6.473596572875977,2.821363925933838,-0.05192750319838524,0.7062290906906128,-0.3485686480998993,3.888888359069824,6.452907562255859,2.807558059692383
1439,0.5542967319488525,0.5189642906188965,1.4661680459976196,6.084420204162598,78.46306610107422,1.0898172855377197,5.780398845672607,1.5554587841033936,0.28414997458457947,0.36869847774505615,-0.20939859747886658,1.0550566911697388,5.784719944000244,1.5455988645553589
1440,0.613116443157196,0.5584930181503296,4.315701961517334,20.10697364807129,196.87652587890625,14.073307037353516,13.833112716674805,3.857126235961914,-1.260640263557434,-1.3176815509796143,0.10047709196805954,14.055830001831055,13.808622360229492,3.866572856903076
1441,0.6684853434562683,0.5540996193885803,2.182621717453003,9.266103744506836,90.35201263427734,3.3945963382720947,7.894484043121338,3.466196060180664,0.5563995242118835,-0.7295773029327393,0.123044952750206,3.358027696609497,7.882626056671143,3.4736738204956055
1442,0.6807667016983032,0.539421558380127,3.990041971206665,18.1016788482666,174.8845672607422,15.635772705078125,8.348860740661621,3.672863721847534,0.3613191545009613,-0.7448046803474426,0.2741238474845886,15.675200462341309,8.338768005371094,3.6728363037109375
1443,0.48508399724960327,0.5416349172592163,1.3308557271957397,5.120569705963135,63.93339920043945,4.962477684020996,1.018438696861267,0.7462084889411926,-0.12290313839912415,0.013631227426230907,-0.11339172720909119,4.974793434143066,1.0211880207061768,0.7396001219749451
1444,0.5329552888870239,0.5193727016448975,1.3165150880813599,5.941378116607666,75.92808532714844,2.007193088531494,5.016787528991699,2.4704225063323975,0.32940173149108887,0.30162128806114197,-0.1755494326353073,1.9855021238327026,5.02168083190918,2.47105073928833
1445,0.5923780798912048,0.5074157118797302,2.2325217723846436,10.92279052734375,111.75379180908203,4.481028079986572,8.696513175964355,4.857817649841309,0.724531888961792,0.05040669068694115,-0.08783872425556183,4.434401035308838,8.720623970031738,4.870572090148926
1446,0.5731570720672607,0.5018666386604309,1.5908375978469849,7.904365539550781,82.02185821533203,6.019629955291748,4.810197353363037,1.7621146440505981,-0.04317285865545273,0.2928765118122101,-0.15150055289268494,6.036265850067139,4.8146653175354,1.7604868412017822
1447,0.5545790791511536,0.5382382869720459,0.922599732875824,2.2271931171417236,19.35504150390625,1.5997196435928345,1.1939769983291626,0.9877777099609375,0.05299525335431099,0.019091421738266945,-0.0011130757629871368,1.6033014059066772,1.1971544027328491,0.9905324578285217
1448,0.6786970496177673,0.5801271796226501,1.5056746006011963,5.164011001586914,43.98003005981445,3.1039607524871826,4.047874450683594,0.8044583797454834,0.28784748911857605,0.4243968725204468,-0.007100228685885668,3.09920597076416,4.036794185638428,0.8066708445549011
1449,0.7170098423957825,0.5894690155982971,4.996374130249023,19.290796279907227,135.82823181152344,14.566404342651367,11.90842056274414,4.2596049308776855,1.916863203048706,-0.035603247582912445,0.21936294436454773,14.48000717163086,11.941583633422852,4.2658185958862305
1450,0.6799765229225159,0.5744736790657043,3.116438150405884,14.891398429870605,135.0360107421875,12.685897827148438,7.456012725830078,2.286836624145508,1.044877290725708,0.3066242039203644,-0.020457396283745766,12.678059577941895,7.470485687255859,2.293123483657837
1451,0.5494605302810669,0.5507473945617676,2.1584794521331787,8.938372611999512,84.4114761352539,4.230259895324707,7.643005847930908,1.8931142091751099,0.5047188997268677,0.14198125898838043,-0.24465256929397583,4.211758136749268,7.663002014160156,1.8824753761291504
1452,0.6856194734573364,0.569786548614502,4.878561973571777,19.09912109375,129.6049041748047,13.606136322021484,13.137258529663086,2.6574313640594482,-0.45812541246414185,0.9289880990982056,-0.464468389749527,13.6363525390625,13.140924453735352,2.6238250732421875
1453,0.5780463218688965,0.5248841047286987,1.0573524236679077,3.4097397327423096,37.36213302612305,1.6717194318771362,2.8726613521575928,0.7612472772598267,0.1090022400021553,0.19033890962600708,0.0065383450128138065,1.672815203666687,2.8743438720703125,0.7633424997329712
1454,0.6367238759994507,0.5748103857040405,3.7674920558929443,15.50839900970459,110.7785873413086,10.943527221679688,10.246826171875,3.9689083099365234,0.036505889147520065,0.9382922649383545,-0.6747244000434875,10.973991394042969,10.23223876953125,3.9220452308654785
1455,0.5047833323478699,0.52120041847229,2.6114611625671387,14.050463676452637,155.14633178710938,10.988722801208496,8.12856674194336,3.2542126178741455,0.578044593334198,-0.448343425989151,0.03230093792080879,11.004117012023926,8.13883113861084,3.2631285190582275
1456,0.48077625036239624,0.5323241949081421,2.4977853298187256,15.381461143493652,154.36622619628906,10.617063522338867,10.490346908569336,3.7175118923187256,-0.6151390075683594,0.16333188116550446,0.04706953093409538,10.628793716430664,10.518333435058594,3.7275826930999756
1457,0.4858626425266266,0.5306103825569153,1.3948334455490112,8.626635551452637,113.66978454589844,6.78045129776001,3.8943331241607666,3.6439661979675293,-0.33567214012145996,0.33839112520217896,-0.2754320502281189,6.791027545928955,3.890424966812134,3.643677234649658
1458,0.6567002534866333,0.5884774923324585,1.143894910812378,4.4077959060668945,50.56135559082031,3.820136547088623,2.0430076122283936,0.8132306337356567,-0.22982428967952728,0.02996470406651497,-0.014435156248509884,3.8238534927368164,2.04848575592041,0.8153705596923828
1459,0.6686179041862488,0.6190276741981506,4.84622859954834,20.51952362060547,162.1836700439453,8.315412521362305,17.85332489013672,5.758788108825684,0.2109963297843933,0.4059585630893707,-0.34150853753089905,8.335922241210938,17.898494720458984,5.764688491821289
1460,0.593055784702301,0.5593559741973877,4.2389726638793945,19.144315719604492,137.37791442871094,15.32608699798584,10.47503662109375,4.678616046905518,0.7990081310272217,0.41645196080207825,-0.35495516657829285,15.347938537597656,10.495950698852539,4.678144454956055
1461,0.6109549403190613,0.5441831350326538,1.1861789226531982,4.191844940185547,48.44562530517578,3.0539002418518066,2.630814790725708,1.1506835222244263,0.19337180256843567,-0.1627156138420105,0.06015636771917343,3.056273937225342,2.6331021785736084,1.152315378189087
1462,0.4748435318470001,0.5097844004631042,0.8905592560768127,2.1370513439178467,11.384875297546387,1.4057427644729614,1.5150599479675293,0.5435706377029419,0.08271961659193039,0.08688094466924667,-0.03183037042617798,1.4072213172912598,1.516785979270935,0.5441514849662781
1463,0.4323449432849884,0.5604661703109741,1.1403876543045044,5.091696739196777,64.75686645507812,2.638143539428711,4.311619281768799,0.6127946376800537,-0.1249333918094635,0.13888926804065704,0.0379774235188961,2.642534017562866,4.321402549743652,0.6133227348327637
1464,0.46189597249031067,0.5542119145393372,0.946094810962677,2.787889242172241,30.211606979370117,1.1379413604736328,2.5042243003845215,0.45417460799217224,-0.1621779203414917,0.05507068708539009,0.01210970338433981,1.129467248916626,2.5106024742126465,0.45527952909469604
1465,0.6342591047286987,0.5961650013923645,3.2378602027893066,15.403603553771973,139.73739624023438,9.91450309753418,11.029674530029297,4.161725997924805,1.2394704818725586,1.5661017894744873,-0.44215869903564453,9.86415958404541,10.948375701904297,4.14971399307251
1466,0.5685202479362488,0.5699978470802307,3.9631593227386475,16.798931121826172,113.521240234375,12.562271118164062,10.61901569366455,3.410264730453491,0.1861632913351059,-1.365738034248352,0.3275805413722992,12.595929145812988,10.560197830200195,3.403963565826416
1467,0.6310601830482483,0.5762824416160583,4.141625881195068,16.53499412536621,102.75749969482422,7.402510166168213,14.200465202331543,4.11772346496582,0.44637054204940796,-0.5608517527580261,0.25561583042144775,7.409650802612305,14.228963851928711,4.121245384216309
1468,0.5295742154121399,0.6338090300559998,2.474001169204712,12.222125053405762,119.71219635009766,10.880303382873535,5.214184284210205,1.9523415565490723,-1.1983643770217896,-0.6302811503410339,0.16548112034797668,10.844273567199707,5.1903886795043945,1.9507418870925903
1469,0.6288136839866638,0.6167716383934021,5.078993797302246,23.47313117980957,173.70399475097656,3.6454949378967285,22.778461456298828,4.3404974937438965,-0.2621554434299469,-1.6896802186965942,0.3471616506576538,3.6461989879608154,22.779069900512695,4.338660717010498
1470,0.44200870394706726,0.5328518748283386,1.0311408042907715,3.2858519554138184,36.84938430786133,2.027106285095215,2.459139347076416,0.8001853227615356,-0.16844402253627777,-0.04767625033855438,-0.024880139157176018,2.0257303714752197,2.4655351638793945,0.8020293712615967
1471,0.3914414048194885,0.5574687719345093,1.1354962587356567,5.979689121246338,77.77069091796875,4.819642066955566,3.428687810897827,0.8785393238067627,-0.34588345885276794,-0.2252080738544464,0.08973710983991623,4.820623874664307,3.4308269023895264,0.876382052898407
1472,0.549085795879364,0.6081641316413879,1.8796577453613281,8.41504192352295,89.70378875732422,2.2898828983306885,7.748239994049072,2.3524768352508545,-0.07672832906246185,-0.11688733100891113,-0.031445227563381195,2.294980764389038,7.76896858215332,2.358828067779541
1473,0.38794711232185364,0.5508315563201904,0.7039881348609924,1.948939561843872,22.546321868896484,0.9213475584983826,1.5999646186828613,0.6241773962974548,-0.05742240697145462,0.09608213603496552,0.034557241946458817,0.9221214056015015,1.601531744003296,0.6249583959579468
1474,0.35994645953178406,0.5671401619911194,0.5614768266677856,1.3753228187561035,15.757405281066895,1.1477946043014526,0.6722592115402222,0.34949684143066406,-0.21327275037765503,0.049713846296072006,0.019259637221693993,1.13095223903656,0.6722885966300964,0.34993916749954224
1475,0.49289777874946594,0.6232290863990784,1.8844903707504272,7.7874298095703125,79.17841339111328,4.977835178375244,5.919742584228516,0.9065639972686768,0.24374788999557495,0.5337256193161011,0.04444856569170952,4.985732555389404,5.9120774269104,0.9079993963241577
1476,0.5665602087974548,0.6185194849967957,3.7547643184661865,14.827770233154297,94.6277084350586,7.813602447509766,12.245335578918457,2.9769325256347656,-1.0356131792068481,1.6172176599502563,-0.28083428740501404,7.766271114349365,12.171932220458984,2.9719231128692627
1477,0.4875023365020752,0.5949808359146118,2.8722195625305176,11.701119422912598,94.24765014648438,5.569799900054932,9.62607479095459,3.637612819671631,0.26792195439338684,-0.46112260222435,0.09853929281234741,5.57887077331543,9.641843795776367,3.646420478820801
1478,0.4362734854221344,0.6234273910522461,2.5887815952301025,9.634456634521484,76.7119140625,5.903299808502197,7.391357421875,1.8280153274536133,-0.47713661193847656,-0.5751456022262573,0.09468698501586914,5.9003987312316895,7.389501571655273,1.8306537866592407
1479,0.4922853708267212,0.6655101180076599,3.767892599105835,17.945491790771484,171.33279418945312,6.60064172744751,15.600330352783203,5.924682140350342,0.5247554183006287,-1.1135640144348145,0.5796201825141907,6.5981035232543945,15.6039400100708,5.9127092361450195
1480,0.5566767454147339,0.652908980846405,3.3772807121276855,12.961556434631348,77.37350463867188,8.626887321472168,9.411575317382812,2.2362937927246094,0.4961502254009247,0.2568737864494324,-0.0734638050198555,8.636632919311523,9.434311866760254,2.241321563720703
1481,0.5400069952011108,0.6143853664398193,2.9355225563049316,12.669164657592773,112.22224426269531,6.529196262359619,10.040006637573242,4.132263660430908,-0.6628094911575317,-0.453515887260437,-0.045418571680784225,6.513585567474365,10.057734489440918,4.143539905548096
1482,0.42097827792167664,0.58476722240448,2.995889663696289,15.221939086914062,121.87747955322266,11.572125434875488,9.624074935913086,2.2738821506500244,-0.6840547323226929,-0.29994064569473267,0.08442161232233047,11.584112167358398,9.646230697631836,2.278653144836426
1483,0.5155811309814453,0.5542696714401245,1.2793117761611938,6.597830772399902,83.12483215332031,5.066624641418457,4.032479763031006,1.2648305892944336,-0.5199131369590759,-0.37484851479530334,0.08516667038202286,5.05393648147583,4.026218891143799,1.2654801607131958
1484,0.42965561151504517,0.5506080985069275,1.3778289556503296,9.26766586303711,121.7159423828125,7.892922878265381,4.738755226135254,1.0656509399414062,0.5738781690597534,0.4658926725387573,-0.07354898750782013,7.8939900398254395,4.7289509773254395,1.0660752058029175
1485,0.32144761085510254,0.5446130037307739,1.0076992511749268,5.287095546722412,69.42900848388672,1.5825587511062622,4.949138164520264,0.9771988391876221,0.0324753075838089,0.308441698551178,-0.013766379095613956,1.5866390466690063,4.953295707702637,0.979827344417572
1486,0.34458744525909424,0.579530656337738,0.5485396981239319,0.9269477128982544,5.717189788818359,0.7172291278839111,0.48319384455680847,0.33367371559143066,-0.07898035645484924,0.016235455870628357,0.03817664459347725,0.7148557305335999,0.48426806926727295,0.3324071764945984
1487,0.500465452671051,0.623435914516449,3.186052083969116,16.095373153686523,163.8341522216797,14.82276439666748,5.896429061889648,2.139822483062744,0.44478973746299744,-0.3891463875770569,-0.09819813072681427,14.857418060302734,5.8999857902526855,2.1435306072235107
1488,0.463182270526886,0.643014132976532,2.369816541671753,12.217782974243164,106.48995971679688,7.762643814086914,9.026266098022461,2.7462925910949707,0.2790098190307617,0.29608845710754395,-0.07218004018068314,7.779266834259033,9.0465726852417,2.753002166748047
1489,0.3543161153793335,0.5486022233963013,1.283981204032898,7.311480522155762,86.8018569946289,6.326900005340576,2.9972031116485596,2.108283758163452,0.4069806635379791,0.13176919519901276,-0.033926837146282196,6.331408977508545,3.002657413482666,2.1138906478881836
1490,0.34564661979675293,0.550937831401825,0.6247913241386414,1.622653603553772,17.29962158203125,0.9684513211250305,1.1934679746627808,0.5203279852867126,-0.0004537741478998214,0.15492919087409973,-0.06560726463794708,0.971152663230896,1.1866700649261475,0.517615020275116
1491,0.366561621427536,0.5911903977394104,1.0066238641738892,5.414355278015137,71.49662780761719,3.3111233711242676,4.206758975982666,0.8092479705810547,-0.3442215621471405,0.31382739543914795,0.029277481138706207,3.3023681640625,4.206737995147705,0.8109740018844604
1492,0.36075112223625183,0.5752037763595581,0.925128698348999,4.006033420562744,51.86573791503906,0.9062485098838806,3.4759974479675293,1.7732622623443604,-0.0320330411195755,0.2644348442554474,-0.17376288771629333,0.9082086086273193,3.4755921363830566,1.7696508169174194
1493,0.501248300075531,0.6110983490943909,1.8792282342910767,7.185163974761963,56.285400390625,4.7585859298706055,5.170295238494873,1.5001617670059204,-0.2975817024707794,0.5318810343742371,-0.12874892354011536,4.762519836425781,5.157209873199463,1.4987958669662476
1494,0.5338708758354187,0.5991081595420837,1.7653534412384033,9.157208442687988,94.93653869628906,7.478489875793457,5.0352044105529785,1.6041768789291382,0.43687760829925537,-0.3820722997188568,0.06604568660259247,7.486542701721191,5.034692287445068,1.6072875261306763
1495,0.5018742680549622,0.6213956475257874,2.570375442504883,13.9386568069458,138.04248046875,9.62707805633545,9.638206481933594,2.95135760307312,-0.2372507005929947,-0.8221803903579712,0.12420256435871124,9.651000022888184,9.629861831665039,2.956968307495117
1496,0.4658483862876892,0.6421791911125183,1.5559868812561035,7.243801116943359,69.81315612792969,3.58026385307312,5.693707466125488,2.6899940967559814,0.3382715582847595,0.9449397921562195,-0.4431624710559845,3.5741896629333496,5.630409240722656,2.660639762878418
1497,0.41889700293540955,0.6367002129554749,1.8520305156707764,10.960799217224121,117.49252319335938,4.140808582305908,9.952014923095703,1.9875105619430542,0.396647185087204,0.9565535187721252,-0.20010019838809967,4.133265018463135,9.93356990814209,1.982927918434143
1498,0.47505468130111694,0.5715967416763306,1.1067938804626465,5.6551690101623535,72.23360443115234,2.5972888469696045,4.894081115722656,1.1326903104782104,-0.18425604701042175,0.481635183095932,-0.07774608582258224,2.5979716777801514,4.883910179138184,1.1331709623336792
1499,0.545616090297699,0.5474019646644592,1.8595186471939087,10.280296325683594,92.38516235351562,5.698933124542236,7.895312309265137,3.297071933746338,-0.12413758784532547,0.6625771522521973,-0.1342388391494751,5.713474273681641,7.889406204223633,3.303527593612671
1500,0.5346114635467529,0.6230446696281433,2.460946798324585,14.629465103149414,161.1627197265625,7.2225141525268555,12.197425842285156,3.61653995513916,-0.6597060561180115,-1.1120274066925049,0.35318973660469055,7.21238374710083,12.180510520935059,3.6092922687530518
1501,0.4275597929954529,0.5548997521400452,0.6852680444717407,1.8856340646743774,21.77781867980957,1.0017789602279663,1.5469903945922852,0.39859211444854736,-0.025859404355287552,0.1193748414516449,0.038775864988565445,1.0042386054992676,1.546679973602295,0.3978080749511719
1502,0.528666615486145,0.6109170913696289,1.5920352935791016,7.191734313964844,81.83718872070312,2.7811617851257324,6.473519802093506,1.4421225786209106,0.25405415892601013,-0.6421942710876465,0.15117372572422028,2.77725887298584,6.459554672241211,1.4381775856018066
1503,0.4165298640727997,0.5429118871688843,1.7782182693481445,8.355575561523438,83.72662353515625,3.235309600830078,7.527866363525391,1.6369585990905762,0.08549689501523972,-0.4131593108177185,-0.08833730965852737,3.2432010173797607,7.5374860763549805,1.6391326189041138
1504,0.35539039969444275,0.5480164289474487,1.392884373664856,9.0203857421875,119.80863952636719,4.795836448669434,6.944405555725098,3.1847360134124756,0.3876601457595825,0.45744583010673523,-0.3196276128292084,4.793476581573486,6.948651313781738,3.177494764328003
1505,0.34548041224479675,0.6091570854187012,1.1591306924819946,4.69429349899292,52.40303421020508,1.5485618114471436,4.070413589477539,1.752164602279663,-0.05283654108643532,0.2900429666042328,-0.2251938283443451,1.5519770383834839,4.071391582489014,1.7424800395965576
1506,0.5111370086669922,0.6535292267799377,3.3801307678222656,17.266887664794922,175.74391174316406,7.0341105461120605,15.350042343139648,3.6114938259124756,0.4510863125324249,-0.9723854064941406,0.10877872258424759,7.039212703704834,15.361944198608398,3.619924783706665
1507,0.5463473200798035,0.6251103281974792,2.416513204574585,13.469344139099121,164.53839111328125,3.0650525093078613,12.822111129760742,2.7608206272125244,0.3738236725330353,-0.3364436626434326,-0.01704651489853859,3.050656795501709,12.853450775146484,2.7684688568115234
1508,0.514133095741272,0.6007537245750427,4.728017807006836,18.96229362487793,154.11729431152344,8.832361221313477,16.416288375854492,3.4732468128204346,-0.5811454057693481,-0.5368399620056152,-0.10437653213739395,8.837804794311523,16.453275680541992,3.4813621044158936
1509,0.5215176343917847,0.5816742777824402,3.174164295196533,14.91775131225586,107.668212890625,9.474494934082031,10.922880172729492,3.6693217754364014,1.4990720748901367,-1.5517501831054688,0.5893262028694153,9.381245613098145,10.842253684997559,3.631789445877075
1510,0.41008108854293823,0.6138175129890442,1.3344463109970093,6.396759986877441,56.79068374633789,2.6401941776275635,5.632839202880859,1.4896416664123535,-0.35643255710601807,0.6401787996292114,-0.05437120050191879,2.623321294784546,5.611953258514404,1.4928014278411865
1511,0.38926607370376587,0.5453170537948608,1.2344480752944946,10.044323921203613,133.63043212890625,8.405384063720703,5.395905494689941,1.0593175888061523,-0.5810948610305786,0.3712916970252991,-0.043156009167432785,8.408663749694824,5.398131370544434,1.0613905191421509
1512,0.5607545375823975,0.6267548203468323,1.9642068147659302,10.949800491333008,117.93647003173828,7.312137603759766,8.02364730834961,1.4324342012405396,-0.08555599302053452,0.9899223446846008,-0.11587686091661453,7.332032680511475,7.984556674957275,1.4317221641540527
1513,0.5832801461219788,0.6027823686599731,3.4469516277313232,16.012432098388672,162.67613220214844,11.773458480834961,10.000965118408203,4.214778423309326,-0.7644498944282532,-1.1966127157211304,0.014364492148160934,11.781386375427246,9.956815719604492,4.226510524749756
1514,0.5116711854934692,0.6266596913337708,2.291222095489502,8.719013214111328,62.2393913269043,5.908856391906738,6.093851566314697,1.9928808212280273,-0.9292194843292236,0.38385009765625,-0.20396478474140167,5.851612567901611,6.098714828491211,1.987945556640625
1515,0.452151358127594,0.5619089603424072,2.050751209259033,9.144514083862305,83.68156433105469,6.87162971496582,5.949008941650391,1.006044864654541,0.7520031332969666,0.15874938666820526,-0.2586261034011841,6.849410057067871,5.963479042053223,0.9749457836151123
1516,0.5636501312255859,0.5894198417663574,4.370797634124756,14.55806827545166,82.31057739257812,9.837858200073242,9.902020454406738,4.135683536529541,1.39944326877594,1.2118151187896729,-0.6074875593185425,9.764976501464844,9.855002403259277,4.102234840393066
1517,0.5063915252685547,0.6411198377609253,2.006711721420288,8.88310432434082,73.03031921386719,5.598368167877197,6.714413166046143,1.5762183666229248,0.48077699542045593,-0.36484476923942566,0.0873604342341423,5.5932440757751465,6.723194599151611,1.5781855583190918
1518,0.5306960940361023,0.6173058748245239,1.652079463005066,9.936761856079102,120.24614715576172,8.096833229064941,5.496278762817383,1.7237882614135742,0.8721373677253723,-0.14199267327785492,-0.14939247071743011,8.07218074798584,5.509770393371582,1.7220927476882935
1519,0.48636287450790405,0.6374965310096741,1.8256300687789917,7.823634147644043,75.78941345214844,5.727625370025635,4.914507865905762,2.061835765838623,0.7861775159835815,0.01757950335741043,-0.2613047659397125,5.68923807144165,4.928184986114502,2.050915479660034
1520,0.4738669693470001,0.6286951899528503,1.4049901962280273,6.647597312927246,63.12995910644531,2.6861937046051025,5.877121448516846,1.5602412223815918,0.26624467968940735,-0.5975068807601929,0.16925105452537537,2.680422782897949,5.862977981567383,1.5553605556488037
1521,0.43966469168663025,0.5619691610336304,2.4311208724975586,13.526211738586426,125.74589538574219,5.1984782218933105,11.388273239135742,5.122641563415527,-0.2097451537847519,1.316913366317749,-0.530202329158783,5.208734035491943,11.343427658081055,5.109341621398926
1522,0.48326873779296875,0.6075462698936462,3.332136869430542,13.843663215637207,94.16899108886719,11.048486709594727,7.995904922485352,2.3755905628204346,-1.4693325757980347,-0.2710108160972595,0.13063554465770721,10.980892181396484,8.013601303100586,2.3786122798919678
1523,0.5429741740226746,0.6094652414321899,2.248305082321167,10.372455596923828,89.37360382080078,5.313460350036621,8.142901420593262,3.6122190952301025,-0.593051552772522,-0.3766794204711914,0.052188578993082047,5.294989585876465,8.15687370300293,3.6219167709350586
1524,0.5128056406974792,0.6381878852844238,2.534458875656128,11.603846549987793,96.79483032226562,7.750676155090332,7.923259258270264,3.4348552227020264,-0.6605246663093567,1.019425630569458,-0.3395516574382782,7.744020462036133,7.879322528839111,3.4275646209716797
1525,0.4807296395301819,0.640684187412262,2.303968667984009,10.942665100097656,117.5409927368164,8.629343032836914,6.56085205078125,1.4938445091247559,0.9590556025505066,-0.7814638018608093,0.0848427563905716,8.59980583190918,6.532316207885742,1.4955933094024658
1526,0.5795894861221313,0.6102578043937683,2.9333863258361816,10.770840644836426,88.47244262695312,7.051421165466309,7.342705249786377,3.5175487995147705,0.3428367078304291,-0.21714931726455688,0.21630015969276428,7.062727451324463,7.359966278076172,3.5206854343414307
1527,0.4877696931362152,0.6201658844947815,3.1352899074554443,14.610442161560059,169.21469116210938,6.362704753875732,12.918157577514648,2.470270872116089,0.7593700289726257,-0.6923613548278809,-0.07236480712890625,6.334848880767822,12.935571670532227,2.4760982990264893
1528,0.5560625791549683,0.6240019798278809,2.3434107303619385,12.11903190612793,147.3731689453125,6.242621421813965,10.062792778015137,2.576975107192993,0.1514548659324646,-0.5585996508598328,0.2262251377105713,6.25819206237793,10.075302124023438,2.5741865634918213
1529,0.40191489458084106,0.5380408763885498,1.6145918369293213,7.422266006469727,93.03104400634766,2.4260306358337402,6.654239177703857,2.219348192214966,0.41143104434013367,0.6061638593673706,-0.2371046096086502,2.3975579738616943,6.64505672454834,2.212801694869995
1530,0.3653723895549774,0.5760975480079651,1.4015675783157349,6.519914627075195,63.77045440673828,3.362027645111084,5.048945426940918,2.3904404640197754,0.4105079770088196,0.06731812655925751,-0.14326821267604828,3.346179485321045,5.062579154968262,2.392799139022827
1531,0.5457096695899963,0.5937761068344116,2.193420171737671,8.659594535827637,91.66214752197266,4.254712104797363,7.208086967468262,2.2202415466308594,0.3839697241783142,-0.670723557472229,0.05035974457859993,4.249170780181885,7.196832656860352,2.2258617877960205
1532,0.48108646273612976,0.5805039405822754,2.9442949295043945,12.011594772338867,108.77393341064453,6.77448034286499,9.695201873779297,2.0947258472442627,0.9497872591018677,-0.7083251476287842,0.245470330119133,6.7262797355651855,9.696264266967773,2.0860960483551025
1533,0.46727636456489563,0.6158861517906189,1.3631473779678345,6.5924458503723145,83.0294418334961,6.344521522521973,1.6432163715362549,0.7122008204460144,-0.19377359747886658,0.10636280477046967,-0.017399447038769722,6.359250545501709,1.644344449043274,0.7139742970466614
1534,0.4659840166568756,0.563176691532135,1.0396296977996826,5.073938846588135,52.418331146240234,3.29404878616333,3.695566415786743,1.1121536493301392,0.4089997410774231,0.35327884554862976,-0.14259441196918488,3.2776758670806885,3.6889028549194336,1.1060510873794556
1535,0.5944128632545471,0.6238445043563843,2.8767337799072266,11.015317916870117,77.34859466552734,5.828493595123291,8.840641021728516,3.0346264839172363,-0.47892048954963684,0.5241905450820923,-0.32715025544166565,5.824987411499023,8.849702835083008,3.0253560543060303
1536,0.37559711933135986,0.5643390417098999,1.0577353239059448,4.945943355560303,57.49032211303711,1.15867018699646,4.402680397033691,1.932935118675232,-0.03600030392408371,0.15452425181865692,-0.16995400190353394,1.1613410711288452,4.412240982055664,1.9308196306228638
1537,0.5372022390365601,0.6341961026191711,0.6803531646728516,1.144183874130249,7.281606674194336,0.7741396427154541,0.6814770102500916,0.49543264508247375,0.10725687444210052,0.0436503142118454,-0.00247904472053051,0.7688119411468506,0.6819746494293213,0.49680840969085693
1538,0.4285309910774231,0.5614950060844421,1.0319432020187378,5.276240348815918,67.47271728515625,2.7603142261505127,4.319777488708496,1.2485591173171997,-0.26215511560440063,0.22588388621807098,-0.10882800817489624,2.755502223968506,4.325901031494141,1.2472765445709229
1539,0.5730327367782593,0.5927289128303528,2.304561138153076,11.415467262268066,106.1371078491211,8.657992362976074,6.343287944793701,3.8877718448638916,0.730048656463623,-0.47028791904449463,0.13742083311080933,8.651223182678223,6.343475818634033,3.8961799144744873
1540,0.5331549048423767,0.6075449585914612,2.195124626159668,10.396042823791504,110.41118621826172,6.9861297607421875,7.4647979736328125,1.8837448358535767,0.8875376582145691,0.10597562044858932,-0.11301614344120026,6.9488525390625,7.484866142272949,1.8855966329574585
1541,0.47694000601768494,0.6081187129020691,2.467376232147217,10.669478416442871,88.77598571777344,8.411478996276855,5.542078018188477,3.517122745513916,-0.53602534532547,-0.9328154921531677,0.4456641376018524,8.417797088623047,5.4782490730285645,3.498504400253296
1542,0.5367550849914551,0.5945939421653748,3.668386697769165,19.914283752441406,208.90625,8.149742126464844,16.545351028442383,7.51077938079834,1.0278915166854858,-2.3687925338745117,0.8027939200401306,8.10721206665039,16.420578002929688,7.488583564758301
1543,0.5806828141212463,0.6038191914558411,1.614911437034607,7.4481964111328125,72.58697509765625,6.13795280456543,3.1746113300323486,2.779029130935669,0.37829363346099854,0.3849758207798004,-0.29688560962677,6.143373012542725,3.1599724292755127,2.7708327770233154
1544,0.53608238697052,0.6179466247558594,3.2299392223358154,14.206753730773926,101.54227447509766,10.246743202209473,9.713787078857422,1.5743032693862915,0.3540050685405731,0.1274077296257019,0.048964060842990875,10.26919174194336,9.740044593811035,1.5779309272766113
1545,0.4105100631713867,0.6275761127471924,0.8059974312782288,2.986820936203003,37.0413818359375,2.2315194606781006,1.8665266036987305,0.6763848662376404,0.12249711900949478,0.09824720025062561,0.06670811772346497,2.234370231628418,1.8691383600234985,0.6749648451805115
1546,0.5413436889648438,0.6419126987457275,1.7532142400741577,8.815997123718262,92.08094787597656,3.158059597015381,7.551843166351318,3.2738547325134277,0.3515200912952423,0.4333755075931549,-0.06299812346696854,3.1471893787384033,7.560428142547607,3.282379150390625
1547,0.5140533447265625,0.6043142676353455,1.733044981956482,7.693735122680664,64.81555938720703,5.523360729217529,5.158567905426025,1.4405646324157715,0.12561611831188202,-0.3069838583469391,0.07783576101064682,5.53733491897583,5.163789749145508,1.4424726963043213
1548,0.4770351052284241,0.6483114957809448,1.3784745931625366,7.211456775665283,75.50627899169922,5.8414764404296875,4.123241424560547,0.938683032989502,0.4961831867694855,-0.07719182223081589,0.03525834158062935,5.8366007804870605,4.134018421173096,0.9406371712684631
1549,0.498346745967865,0.6223593950271606,1.5489672422409058,5.198380470275879,46.90785217285156,4.158052444458008,3.002917528152466,0.8463127017021179,-0.010097377002239227,-0.07535281032323837,-0.04909306392073631,4.169638633728027,3.010345697402954,0.8472443222999573
1550,0.5518316626548767,0.619417130947113,1.9999966621398926,9.445037841796875,96.10411071777344,3.766043186187744,8.511042594909668,1.6086714267730713,-0.16457822918891907,0.6754094362258911,-0.13263781368732452,3.772940158843994,8.507865905761719,1.6076658964157104
1551,0.5081186890602112,0.5972731709480286,0.8341962099075317,2.8758256435394287,24.208425521850586,1.7477469444274902,1.8558361530303955,1.3310240507125854,0.11059436947107315,0.013531398959457874,0.10206178575754166,1.7491097450256348,1.8609635829925537,1.3308072090148926
1552,0.5091156363487244,0.6277794241905212,1.3551738262176514,7.604311943054199,82.71125793457031,4.051066875457764,5.956234455108643,2.436736822128296,0.2427174150943756,-0.09588555246591568,-0.01541765034198761,4.055069446563721,5.972074508666992,2.4434850215911865
1553,0.5269277691841125,0.6386602520942688,2.144380807876587,10.261433601379395,88.48725891113281,6.7919745445251465,7.419805526733398,2.0279555320739746,0.24388983845710754,-0.1829974353313446,0.0627521350979805,6.806528091430664,7.438238620758057,2.0326385498046875
1554,0.45229488611221313,0.6278205513954163,1.103901982307434,7.268689155578613,96.31326293945312,1.2756829261779785,6.897201061248779,1.906594157218933,-0.14520473778247833,-0.5417457222938538,0.06967533379793167,1.2709271907806396,6.895071983337402,1.9106354713439941
1555,0.5349998474121094,0.6184433102607727,2.4502310752868652,9.868694305419922,85.14623260498047,6.511274814605713,6.694118976593018,3.191115379333496,-0.09397254884243011,0.2264254242181778,-0.38542434573173523,6.528757095336914,6.708950042724609,3.1765902042388916
1556,0.5090239644050598,0.6275114417076111,2.622666120529175,10.552358627319336,87.07230377197266,8.40025806427002,5.537271499633789,3.182227849960327,0.4863843023777008,0.3713662624359131,-0.2505045235157013,8.409557342529297,5.540214538574219,3.181201696395874
1557,0.5278468132019043,0.6274974346160889,3.2151834964752197,15.6089448928833,161.17898559570312,7.01778507232666,13.553903579711914,3.2682619094848633,-0.12434414774179459,-1.5819331407546997,0.1832457035779953,7.036256313323975,13.498818397521973,3.2722232341766357
1558,0.514359176158905,0.6201985478401184,1.8302583694458008,7.4236650466918945,57.31114959716797,5.105449199676514,5.072673320770264,1.8202152252197266,0.4628174304962158,-0.3772481381893158,0.1240173801779747,5.098610877990723,5.0727362632751465,1.821051001548767
1559,0.5114457607269287,0.6104693412780762,2.005749225616455,10.777058601379395,111.75923156738281,8.810145378112793,6.078212261199951,1.2576371431350708,-0.3133367896080017,-0.7911733388900757,0.15950939059257507,8.829131126403809,6.04331111907959,1.250960350036621
1560,0.5297223925590515,0.614507257938385,1.7208043336868286,7.887017250061035,70.46826171875,3.3076024055480957,6.856719017028809,2.0616040229797363,0.08797252923250198,0.7280688881874084,-0.17774717509746552,3.31565523147583,6.836973190307617,2.0596563816070557
1561,0.4915933310985565,0.6372305154800415,3.2430853843688965,13.011643409729004,89.67822265625,6.190411567687988,10.57819938659668,4.3684492111206055,-0.18498606979846954,0.47829151153564453,-0.15586808323860168,6.204907417297363,10.596858024597168,4.377845287322998
1562,0.4982301890850067,0.6227682828903198,1.1352983713150024,4.678039073944092,43.088226318359375,0.8787009716033936,4.425013542175293,1.2374122142791748,-0.0863165482878685,-0.4256230890750885,0.09327494353055954,0.8768903613090515,4.416781902313232,1.2373335361480713
1563,0.49321556091308594,0.6039983630180359,2.079183578491211,9.035492897033691,95.10054016113281,3.3766181468963623,8.002429962158203,2.489917755126953,0.20432701706886292,-0.35085317492485046,0.09265607595443726,3.3798322677612305,8.017035484313965,2.495133638381958
1564,0.5359349250793457,0.6058474183082581,0.8670231699943542,2.1438896656036377,18.75360679626465,1.4069777727127075,1.4310725927352905,0.7541269063949585,-0.04067645221948624,-0.2176043689250946,0.026012908667325974,1.4103126525878906,1.418377161026001,0.7557804584503174
1565,0.4767742455005646,0.6055120229721069,2.586193561553955,12.207427024841309,102.92788696289062,3.431422233581543,11.449957847595215,2.478931427001953,-0.3754637837409973,-0.1784270852804184,0.06080610677599907,3.420332908630371,11.480501174926758,2.485098123550415
1566,0.5850197076797485,0.6431363821029663,1.6141407489776611,7.084972858428955,75.42121887207031,3.9001641273498535,5.459218502044678,2.2765097618103027,-0.024749310687184334,-0.20385995507240295,-0.14529286324977875,3.9109647274017334,5.470628261566162,2.278205394744873
1567,0.5029267072677612,0.6334728002548218,2.7968029975891113,12.50333023071289,104.80543518066406,8.82900619506836,8.394886016845703,2.8120791912078857,-0.3394078314304352,0.002962324535474181,-0.00806770846247673,8.847089767456055,8.418302536010742,2.8199117183685303
1568,0.4945218861103058,0.6303433775901794,1.9933903217315674,9.134482383728027,102.5655746459961,3.7073867321014404,8.128475189208984,1.9031356573104858,-0.14327125251293182,-0.6708348989486694,0.16223619878292084,3.7149507999420166,8.123342514038086,1.901497483253479
1569,0.4976760447025299,0.6335777640342712,2.6118738651275635,13.784098625183105,156.95457458496094,9.429727554321289,9.581806182861328,3.044762372970581,0.24490921199321747,0.004399087745696306,-0.23187607526779175,9.452840805053711,9.608531951904297,3.04438853263855
1570,0.5365057587623596,0.6277043223381042,3.0931875705718994,11.91683578491211,75.99972534179688,7.873603343963623,8.381549835205078,3.125213623046875,0.06152309104800224,-0.5305772423744202,0.46138331294059753,7.89532470703125,8.38807201385498,3.099590539932251
1571,0.49176397919654846,0.6244916319847107,3.547146797180176,18.225555419921875,154.91717529296875,11.237727165222168,14.003190994262695,3.1296868324279785,0.546807050704956,-0.1332196593284607,0.06810019165277481,11.255724906921387,14.041617393493652,3.1376736164093018
1572,0.566328763961792,0.5972521305084229,2.493981122970581,11.401937484741211,122.38440704345703,7.94736909866333,7.680913925170898,2.8012616634368896,-0.44698208570480347,0.1835857629776001,-0.19471228122711182,7.95692253112793,7.700138092041016,2.802281379699707
1573,0.5140511393547058,0.6124494671821594,2.5662360191345215,10.93204116821289,97.7530746459961,8.58065414428711,5.896133899688721,3.3342976570129395,-0.3358296751976013,-0.70821213722229,-0.06680029630661011,8.597994804382324,5.8697733879089355,3.3429272174835205
1574,0.5924191474914551,0.6280730962753296,2.700364828109741,13.36476993560791,138.06015014648438,11.071907043457031,7.307918071746826,1.6199615001678467,0.4727485775947571,-0.9208893179893494,0.1343766748905182,11.092665672302246,7.269886016845703,1.6188817024230957
1575,0.4973299503326416,0.6138793230056763,3.399451732635498,12.180378913879395,86.83333587646484,8.496045112609863,8.415315628051758,2.3154525756835938,-0.14707981050014496,-0.08636680245399475,0.04807807132601738,8.51846694946289,8.438344955444336,2.321410655975342
1576,0.5347997546195984,0.6022039651870728,1.8571668863296509,8.916186332702637,78.03168487548828,6.329982280731201,6.1127028465271,1.4368587732315063,-0.3489076793193817,-0.28087833523750305,0.0712757557630539,6.337989330291748,6.123278617858887,1.4390928745269775
1577,0.5554577112197876,0.6021702289581299,2.255023956298828,10.32978630065918,106.3869857788086,7.047961235046387,7.280333518981934,2.0068492889404297,0.804421603679657,0.1298571527004242,0.004463882185518742,7.021435260772705,7.299480438232422,2.0124423503875732
1578,0.5077562928199768,0.5878110527992249,1.2094500064849854,4.847090721130371,54.47123336791992,3.4111645221710205,3.1757583618164062,1.331465244293213,0.24838194251060486,0.05647287145256996,0.09052582830190659,3.4115993976593018,3.1841135025024414,1.3320896625518799
1579,0.5306624174118042,0.5917901992797852,2.5428647994995117,9.252480506896973,63.699275970458984,5.437298774719238,6.634267330169678,3.468526601791382,-0.716712474822998,-0.3200475573539734,-0.09868189692497253,5.404890060424805,6.645026683807373,3.4767935276031494
1580,0.550224244594574,0.624430775642395,2.13169264793396,11.017620086669922,129.76312255859375,8.937742233276367,5.9583353996276855,2.4500949382781982,0.28715983033180237,0.3222982585430145,-0.1951775848865509,8.958045959472656,5.966207504272461,2.4491209983825684
1581,0.5359066724777222,0.6044598817825317,3.2280094623565674,13.054009437561035,87.80439758300781,9.599691390991211,8.157984733581543,3.4205780029296875,1.1151535511016846,-0.0030771202873438597,0.033253833651542664,9.561296463012695,8.180740356445312,3.429957389831543
1582,0.5204026103019714,0.5900359749794006,2.2404613494873047,8.529438972473145,66.72332000732422,4.064146995544434,7.224822998046875,2.008969306945801,-0.15596716105937958,0.42678767442703247,0.0763782411813736,4.072481155395508,7.232324600219727,2.0131165981292725
1583,0.5309039950370789,0.6210537552833557,3.695011854171753,15.70143985748291,121.45757293701172,10.767790794372559,10.743569374084473,3.8942978382110596,-0.6576391458511353,0.09775140881538391,-0.23758931457996368,10.777668952941895,10.773092269897461,3.897885799407959
1584,0.5229113101959229,0.6168603897094727,3.675232410430908,18.03803062438965,161.63230895996094,12.243066787719727,12.750029563903809,3.5936903953552246,0.9510897397994995,-1.2804814577102661,0.4813101291656494,12.240117073059082,12.720952987670898,3.571247100830078
1585,0.5018320679664612,0.63307785987854,0.8054521679878235,1.6644774675369263,12.327613830566406,1.2035300731658936,0.9016591310501099,0.7134503126144409,-0.09809458255767822,0.018258778378367424,0.005606641992926598,1.2028717994689941,0.9039887189865112,0.7154183387756348
1586,0.5473654270172119,0.6128016114234924,1.7396128177642822,7.265468120574951,53.49653244018555,5.278278350830078,4.43539571762085,2.2921783924102783,-0.4574175775051117,0.0990515872836113,-0.0807151198387146,5.273088455200195,4.446659088134766,2.297146797180176
1587,0.5526785254478455,0.6109978556632996,1.2389745712280273,5.150081634521484,55.67531967163086,1.8599388599395752,4.539796829223633,1.5665919780731201,-0.1947607547044754,0.04963499307632446,-0.03793725371360779,1.8548734188079834,4.552187919616699,1.5705009698867798
1588,0.5244222283363342,0.6186065673828125,2.7385404109954834,13.731146812438965,127.04174041748047,11.142940521240234,7.751192569732666,2.073230266571045,1.5334484577178955,-0.10576882213354111,-0.04048106074333191,11.067708015441895,7.772089958190918,2.0786170959472656
1589,0.5733821988105774,0.6199487447738647,1.1335325241088867,6.34072732925415,79.91852569580078,5.873471736907959,2.0415124893188477,1.2407140731811523,0.2841888964176178,0.06740818172693253,0.038251083344221115,5.882957458496094,2.046090602874756,1.2435835599899292
1590,0.4686601161956787,0.6230134963989258,2.6312317848205566,11.015050888061523,107.84314727783203,4.69873571395874,9.26667308807373,3.658141851425171,0.16270722448825836,-0.5179563164710999,0.1471242904663086,4.7090163230896,9.277994155883789,3.6653778553009033
1591,0.46259480714797974,0.6263605356216431,2.0400376319885254,7.993085861206055,88.997314453125,4.994854927062988,5.668303966522217,2.6098225116729736,-0.10472361743450165,0.16076360642910004,0.19542205333709717,5.007686614990234,5.681828498840332,2.609755039215088
1592,0.3615981936454773,0.57695472240448,1.481311559677124,13.05301570892334,174.78744506835938,2.3843560218811035,12.383330345153809,3.3688580989837646,0.15911205112934113,0.895774781703949,-0.22745336592197418,2.3856773376464844,12.385340690612793,3.370546817779541
1593,0.513331949710846,0.593913733959198,1.7063429355621338,10.18825626373291,125.23981475830078,2.5552406311035156,8.952201843261719,4.138768672943115,-0.4235926866531372,-0.8667224645614624,0.35539910197257996,2.526914596557617,8.934999465942383,4.134983539581299
1594,0.5567671656608582,0.6273589730262756,2.844543933868408,13.409461975097656,125.77702331542969,7.795462131500244,10.360074996948242,3.4224696159362793,-0.1619119644165039,-0.17531611025333405,0.11294107884168625,7.815520286560059,10.387484550476074,3.4301469326019287
1595,0.5086196064949036,0.6021581292152405,2.2562994956970215,10.31685733795166,100.7984619140625,4.249544143676758,8.81744384765625,3.2606122493743896,-0.3962569832801819,1.044805645942688,-0.39195457100868225,4.242831230163574,8.779746055603027,3.245997428894043
1596,0.5763833522796631,0.6005533337593079,3.021416664123535,10.929476737976074,73.39116668701172,7.6134233474731445,7.278247833251953,2.9182801246643066,0.3779939115047455,-0.8777050375938416,0.03781483694911003,7.625244617462158,7.245285511016846,2.9261748790740967
1597,0.47886693477630615,0.6143620014190674,1.4854670763015747,6.601775646209717,60.050384521484375,4.804086685180664,4.0977349281311035,1.9268522262573242,-0.4925047755241394,-0.10201666504144669,-0.04926377162337303,4.792104721069336,4.107891082763672,1.9315954446792603
1598,0.4719385504722595,0.6601262092590332,2.284153699874878,12.191938400268555,135.77182006835938,7.57536506652832,9.096566200256348,2.9171433448791504,-0.009368176572024822,-0.5840992331504822,0.08239516615867615,7.596489429473877,9.103114128112793,2.9241132736206055
1599,0.5244875550270081,0.6369777321815491,1.7972825765609741,9.181102752685547,108.22599029541016,4.168572902679443,7.328032970428467,3.635324001312256,-0.45013120770454407,-0.4204329252243042,0.04490658640861511,4.155758380889893,7.336369514465332,3.645186185836792
1600,0.511867344379425,0.6667529940605164,2.1335206031799316,11.709784507751465,107.2188949584961,8.311541557312012,8.012115478515625,1.9604443311691284,0.7147303223609924,0.11080875992774963,-0.09076938033103943,8.303851127624512,8.033695220947266,1.9638043642044067
1601,0.4845154285430908,0.6251449584960938,1.5244359970092773,7.485144138336182,69.03849029541016,5.426579475402832,4.937686920166016,1.4828599691390991,-0.4174044728279114,-0.6952295899391174,0.20042061805725098,5.425594806671143,4.902133941650391,1.4733514785766602
1602,0.5197396874427795,0.6455551385879517,3.5532655715942383,14.936150550842285,154.146728515625,6.387694358825684,13.016810417175293,3.584493398666382,-0.33590251207351685,-1.4869585037231445,0.5264575481414795,6.396649360656738,12.967673301696777,3.5555124282836914
1603,0.45194151997566223,0.6293392777442932,2.662245750427246,14.1697359085083,126.47430419921875,10.737784385681152,8.990999221801758,2.154834747314453,0.6128362417221069,-0.930030107498169,0.15158717334270477,10.750185012817383,8.967713356018066,2.155491828918457
1604,0.5107306241989136,0.6280254125595093,3.7423958778381348,17.848609924316406,159.10406494140625,13.354667663574219,11.38872241973877,3.2438759803771973,-1.5708942413330078,-0.8300371170043945,-0.0419243723154068,13.29894733428955,11.390118598937988,3.252652645111084
1605,0.5432759523391724,0.6191309094429016,2.9370052814483643,11.712676048278809,94.5802993774414,8.891263008117676,7.056314468383789,2.8880176544189453,0.6385652422904968,-0.5467617511749268,0.35048240423202515,8.89303970336914,7.054722785949707,2.8746678829193115
1606,0.5511550307273865,0.6227393746376038,2.4469780921936035,10.018962860107422,68.995849609375,7.0870680809021,6.583669185638428,2.609290361404419,-0.402881920337677,-0.26962000131607056,0.26837852597236633,7.095343589782715,6.596494674682617,2.602691411972046
1607,0.4509129226207733,0.6120172142982483,2.5187320709228516,10.386697769165039,108.73316192626953,4.510293483734131,8.867328643798828,2.9851698875427246,0.3881169259548187,-0.4490080177783966,0.13824349641799927,4.506097316741943,8.880655288696289,2.9902846813201904
1608,0.5187573432922363,0.6163861751556396,2.5172929763793945,10.051544189453125,88.61824798583984,8.312677383422852,5.219665050506592,2.165188789367676,-0.617689311504364,0.3724307715892792,-0.44192710518836975,8.312819480895996,5.220883846282959,2.125521421432495
1609,0.5129810571670532,0.6405631303787231,1.9554907083511353,10.421984672546387,109.61203002929688,8.409811019897461,5.709758281707764,2.3003299236297607,0.7369357943534851,-0.25423383712768555,0.023100808262825012,8.40082836151123,5.720005989074707,2.3066298961639404
1610,0.453215628862381,0.6319150328636169,3.3196208477020264,14.538268089294434,124.82454681396484,9.194278717041016,10.661870956420898,3.6264255046844482,-0.19166304171085358,-1.0155329704284668,0.15392090380191803,9.21792221069336,10.643001556396484,3.63326358795166
1611,0.5543937683105469,0.5978524684906006,2.4591870307922363,8.297233581542969,62.72502899169922,5.951868057250977,5.333162784576416,2.2308571338653564,-0.11451248824596405,0.4501563310623169,-0.09612449258565903,5.967365741729736,5.328953742980957,2.235002040863037
1612,0.47268328070640564,0.6041062474250793,3.355024576187134,12.479180335998535,96.79806518554688,7.388919830322266,9.839566230773926,2.0776774883270264,-0.15204107761383057,-0.2746048867702484,-0.09408648312091827,7.407962322235107,9.86316967010498,2.0813355445861816
1613,0.4992082715034485,0.6302021741867065,2.7619893550872803,13.23396110534668,109.3536148071289,7.56736946105957,10.564659118652344,2.5021214485168457,-0.2910708487033844,-0.7317820191383362,0.1425585001707077,7.58286190032959,10.568681716918945,2.5050251483917236
1614,0.5183662176132202,0.6221081614494324,1.4353773593902588,8.901861190795898,116.00640869140625,5.090503215789795,6.717654228210449,2.864091396331787,0.5494049191474915,-0.723363995552063,0.18700091540813446,5.074884414672852,6.697223663330078,2.8659520149230957
1615,0.5180742740631104,0.6522918343544006,2.2781665325164795,10.665253639221191,107.88972473144531,4.295676231384277,9.060750961303711,3.6328518390655518,0.6768010854721069,0.8518477082252502,-0.339618057012558,4.253857612609863,9.045780181884766,3.6270315647125244
1616,0.4826226532459259,0.6422249674797058,1.725982904434204,7.101645469665527,56.42876434326172,5.488753318786621,4.204521656036377,1.6214053630828857,-0.41031745076179504,-0.16812822222709656,-0.09264170378446579,5.488662242889404,4.2128777503967285,1.6232719421386719
1617,0.4881678819656372,0.6469963192939758,3.06707501411438,16.57891082763672,167.46603393554688,14.240921974182129,8.236024856567383,2.0553102493286133,2.088602304458618,0.28368544578552246,-0.058563802391290665,14.126224517822266,8.254096984863281,2.060206651687622
1618,0.5250357985496521,0.6169459819793701,1.3698921203613281,6.235921382904053,56.319217681884766,4.113757133483887,4.355356216430664,1.730488896369934,0.06316694617271423,-0.11075882613658905,0.06792400032281876,4.1247453689575195,4.366092205047607,1.7339787483215332
1619,0.5321306586265564,0.6089701652526855,2.0671355724334717,10.117626190185547,120.6202163696289,5.252877712249756,7.819055557250977,3.6926982402801514,-0.249896839261055,-0.621466338634491,0.18423967063426971,5.261566162109375,7.8160600662231445,3.6983871459960938
1620,0.49149584770202637,0.606215238571167,1.5447323322296143,6.486255645751953,66.25602722167969,3.770029067993164,5.169358253479004,1.0658963918685913,-0.4253132939338684,-0.5124529004096985,-0.05817381665110588,3.7564103603363037,5.158243656158447,1.0672765970230103
1621,0.6305750608444214,0.6100257635116577,3.2824506759643555,12.60293197631836,96.7668228149414,7.1099114418029785,10.178756713867188,2.1623964309692383,0.8512375950813293,0.16448576748371124,-0.08384182304143906,7.0784592628479,10.205815315246582,2.1667978763580322
1622,0.4661441445350647,0.6230981349945068,2.4033772945404053,11.758707046508789,109.30125427246094,6.145653247833252,9.586455345153809,2.9322314262390137,-0.18245388567447662,-1.0119900703430176,0.05016380921006203,6.160079002380371,9.559481620788574,2.9399805068969727
1623,0.5382088422775269,0.659885823726654,2.3734986782073975,13.418783187866211,158.03314208984375,6.313044548034668,11.432724952697754,3.082530975341797,-0.25383472442626953,-0.9324836730957031,0.2623739242553711,6.325535297393799,11.42641830444336,3.079911947250366
1624,0.4731385111808777,0.6226575970649719,2.9399821758270264,13.627102851867676,107.13292694091797,8.370973587036133,9.462735176086426,5.106990814208984,-0.31214141845703125,0.27570265531539917,-0.24445807933807373,8.3884859085083,9.485102653503418,5.115365982055664
1625,0.5197288393974304,0.6233036518096924,1.9214938879013062,11.03404712677002,111.57498931884766,2.7283599376678467,10.393425941467285,2.5065853595733643,-0.1791151911020279,-1.0231225490570068,0.1895703673362732,2.7300682067871094,10.371796607971191,2.506378412246704
1626,0.49116507172584534,0.6305168271064758,1.7422353029251099,8.241148948669434,96.00165557861328,7.556955814361572,3.051940679550171,1.222537875175476,0.6137913465499878,0.2538607120513916,-0.0828184112906456,7.5529985427856445,3.0498476028442383,1.223131775856018
1627,0.5150237679481506,0.6514249444007874,4.496913909912109,18.882505416870117,138.14585876464844,7.284944534301758,17.0079288482666,3.7694666385650635,0.588171124458313,-2.6067240238189697,0.45723357796669006,7.281416416168213,16.853864669799805,3.7520697116851807
1628,0.4998667240142822,0.6237298250198364,1.5104633569717407,6.488438606262207,78.92321014404297,4.289994239807129,4.449645042419434,1.9739402532577515,0.6240671873092651,0.21614274382591248,-0.20487558841705322,4.256199359893799,4.456789493560791,1.968755841255188
1629,0.5257386565208435,0.5841399431228638,3.7728116512298584,15.235114097595215,122.74942779541016,9.236973762512207,11.18134880065918,4.6652421951293945,0.5259605050086975,0.4374961256980896,-0.35165685415267944,9.247710227966309,11.203950881958008,4.66494607925415
1630,0.46070727705955505,0.6105383038520813,2.5164601802825928,11.40909481048584,120.41305541992188,8.347142219543457,7.4477033615112305,2.2415122985839844,-0.497671902179718,-0.7761424779891968,0.11671610176563263,8.355534553527832,7.427812576293945,2.244715452194214
1631,0.4690999984741211,0.5929235816001892,2.9687256813049316,13.167644500732422,122.57441711425781,5.067653179168701,11.62552261352539,3.543017625808716,0.12612588703632355,1.2656887769699097,-0.5328433513641357,5.080214977264404,11.588654518127441,3.512491464614868
1632,0.5014511942863464,0.6052640080451965,3.3889176845550537,17.565406799316406,174.41114807128906,8.846342086791992,14.846126556396484,3.1429734230041504,-0.15714053809642792,-1.7296265363693237,0.48607540130615234,8.869619369506836,14.786158561706543,3.1138205528259277
1633,0.519629955291748,0.6466820240020752,4.035985946655273,16.825775146484375,119.59796905517578,10.799419403076172,12.577452659606934,2.8787002563476562,-1.167938470840454,-1.2406268119812012,0.2612597346305847,10.766023635864258,12.551027297973633,2.87481689453125
1634,0.5259671807289124,0.6286634206771851,2.056368827819824,8.341634750366211,73.87579345703125,3.9984824657440186,7.080050468444824,1.8622286319732666,-0.032848477363586426,-0.8562924265861511,0.2511098384857178,4.009500503540039,7.04768180847168,1.850367784500122
1635,0.5207935571670532,0.6014823317527771,1.7429656982421875,6.597415447235107,57.6692008972168,5.555817604064941,3.306392192840576,1.313983678817749,0.476797491312027,-0.09293331950902939,-0.2851646840572357,5.550760269165039,3.314305067062378,1.2862447500228882
1636,0.48901498317718506,0.6244467496871948,1.7458728551864624,7.419401168823242,78.4061279296875,5.324977397918701,4.726646423339844,2.0858914852142334,0.5363243818283081,0.580738365650177,-0.2355211079120636,5.31267786026001,4.70391845703125,2.0783333778381348
1637,0.4667896032333374,0.657071053981781,1.0635854005813599,4.810199737548828,53.90338134765625,2.4968128204345703,3.876600742340088,1.3696399927139282,-0.07095395773649216,0.38064733147621155,-0.09031368792057037,2.5027661323547363,3.868628740310669,1.370471477508545
1638,0.4885319173336029,0.6325899958610535,3.7123734951019287,17.35789680480957,168.22671508789062,7.190145969390869,15.095010757446289,4.662518501281738,0.3379339575767517,-1.8912461996078491,0.42337724566459656,7.202233791351318,15.017839431762695,4.656208038330078
1639,0.5469083786010742,0.6020427346229553,1.179826259613037,4.228995323181152,38.54270935058594,3.4270873069763184,2.274390935897827,0.9831682443618774,0.2972850799560547,0.007875495590269566,-0.14173340797424316,3.423692226409912,2.280721426010132,0.975612223148346
1640,0.4742306172847748,0.6233901977539062,1.7993757724761963,6.608458518981934,53.600799560546875,5.525051116943359,3.346438407897949,1.395310878753662,0.7012810111045837,-0.29179149866104126,0.0698188915848732,5.4956512451171875,3.342992067337036,1.3974499702453613
1641,0.4757804870605469,0.615271806716919,3.1503937244415283,14.658760070800781,133.30532836914062,6.964847087860107,12.119651794433594,4.414087772369385,1.02500319480896,-1.6689362525939941,0.5218042135238647,6.90822696685791,12.037676811218262,4.395362854003906
1642,0.5030149221420288,0.6047288179397583,2.400050640106201,10.267695426940918,73.56393432617188,7.836611747741699,6.436741352081299,1.606690764427185,-0.05303823947906494,0.05329602584242821,-0.02180788852274418,7.8582916259765625,6.454474449157715,1.6110241413116455
1643,0.4874385595321655,0.6383058428764343,3.126596212387085,15.212861061096191,141.83242797851562,9.286446571350098,11.7821044921875,2.524887800216675,1.0288656949996948,0.4132739305496216,-0.014303376898169518,9.255019187927246,11.807699203491211,2.5318901538848877
1644,0.5805872082710266,0.5993759036064148,2.549877643585205,11.086539268493652,101.87052917480469,6.848055839538574,7.785910606384277,3.9236559867858887,-0.18075896799564362,0.3176620304584503,0.12186963856220245,6.86476469039917,7.8011274337768555,3.9327023029327393
1645,0.47969701886177063,0.619328498840332,2.119148015975952,9.43375301361084,98.49688720703125,4.286292552947998,7.964319229125977,2.6819801330566406,-0.20160895586013794,-1.2206451892852783,0.2533210515975952,4.293491363525391,7.892175674438477,2.6774373054504395
1646,0.40123534202575684,0.5991551280021667,1.7086060047149658,12.030743598937988,155.1188201904297,4.160294055938721,10.998494148254395,2.5424132347106934,-0.06549165397882462,-0.8753051161766052,0.1324327290058136,4.171381950378418,10.99419116973877,2.546043872833252
1647,0.5250856876373291,0.6311129927635193,2.2131314277648926,11.128077507019043,109.51643371582031,7.737330436706543,7.7005462646484375,2.1608803272247314,0.7915054559707642,0.20505006611347198,-0.10484513640403748,7.7182087898254395,7.719288349151611,2.164355754852295
1648,0.49581432342529297,0.5972116589546204,3.1549277305603027,16.35931968688965,151.88095092773438,6.351852893829346,14.833938598632812,2.689884901046753,-0.2956118881702423,-1.2672075033187866,0.050547271966934204,6.362668991088867,14.820940017700195,2.6969118118286133
1649,0.5206524729728699,0.591283917427063,4.917970657348633,17.12100601196289,134.3905487060547,13.105805397033691,10.014312744140625,4.591320514678955,0.4478185176849365,0.5767230987548828,-0.37016260623931885,13.134687423706055,10.025579452514648,4.589139938354492
1650,0.5071046352386475,0.5965293049812317,2.206944227218628,9.225364685058594,90.13140869140625,7.8628997802734375,4.494990825653076,1.754201054573059,0.19184613227844238,0.19773337244987488,-0.13181473314762115,7.882484436035156,4.503165245056152,1.7541208267211914
1651,0.5293853878974915,0.5962598919868469,4.1594767570495605,16.022171020507812,119.8366470336914,8.379342079162598,13.210789680480957,3.460012435913086,0.4882713556289673,-1.4149553775787354,0.14101722836494446,8.388437271118164,13.171433448791504,3.466780662536621
1652,0.5165163278579712,0.6208053827285767,2.2046098709106445,8.923226356506348,87.08902740478516,4.340497970581055,7.610564231872559,1.6921474933624268,0.5952057838439941,0.04766163229942322,0.03494355082511902,4.311487674713135,7.631643295288086,1.6965059041976929
1653,0.46220287680625916,0.61915522813797,2.3136115074157715,8.905232429504395,71.55055236816406,6.038081645965576,6.046386241912842,2.5071828365325928,-0.1803046017885208,0.28844547271728516,-0.10658762603998184,6.052224159240723,6.056347846984863,2.5119032859802246
1654,0.5382176637649536,0.6214107275009155,4.704907417297363,17.68255615234375,110.19659423828125,12.82431697845459,11.586071014404297,3.737992286682129,0.2393287718296051,-1.3305516242980957,0.17306636273860931,12.85784912109375,11.541521072387695,3.744399309158325
1655,0.4453335106372833,0.6341298222541809,3.407626152038574,15.476229667663574,123.90080261230469,9.037561416625977,11.741079330444336,4.470261096954346,-0.14376886188983917,-1.3540538549423218,0.4654306173324585,9.061623573303223,11.695270538330078,4.458367347717285
1656,0.5290836691856384,0.5960760116577148,4.09691858291626,17.030214309692383,132.11416625976562,8.89367389678955,13.633828163146973,5.004941940307617,0.05488980561494827,-1.214334487915039,0.10983072966337204,8.918312072753906,13.617521286010742,5.017693996429443
1657,0.4229757785797119,0.6408451795578003,2.2089502811431885,9.426692008972168,106.38446807861328,7.886716365814209,4.857052803039551,1.752502679824829,0.8190608620643616,0.20486781001091003,-0.2705858051776886,7.865950584411621,4.866265773773193,1.7363172769546509
1658,0.4593769907951355,0.6380206942558289,3.1945555210113525,14.013721466064453,123.7862319946289,12.436787605285645,6.226680278778076,1.7144067287445068,0.022313181310892105,-0.14957082271575928,-0.006762075703591108,12.471457481384277,6.242247581481934,1.7191755771636963
1659,0.4932844340801239,0.65310138463974,2.473154306411743,8.993852615356445,72.15204620361328,6.487998962402344,5.03670597076416,3.6642661094665527,-0.6725887656211853,0.5070267915725708,-0.48572584986686707,6.471042156219482,5.02509880065918,3.6420609951019287
1660,0.43102920055389404,0.616389811038971,3.5203399658203125,12.252618789672852,69.40612030029297,7.37027645111084,9.15383529663086,3.465973138809204,-0.5806061625480652,0.13735803961753845,-0.1350807398557663,7.3678669929504395,9.178335189819336,3.4730005264282227
1661,0.5492291450500488,0.6051961183547974,2.3010518550872803,8.457352638244629,60.982540130615234,3.1352715492248535,7.2567243576049805,3.006133556365967,0.19751298427581787,-0.06502123177051544,-0.3625035583972931,3.13777232170105,7.276673793792725,2.992520809173584
1662,0.45781633257865906,0.6514564156532288,5.288822650909424,19.133596420288086,151.08412170410156,8.086764335632324,16.85989761352539,4.054953575134277,-0.5011102557182312,-0.5702932476997375,0.16946230828762054,8.093737602233887,16.89725112915039,4.062712669372559
1663,0.44360604882240295,0.6234886050224304,3.4189107418060303,12.98123550415039,93.62605285644531,9.353180885314941,8.335649490356445,3.398155927658081,-0.5431868433952332,0.37006667256355286,-0.250867635011673,9.36344051361084,8.350659370422363,3.398336172103882
1664,0.402324378490448,0.6340683102607727,2.2229416370391846,8.966586112976074,83.2306137084961,7.527871608734131,4.323269844055176,2.2450332641601562,-0.7140313386917114,-0.2885824143886566,-0.20481275022029877,7.514834880828857,4.325660228729248,2.2419073581695557
1665,0.44681331515312195,0.6069182753562927,2.9459893703460693,9.518016815185547,66.58545684814453,8.635249137878418,3.733069658279419,1.4454435110092163,-0.1831521987915039,0.25000569224357605,-0.08152446150779724,8.657388687133789,3.7350783348083496,1.4471681118011475
1666,0.4709506630897522,0.5985854864120483,3.020949602127075,11.973148345947266,109.7703628540039,9.031330108642578,7.587671279907227,2.053924083709717,-0.7568915486335754,0.30710434913635254,-0.043297238647937775,9.024662017822266,7.602601528167725,2.0591957569122314
1667,0.4553958773612976,0.5960277318954468,3.432023525238037,14.79285717010498,118.80974578857422,14.050301551818848,4.138970375061035,2.070401191711426,1.7483439445495605,0.08537425845861435,0.01266434509307146,13.979987144470215,4.149632453918457,2.0761375427246094
1668,0.4630836844444275,0.6175380349159241,3.6576921939849854,14.993669509887695,121.07550048828125,7.192624568939209,12.526896476745605,4.019097805023193,-0.4493383765220642,-0.7985244393348694,0.06018797308206558,7.198599815368652,12.53629207611084,4.0298566818237305
1669,0.45800942182540894,0.5811395049095154,5.777209758758545,19.406688690185547,128.2809295654297,15.62313461303711,10.969295501708984,3.494537353515625,-0.513179361820221,-1.1973315477371216,0.1658206731081009,15.6582612991333,10.934167861938477,3.500337600708008
1670,0.4956847131252289,0.6339325904846191,3.9985485076904297,14.032889366149902,94.04882049560547,9.733349800109863,9.702147483825684,2.8376471996307373,0.24051709473133087,-0.3312569260597229,0.24291153252124786,9.757519721984863,9.723538398742676,2.8351173400878906
1671,0.35973015427589417,0.6821885108947754,2.8498740196228027,10.427584648132324,81.28207397460938,7.312459468841553,6.934115886688232,2.679645299911499,-0.61262047290802,0.122761070728302,-0.17955009639263153,7.307077407836914,6.952367782592773,2.6810808181762695
1672,0.4897420406341553,0.622883677482605,3.1791157722473145,13.436532020568848,124.22520446777344,6.086748123168945,11.162735939025879,4.34571647644043,0.40606191754341125,-0.15401601791381836,0.06716997176408768,6.0901288986206055,11.1928071975708,4.357317924499512
1673,0.5190179347991943,0.6314955353736877,3.921062707901001,13.957401275634766,87.73632049560547,10.65966510772705,8.676071166992188,2.4303104877471924,-0.1676379293203354,-0.9622422456741333,0.12893380224704742,10.688077926635742,8.646596908569336,2.433657646179199
1674,0.566241979598999,0.5784111618995667,3.532916307449341,13.082110404968262,97.36564636230469,7.442447185516357,10.19590950012207,3.4343886375427246,-0.30467283725738525,-0.3409375250339508,0.14670665562152863,7.456951141357422,10.218631744384766,3.4408247470855713
1675,0.46411046385765076,0.5769544839859009,2.4212024211883545,9.358489990234375,80.52816009521484,7.903470993041992,4.619759559631348,1.9427540302276611,-0.7366631627082825,0.0071578980423510075,0.038058340549468994,7.891015529632568,4.632640838623047,1.9477993249893188
1676,0.5700698494911194,0.572395384311676,4.9797234535217285,17.520666122436523,104.67975616455078,13.704879760742188,10.274439811706543,3.685908555984497,0.42835888266563416,0.1852675974369049,-0.312964528799057,13.736393928527832,10.301423072814941,3.682842254638672
1677,0.49445295333862305,0.6018537878990173,2.4195852279663086,10.89499282836914,100.28569793701172,8.892460823059082,6.117892265319824,1.4820244312286377,-0.11935755610466003,0.09664233028888702,-0.07044428586959839,8.916463851928711,6.134191513061523,1.4844785928726196
1678,0.4957517385482788,0.6518429517745972,2.207892656326294,8.516583442687988,83.99971771240234,5.4120378494262695,6.275646686553955,1.9642565250396729,0.12651094794273376,0.421028196811676,-0.2662659287452698,5.4256510734558105,6.27897310256958,1.9515544176101685
1679,0.4400307834148407,0.6214678287506104,1.7069023847579956,6.4784464836120605,55.297977447509766,2.4965591430664062,5.728376865386963,1.7097245454788208,-0.15279707312583923,-0.04258541762828827,0.024161575362086296,2.4988298416137695,5.744196891784668,1.7143224477767944
1680,0.45955732464790344,0.6164706349372864,3.29258131980896,13.857401847839355,120.92463684082031,10.426169395446777,8.768609046936035,2.536550521850586,-1.0680381059646606,-0.8807753324508667,0.2497907429933548,10.400250434875488,8.74859619140625,2.531262159347534
1681,0.44951871037483215,0.6334412097930908,3.0884456634521484,12.636073112487793,92.82930755615234,9.232215881347656,8.363719940185547,2.117720603942871,-0.4847736358642578,-0.1870519518852234,-0.036547474563121796,9.245196342468262,8.3849515914917,2.1233115196228027
1682,0.5280855298042297,0.614563524723053,2.564951181411743,13.04499626159668,141.72576904296875,9.710836410522461,8.54643440246582,1.682279348373413,-1.1774793863296509,-0.3762255907058716,-0.08371268212795258,9.666072845458984,8.561964988708496,1.6848820447921753
1683,0.5286852717399597,0.6042398810386658,3.3794665336608887,12.070808410644531,83.2942123413086,7.578525543212891,9.231621742248535,1.7457144260406494,0.7380708456039429,0.2630169987678528,-0.10603141784667969,7.563539028167725,9.25361442565918,1.7473517656326294
1684,0.4963729679584503,0.6054847836494446,4.057103157043457,15.823811531066895,124.08209228515625,9.448436737060547,12.431421279907227,2.5651168823242188,0.10168933123350143,-0.9252802729606628,0.0684143602848053,9.4742431640625,12.431519508361816,2.571356773376465
1685,0.4896197021007538,0.6164452433586121,3.5091211795806885,15.416269302368164,148.13914489746094,7.081839084625244,13.316529273986816,3.1904454231262207,0.32949334383010864,1.2507139444351196,-0.29230454564094543,7.093902587890625,13.294645309448242,3.1858887672424316
1686,0.48083385825157166,0.6039179563522339,2.787822961807251,13.956121444702148,148.23121643066406,7.684685707092285,11.229248046875,3.1020760536193848,0.15686313807964325,-1.1705368757247925,0.22464525699615479,7.704516410827637,11.199226379394531,3.1025617122650146
1687,0.541972279548645,0.5881295204162598,4.985049724578857,20.065750122070312,147.0478515625,14.961505889892578,12.715502738952637,4.135655403137207,0.4278859496116638,0.803741991519928,-0.18212904036045074,14.997102737426758,12.725473403930664,4.1431684494018555
1688,0.5326079726219177,0.609916627407074,3.1752378940582275,13.192752838134766,113.88296508789062,8.297342300415039,9.98638916015625,2.3398430347442627,0.6167566776275635,-1.1953843832015991,0.05399853363633156,8.297468185424805,9.942242622375488,2.345745086669922
1689,0.5849379897117615,0.574980616569519,1.6495778560638428,6.176806926727295,51.68328094482422,3.52669620513916,4.890608787536621,1.3406347036361694,-0.4293193519115448,-0.2789067327976227,0.003746174508705735,3.5102314949035645,4.89626932144165,1.3443689346313477
1690,0.5431046485900879,0.5565549731254578,5.815769672393799,23.93254852294922,150.2279052734375,10.293594360351562,20.99665069580078,5.094053745269775,-1.011034607887268,-0.12059012800455093,-0.04255911707878113,10.272396087646484,21.054874420166016,5.1080851554870605
1691,0.4815439283847809,0.5979555249214172,3.6342482566833496,16.873435974121094,132.78228759765625,15.292320251464844,6.957513809204102,1.5654863119125366,-0.17163912951946259,0.0745791345834732,-0.24825279414653778,15.334009170532227,6.976520538330078,1.5499887466430664
1692,0.6193512678146362,0.5798318386077881,2.4537715911865234,10.77945613861084,90.62623596191406,7.420161724090576,7.592373847961426,1.869152545928955,0.4222138524055481,-0.7957706451416016,0.11313682049512863,7.428804397583008,7.571617126464844,1.870929479598999
1693,0.5295301675796509,0.614086925983429,3.9375340938568115,16.201200485229492,146.31268310546875,11.71123218536377,10.70787525177002,3.2660892009735107,0.9555650949478149,0.31693074107170105,-0.06444202363491058,11.704740524291992,10.733039855957031,3.274561882019043
1694,0.47355785965919495,0.5794855356216431,3.0705790519714355,13.464011192321777,124.31250762939453,7.924677848815918,10.587162971496582,2.5280508995056152,-0.6635926365852356,-0.9261263012886047,0.16670213639736176,7.918872356414795,10.575997352600098,2.529585123062134
1695,0.4731714725494385,0.5951668620109558,3.9435877799987793,14.787382125854492,111.43968963623047,8.50578784942627,11.401983261108398,4.038938522338867,1.2712825536727905,0.6644104719161987,-0.2477896362543106,8.433706283569336,11.414358139038086,4.042574882507324
1696,0.46210578083992004,0.6079153418540955,4.420327186584473,17.589202880859375,131.0948028564453,10.07245922088623,13.736634254455566,4.385254383087158,-0.3607594966888428,0.4531059265136719,-0.18871146440505981,10.094076156616211,13.767455101013184,4.393413066864014
1697,0.5331997275352478,0.614001452922821,2.254194736480713,8.705652236938477,75.99339294433594,6.429675102233887,5.714018821716309,1.3407655954360962,0.37399402260780334,-0.15393121540546417,0.003664088435471058,6.4366936683654785,5.727878093719482,1.3445005416870117
1698,0.4636688828468323,0.6347557306289673,1.813990831375122,8.286678314208984,96.7031021118164,3.4130682945251465,7.237912178039551,2.1523544788360596,0.4329484701156616,0.25319090485572815,0.0048037320375442505,3.3949406147003174,7.253659248352051,2.158352851867676
1699,0.51740962266922,0.6243714094161987,3.1271138191223145,12.928231239318848,105.80916595458984,9.853292465209961,7.769338607788086,3.1127421855926514,-0.4915716052055359,0.6623201966285706,-0.36300185322761536,9.8684720993042,7.7626495361328125,3.1001267433166504
1700,0.522154688835144,0.5919598340988159,3.141199827194214,14.706450462341309,152.21755981445312,6.91762638092041,12.614737510681152,3.0486955642700195,0.37698298692703247,-0.4124504625797272,0.003978029824793339,6.926613807678223,12.64316177368164,3.057197093963623
1701,0.6196726560592651,0.5678174495697021,5.872643947601318,18.686851501464844,110.56434631347656,10.180194854736328,15.1407470703125,4.039776802062988,-0.46376141905784607,-1.2998372316360474,0.05884469673037529,10.197993278503418,15.126925468444824,4.050615310668945
1702,0.5117439031600952,0.5983009934425354,1.3165760040283203,3.613248825073242,34.55314254760742,2.1095027923583984,2.869575023651123,0.6091829538345337,0.058225952088832855,-0.12260722368955612,0.021640542894601822,2.1145811080932617,2.8749516010284424,0.6104966402053833
1703,0.5274149179458618,0.5876299142837524,3.267744779586792,13.343578338623047,95.97636413574219,8.232728004455566,10.016406059265137,3.1535513401031494,-1.0835416316986084,-1.2411041259765625,0.06027022749185562,8.183876991271973,9.96694278717041,3.1617701053619385
1704,0.48929741978645325,0.6049704551696777,5.22153377532959,18.766223907470703,124.01274108886719,13.544144630432129,12.448919296264648,3.7083325386047363,0.6384388208389282,-0.09778767079114914,0.1417534053325653,13.566826820373535,12.483259201049805,3.715958595275879
1705,0.5249531865119934,0.6037793755531311,5.313986778259277,19.787464141845703,120.74710845947266,11.840730667114258,15.17838191986084,4.577947616577148,0.3045808970928192,0.6461598873138428,-0.5443550944328308,11.869830131530762,15.206921577453613,4.558147430419922
1706,0.49258163571357727,0.6085193157196045,1.1644096374511719,3.069838285446167,21.50958824157715,2.0525155067443848,2.156726121902466,0.7480776309967041,-0.05733435973525047,0.3328559696674347,-0.18969343602657318,2.0574376583099365,2.1368298530578613,0.7256458401679993
1707,0.5406175255775452,0.5858952403068542,3.1606028079986572,11.010616302490234,77.7830581665039,7.104281425476074,7.982044219970703,2.655154228210449,-0.2823654115200043,0.030441921204328537,-0.09210390597581863,7.118468761444092,8.004250526428223,2.6609582901000977
1708,0.45411577820777893,0.5910687446594238,2.9241855144500732,14.178047180175781,114.67826843261719,10.00320053100586,9.88128662109375,1.820212483406067,-1.2672570943832397,-1.3360004425048828,0.20131054520606995,9.95028305053711,9.817862510681152,1.8140920400619507
1709,0.5396210551261902,0.5771268010139465,4.329135894775391,18.162109375,134.40380859375,13.62847900390625,11.782459259033203,2.3022687435150146,-0.9556366801261902,-1.3187005519866943,0.019836071878671646,13.632854461669922,11.741089820861816,2.308605194091797
1710,0.5565928220748901,0.6218217015266418,3.1801939010620117,15.442461967468262,161.87728881835938,10.496391296386719,10.298236846923828,4.716115951538086,-0.631355881690979,0.40398699045181274,-0.45827582478523254,10.506610870361328,10.319013595581055,4.70689058303833
1711,0.49559804797172546,0.5962314605712891,3.2652041912078857,13.941776275634766,94.6297836303711,10.42255973815918,8.861023902893066,2.688058376312256,0.8010457754135132,0.2897011637687683,-0.29614484310150146,10.420717239379883,8.880990982055664,2.679147720336914
1712,0.5501899123191833,0.5960801839828491,4.966547012329102,20.900787353515625,152.29513549804688,11.57025146484375,16.817079544067383,4.489777088165283,-1.1304731369018555,-1.930812954902649,0.22528161108493805,11.547011375427246,16.75246810913086,4.49662971496582
1713,0.5153093338012695,0.5905166268348694,3.6525614261627197,16.41681480407715,115.33924865722656,11.752336502075195,10.420088768005371,4.77661657333374,-0.23046712577342987,-0.01808100938796997,-0.032441649585962296,11.782853126525879,10.449140548706055,4.789830684661865
1714,0.49618861079216003,0.5913857221603394,5.653381824493408,22.29348373413086,151.20765686035156,14.886603355407715,15.975076675415039,4.492819786071777,-0.5961635708808899,-1.7703720331192017,0.261697918176651,14.916152000427246,15.920961380004883,4.497702598571777
1715,0.5260286331176758,0.5780350565910339,4.849859714508057,18.295867919921875,114.12344360351562,9.068525314331055,15.046501159667969,5.109155654907227,0.19694367051124573,1.9657278060913086,-0.7933138012886047,9.091675758361816,14.95915412902832,5.0612688064575195
1716,0.5586064457893372,0.5983421206474304,3.184135675430298,12.082099914550781,85.5316162109375,8.66770076751709,8.029339790344238,2.5254273414611816,0.11470364034175873,-1.1158831119537354,0.2614773213863373,8.691117286682129,7.9736008644104,2.5188610553741455
1717,0.5782752633094788,0.588427722454071,6.679825782775879,23.862133026123047,163.48638916015625,16.56307029724121,16.67496681213379,4.124508857727051,-0.4051879048347473,1.7702531814575195,-0.6997882723808289,16.604299545288086,16.626983642578125,4.076047897338867
1718,0.5133386850357056,0.6070626378059387,3.4831202030181885,15.408987998962402,119.30975341796875,8.309142112731934,12.69959545135498,2.6674606800079346,-1.2705185413360596,-1.111910104751587,0.2571994364261627,8.234336853027344,12.686112403869629,2.662437915802002
1719,0.6142638921737671,0.5680480003356934,2.2546119689941406,10.49561882019043,100.36366271972656,5.506162643432617,8.643216133117676,2.2660558223724365,-0.3119770884513855,0.02583923377096653,-0.07160261273384094,5.512651443481445,8.667285919189453,2.271242141723633
1720,0.5853592753410339,0.5532758235931396,6.763693809509277,22.520980834960938,111.72161865234375,15.39869499206543,15.748902320861816,4.695406436920166,0.5049705505371094,-1.0570787191390991,0.0011606640182435513,15.433342933654785,15.757217407226562,4.708503723144531
1721,0.5167536735534668,0.608367919921875,7.380012512207031,27.552196502685547,163.89903259277344,12.500447273254395,23.590639114379883,6.807653903961182,-0.19703060388565063,-2.6856958866119385,0.7846988439559937,12.533759117126465,23.502635955810547,6.7811408042907715
1722,0.6036232113838196,0.5886198282241821,5.299740791320801,19.59459114074707,147.12789916992188,11.874090194702148,14.79500961303711,4.905267715454102,0.903659999370575,1.2636845111846924,-0.47563931345939636,11.872679710388184,14.782060623168945,4.895771026611328
1723,0.660965085029602,0.5548667907714844,6.1502227783203125,21.298681259155273,134.9618682861328,12.681238174438477,15.997859001159668,6.0736002922058105,-1.421553134918213,0.6171127557754517,-0.0574759803712368,12.636459350585938,16.030542373657227,6.090269565582275
1724,0.6489777565002441,0.5420516133308411,5.241910457611084,17.599628448486328,110.63837432861328,10.220993995666504,13.579601287841797,4.56865930557251,1.2622438669204712,-0.13926908373832703,-0.1748962700366974,10.171046257019043,13.6167631149292,4.57804536819458
1725,0.5995917916297913,0.5690953135490417,3.75132155418396,13.53455638885498,94.46803283691406,6.544477939605713,10.913134574890137,4.610586643218994,0.008561981841921806,0.3410317897796631,-0.24048356711864471,6.562727451324463,10.938230514526367,4.617154121398926
1726,0.621133029460907,0.5763136148452759,5.685146808624268,21.371864318847656,136.631103515625,17.005189895629883,12.206574440002441,4.310413837432861,1.882062315940857,-0.28305062651634216,-0.03062458150088787,16.947860717773438,12.23733139038086,4.322328090667725
1727,0.6054761409759521,0.607865571975708,3.9459915161132812,14.949830055236816,107.15196990966797,8.913477897644043,11.248165130615234,4.186412811279297,-0.40989023447036743,1.5071113109588623,-0.5417967438697815,8.928885459899902,11.177833557128906,4.162784576416016
1728,0.5538921356201172,0.5849968194961548,4.292735576629639,16.70228385925293,115.06472778320312,12.73206615447998,10.602128982543945,2.1108450889587402,-1.306591510772705,0.21921463310718536,-0.11005638539791107,12.700172424316406,10.62942886352539,2.113853931427002
1729,0.692012369632721,0.5481188297271729,6.896056175231934,21.103229522705078,95.13616943359375,12.340807914733887,16.56252098083496,4.328244209289551,-1.0293868780136108,2.567255973815918,-0.5966755747795105,12.332103729248047,16.407983779907227,4.298877239227295
1730,0.5641735196113586,0.5774199962615967,3.9885709285736084,16.013086318969727,107.72391510009766,7.909205436706543,13.308472633361816,4.092432498931885,-1.1965882778167725,-1.6168837547302246,0.47159886360168457,7.839972972869873,13.246735572814941,4.076508045196533
1731,0.5736490488052368,0.5905246734619141,5.0585455894470215,17.828569412231445,107.64440155029297,12.841874122619629,11.963303565979004,3.134251356124878,-0.2815399169921875,0.68789142370224,0.1125798150897026,12.874600410461426,11.976824760437012,3.1409659385681152
1732,0.459075391292572,0.5925799012184143,4.090155124664307,16.18303871154785,130.29891967773438,10.35146427154541,12.06643295288086,3.023099660873413,-0.2364535927772522,0.21767032146453857,-0.19190526008605957,10.377630233764648,12.098122596740723,3.0254180431365967
1733,0.5248376131057739,0.5997958779335022,4.532430648803711,16.425687789916992,99.48958587646484,10.618247032165527,11.553125381469727,4.856062889099121,0.7015488743782043,-0.9135021567344666,0.4369324743747711,10.62459945678711,11.549078941345215,4.849856853485107
1734,0.5345067381858826,0.6277843117713928,5.818339824676514,19.615095138549805,151.24317932128906,16.14935874938965,10.033109664916992,4.82564115524292,-0.4578886330127716,-0.07401885837316513,-0.10339149832725525,16.187894821166992,10.060822486877441,4.837990760803223
1735,0.5098574757575989,0.6235390901565552,2.7658021450042725,12.541901588439941,93.33599853515625,10.538070678710938,6.103414535522461,2.999448537826538,0.5379605889320374,0.34745949506759644,-0.40885213017463684,10.55368709564209,6.110513687133789,2.979741096496582
1736,0.6185740232467651,0.5663337707519531,4.629927158355713,17.867197036743164,114.03850555419922,14.763163566589355,9.550143241882324,3.174990177154541,0.9859411120414734,0.30786189436912537,0.021529629826545715,14.771292686462402,9.571803092956543,3.1837735176086426
1737,0.5676084160804749,0.6087151169776917,4.0022759437561035,19.339216232299805,188.9503173828125,13.06900691986084,13.972585678100586,2.8236842155456543,0.8886063694953918,1.0261327028274536,-0.2652280330657959,13.075133323669434,13.973726272583008,2.8190417289733887
1738,0.48864853382110596,0.6007339954376221,3.8748044967651367,12.962523460388184,83.80783081054688,11.062389373779297,6.544621467590332,1.6788281202316284,-0.1056864857673645,0.14820224046707153,-0.1553293615579605,11.092741012573242,6.56119441986084,1.676289677619934
1739,0.5215073823928833,0.5884191989898682,5.708032131195068,20.239694595336914,136.21795654296875,14.720428466796875,13.311864852905273,3.9684276580810547,-1.03228759765625,0.7898940443992615,-0.49181661009788513,14.725150108337402,13.325475692749023,3.9488182067871094
1740,0.5753320455551147,0.5681423544883728,6.936683654785156,21.423782348632812,124.12004852294922,16.418556213378906,13.167222023010254,4.004219055175781,-0.03770819678902626,0.0633799284696579,-0.04490203782916069,16.464311599731445,13.203798294067383,4.015135765075684
1741,0.5826727151870728,0.6181597113609314,8.848597526550293,28.991634368896484,216.1680450439453,22.197154998779297,17.517852783203125,6.397341251373291,1.1923716068267822,0.724581241607666,-0.2860952615737915,22.2269344329834,17.55168342590332,6.408768177032471
1742,0.6042973399162292,0.5832734107971191,5.380188465118408,19.239025115966797,115.9569091796875,14.125809669494629,12.397621154785156,4.111028671264648,-2.0195400714874268,0.600806474685669,-0.23727089166641235,14.019697189331055,12.417594909667969,4.11562442779541
1743,0.58626389503479,0.5530186891555786,3.9180760383605957,15.156401634216309,120.4127197265625,11.268104553222656,9.496024131774902,3.545680284500122,-0.6648284792900085,-0.1701970100402832,-0.096001535654068,11.279850959777832,9.52098274230957,3.554266929626465
1744,0.570577085018158,0.5880841612815857,4.617243766784668,16.370006561279297,111.79212188720703,10.070016860961914,12.038077354431152,4.65366268157959,-0.0559053011238575,0.48429787158966064,-0.25995540618896484,10.097949981689453,12.061882972717285,4.659356594085693
1745,0.5662247538566589,0.5864124894142151,5.131459712982178,18.777545928955078,133.65724182128906,11.28141975402832,14.368070602416992,4.345607280731201,0.2831152677536011,-0.3975891172885895,0.1093125268816948,11.309325218200684,14.402633666992188,4.356350421905518
1746,0.575165867805481,0.5740451812744141,7.976863861083984,26.90683937072754,163.59860229492188,20.41866111755371,16.593570709228516,5.631132125854492,0.8903216123580933,-0.8815432190895081,0.11859393864870071,20.456144332885742,16.61635971069336,5.64558744430542
1747,0.617117166519165,0.6090447306632996,5.619950294494629,20.206445693969727,116.19091033935547,14.936286926269531,13.13442611694336,3.5629475116729736,0.5643418431282043,0.43760916590690613,-0.20739930868148804,14.967254638671875,13.163750648498535,3.5668277740478516
1748,0.53755784034729,0.5894492864608765,6.5048675537109375,22.358224868774414,150.13890075683594,15.83529281616211,15.295479774475098,3.896411657333374,-0.42155516147613525,-1.3767855167388916,0.1197926476597786,15.873836517333984,15.275880813598633,3.905433416366577
1749,0.5681362748146057,0.5803397297859192,8.493717193603516,31.325746536254883,220.52224731445312,23.409217834472656,20.28010368347168,4.6934309005737305,0.825168788433075,3.9456212520599365,-0.9259375333786011,23.45992660522461,19.94806671142578,4.614023208618164
1750,0.4975014925003052,0.6284705996513367,5.391900062561035,23.48093032836914,221.84803771972656,13.29637622833252,18.89312171936035,4.196471691131592,0.9188498854637146,-1.1939659118652344,-0.02886958234012127,13.301589965820312,18.9079532623291,4.208078384399414
1751,0.5196738839149475,0.595008134841919,3.601579427719116,16.95888900756836,171.19122314453125,10.38074779510498,12.889904975891113,3.7005934715270996,-1.566348671913147,-0.19962430000305176,0.05592893064022064,10.290518760681152,12.924309730529785,3.7104921340942383
1752,0.514756441116333,0.6061069369316101,3.5752112865448,16.933977127075195,171.04605102539062,9.004548072814941,13.552846908569336,4.690206050872803,0.3833589553833008,-0.09847240895032883,-0.0821492150425911,9.021478652954102,13.590291976928711,4.702567100524902
1753,0.48484259843826294,0.6310574412345886,4.749104022979736,18.02092742919922,159.78590393066406,9.238017082214355,15.013360023498535,3.743241786956787,0.5627204775810242,-1.7470875978469849,0.3407566249370575,9.246583938598633,14.952953338623047,3.738097906112671
1754,0.5611748099327087,0.5881994366645813,4.653524398803711,17.267271041870117,135.84144592285156,7.378392219543457,14.993456840515137,4.349050521850586,-0.5199464559555054,1.407060980796814,-0.5018396377563477,7.380579471588135,14.968925476074219,4.332049369812012
1755,0.5274879932403564,0.6083933711051941,6.4701104164123535,22.276201248168945,139.09458923339844,17.479005813598633,13.378028869628906,3.426640510559082,0.10047633200883865,1.3316236734390259,-0.28279536962509155,17.5274715423584,13.348721504211426,3.4244768619537354
1756,0.4779711961746216,0.5769060254096985,4.907999038696289,15.606449127197266,99.42489624023438,10.835546493530273,9.21501636505127,6.421499729156494,-1.8679962158203125,-0.6680179238319397,0.5906268954277039,10.703086853027344,9.216408729553223,6.412116527557373
1757,0.5102473497390747,0.5752847790718079,6.313486099243164,21.039758682250977,123.75209045410156,15.182958602905273,13.378935813903809,5.757887363433838,0.06768152862787247,-0.3483942151069641,-0.4731833338737488,15.225159645080566,13.411705017089844,5.754417896270752
1758,0.6132499575614929,0.5784428715705872,5.647347927093506,19.103302001953125,146.53738403320312,13.628382682800293,12.579546928405762,4.578021049499512,-1.1577696800231934,-0.15662343800067902,0.0967351645231247,13.616992950439453,12.61365795135498,4.589766025543213
1759,0.4680801033973694,0.6074686050415039,2.5002691745758057,12.565719604492188,136.78366088867188,11.017230033874512,5.848215103149414,1.5219409465789795,-1.1819639205932617,-0.8830606341362,0.0626235157251358,10.984198570251465,5.797287464141846,1.5248937606811523
1760,0.6020486354827881,0.5393881797790527,4.456964015960693,15.33880615234375,123.07189178466797,10.997572898864746,10.37053394317627,2.6046862602233887,-1.191808819770813,0.7932517528533936,-0.29615432024002075,10.963299751281738,10.36899471282959,2.5950136184692383
1761,0.6060037612915039,0.5527603030204773,7.939205169677734,26.30158805847168,148.73544311523438,17.710432052612305,18.682764053344727,5.391522407531738,-2.405796766281128,1.8518154621124268,-0.6811352372169495,17.595211029052734,18.642620086669922,5.363242149353027
1762,0.669437050819397,0.5639219284057617,4.826531887054443,18.33062744140625,138.91749572753906,10.567350387573242,14.706835746765137,2.8376095294952393,0.8051586747169495,-1.0607078075408936,-0.18257275223731995,10.566021919250488,14.709451675415039,2.8396289348602295
1763,0.5817910432815552,0.5873241424560547,5.085726261138916,20.5866756439209,142.98684692382812,10.994420051574707,16.418386459350586,5.776721954345703,-0.6017573475837708,2.578681230545044,-1.080802321434021,11.008561134338379,16.25984764099121,5.690543174743652
1764,0.5849544405937195,0.5685151219367981,5.081472396850586,21.020017623901367,147.87660217285156,12.9841890335083,16.142066955566406,3.561699867248535,1.0475022792816162,-2.1926772594451904,0.26590871810913086,12.977965354919434,16.037059783935547,3.561666965484619
1765,0.5597692131996155,0.6080594658851624,5.572883129119873,20.566104888916016,144.86024475097656,13.62990665435791,15.008280754089355,3.4557008743286133,0.3090633749961853,-0.25978195667266846,-0.01386114303022623,13.664410591125488,15.047889709472656,3.4653122425079346
1766,0.589636504650116,0.5977537631988525,3.886110782623291,15.925126075744629,133.716064453125,12.060623168945312,9.502188682556152,4.226038932800293,0.38075482845306396,-0.8221601843833923,-0.04356543347239494,12.088236808776855,9.492959022521973,4.2376017570495605
1767,0.5778021216392517,0.5995506048202515,3.1347436904907227,14.456154823303223,147.7943878173828,7.907942295074463,11.584626197814941,3.498753786087036,0.4050305485725403,1.1207385063171387,-0.557242214679718,7.919592380523682,11.56244945526123,3.463728666305542
1768,0.5356257557868958,0.5705773234367371,5.1888628005981445,18.615964889526367,147.802490234375,13.592574119567871,12.280289649963379,3.315199136734009,-0.8855020403862,-0.019176652655005455,-0.29126524925231934,13.601533889770508,12.314529418945312,3.3115909099578857
1769,0.5461200475692749,0.575828492641449,5.814647197723389,20.89874839782715,159.62156677246094,13.897181510925293,15.150038719177246,3.7553164958953857,-2.509922742843628,1.7034705877304077,-0.37686529755592346,13.706775665283203,15.095955848693848,3.7467808723449707
1770,0.5792393088340759,0.5891029238700867,2.158755302429199,7.810725688934326,65.22087860107422,4.574854373931885,6.157773494720459,1.4696805477142334,-0.15621766448020935,-0.6166537404060364,-0.15285257995128632,4.584940433502197,6.143908977508545,1.465787649154663
1771,0.5349954962730408,0.6144256591796875,4.143273830413818,15.75627326965332,123.4534912109375,12.092429161071777,9.730637550354004,2.710714101791382,-0.6523966789245605,-1.0062894821166992,-0.10595105588436127,12.108499526977539,9.705463409423828,2.716198205947876
1772,0.5150983929634094,0.6051281094551086,6.889401912689209,26.04063606262207,156.2383270263672,16.40363883972168,19.612071990966797,4.9398274421691895,0.867804229259491,0.22912606596946716,-0.2387801557779312,16.426361083984375,19.665435791015625,4.947815895080566
1773,0.5291154980659485,0.6032758951187134,3.329714298248291,13.063824653625488,100.50055694580078,10.873161315917969,6.71612024307251,2.707693099975586,-0.40861788392066956,0.007174396887421608,-0.14210377633571625,10.895788192749023,6.734849452972412,2.711503744125366
1774,0.5193036198616028,0.6260137557983398,5.011999607086182,18.144540786743164,116.30626678466797,14.753766059875488,10.249466896057129,2.549351215362549,0.6636595726013184,-0.4433383643627167,0.05340646207332611,14.779945373535156,10.268436431884766,2.555901288986206
1775,0.5620805025100708,0.5866755843162537,3.152360200881958,12.730439186096191,100.15550994873047,3.8382606506347656,11.324514389038086,4.368890285491943,-0.24564802646636963,0.3710012435913086,-0.22394265234470367,3.841076374053955,11.350007057189941,4.375317573547363
1776,0.500221312046051,0.5731087923049927,4.950169086456299,18.780616760253906,152.3118896484375,14.185379028320312,11.918811798095703,3.070584774017334,0.4363708198070526,-1.2734177112579346,0.25976884365081787,14.218215942382812,11.883646011352539,3.0681111812591553
1777,0.5428921580314636,0.6063881516456604,3.891634225845337,13.72390079498291,100.7369613647461,8.09101390838623,10.168473243713379,4.413963794708252,-0.6537676453590393,1.7253408432006836,-0.708940327167511,8.087052345275879,10.048983573913574,4.36881160736084
1778,0.5492910146713257,0.5960812568664551,3.458968162536621,12.018698692321777,101.77359008789062,7.24727725982666,9.142997741699219,2.886465072631836,0.2517124116420746,-0.4663437008857727,0.1019921824336052,7.263108253479004,9.156567573547363,2.892709255218506
1779,0.5187341570854187,0.6064079403877258,4.140866756439209,14.411096572875977,100.28571319580078,11.018387794494629,8.941560745239258,2.514620304107666,-0.6655161380767822,0.5390313267707825,0.00548235047608614,11.028949737548828,8.950194358825684,2.5216288566589355
1780,0.5381185412406921,0.580502450466156,5.505176544189453,19.02155113220215,119.25566864013672,15.323346138000488,10.838088989257812,3.090352773666382,-1.4576400518417358,0.694955050945282,-0.2295161634683609,15.296407699584961,10.845953941345215,3.0904147624969482
1781,0.5169638991355896,0.5842131972312927,4.487222194671631,15.590375900268555,116.61117553710938,11.828673362731934,9.658223152160645,3.140233039855957,1.8479621410369873,0.5087627172470093,-0.2733076810836792,11.716021537780762,9.671716690063477,3.1370432376861572
1782,0.5040698051452637,0.5904861688613892,2.3539464473724365,10.03342342376709,81.15553283691406,8.67666244506836,4.704287528991699,1.8041019439697266,0.2209402322769165,-0.7385705709457397,0.23086214065551758,8.698044776916504,4.658907413482666,1.794260859489441
1783,0.5628620386123657,0.6293579936027527,6.6969804763793945,20.96188735961914,118.74267578125,16.677934646606445,11.65003776550293,5.052104949951172,-0.7501963376998901,0.8130393624305725,-0.24244838953018188,16.707529067993164,11.65404987335205,5.060360908508301
1784,0.6425057053565979,0.5684010982513428,3.308417797088623,14.882210731506348,129.41854858398438,11.787190437316895,8.725542068481445,2.5312492847442627,1.356321930885315,-0.541787326335907,-0.009039103053510189,11.741557121276855,8.73299789428711,2.5382936000823975
1785,0.5243526101112366,0.5822201371192932,4.993303298950195,18.69066619873047,142.59536743164062,13.661395072937012,12.118612289428711,3.9807658195495605,-0.1346433013677597,0.8041722774505615,-0.10142144560813904,13.698837280273438,12.125629425048828,3.9905736446380615
1786,0.4734214246273041,0.5942894220352173,3.343374490737915,11.673870086669922,74.02352142333984,8.694296836853027,7.188136100769043,3.003187656402588,0.8175055980682373,0.7955284118652344,-0.3386354446411133,8.679922103881836,7.163906574249268,2.992358446121216
1787,0.5530834794044495,0.6466985940933228,5.3804030418396,19.147075653076172,157.58868408203125,11.792753219604492,14.606328964233398,3.767839193344116,0.5242864489555359,2.2684414386749268,-0.4963820278644562,11.813955307006836,14.469350814819336,3.745417356491089
1788,0.5315524935722351,0.6194655299186707,2.7407073974609375,12.815214157104492,110.87020111083984,11.963191032409668,4.142638683319092,1.9875425100326538,0.7719160318374634,-0.30081745982170105,0.19926662743091583,11.971562385559082,4.1432271003723145,1.9830443859100342
1789,0.5394238829612732,0.6109344363212585,1.9815053939819336,5.524095058441162,42.256710052490234,4.479839324951172,2.962773323059082,1.2917578220367432,-0.22832919657230377,-0.28322291374206543,-0.09802641719579697,4.486496925354004,2.9574313163757324,1.2916258573532104
1790,0.45677652955055237,0.6004787683486938,2.7841274738311768,12.220932006835938,106.26587677001953,8.07870101928711,8.815797805786133,2.5233919620513916,0.39955249428749084,0.5117721557617188,0.058706026524305344,8.09132194519043,8.825478553771973,2.5297458171844482
1791,0.548025906085968,0.6049021482467651,4.3138508796691895,15.851405143737793,124.81561279296875,11.428435325622559,10.165093421936035,4.162787914276123,0.08114488422870636,1.4522294998168945,-0.5292322635650635,11.460023880004883,10.088887214660645,4.14052677154541
1792,0.5210456252098083,0.5953356027603149,3.8454573154449463,17.454242706298828,132.075439453125,11.00451946258545,12.812087059020996,4.40471887588501,-1.616987943649292,0.19515161216259003,-0.2781737446784973,10.915434837341309,12.846333503723145,4.4081878662109375
1793,0.500174343585968,0.6125423908233643,3.3925867080688477,11.660340309143066,75.92681884765625,6.578093528747559,9.301067352294922,2.486440658569336,0.16789476573467255,-0.8054381012916565,0.1896028369665146,6.594293594360352,9.291975021362305,2.486116409301758
1794,0.6255881786346436,0.5742937326431274,4.851616382598877,16.859193801879883,109.1368179321289,14.087178230285645,8.491242408752441,3.6990063190460205,1.67886221408844,0.22693568468093872,0.27227216958999634,14.025794982910156,8.511886596679688,3.6992623805999756
1795,0.6729534268379211,0.5877264738082886,4.225828170776367,14.25139331817627,89.83795166015625,10.594602584838867,9.055374145507812,2.976041316986084,-0.027979755774140358,0.0509958490729332,-0.32023364305496216,10.624117851257324,9.080490112304688,2.967015027999878
1796,0.5987273454666138,0.592659056186676,2.2190709114074707,9.451234817504883,107.33025360107422,6.4654340744018555,6.58314847946167,2.0460147857666016,0.25255680084228516,-0.6332125663757324,0.36163315176963806,6.478519916534424,6.570901870727539,2.0194191932678223
1797,0.5697218775749207,0.579230785369873,2.926561117172241,11.129985809326172,77.77335357666016,10.27137279510498,4.194698810577393,0.8831831216812134,0.7990461587905884,-0.14443477988243103,0.05269700661301613,10.268808364868164,4.20390510559082,0.8840687274932861
1798,0.5896487832069397,0.5707588195800781,3.1662731170654297,12.371339797973633,106.55828857421875,11.0888032913208,5.338305950164795,1.2613400220870972,-0.5892057418823242,-0.565733015537262,0.17528493702411652,11.104025840759277,5.3230509757995605,1.252585530281067
1799,0.6614182591438293,0.6252414584159851,4.020560264587402,14.855826377868652,103.6238021850586,12.152800559997559,7.3704633712768555,4.3221893310546875,1.1708825826644897,0.25403016805648804,-0.19798052310943604,12.1300048828125,7.386631965637207,4.3296966552734375
1800,0.5326744914054871,0.5771909356117249,4.546794891357422,17.828733444213867,126.38763427734375,14.631346702575684,9.064218521118164,4.650528430938721,-1.5077091455459595,-0.32203730940818787,0.4684089720249176,14.5940523147583,9.083763122558594,4.639784812927246
1801,0.5920208096504211,0.5728645324707031,4.773316383361816,18.006731033325195,111.0480728149414,10.190756797790527,14.146333694458008,4.502451419830322,-0.4120144546031952,-1.9627431631088257,0.5172915458679199,10.210826873779297,14.048588752746582,4.485113143920898
1802,0.5651588439941406,0.5757324695587158,2.9515304565429688,11.965791702270508,89.54632568359375,7.277839660644531,9.072406768798828,2.811521291732788,0.8671339750289917,0.43325290083885193,-0.10446447134017944,7.246152877807617,9.087333679199219,2.8174169063568115
1803,0.6037068367004395,0.5611062049865723,2.877725601196289,9.277113914489746,76.31438446044922,5.364674091339111,6.98968505859375,2.903346300125122,0.158448725938797,0.4526834487915039,0.03486533835530281,5.377291202545166,6.994466304779053,2.9112350940704346
1804,0.5306714177131653,0.558661162853241,5.8021159172058105,21.252283096313477,195.807373046875,13.332898139953613,15.778634071350098,4.9928059577941895,-2.2474217414855957,2.373243808746338,-0.4408453702926636,13.178776741027832,15.642648696899414,4.987177848815918
1805,0.6573573350906372,0.5356287956237793,5.6194963455200195,18.153629302978516,126.27063751220703,12.739678382873535,12.045793533325195,4.7067766189575195,0.9477454423904419,0.4000995457172394,0.09879294782876968,12.739814758300781,12.072729110717773,4.718865871429443
1806,0.5560145378112793,0.527474045753479,5.216019153594971,16.614322662353516,91.64036560058594,10.914483070373535,11.779906272888184,4.259531021118164,-1.301787257194519,1.3426597118377686,0.018578551709651947,10.866799354553223,11.735783576965332,4.271371841430664
1807,0.5343222618103027,0.5807700753211975,3.1644694805145264,11.67756462097168,91.98739624023438,7.658945083618164,8.51511287689209,2.2801175117492676,-1.084992527961731,-1.0034425258636475,0.37260445952415466,7.602851867675781,8.479368209838867,2.255741596221924
1808,0.5502216219902039,0.571418821811676,4.135914325714111,17.295886993408203,132.47793579101562,15.28469467163086,7.667171478271484,2.596203565597534,-0.5097934603691101,-0.17755256593227386,0.2007679045200348,15.318802833557129,7.686495780944824,2.595649242401123
1809,0.5955473780632019,0.597720742225647,3.749508857727051,14.434895515441895,101.6525650024414,12.548354148864746,6.531493186950684,2.871344566345215,-1.503592610359192,0.05232088267803192,0.323299765586853,12.492694854736328,6.549501895904541,2.861043691635132
1810,0.6060148477554321,0.5463352203369141,3.1325695514678955,11.96212100982666,96.54375457763672,7.347682952880859,8.639333724975586,3.8033924102783203,-0.9520148038864136,0.5498529672622681,-0.08063895255327225,7.306070327758789,8.645868301391602,3.8131442070007324
1811,0.5995431542396545,0.5898745656013489,2.4313364028930664,7.575407028198242,61.16027069091797,4.201777458190918,6.066033363342285,1.713213324546814,-0.6359720826148987,-0.03556590527296066,0.29072436690330505,4.164953708648682,6.082849025726318,1.69307541847229
1812,0.5732358694076538,0.5810611248016357,2.851527690887451,11.080580711364746,94.7815933227539,10.22197437286377,3.757404327392578,2.0426456928253174,0.13716080784797668,-0.1829088181257248,0.28890320658683777,10.249566078186035,3.763418197631836,2.027752161026001
1813,0.5693354606628418,0.5840436816215515,4.03692626953125,12.157830238342285,77.47097778320312,7.610658168792725,9.12687873840332,2.5672554969787598,-0.2259691059589386,0.2265157401561737,0.032174091786146164,7.628522872924805,9.149518013000488,2.574214220046997
1814,0.6224527359008789,0.5649055242538452,4.437159061431885,18.469482421875,142.06207275390625,12.08958625793457,13.24194049835205,4.4288411140441895,-1.3472905158996582,0.10508760064840317,0.23804716765880585,12.047791481018066,13.278460502624512,4.434774875640869
1815,0.5960416197776794,0.5545997619628906,4.565377712249756,15.503862380981445,112.6954116821289,10.188568115234375,11.09581470489502,3.666844367980957,-0.9955888986587524,1.3220939636230469,-0.3680240213871002,10.168091773986816,11.047497749328613,3.658506155014038
1816,0.5414244532585144,0.5819082260131836,4.262491226196289,16.05974578857422,119.0832748413086,12.254561424255371,9.889790534973145,3.15169620513916,-0.34659239649772644,-0.07637108862400055,0.01980913057923317,12.283828735351562,9.917080879211426,3.1604251861572266
1817,0.5562846660614014,0.6362658143043518,1.9354033470153809,5.555567264556885,33.60417938232422,4.246622562408447,3.4854207038879395,0.8260555267333984,-0.7019213438034058,0.05122571811079979,0.16506792604923248,4.199893474578857,3.4947657585144043,0.8116527795791626
1818,0.5579732656478882,0.594946563243866,3.0535621643066406,10.764782905578613,88.71205139160156,9.266338348388672,4.960234642028809,2.3262851238250732,0.6517122983932495,-0.11649409681558609,0.2933071553707123,9.26917552947998,4.972698211669922,2.314157724380493
1819,0.5039330124855042,0.5943936705589294,4.553940773010254,18.974388122558594,177.02073669433594,14.311055183410645,11.83755874633789,3.8850104808807373,1.3212188482284546,-0.7205715775489807,0.35021549463272095,14.289685249328613,11.848566055297852,3.879985809326172
1820,0.5309271216392517,0.6199826002120972,3.066115379333496,12.007779121398926,93.9114990234375,9.985033988952637,6.25299596786499,2.3207509517669678,-1.2203189134597778,-0.13067194819450378,0.1938220113515854,9.937827110290527,6.269069194793701,2.319093942642212
1821,0.5167834162712097,0.6166426539421082,2.8610494136810303,10.733049392700195,80.82683563232422,6.202486991882324,8.67219066619873,1.2331310510635376,-0.7002139687538147,0.16024649143218994,-0.09338057786226273,6.180026531219482,8.69489574432373,1.2330199480056763
1822,0.5332027077674866,0.5951228737831116,1.6846915483474731,5.371617794036865,53.798458099365234,3.3360402584075928,3.954744338989258,1.4439908266067505,-0.0733007863163948,0.6565591096878052,0.23711098730564117,3.3445379734039307,3.9107413291931152,1.428363561630249
1823,0.5468425154685974,0.5871871709823608,2.3174421787261963,8.180505752563477,66.58499145507812,6.557332515716553,4.795817852020264,0.9603089690208435,-0.5774551630020142,0.5344415307044983,-0.08469074964523315,6.550076961517334,4.779239654541016,0.959235429763794
1824,0.5974127054214478,0.5869479775428772,2.929553747177124,13.33049201965332,127.9113998413086,11.92012882232666,5.84151029586792,1.220370888710022,0.08797162771224976,-0.21031977236270905,0.0028851483948528767,11.953052520751953,5.854006767272949,1.223771572113037
1825,0.5313072800636292,0.5968902111053467,3.473376989364624,11.759378433227539,96.85636138916016,9.125020027160645,7.169042587280273,1.9031099081039429,-1.6188663244247437,-0.3744893968105316,0.1306784301996231,9.005319595336914,7.179225921630859,1.903913974761963
1826,0.5577797293663025,0.6132441759109497,4.535809516906738,18.118648529052734,171.8621063232422,10.588932037353516,13.884435653686523,4.835532188415527,-1.1669518947601318,-0.788074254989624,0.22135888040065765,10.553791046142578,13.900717735290527,4.843936920166016
1827,0.5552330017089844,0.5759873390197754,2.898388624191284,5.082356929779053,44.46872329711914,3.44585919380188,3.4280505180358887,1.4848811626434326,-1.566563606262207,0.25445884466171265,-0.057585448026657104,3.0777344703674316,3.428129196166992,1.4879028797149658
1828,0.5734289288520813,0.6032801866531372,3.4166505336761475,15.31759262084961,176.64498901367188,9.767416000366211,11.244538307189941,3.575838804244995,-0.39053845405578613,-0.11583752185106277,-0.03459335118532181,9.786828994750977,11.275307655334473,3.5856456756591797
1829,0.5561825633049011,0.5952901244163513,5.957089900970459,24.440162658691406,196.5435791015625,14.186002731323242,19.46556854248047,4.143730163574219,0.7419835329055786,0.18570107221603394,0.17494527995586395,14.206101417541504,19.51897621154785,4.151584148406982
1830,0.5608181953430176,0.5920695066452026,8.968583106994629,27.483837127685547,192.1939239501953,18.675647735595703,19.109331130981445,6.435449600219727,-2.397028684616089,-0.1375139057636261,-0.27777448296546936,18.572839736938477,19.162137985229492,6.447386264801025
1831,0.6495987176895142,0.5684272050857544,6.4387431144714355,22.935226440429688,156.1417694091797,10.94049072265625,19.32686424255371,5.727354049682617,-1.9408854246139526,1.899839997291565,-0.5221718549728394,10.79698657989502,19.286909103393555,5.719409942626953
1832,0.6162607669830322,0.6077836155891418,4.104591369628906,16.35084342956543,151.83859252929688,10.335522651672363,11.555585861206055,5.195714473724365,-0.4842616021633148,0.28308457136154175,-0.08370863646268845,10.352970123291016,11.584342002868652,5.209531307220459
1833,0.5550934672355652,0.5896480083465576,4.564083576202393,20.74534034729004,186.18954467773438,8.403347969055176,18.117660522460938,5.612773895263672,-1.257684588432312,-0.40549084544181824,0.07493416219949722,8.331875801086426,18.163646697998047,5.627928256988525
1834,0.5077151656150818,0.6108273863792419,5.731391429901123,17.49643325805664,134.4161376953125,11.179237365722656,12.422011375427246,5.181066513061523,0.5342327356338501,2.0274672508239746,-0.7892798781394958,11.197613716125488,12.289623260498047,5.1348772048950195
1835,0.570258378982544,0.597606360912323,5.336359024047852,19.140554428100586,159.02674865722656,15.974047660827637,9.940947532653809,3.5168404579162598,0.3931780457496643,0.059389710426330566,0.03214742988348007,16.013751983642578,9.968499183654785,3.526503324508667
1836,0.5340934991836548,0.5941615104675293,7.104944705963135,25.27651596069336,184.24063110351562,22.68195915222168,10.284621238708496,4.319437026977539,-2.6183440685272217,1.248083472251892,-0.469878226518631,22.593172073364258,10.237085342407227,4.30578088760376
1837,0.4856153726577759,0.6287460923194885,6.10659646987915,18.666641235351562,154.7861328125,14.379267692565918,11.583918571472168,2.737334728240967,-1.8264260292053223,-0.5433235168457031,-0.14925004541873932,14.30258560180664,11.603446006774902,2.740886926651001
1838,0.47846272587776184,0.6095837354660034,4.21566915512085,13.831571578979492,108.32939910888672,10.738725662231445,8.390789985656738,2.363638162612915,0.31773683428764343,1.124839186668396,-0.14603370428085327,10.76396656036377,8.338245391845703,2.3657031059265137
1839,0.5730429887771606,0.6105688214302063,5.376552581787109,16.60261344909668,102.6102294921875,11.0515718460083,11.621199607849121,4.296194553375244,-1.1913273334503174,0.42363324761390686,-0.22197842597961426,11.017820358276367,11.645869255065918,4.30242395401001
1840,0.5257481336593628,0.5848164558410645,2.5509350299835205,11.144049644470215,94.9009017944336,7.807236671447754,7.520007133483887,2.5858051776885986,0.4398930072784424,-0.5815730094909668,0.21926571428775787,7.8165764808654785,7.518399238586426,2.583678722381592
1841,0.5383915901184082,0.6063204407691956,5.011707782745361,15.5574951171875,83.11219024658203,11.952353477478027,8.82630729675293,4.612287998199463,0.20230236649513245,-0.7256004214286804,0.3807309567928314,11.983977317810059,8.820967674255371,4.609368324279785
1842,0.477133572101593,0.5848385095596313,5.2900166511535645,18.412988662719727,131.50462341308594,10.14365291595459,14.768289566040039,4.2475996017456055,-2.583866596221924,1.4045981168746948,-0.6968628168106079,9.836404800415039,14.742352485656738,4.201733589172363
1843,0.562715470790863,0.6061394810676575,7.3528523445129395,19.818578720092773,118.22960662841797,13.781723022460938,13.222273826599121,5.292605876922607,-1.889198899269104,0.3452397882938385,-0.18705999851226807,13.689702987670898,13.25463581085205,5.304052829742432
1844,0.4792852997779846,0.5879133343696594,6.959438800811768,23.355207443237305,203.54153442382812,10.958429336547852,19.742855072021484,5.966426372528076,0.2669716775417328,-1.1151902675628662,0.24298638105392456,10.985734939575195,19.766315460205078,5.978105068206787
1845,0.5439422130584717,0.6230491399765015,6.334859371185303,17.15799903869629,123.46206665039062,13.482316017150879,9.76376724243164,4.158474445343018,-2.076127290725708,0.6139708757400513,-0.3463456928730011,13.358665466308594,9.771625518798828,4.155586242675781
1846,0.5324764251708984,0.5708315968513489,8.641901969909668,24.009662628173828,171.7547149658203,15.252140045166016,17.735258102416992,5.412649154663086,-1.3624378442764282,1.8314470052719116,-0.09694487601518631,15.233539581298828,17.689645767211914,5.426876544952393
1847,0.4244057834148407,0.5851685404777527,7.4152631759643555,18.748750686645508,85.37918090820312,14.045169830322266,11.780030250549316,3.93442702293396,-0.39657458662986755,0.17753088474273682,-0.3919151723384857,14.078730583190918,11.811548233032227,3.92577862739563
1848,0.48464837670326233,0.6069815754890442,8.855966567993164,25.059814453125,190.22607421875,14.066387176513672,19.865909576416016,5.956236362457275,0.01775767095386982,0.12097889930009842,0.1766471117734909,14.105611801147461,19.92095375061035,5.970223426818848
1849,0.42261043190956116,0.6009048223495483,10.124152183532715,28.90036392211914,202.1217498779297,19.505531311035156,20.483434677124023,5.932474136352539,-3.002384901046753,-0.9847463369369507,-0.2280842363834381,19.32683563232422,20.516820907592773,5.944623947143555
1850,0.5886023044586182,0.5509262084960938,9.557973861694336,19.757596969604492,91.76800537109375,13.957816123962402,13.02545166015625,5.08720588684082,-1.224215030670166,1.8504242897033691,-0.6837962865829468,13.942809104919434,12.929308891296387,5.055100917816162
1851,0.4645523726940155,0.6104716658592224,8.54584789276123,23.71220588684082,115.2964859008789,20.565828323364258,11.264179229736328,3.5261387825012207,-1.5020530223846436,0.5314971208572388,-0.12196725606918335,20.568115234375,11.283018112182617,3.5338587760925293
1852,0.5271973013877869,0.6419323086738586,11.37525463104248,25.349576950073242,116.86715698242188,17.42238426208496,17.49713706970215,5.736875534057617,-1.0365201234817505,1.0114576816558838,-0.7673861980438232,17.440034866333008,17.516603469848633,5.701178073883057
1853,0.43748214840888977,0.6359717845916748,9.182820320129395,23.751033782958984,97.35406494140625,18.122079849243164,14.4437837600708,5.203747272491455,-0.6840652823448181,-1.1489129066467285,0.7526912689208984,18.159677505493164,14.438179969787598,5.16338586807251
1854,0.4511406719684601,0.6591688990592957,15.709687232971191,36.33100891113281,205.99208068847656,25.83816909790039,24.25283432006836,8.008185386657715,-1.045101284980774,-0.5583260655403137,0.27955421805381775,25.889039993286133,24.314043045043945,8.025628089904785
1855,0.632593035697937,0.5782518982887268,17.306737899780273,37.21418762207031,204.25570678710938,20.768051147460938,29.31665802001953,9.701407432556152,0.16939514875411987,3.5941731929779053,-1.1854114532470703,20.82529067993164,29.17666244506836,9.655570030212402
1856,0.4914880692958832,0.6053694486618042,11.174077987670898,28.76041603088379,190.9099884033203,18.165969848632812,21.404512405395508,6.245471477508545,1.544198989868164,0.026604123413562775,-0.3452298045158386,18.150705337524414,21.464200973510742,6.253316879272461
1857,0.4932222068309784,0.5967695713043213,12.430631637573242,27.841527938842773,108.97283935546875,20.19135284423828,18.383329391479492,5.432595729827881,-4.438877105712891,3.4708826541900635,-1.114092230796814,19.75233268737793,18.103052139282227,5.331964015960693
1858,0.5260756611824036,0.5565080642700195,14.603949546813965,31.84372329711914,146.72738647460938,21.711891174316406,22.43714141845703,6.26028299331665,-0.22742335498332977,2.68890118598938,-0.40514349937438965,21.77126121520996,22.33757209777832,6.264585971832275
1859,0.5311874747276306,0.7060927748680115,13.74411678314209,29.183073043823242,109.54747009277344,18.547470092773438,21.787456512451172,5.740187168121338,-1.1104419231414795,6.281312465667725,-1.6898291110992432,18.58527374267578,20.942453384399414,5.5068793296813965
1860,0.4542597532272339,0.6341512799263,10.216204643249512,22.8758487701416,119.56930541992188,17.205875396728516,14.604559898376465,3.7375295162200928,0.9852460622787476,-0.5063419342041016,0.1997746378183365,17.24358367919922,14.651809692382812,3.746513843536377
1861,0.5267102122306824,0.6161455512046814,12.60274600982666,24.87656593322754,89.5484619140625,14.262572288513184,19.706815719604492,5.2023091316223145,-2.396806478500366,0.6183626055717468,0.019323386251926422,14.106217384338379,19.762224197387695,5.219471454620361
1862,0.3676838278770447,0.6215156316757202,13.655587196350098,27.885425567626953,124.9305191040039,18.572500228881836,20.17026710510254,5.081295013427734,1.2171499729156494,-1.0589675903320312,0.5290325880050659,18.59593391418457,20.21131134033203,5.070957660675049
1863,0.4622995853424072,0.670518696308136,7.8092942237854,18.925291061401367,81.37752532958984,13.933558464050293,12.476609230041504,2.890813112258911,-1.6557081937789917,-1.283197283744812,0.25328710675239563,13.882134437561035,12.452876091003418,2.889540433883667
1864,0.5436577200889587,0.604141116142273,12.293153762817383,25.76471519470215,90.11984252929688,16.41201400756836,18.941429138183594,5.973994731903076,1.743269443511963,-2.7273740768432617,0.34957513213157654,16.364686965942383,18.796327590942383,5.980392932891846
1865,0.5091263651847839,0.5953975915908813,11.177642822265625,25.0886173248291,110.8691635131836,18.07436180114746,16.607635498046875,5.190629005432129,-0.05672147497534752,0.6666020154953003,0.11122487485408783,18.12468719482422,16.640539169311523,5.203912734985352
1866,0.4605974555015564,0.6834695935249329,12.81103801727295,28.158342361450195,127.54691314697266,19.069059371948242,20.210712432861328,4.55964469909668,0.13341596722602844,4.004303932189941,-0.9934208989143372,19.123310089111328,19.86690330505371,4.462878704071045
1867,0.46941012144088745,0.6503181457519531,10.12225341796875,24.00367546081543,118.12248992919922,18.072994232177734,15.103642463684082,4.628537654876709,-2.8367934226989746,-3.3448548316955566,0.6210404634475708,17.90018653869629,14.770873069763184,4.599844932556152
1868,0.47283148765563965,0.5936597585678101,8.116057395935059,20.140188217163086,105.58983612060547,14.851133346557617,12.72071647644043,4.822281837463379,0.24851498007774353,-0.66490638256073,0.827652096748352,14.890474319458008,12.738760948181152,4.76397705078125
1869,0.6014951467514038,0.5851940512657166,11.524953842163086,27.247146606445312,137.56356811523438,20.687360763549805,16.774280548095703,5.750102996826172,0.7298498749732971,0.5983725786209106,-0.6859296560287476,20.73215103149414,16.810367584228516,5.724968910217285
1870,0.551190972328186,0.5938333868980408,10.73009967803955,25.84098243713379,153.24530029296875,19.295679092407227,16.491291046142578,4.8446364402771,-0.6030613780021667,0.5679096579551697,-0.18273739516735077,19.340049743652344,16.527482986450195,4.854693412780762
1871,0.5190437436103821,0.5906028747558594,12.929579734802246,29.30438995361328,117.09828186035156,20.817148208618164,19.705638885498047,6.089449882507324,3.178370475769043,1.1448930501937866,-0.39725735783576965,20.63046646118164,19.72722625732422,6.093427658081055
1872,0.5157082676887512,0.5803523659706116,11.14639663696289,25.418771743774414,118.38986206054688,19.159452438354492,15.83269214630127,5.324955940246582,-2.050046920776367,2.3521831035614014,-0.898934543132782,19.102596282958984,15.700664520263672,5.263171195983887
1873,0.48671722412109375,0.558779239654541,12.826491355895996,28.716222763061523,117.26742553710938,22.75056266784668,16.96255874633789,4.393725395202637,0.396700382232666,0.20538330078125,-0.009717718698084354,22.810556411743164,17.008628845214844,4.405970573425293
1874,0.5374658107757568,0.5658068656921387,12.625408172607422,26.9529972076416,107.7325668334961,20.673721313476562,16.432371139526367,5.388745307922363,0.5110604166984558,0.6605009436607361,-0.054479047656059265,20.725053787231445,16.46489143371582,5.403500556945801
1875,0.488193541765213,0.6265110373497009,10.698452949523926,25.859159469604492,130.8246612548828,21.345623016357422,14.039752960205078,3.993222713470459,-3.288276195526123,3.1858808994293213,-0.9199533462524414,21.149654388427734,13.711648941040039,3.8966481685638428
1876,0.4409642517566681,0.6493197679519653,9.396441459655762,26.56719970703125,144.93760681152344,22.55834197998047,13.46979808807373,3.937246799468994,-2.1058337688446045,-2.879258394241333,0.4631842374801636,22.522483825683594,13.195173263549805,3.9208130836486816
1877,0.5119843482971191,0.6137584447860718,8.14468765258789,23.791807174682617,140.181884765625,15.498454093933105,17.50765609741211,4.3965911865234375,-0.683265209197998,-3.4134390354156494,0.7858320474624634,15.52657413482666,17.219575881958008,4.3378586769104
1878,0.5960502028465271,0.568646252155304,7.101236343383789,21.45389747619629,112.38813018798828,15.878570556640625,13.840837478637695,4.070862770080566,0.620898962020874,-1.434708833694458,-0.06276562809944153,15.910684585571289,13.804676055908203,4.081732749938965
1879,0.5508089661598206,0.5841990113258362,6.8113837242126465,17.86318016052246,100.75481414794922,11.075166702270508,13.249935150146484,4.568711280822754,-0.7050719857215881,-0.11908529698848724,0.12288364768028259,11.083531379699707,13.286357879638672,4.579797744750977
1880,0.565278947353363,0.5838308930397034,8.461224555969238,24.108320236206055,188.17709350585938,18.34135627746582,15.022842407226562,4.37263822555542,-0.8423323035240173,0.75178462266922,-0.05220417678356171,18.373111724853516,15.04587173461914,4.384522438049316
1881,0.5546075701713562,0.5763221383094788,8.858724594116211,23.09009552001953,135.03582763671875,18.054872512817383,13.484886169433594,5.033083915710449,-2.502847909927368,0.3110104203224182,0.2522364854812622,17.930429458618164,13.518904685974121,5.040781021118164
1882,0.5174224376678467,0.5973923802375793,6.576066017150879,21.473913192749023,123.87945556640625,17.071819305419922,12.176231384277344,4.62831449508667,-2.842773199081421,-0.1310988962650299,-0.44500732421875,16.88042449951172,12.209488868713379,4.61972188949585
1883,0.5553327798843384,0.5714446306228638,5.8872504234313965,21.02813720703125,125.20697784423828,15.145201683044434,14.223791122436523,3.2386960983276367,0.38818249106407166,-0.4606441557407379,0.008071359246969223,15.182458877563477,14.25598430633545,3.2477200031280518
1884,0.583238959312439,0.5905183553695679,6.063058853149414,20.017608642578125,127.62299346923828,16.046009063720703,11.18359375,4.26115608215332,0.9934746623039246,0.14748598635196686,0.4336368143558502,16.059898376464844,11.213813781738281,4.250858306884766
1885,0.5723140835762024,0.5544718503952026,7.628918647766113,25.51774024963379,153.31141662597656,22.033464431762695,12.217391014099121,4.05177640914917,-2.6131229400634766,-0.414478063583374,0.14746856689453125,21.93898582458496,12.244417190551758,4.060386657714844
1886,0.6054511666297913,0.5996871590614319,8.458209037780762,22.493600845336914,109.9780044555664,13.869730949401855,16.947004318237305,5.137281894683838,0.4633750319480896,3.407611131668091,-1.0508971214294434,13.900655746459961,16.647184371948242,5.042672634124756
1887,0.5530825853347778,0.600226879119873,5.084569454193115,15.836210250854492,107.01048278808594,10.109709739685059,11.417862892150879,4.267518043518066,-1.4934518337249756,-0.7569250464439392,0.14742307364940643,10.026680946350098,11.424525260925293,4.276867866516113
1888,0.5835890173912048,0.5915594696998596,6.457374572753906,20.857776641845703,146.08493041992188,17.322534561157227,10.848414421081543,4.157939434051514,-1.109407901763916,0.05517137423157692,0.09582976251840591,17.335193634033203,10.878534317016602,4.168429851531982
1889,0.6017432808876038,0.5698456168174744,5.632992744445801,17.898509979248047,91.25340270996094,14.969520568847656,9.119430541992188,3.6202337741851807,-1.0574228763580322,0.06559872627258301,-0.18877820670604706,14.973777770996094,9.144631385803223,3.6253929138183594
1890,0.6388213634490967,0.5254552364349365,9.252655029296875,29.775585174560547,163.8533477783203,25.658601760864258,14.202983856201172,5.14749813079834,-4.28344202041626,-1.9158051013946533,0.06332391500473022,25.36910629272461,14.11243724822998,5.161466121673584
1891,0.6723248362541199,0.5360616445541382,5.921281814575195,17.825639724731445,121.78182220458984,13.546417236328125,11.004654884338379,3.625678777694702,-1.5245448350906372,-0.5036583542823792,0.15378297865390778,13.497902870178223,11.023787498474121,3.6325199604034424
1892,0.6725578904151917,0.5429424047470093,7.826246738433838,23.820261001586914,129.77645874023438,20.237390518188477,12.046090126037598,3.569946527481079,-0.3325927257537842,-0.7096812725067139,0.40318527817726135,20.291101455688477,12.058710098266602,3.556999921798706
1893,0.5742099285125732,0.5950440168380737,4.80966329574585,15.694527626037598,107.38168334960938,13.203962326049805,7.9147539138793945,3.0545411109924316,-1.331347107887268,-0.05913086235523224,0.13627181947231293,13.173315048217773,7.936609268188477,3.060011625289917
1894,0.6254903674125671,0.5974161624908447,6.182267189025879,22.664386749267578,166.30360412597656,18.388938903808594,12.470417022705078,4.473258018493652,0.7446121573448181,-0.6597179770469666,0.10871993750333786,18.42510986328125,12.487691879272461,4.484410285949707
1895,0.6809185147285461,0.5609699487686157,6.108632564544678,23.575258255004883,177.94989013671875,17.32118797302246,15.255560874938965,4.799707889556885,-2.5318968296051025,1.4909096956253052,-0.17537035048007965,17.182937622070312,15.224882125854492,4.809882640838623
1896,0.6621097922325134,0.5746779441833496,6.295858383178711,23.395509719848633,145.81414794921875,17.34078025817871,14.93071460723877,4.870422840118408,-0.9281435608863831,0.98257976770401,-0.2213931679725647,17.36422348022461,14.939906120300293,4.878960132598877
1897,0.6262856125831604,0.5559744834899902,3.658177137374878,14.945392608642578,148.9796600341797,9.688214302062988,10.908588409423828,3.2412898540496826,1.032200574874878,-0.15237858891487122,0.18699955940246582,9.659940719604492,10.937948226928711,3.244917154312134
1898,0.6411131620407104,0.5753955841064453,4.585371017456055,16.901308059692383,151.23086547851562,11.18918228149414,11.817145347595215,4.561962127685547,0.4215010404586792,-1.5471837520599365,0.5337837934494019,11.21242904663086,11.748102188110352,4.5432634353637695
1899,0.710968017578125,0.5561066269874573,7.1181960105896,24.530658721923828,173.8385772705078,19.262168884277344,14.549888610839844,4.361523151397705,-2.394789934158325,0.32778534293174744,0.10163391381502151,19.166034698486328,14.586771011352539,4.372501373291016
1900,0.7040960788726807,0.5559500455856323,3.0124149322509766,12.441204071044922,84.42752838134766,9.639822006225586,7.751552104949951,1.3307265043258667,-0.45770263671875,-0.4995110034942627,0.028827985748648643,9.65580940246582,7.757018089294434,1.334125280380249
1901,0.6526622772216797,0.5942085385322571,6.0736236572265625,21.804874420166016,164.715087890625,19.1046199798584,9.969330787658691,3.32844614982605,-1.6447780132293701,0.8110619783401489,-0.06620669364929199,19.08677864074707,9.96399974822998,3.3370702266693115
1902,0.6655085682868958,0.5672183632850647,3.764927864074707,14.331110954284668,101.13203430175781,10.831101417541504,8.756278038024902,3.3757340908050537,1.1034473180770874,-0.051210615783929825,0.16128754615783691,10.804801940917969,8.78055191040039,3.38128399848938
1903,0.5922654271125793,0.6446424126625061,6.186598300933838,22.716426849365234,176.8929443359375,16.839370727539062,14.820775032043457,3.579979181289673,-2.4077696800231934,0.7914062738418579,-0.08834055066108704,16.712833404541016,14.840912818908691,3.588871955871582
1904,0.6453506946563721,0.6026261448860168,4.325689792633057,16.968063354492188,134.35494995117188,11.37774658203125,11.799314498901367,4.386136531829834,0.24885720014572144,-0.5897462964057922,0.15463858842849731,11.406755447387695,11.817439079284668,4.395637035369873
1905,0.5975865721702576,0.5694513320922852,4.13817024230957,14.646291732788086,102.4270248413086,9.613133430480957,10.65755558013916,2.918567419052124,-0.7494189739227295,-0.33246493339538574,-0.03044741041958332,9.610611915588379,10.68208122253418,2.9265494346618652
1906,0.6926465630531311,0.5387448072433472,9.328901290893555,27.590776443481445,161.94586181640625,20.992443084716797,16.873796463012695,5.986931324005127,-1.4106807708740234,-1.1192620992660522,0.6547829508781433,21.003416061401367,16.883596420288086,5.967616558074951
1907,0.726996123790741,0.5515545010566711,6.817802906036377,22.257869720458984,122.93531036376953,18.257564544677734,11.963565826416016,4.352836608886719,-1.5478872060775757,0.2568323016166687,-0.055682819336652756,18.24257469177246,11.994172096252441,4.364620685577393
1908,0.6805715560913086,0.5429993271827698,4.376206398010254,15.66788387298584,101.68590545654297,12.060002326965332,9.745870590209961,2.2487590312957764,0.7492101788520813,0.23845559358596802,0.09506170451641083,12.070283889770508,9.770130157470703,2.2530159950256348
1909,0.708330512046814,0.5632662177085876,6.620628833770752,21.260421752929688,119.59268951416016,17.02933120727539,11.826493263244629,4.705479621887207,-2.1658787727355957,-0.8043192028999329,0.026773326098918915,16.938152313232422,11.832022666931152,4.718528747558594
1910,0.7147067189216614,0.5529349446296692,3.4097659587860107,12.133954048156738,94.99413299560547,9.382801055908203,7.313116550445557,2.390437126159668,0.12066921591758728,0.2608626186847687,-0.2235274463891983,9.408195495605469,7.328848838806152,2.3866019248962402
1911,0.7493433356285095,0.545309841632843,5.028797626495361,20.972993850708008,217.29754638671875,14.262475967407227,15.182140350341797,2.4394562244415283,-1.2108510732650757,-0.7110978960990906,-0.008095847442746162,14.250624656677246,15.207778930664062,2.446247100830078
1912,0.6606044769287109,0.5371422171592712,3.5236291885375977,13.81391429901123,140.0978240966797,12.855050086975098,4.859050273895264,1.4005622863769531,-0.9386050701141357,-0.184428408741951,-0.10211173444986343,12.856499671936035,4.86909294128418,1.4007312059402466
1913,0.6335827112197876,0.5436793565750122,3.5527758598327637,16.52809715270996,192.06263732910156,14.89816665649414,6.947822570800781,1.7176642417907715,-1.1741012334823608,0.9626297950744629,0.07577697932720184,14.893258094787598,6.900006294250488,1.720778465270996
1914,0.6055024862289429,0.5528708100318909,4.755315780639648,18.663990020751953,156.7983856201172,12.31639575958252,13.00881290435791,5.236572742462158,-1.155790090560913,-1.4576380252838135,0.7701157927513123,12.29625129699707,12.9629487991333,5.194082736968994
1915,0.6639171838760376,0.5592292547225952,4.22284460067749,14.467276573181152,102.04722595214844,9.945931434631348,9.360638618469238,4.77063512802124,-0.03659871593117714,-0.6368467807769775,-0.4237196743488312,9.973607063293457,9.36500072479248,4.765035629272461
1916,0.65594881772995,0.577793300151825,3.85194993019104,14.205906867980957,107.3795166015625,10.451091766357422,9.2503080368042,2.6484475135803223,1.4887641668319702,0.8356897234916687,-0.21850337088108063,10.37336540222168,9.238180160522461,2.6467807292938232
1917,0.6576677560806274,0.571414053440094,9.283576011657715,33.51789474487305,254.41664123535156,25.245132446289062,21.241518020629883,5.910188674926758,-0.8473473787307739,-2.587890863418579,0.7185720801353455,25.301286697387695,21.1420955657959,5.882706642150879
1918,0.7370816469192505,0.640045166015625,5.4381327629089355,17.693477630615234,129.68609619140625,12.678375244140625,11.55806827545166,4.327702045440674,-1.4816491603851318,1.521562933921814,-0.3075658082962036,12.626625061035156,11.489437103271484,4.328799724578857
1919,0.6246304512023926,0.590170681476593,9.73429012298584,29.125228881835938,171.1259307861328,19.545360565185547,20.717960357666016,6.084736347198486,-1.8888925313949585,-3.0390026569366455,0.5806290507316589,19.50813865661621,20.551025390625,6.073864936828613
1920,0.583721399307251,0.5512892007827759,6.1046648025512695,20.729032516479492,162.5818634033203,17.465373992919922,10.685550689697266,3.236128091812134,-1.9655897617340088,0.3613366186618805,-0.17669843137264252,17.40282440185547,10.709229469299316,3.24031400680542
1921,0.6593794226646423,0.5766435861587524,5.038257598876953,18.903995513916016,132.97821044921875,12.678263664245605,12.846609115600586,5.620253086090088,1.068990707397461,-1.0926463603973389,0.09100040793418884,12.668354034423828,12.835762977600098,5.635190963745117
1922,0.6111835241317749,0.5630031824111938,5.020277500152588,15.57516860961914,92.25135803222656,9.696063995361328,11.400453567504883,4.312992572784424,-0.2075728178024292,-0.06890184432268143,0.22258852422237396,9.720882415771484,11.432044982910156,4.3192596435546875
1923,0.5714902877807617,0.5928378105163574,4.8021650314331055,14.154680252075195,81.3055419921875,10.8532075881958,8.2567720413208,3.793229579925537,-0.04350484162569046,-0.5241222381591797,0.2951119840145111,10.883394241333008,8.263104438781738,3.792280912399292
1924,0.5893236994743347,0.5879017114639282,10.666560173034668,30.80486297607422,154.9748077392578,19.536006927490234,23.01455307006836,6.133057594299316,0.09034211933612823,-4.015172481536865,0.8963813185691833,19.59029197692871,22.724809646606445,6.084122180938721
1925,0.5701256990432739,0.5728157162666321,4.415159225463867,14.884440422058105,117.59691619873047,11.69727611541748,8.817830085754395,2.639347791671753,-0.35741785168647766,0.25293251872062683,0.05814451724290848,11.724428176879883,8.838788032531738,2.6460676193237305
1926,0.6111337542533875,0.5782350897789001,8.01301383972168,26.05876350402832,155.07960510253906,19.019472122192383,17.160198211669922,4.779788494110107,-1.0405263900756836,0.6164875030517578,-0.052298229187726974,19.043960571289062,17.196956634521484,4.792834281921387
1927,0.6432321667671204,0.5812583565711975,5.483086109161377,18.540132522583008,137.9062042236328,14.086576461791992,11.13525676727295,4.6163740158081055,0.24776242673397064,-0.22636927664279938,0.25508105754852295,14.123684883117676,11.164010047912598,4.622178554534912
1928,0.6157710552215576,0.56648850440979,5.479897499084473,17.114063262939453,103.93123626708984,9.01948356628418,13.833669662475586,4.491065502166748,-0.7049239277839661,-0.9002876281738281,0.1957332193851471,9.016976356506348,13.842848777770996,4.4993133544921875
1929,0.5922296643257141,0.5523563623428345,3.97066330909729,13.639938354492188,102.92578125,9.70143985748291,8.538036346435547,4.362555980682373,-0.39508938789367676,0.11907399445772171,0.216195210814476,9.720431327819824,8.561019897460938,4.369349479675293
1930,0.5853687524795532,0.5510656833648682,4.4339680671691895,19.59740447998047,186.30197143554688,12.479196548461914,14.314424514770508,4.8399505615234375,-0.25963452458381653,-1.9308193922042847,0.5571028590202332,12.511296272277832,14.223170280456543,4.821192264556885
1931,0.6174671053886414,0.5458635091781616,3.993903636932373,17.79790496826172,185.92405700683594,7.779090404510498,15.736971855163574,2.932385206222534,0.07594464719295502,-1.7025190591812134,0.19268767535686493,7.800416946411133,15.68824577331543,2.9342093467712402
1932,0.4633081257343292,0.5539216995239258,2.075477123260498,9.814308166503906,120.6025619506836,2.317718744277954,8.866745948791504,3.511359214782715,0.5749112367630005,-0.4393545389175415,0.2077554613351822,2.2515463829040527,8.880556106567383,3.5149850845336914
1933,0.6139661073684692,0.5691136717796326,4.4023356437683105,16.11259651184082,102.11737823486328,12.519942283630371,9.477683067321777,3.6111412048339844,-0.536729633808136,-0.7307303547859192,0.11510253697633743,12.543323516845703,9.475829124450684,3.6193745136260986
1934,0.6061655282974243,0.5643976926803589,3.095613956451416,12.10250473022461,101.81867218017578,7.316396236419678,7.7516374588012695,5.731760025024414,0.7480466961860657,-0.3941344916820526,0.41621237993240356,7.298355579376221,7.763205528259277,5.732573986053467
1935,0.6317881941795349,0.6035318374633789,3.0847713947296143,10.36880874633789,88.09933471679688,9.175454139709473,4.673140525817871,1.218603491783142,0.14372950792312622,-0.03602753207087517,-0.10104742646217346,9.199918746948242,4.686036586761475,1.2177941799163818
1936,0.6026248931884766,0.5737807750701904,3.522756814956665,15.556783676147461,150.32472229003906,11.86696720123291,9.163942337036133,4.148586750030518,-0.6776442527770996,0.42983296513557434,-0.44602853059768677,11.880651473999023,9.179389953613281,4.136044979095459
1937,0.5638301968574524,0.599185049533844,5.907529830932617,23.633684158325195,164.19351196289062,15.690998077392578,16.428300857543945,6.515714168548584,0.19618356227874756,1.7152910232543945,-0.6454856395721436,15.733536720275879,16.384082794189453,6.501748085021973
1938,0.5599991083145142,0.5642622709274292,5.122203350067139,18.13602638244629,145.26210021972656,9.25142765045166,14.975857734680176,4.364660739898682,0.9652175903320312,-0.4696269631385803,-0.005752034019678831,9.226603507995605,15.010244369506836,4.376831531524658
1939,0.5397616624832153,0.5654155611991882,5.182661056518555,19.555246353149414,163.9293670654297,11.560056686401367,15.011828422546387,4.839184761047363,0.4233708083629608,1.343574047088623,-0.7707427144050598,11.584526062011719,14.993289947509766,4.790738105773926
1940,0.6212911009788513,0.5879350900650024,4.749348163604736,17.4464168548584,132.7146759033203,8.350025177001953,14.287105560302734,5.525681495666504,0.2661747336387634,1.9586986303329468,-0.27316492795944214,8.369061470031738,14.191679000854492,5.534319877624512
1941,0.5295753479003906,0.5742251873016357,4.59090518951416,18.115488052368164,154.32371520996094,6.4140706062316895,16.271467208862305,4.7191033363342285,0.8606763482093811,-0.7298474907875061,-0.0007493370212614536,6.3737921714782715,16.300432205200195,4.732266902923584
1942,0.6139523386955261,0.5627920627593994,4.2762322425842285,15.432246208190918,133.85768127441406,8.92908000946045,11.768086433410645,4.465182781219482,-0.054986827075481415,0.224375918507576,-0.6253663897514343,8.953817367553711,11.79876708984375,4.433506011962891
1943,0.6178951859474182,0.5720094442367554,4.906938552856445,18.240497589111328,130.3636016845703,11.26544189453125,14.027323722839355,3.0066215991973877,0.30463969707489014,0.025127071887254715,-0.09264162927865982,11.292733192443848,14.066429138183594,3.0135767459869385
1944,0.5393240451812744,0.6137480735778809,2.908748149871826,10.863112449645996,84.49112701416016,7.272510528564453,7.151881694793701,3.737431287765503,0.7774185538291931,0.45258086919784546,-0.21647252142429352,7.2510085105896,7.157456874847412,3.7415645122528076
1945,0.5608910322189331,0.580445408821106,4.656658172607422,21.443471908569336,230.92098999023438,14.134295463562012,15.91968059539795,2.5705814361572266,1.068887710571289,-0.5369671583175659,0.23256731033325195,14.133133888244629,15.955002784729004,2.5671801567077637
1946,0.6014053225517273,0.5861043334007263,5.45273494720459,22.64095115661621,203.3561553955078,10.334451675415039,19.526004791259766,4.954483509063721,-0.6628347039222717,-1.091189980506897,0.10318633168935776,10.341940879821777,19.54987144470215,4.967226028442383
1947,0.5421260595321655,0.5865236520767212,2.7610480785369873,12.554247856140137,140.9201202392578,8.52968692779541,9.10208511352539,1.4161908626556396,1.1394070386886597,-0.30030742287635803,-0.13586877286434174,8.476821899414062,9.122506141662598,1.4135901927947998
1948,0.5828280448913574,0.5892410278320312,6.135196208953857,23.53575325012207,142.9685821533203,15.386247634887695,16.992359161376953,5.334298610687256,-0.15384501218795776,-1.8643182516098022,0.49962273240089417,15.428393363952637,16.9368896484375,5.325662612915039
1949,0.6301129460334778,0.6121474504470825,3.914020538330078,13.923827171325684,112.42282104492188,6.290576457977295,11.799919128417969,3.881173849105835,0.29112231731414795,-2.0975756645202637,0.283985435962677,6.301364898681641,11.644379615783691,3.8815674781799316
1950,0.5941953659057617,0.5902884006500244,3.354724884033203,14.160843849182129,148.0009002685547,10.975424766540527,8.487789154052734,2.833197593688965,-0.9614866971969604,-0.27802804112434387,-0.075188048183918,10.963725090026855,8.50689697265625,2.840099811553955
1951,0.5731648206710815,0.6080310940742493,2.9976119995117188,11.866581916809082,85.57610321044922,5.6501545906066895,10.175969123840332,2.311100959777832,0.5049498081207275,-1.125787615776062,0.10471749305725098,5.643243312835693,10.14171314239502,2.315167188644409
1952,0.4820202887058258,0.6191112995147705,2.7574033737182617,14.867361068725586,145.6983642578125,8.965538024902344,11.258132934570312,3.729877471923828,-0.1818486601114273,-1.1559906005859375,0.39568185806274414,8.988697052001953,11.229864120483398,3.719175338745117
1953,0.5586557984352112,0.5993137955665588,2.562657117843628,10.64053726196289,97.47551727294922,5.061675071716309,8.840826988220215,3.072500467300415,0.2073996514081955,-0.9707124829292297,0.27438604831695557,5.071531295776367,8.811884880065918,3.0687601566314697
1954,0.5223151445388794,0.5929432511329651,3.2840352058410645,15.872523307800293,134.33462524414062,9.698005676269531,11.792673110961914,4.338029861450195,1.0705859661102295,0.4401143491268158,-0.19499586522579193,9.665619850158691,11.817330360412598,4.345733165740967
1955,0.49120333790779114,0.6470721364021301,1.2912720441818237,5.832564353942871,75.18379974365234,4.345015048980713,3.798340320587158,0.8439551591873169,0.07696644961833954,-0.27864426374435425,0.09737717360258102,4.356451034545898,3.7986724376678467,0.8406569957733154
1956,0.49588537216186523,0.6205470561981201,3.4126369953155518,15.650843620300293,121.38189697265625,11.627265930175781,10.067523002624512,2.898374319076538,1.68306565284729,1.130432367324829,-0.1855921447277069,11.536898612976074,10.031761169433594,2.900494337081909
1957,0.5480459332466125,0.6314626336097717,1.823774814605713,10.231173515319824,133.11703491210938,6.066877841949463,8.189401626586914,0.8964375257492065,-0.39383816719055176,-0.582706868648529,-0.02858814224600792,6.070967674255371,8.19143009185791,0.8984808325767517
1958,0.4448948800563812,0.623702347278595,2.9483158588409424,13.7328462600708,114.0163803100586,10.614434242248535,8.050078392028809,3.3348309993743896,-0.3545166552066803,-0.044913239777088165,-0.14997796714305878,10.638103485107422,8.072406768798828,3.340749740600586
1959,0.5215610861778259,0.6251136064529419,2.2590103149414062,9.197328567504883,83.1859359741211,8.274913787841797,3.75569224357605,1.418244481086731,0.8190789222717285,-0.15095661580562592,0.03203393891453743,8.257246017456055,3.763124942779541,1.4218376874923706
1960,0.49397632479667664,0.6135233640670776,3.2971742153167725,14.574897766113281,113.3323745727539,7.865795135498047,11.494671821594238,4.292954444885254,-0.37157315015792847,0.23004625737667084,0.1366976946592331,7.87893009185791,11.524426460266113,4.302745819091797
1961,0.5564372539520264,0.6007936596870422,1.7217477560043335,9.798929214477539,110.72382354736328,4.170501708984375,8.058783531188965,3.698908567428589,0.46963730454444885,0.8551745414733887,-0.17721228301525116,4.155533790588379,8.035632133483887,3.7049670219421387
1962,0.5466499328613281,0.5926171541213989,2.1586172580718994,11.197402954101562,108.27424621582031,7.373209476470947,8.285723686218262,1.5376604795455933,0.6831967234611511,0.7067523002624512,-0.15573057532310486,7.361967086791992,8.27855396270752,1.5340211391448975
1963,0.5641201734542847,0.6313303709030151,2.680842876434326,11.063017845153809,94.22689819335938,6.944458484649658,8.413620948791504,1.837348461151123,-0.5229026675224304,-0.3793291747570038,0.024474011734128,6.944060325622559,8.428510665893555,1.8423099517822266
1964,0.4763578176498413,0.6191514134407043,4.1804633140563965,19.298450469970703,154.87342834472656,10.609562873840332,15.701997756958008,3.6489195823669434,0.7977259755134583,-0.9319160580635071,0.1932963877916336,10.609040260314941,15.718042373657227,3.6539599895477295
1965,0.5642512440681458,0.5867924690246582,3.0097548961639404,16.33173942565918,174.3606414794922,9.260578155517578,12.97226619720459,3.56199049949646,0.06532018631696701,-0.8590637445449829,0.3286287784576416,9.286177635192871,12.979894638061523,3.556691884994507
1966,0.5708597898483276,0.6282953023910522,2.5528392791748047,13.46528148651123,146.22048950195312,9.786273956298828,9.0646390914917,1.8371129035949707,-0.7792040705680847,-1.2223213911056519,0.25845080614089966,9.782414436340332,9.006903648376465,1.8239158391952515
1967,0.4876638352870941,0.6403056383132935,3.4126217365264893,15.85590648651123,163.97422790527344,10.433362007141113,11.783153533935547,1.926655888557434,0.31705746054649353,-0.18206584453582764,-0.1948554813861847,10.457633018493652,11.814610481262207,1.922123670578003
1968,0.4798116981983185,0.6163074970245361,1.4232919216156006,5.409328937530518,58.29582214355469,4.763073444366455,2.376892328262329,0.961432695388794,0.26833921670913696,0.08078309148550034,-0.026136239990592003,4.768773555755615,2.382145404815674,0.9637581706047058
1969,0.602142870426178,0.6046982407569885,1.003036379814148,3.4193265438079834,38.593326568603516,1.1110526323318481,3.0601541996002197,1.0453773736953735,-0.10107552260160446,-0.22289641201496124,0.050347402691841125,1.1095317602157593,3.0605385303497314,1.0470768213272095
1970,0.5525586009025574,0.5935623645782471,3.7027711868286133,15.732686996459961,116.08202362060547,10.403884887695312,11.50632095336914,2.6232032775878906,-0.5017445087432861,0.05347340926527977,-0.15703853964805603,10.420763969421387,11.53829288482666,2.625802516937256
1971,0.535668134689331,0.6114333271980286,2.2649645805358887,8.538542747497559,73.76448822021484,5.589519023895264,6.023293972015381,2.3203284740448,-0.5327833890914917,0.14413826167583466,0.12179648131132126,5.579589366912842,6.038365364074707,2.3235931396484375
1972,0.48477470874786377,0.6374866962432861,1.7729588747024536,8.025392532348633,80.30081939697266,6.169435024261475,4.596248626708984,2.284621000289917,0.438700795173645,-0.38652148842811584,-0.15855278074741364,6.170982837677002,4.592742443084717,2.2854700088500977
1973,0.6001734733581543,0.6015816330909729,2.0821423530578613,9.477551460266113,101.97789764404297,3.800302267074585,8.231698989868164,2.760580062866211,0.17996911704540253,0.4792982339859009,0.07087697088718414,3.806627035140991,8.240656852722168,2.7673678398132324
1974,0.5030858516693115,0.6057197451591492,1.7109838724136353,7.147641658782959,74.32559204101562,4.879139423370361,4.621845722198486,2.4333770275115967,0.08266250789165497,-0.19473712146282196,0.12842603027820587,4.892046928405762,4.630621910095215,2.4367637634277344
1975,0.5368399620056152,0.6171823740005493,1.845391869544983,6.844292163848877,55.41372299194336,3.4798507690429688,5.314572334289551,2.547607183456421,-0.11957128345966339,0.09593825787305832,0.019813330844044685,3.487496852874756,5.328527927398682,2.554636001586914
1976,0.523451030254364,0.6125960946083069,2.755825996398926,14.547843933105469,136.85897827148438,4.112764358520508,13.379518508911133,3.964014768600464,0.19968901574611664,0.21881133317947388,-0.08233015239238739,4.119372367858887,13.415045738220215,3.9742143154144287
1977,0.5580447316169739,0.583655059337616,4.276622295379639,20.169475555419922,168.7568359375,15.294502258300781,12.599268913269043,3.7609128952026367,0.06263834983110428,1.368257999420166,0.05166304111480713,15.3370361328125,12.55968952178955,3.771047592163086
1978,0.49480685591697693,0.6116592884063721,3.0887322425842285,16.07514762878418,168.71697998046875,11.142579078674316,11.431474685668945,1.8906961679458618,0.7204548716545105,-0.14032168686389923,-0.1481425017118454,11.15027904510498,11.462498664855957,1.8901408910751343
1979,0.5497943758964539,0.6184859871864319,2.7422032356262207,13.044825553894043,114.0306625366211,8.312134742736816,9.790349960327148,2.2858145236968994,-0.34843695163726807,-0.3547477722167969,-0.1298760324716568,8.327994346618652,9.811212539672852,2.2884879112243652
1980,0.4972783327102661,0.6295542120933533,0.8531911373138428,1.8621159791946411,13.190820693969727,1.2022563219070435,1.2937836647033691,0.5900670289993286,-0.0500282421708107,-0.0038859581109136343,-0.014111780561506748,1.2045656442642212,1.2973867654800415,0.5915436744689941
1981,0.5457704663276672,0.6284459233283997,2.5574724674224854,8.884284019470215,59.593692779541016,5.695436954498291,6.455869197845459,2.1941394805908203,-0.010573948733508587,0.6057112216949463,-0.2019950896501541,5.711313724517822,6.4453206062316895,2.190916061401367
1982,0.5744970440864563,0.5890980362892151,2.9056637287139893,14.019392013549805,123.14568328857422,11.543622970581055,7.045879364013672,3.693742036819458,0.8441630005836487,0.8028709888458252,-0.33337223529815674,11.544830322265625,7.019512176513672,3.6889288425445557
1983,0.5306600332260132,0.5855095386505127,2.675194263458252,12.794538497924805,123.83111572265625,9.412540435791016,8.458073616027832,1.888199806213379,-0.6184629201889038,-0.8698340654373169,-0.06790012121200562,9.418399810791016,8.436694145202637,1.8922419548034668
1984,0.5160804390907288,0.630084216594696,2.9316511154174805,17.61617660522461,213.18626403808594,8.36893081665039,15.45368480682373,1.2142128944396973,-0.3864513635635376,-1.0973701477050781,0.056969091296195984,8.383322715759277,15.457672119140625,1.2162590026855469
1985,0.5160319209098816,0.6202781796455383,0.9189462065696716,1.9011516571044922,13.063922882080078,1.4583258628845215,0.9113560914993286,0.8106132745742798,-0.08377520740032196,0.07464153319597244,0.012494384311139584,1.4599785804748535,0.9108279347419739,0.8127778172492981
1986,0.5277976989746094,0.6301895976066589,2.347869634628296,9.568065643310547,93.49456024169922,3.2901852130889893,8.34595012664795,3.326810359954834,0.07842510938644409,-0.4377756416797638,0.20812997221946716,3.2984254360198975,8.357708930969238,3.329555034637451
1987,0.44159045815467834,0.6339911222457886,2.4915318489074707,11.762733459472656,129.8129119873047,5.420187950134277,10.134491920471191,2.505100727081299,-0.581111490726471,-0.9979463815689087,0.08364807069301605,5.4039788246154785,10.113369941711426,2.5106875896453857
1988,0.47344812750816345,0.6387192010879517,3.0415399074554443,13.837164878845215,129.66299438476562,9.318131446838379,9.693767547607422,3.266563653945923,-0.7246083617210388,-0.5443766117095947,0.19132356345653534,9.315828323364258,9.705467224121094,3.270052194595337
1989,0.5495437383651733,0.6075583696365356,1.358603835105896,5.789755344390869,72.9324951171875,3.59177565574646,4.499349117279053,0.613408088684082,-0.20080672204494476,0.38754820823669434,0.025134654715657234,3.596161127090454,4.495131492614746,0.6146025657653809
1990,0.5648899674415588,0.5942190289497375,2.487769842147827,10.095237731933594,94.19387817382812,6.627501010894775,7.282528877258301,2.2259433269500732,-0.952849268913269,-1.106100082397461,0.14819170534610748,6.57694149017334,7.218117713928223,2.2272002696990967
1991,0.5600671172142029,0.5975514650344849,2.6274752616882324,13.552376747131348,161.2044219970703,6.81169319152832,11.505806922912598,2.2100131511688232,-0.3948950171470642,0.7679771780967712,0.04786324128508568,6.819205284118652,11.512170791625977,2.215657949447632
1992,0.5658328533172607,0.5923396944999695,4.84141731262207,23.916244506835938,239.00119018554688,18.833332061767578,14.267898559570312,3.7039735317230225,1.3419928550720215,-1.0391205549240112,0.33278951048851013,18.837858200073242,14.269701957702637,3.6992831230163574
1993,0.6131598949432373,0.6240786910057068,1.8023602962493896,6.349273681640625,62.39059066772461,2.892026424407959,5.469719886779785,1.425350546836853,0.1436469405889511,-0.43115273118019104,0.20617708563804626,2.8965137004852295,5.467910289764404,1.414293885231018
1994,0.498961478471756,0.6119568943977356,3.496238946914673,14.791484832763672,140.5438232421875,9.805204391479492,10.549530029296875,3.369483470916748,-0.4755752682685852,0.4784310460090637,-0.05694853141903877,9.820982933044434,10.568072319030762,3.37839937210083
1995,0.5471600294113159,0.598652184009552,2.4513020515441895,13.025403022766113,140.3887939453125,10.451080322265625,7.11319637298584,3.1366307735443115,-0.07215720415115356,-0.7389199137687683,-0.13590148091316223,10.47998332977295,7.094446659088135,3.1424262523651123
1996,0.5387465357780457,0.5986801981925964,1.2099227905273438,4.720492362976074,56.61105728149414,1.4316874742507935,3.894540548324585,2.250749349594116,0.19546206295490265,0.37604469060897827,0.0966949462890625,1.4222379922866821,3.8871560096740723,2.25494384765625
1997,0.49988025426864624,0.6298792362213135,1.6080923080444336,10.456787109375,132.80078125,5.608604431152344,8.519810676574707,2.3023409843444824,-0.5130845904350281,-0.6685602068901062,0.13311469554901123,5.60066556930542,8.517230033874512,2.304901123046875
1998,0.5430585741996765,0.5861001014709473,4.934380531311035,20.54612922668457,163.1263885498047,13.159682273864746,15.407447814941406,3.402466297149658,1.5848350524902344,-1.7818835973739624,0.028325293213129044,13.100340843200684,15.34675121307373,3.411839008331299
1999,0.5816627740859985,0.5853884220123291,1.9609594345092773,8.682988166809082,90.35392761230469,5.110641956329346,5.690820217132568,4.109767436981201,-0.025345273315906525,0.6923667192459106,-0.23949816823005676,5.124834060668945,5.66430139541626,4.114227294921875
2000,0.49426689743995667,0.6265290379524231,2.596552848815918,14.8806791305542,167.82102966308594,6.712688446044922,12.870735168457031,3.273927688598633,-0.7599701285362244,0.7856348752975464,-0.21828092634677887,6.68813419342041,12.882570266723633,3.275754928588867
2001,0.5862172842025757,0.6060430407524109,2.6602840423583984,13.426397323608398,125.20960235595703,3.8696184158325195,12.797842979431152,1.228576898574829,-0.1564723551273346,-0.47593817114830017,0.10455148667097092,3.8772389888763428,12.824664115905762,1.2275347709655762
2002,0.553059458732605,0.6115912795066833,2.6394264698028564,16.65410041809082,175.11769104003906,13.021571159362793,10.128326416015625,2.2835726737976074,0.5910782217979431,-0.8986238241195679,0.12740692496299744,13.044434547424316,10.116523742675781,2.2863755226135254
2003,0.4922727942466736,0.6788946390151978,1.2295637130737305,5.454045295715332,52.355812072753906,2.0231380462646484,4.818103790283203,1.56185781955719,-0.2696748375892639,-0.196756511926651,0.0387677401304245,2.0106770992279053,4.827513217926025,1.5657317638397217
2004,0.41970181465148926,0.7055046558380127,0.39894571900367737,1.1284950971603394,8.087600708007812,0.6775246262550354,0.8536462783813477,0.29283007979393005,0.05277172848582268,0.05989767983555794,-0.011201704852283001,0.6773505210876465,0.8539175391197205,0.29343193769454956
2005,0.539503276348114,0.6535822749137878,4.148612022399902,21.943147659301758,172.239990234375,12.344223976135254,16.919431686401367,6.546352386474609,-1.4176510572433472,-0.7368091344833374,-0.13790880143642426,12.296754837036133,16.950529098510742,6.5631561279296875
2006,0.5254827737808228,0.6417533755302429,0.8138782978057861,5.4018731117248535,71.57032012939453,3.6581244468688965,3.8491106033325195,0.9913132190704346,-0.25086739659309387,0.24752560257911682,-0.08666110038757324,3.659691572189331,3.851857900619507,0.9902724623680115
2007,0.507668137550354,0.6145618557929993,3.1907734870910645,15.33641529083252,139.59066772460938,10.4205322265625,10.32170295715332,4.481135845184326,-1.2543020248413086,-0.5104197859764099,0.3671586513519287,10.373624801635742,10.337831497192383,4.478527069091797
2008,0.478753924369812,0.6596537232398987,0.9176169633865356,4.193793296813965,49.383670806884766,3.7118470668792725,1.5994360446929932,1.1188825368881226,0.1489543467760086,-0.12448426336050034,-0.13391369581222534,3.719203233718872,1.5990322828292847,1.1139384508132935
2009,0.48552441596984863,0.6225598454475403,2.7340340614318848,15.80958366394043,147.42684936523438,9.837279319763184,11.038163185119629,5.597306251525879,1.3581774234771729,-0.2299955189228058,0.48005250096321106,9.770247459411621,11.066550254821777,5.592238426208496
2010,0.4052945077419281,0.6637648940086365,2.7016730308532715,16.225427627563477,152.2008819580078,9.839247703552246,12.086077690124512,4.5144758224487305,0.10020340979099274,-1.146024227142334,0.4366917908191681,9.866181373596191,12.065181732177734,4.505838871002197
2011,0.4211110770702362,0.7111020088195801,3.7775628566741943,22.200035095214844,166.40504455566406,14.911153793334961,15.45135498046875,5.635127544403076,-0.8172276020050049,-0.7936252951622009,0.21199671924114227,14.930273056030273,15.474003791809082,5.646845817565918
2012,0.46936550736427307,0.6592475771903992,3.7289249897003174,22.231355667114258,156.0841064453125,12.20202350616455,17.786287307739258,5.384407997131348,1.0679658651351929,-2.71866774559021,0.6797546744346619,12.189103126525879,17.626312255859375,5.356226444244385
2013,0.3997979760169983,0.6607204079627991,1.2741944789886475,11.912004470825195,158.80165100097656,3.2853708267211914,10.652024269104004,4.199592590332031,-0.2762027382850647,0.7745190858840942,-0.3192335367202759,3.282871723175049,10.653464317321777,4.199121952056885
2014,0.40959110856056213,0.7343782186508179,0.5838323831558228,2.795492172241211,24.562637329101562,2.238487720489502,1.5775038003921509,0.5616330504417419,-0.2353813499212265,-0.21225625276565552,-0.02273690514266491,2.2322871685028076,1.567519187927246,0.5627379417419434
2015,0.4374326765537262,0.6756930351257324,0.9386993646621704,6.251452922821045,69.70926666259766,4.24860143661499,4.45245885848999,1.0980238914489746,0.23301014304161072,0.09241552650928497,0.04532522335648537,4.254040718078613,4.463916778564453,1.100148320198059
2016,0.42296457290649414,0.69488126039505,0.2699889540672302,0.6915578246116638,6.330252647399902,0.33756619691848755,0.5458569526672363,0.25756844878196716,-0.010440695099532604,-0.0018380350666120648,-0.002063445281237364,0.33834585547447205,0.5473765134811401,0.25827863812446594
2017,0.4194069504737854,0.6999562978744507,0.5440086722373962,2.1255440711975098,24.33614158630371,1.4016313552856445,1.5116039514541626,0.5180931687355042,-0.16800183057785034,-0.1642926186323166,-0.05935968458652496,1.3954079151153564,1.506840705871582,0.5161170959472656
2018,0.4228743016719818,0.6654840111732483,1.857155442237854,13.147570610046387,138.5668487548828,12.244778633117676,2.901379108428955,3.8086729049682617,-1.2653290033340454,0.1587386131286621,0.3825463354587555,12.213199615478516,2.9051144123077393,3.799983024597168
2019,0.39816656708717346,0.7083311676979065,3.0854709148406982,20.687028884887695,197.56324768066406,13.588362693786621,14.148605346679688,6.567077159881592,0.5180279612541199,-0.6517805457115173,0.3350013792514801,13.616360664367676,14.17300796508789,6.576821327209473
2020,0.4249406158924103,0.7189093828201294,0.6624838709831238,5.621251583099365,74.83683776855469,5.3334832191467285,0.6303212642669678,1.6598538160324097,-0.39584365487098694,0.039125047624111176,-0.10735273361206055,5.3336100578308105,0.6308606863021851,1.6609989404678345
2021,0.36312001943588257,0.7225104570388794,1.8648749589920044,14.279949188232422,146.29273986816406,11.026435852050781,8.945556640625,1.520416259765625,-1.1801888942718506,0.534827709197998,-0.07747244834899902,10.993674278259277,8.954463005065918,1.5226768255233765
2022,0.43918344378471375,0.6913174390792847,1.6058995723724365,14.674418449401855,195.58261108398438,11.719141006469727,7.834100246429443,4.077646255493164,0.8986824154853821,-0.6592012643814087,0.2675817906856537,11.71722412109375,7.828091144561768,4.080206871032715
2023,0.44750386476516724,0.6919496655464172,1.5562450885772705,12.16059684753418,153.72378540039062,6.203681945800781,9.520934104919434,4.3296966552734375,-0.6890906691551208,0.6150379776954651,-0.31521958112716675,6.182488918304443,9.527549743652344,4.330251216888428
2024,0.41659340262413025,0.7138093113899231,2.23429799079895,15.644333839416504,159.97317504882812,11.17831802368164,10.494466781616211,3.1075053215026855,0.27759525179862976,-1.1464546918869019,0.34076762199401855,11.20604133605957,10.460755348205566,3.0973803997039795
2025,0.42920202016830444,0.7281572818756104,1.6086363792419434,13.499055862426758,151.96432495117188,7.220290184020996,11.245258331298828,1.9068491458892822,-0.6150243282318115,1.1794588565826416,-0.23897048830986023,7.214115619659424,11.214427947998047,1.897092580795288
2026,0.4155484139919281,0.709551990032196,0.30655598640441895,0.9532310366630554,6.754548072814941,0.5645252466201782,0.7174773216247559,0.2742023169994354,0.04413085803389549,0.04782404378056526,0.02163388393819332,0.5643675327301025,0.7178784608840942,0.27411001920700073
2027,0.37327900528907776,0.696138858795166,1.4849638938903809,11.9125337600708,150.1006622314453,2.169283151626587,10.710943222045898,4.741134166717529,-0.13834314048290253,0.38892343640327454,-0.4109189808368683,2.1709060668945312,10.73373794555664,4.73646879196167
2028,0.42753803730010986,0.7211833000183105,0.4616117477416992,1.8019524812698364,18.570106506347656,1.4931799173355103,0.861177921295166,0.5251847505569458,-0.1480473279953003,-0.11237060278654099,0.0139320008456707,1.4899669885635376,0.8561967015266418,0.5264643430709839
2029,0.40839022397994995,0.7007472515106201,0.9717386364936829,8.039397239685059,106.21501159667969,7.703268051147461,1.2379249334335327,1.9388446807861328,-0.5957894921302795,-0.06255178898572922,0.12667405605316162,7.701615810394287,1.2397922277450562,1.9400991201400757
2030,0.4071882665157318,0.7186434268951416,0.3956390619277954,1.1039615869522095,8.529034614562988,0.7537345886230469,0.7084025740623474,0.38572150468826294,-0.017273595556616783,-0.09330534934997559,0.011507854796946049,0.7556385397911072,0.7041897773742676,0.3866252601146698
2031,0.3691389858722687,0.715496838092804,1.9832240343093872,13.746307373046875,149.5799560546875,9.635459899902344,9.164188385009766,3.483750820159912,0.20132090151309967,-0.46662288904190063,-0.18946821987628937,9.66022777557373,9.177830696105957,3.488298177719116
2032,0.36995169520378113,0.7136512398719788,0.6515716910362244,3.263960599899292,39.21441650390625,1.4235026836395264,2.859692335128784,0.6702533960342407,0.10287987440824509,0.15720543265342712,-0.07797236740589142,1.4237405061721802,2.863332748413086,0.6675595045089722
2033,0.38860639929771423,0.7162324786186218,0.30543628334999084,0.8470221161842346,5.732049942016602,0.4040117561817169,0.6628261804580688,0.3389431834220886,-0.032676905393600464,-0.006142526399344206,0.0006662242813035846,0.40381136536598206,0.6646465063095093,0.33988797664642334
2034,0.3963448703289032,0.7113827466964722,0.5939138531684875,1.9911491870880127,15.554183006286621,1.3888320922851562,1.1156665086746216,0.8894428014755249,0.05491659417748451,0.15646912157535553,-0.07904764264822006,1.3916168212890625,1.1077210903167725,0.8883945345878601
2035,0.4169316291809082,0.7242688536643982,0.6092290878295898,2.843313694000244,30.66590690612793,2.4922995567321777,1.1598330736160278,0.7264040112495422,0.2752257287502289,-0.051883138716220856,0.09393854439258575,2.4839658737182617,1.1619040966033936,0.7223135828971863
2036,0.36821550130844116,0.7065708041191101,0.24681150913238525,0.5702540874481201,3.4090824127197266,0.38604894280433655,0.34534454345703125,0.23852278292179108,0.025858445093035698,-0.00727864122018218,-0.032995425164699554,0.3862563669681549,0.3462309241294861,0.23688854277133942
2037,0.45451119542121887,0.7026597857475281,1.0045580863952637,6.317232608795166,60.11519241333008,1.2202640771865845,6.015048980712891,1.4958516359329224,0.052495598793029785,0.6413877606391907,0.06121639907360077,1.2225348949432373,5.997437953948975,1.498767375946045
2038,0.42406144738197327,0.6987776160240173,0.42825746536254883,2.2852466106414795,28.544239044189453,0.5533978939056396,2.1076598167419434,0.688383936882019,-0.0444156751036644,-0.0984361544251442,0.007550128269940615,0.5531513094902039,2.1112327575683594,0.6902625560760498
2039,0.3539755344390869,0.7315549850463867,0.23769745230674744,0.5971251130104065,5.0704216957092285,0.35994136333465576,0.42253831028938293,0.22014084458351135,-0.0013622681144624949,-0.02415579743683338,0.018538346514105797,0.3609428107738495,0.4230239689350128,0.21997074782848358
2040,0.446212500333786,0.7241063117980957,0.4450114071369171,1.581902265548706,15.376322746276855,0.933370053768158,1.109251618385315,0.6330845355987549,0.07457903027534485,-0.11731086671352386,0.013841493986546993,0.9329810738563538,1.1061077117919922,0.6346986889839172
2041,0.38105446100234985,0.7202249765396118,0.8130635619163513,4.584496021270752,57.494998931884766,1.1967350244522095,4.283332347869873,1.1128766536712646,0.0029105187859386206,-0.13565818965435028,-0.06457515805959702,1.2000696659088135,4.293125629425049,1.1141005754470825
2042,0.3986491858959198,0.7038896679878235,0.3053164780139923,0.9981401562690735,9.923233985900879,0.420225590467453,0.857901394367218,0.2893088161945343,-0.030990982428193092,0.0392557829618454,-0.03867495805025101,0.4202502369880676,0.859393298625946,0.2875118851661682
2043,0.3861253261566162,0.7104184627532959,1.9185632467269897,13.509610176086426,152.7678680419922,6.087452411651611,11.150849342346191,4.594674587249756,-0.691501259803772,0.9685447216033936,-0.3796708881855011,6.064920902252197,11.139693260192871,4.591733455657959
2044,0.389674574136734,0.7282038331031799,0.25314417481422424,0.7980742454528809,8.330767631530762,0.6417757272720337,0.31945645809173584,0.35070502758026123,0.01642220839858055,-0.017688553780317307,0.02326694317162037,0.643355131149292,0.31985610723495483,0.350908488035202
2045,0.4445358216762543,0.7079946994781494,0.2481539100408554,0.8072295784950256,6.931140899658203,0.364118754863739,0.6408225893974304,0.3292165994644165,0.008230958133935928,0.03540199249982834,-0.010968307964503765,0.3650411069393158,0.6416286826133728,0.3299516439437866
2046,0.38560670614242554,0.7010215520858765,0.47171247005462646,3.4655728340148926,45.90113830566406,1.0076404809951782,3.277947425842285,0.4999189078807831,0.05819528549909592,0.23318170011043549,-0.030115123838186264,1.0087645053863525,3.2787632942199707,0.5004029870033264
2047,0.4166445732116699,0.7182772755622864,0.4315325915813446,1.6010956764221191,16.01873779296875,0.7429406046867371,1.2839102745056152,0.6025948524475098,-0.07154008001089096,0.04045167937874794,-0.02602764219045639,0.741550862789154,1.286852478981018,0.6037117838859558
2048,0.41753238439559937,0.7110469341278076,0.795056164264679,6.990454196929932,92.45690155029297,2.502443552017212,5.789334774017334,3.0146031379699707,0.2658471465110779,0.47598928213119507,-0.2581944763660431,2.495223045349121,5.785828590393066,3.0119035243988037
2049,0.3866652548313141,0.7253649830818176,0.459381103515625,2.275259256362915,27.176036834716797,1.7960362434387207,1.283626675605774,0.5507827401161194,-0.1933383345603943,-0.044840432703495026,-0.0556376576423645,1.79058039188385,1.2864216566085815,0.5494939088821411
2050,0.40265414118766785,0.720452070236206,0.4946576654911041,3.0547542572021484,39.291412353515625,1.192724585533142,2.7398924827575684,0.6339726448059082,-0.053194545209407806,-0.1878380924463272,0.051733072847127914,1.1948615312576294,2.7410709857940674,0.6336208581924438
2051,0.38197728991508484,0.7310857772827148,0.2514086067676544,0.7370297312736511,5.547499656677246,0.5019132494926453,0.40052536129951477,0.3617670238018036,-0.03503147512674332,0.0008088390459306538,-0.04412670060992241,0.5020858645439148,0.40164175629615784,0.36006736755371094
2052,0.36661863327026367,0.73564612865448,0.3246707320213318,1.0314853191375732,8.107071876525879,0.7569841146469116,0.6583395004272461,0.23984551429748535,0.07431361079216003,-0.06455466151237488,-0.0006729934248141944,0.7554289102554321,0.6569943428039551,0.2405136227607727
2053,0.42844367027282715,0.7240753769874573,0.21312788128852844,0.5780956149101257,4.770732402801514,0.3300623893737793,0.41161468625068665,0.2362767457962036,0.022165605798363686,0.00973622314631939,0.010914325714111328,0.33023586869239807,0.4126473665237427,0.23668289184570312
2054,0.41150128841400146,0.7234319448471069,0.928135097026825,6.27603816986084,65.35783386230469,3.1395132541656494,5.318386554718018,1.116635799407959,0.27554771304130554,-0.4850207567214966,-0.11014997214078903,3.1361215114593506,5.31099796295166,1.1142891645431519
2055,0.35935458540916443,0.7316054701805115,0.5472764372825623,3.591909408569336,47.05510330200195,3.5034780502319336,0.36491167545318604,0.7030599117279053,0.2702140510082245,0.0180501751601696,-0.029249366372823715,3.5027854442596436,0.3654816448688507,0.7044106721878052
2056,0.3976815938949585,0.7190935611724854,0.7550137042999268,4.12637186050415,49.885597229003906,1.2469940185546875,3.899282693862915,0.5172491073608398,0.14128662645816803,0.37710776925086975,-0.00987956766039133,1.2424201965332031,3.8918297290802,0.5185972452163696
2057,0.4281070828437805,0.7304481863975525,0.35188400745391846,1.4444659948349,14.017383575439453,0.9550352096557617,1.042886734008789,0.294579416513443,0.07759468257427216,0.042591724544763565,-0.0007068428676575422,0.9545329809188843,1.044923186302185,0.2954002618789673
2058,0.37483349442481995,0.7333354353904724,0.2872615456581116,0.8529161810874939,6.431552410125732,0.3187215328216553,0.6995512843132019,0.36947333812713623,-0.024662811309099197,0.03212661296129227,-0.044740986078977585,0.31865227222442627,0.7007625102996826,0.36777743697166443
2059,0.3974210321903229,0.7262151837348938,0.388834148645401,1.3516263961791992,9.77353572845459,0.9320700168609619,0.8943537473678589,0.39783239364624023,0.021865954622626305,-0.12133673578500748,0.07688196003437042,0.9344127178192139,0.8885563015937805,0.39142170548439026
2060,0.3842955529689789,0.7523708939552307,0.17781482636928558,0.3671691119670868,1.9417636394500732,0.26769113540649414,0.15596933662891388,0.19704867899417877,-0.001831189845688641,0.011458220891654491,0.015950573608279228,0.26843157410621643,0.15598179399967194,0.19694986939430237
2061,0.3780570328235626,0.74042147397995,0.3781234920024872,1.1240156888961792,8.637974739074707,0.6718475818634033,0.6727807521820068,0.5994982719421387,0.05847102031111717,-0.05340768024325371,0.031157352030277252,0.6711653470993042,0.6725282669067383,0.6003580093383789
2062,0.39767974615097046,0.7375379204750061,0.21893370151519775,0.6810297966003418,5.618409633636475,0.2954695522785187,0.3866800367832184,0.47642189264297485,0.04224056005477905,-0.03187040984630585,0.02756557986140251,0.29325032234191895,0.38643932342529297,0.476950466632843
2063,0.40815284848213196,0.7401642799377441,0.39601585268974304,1.2806328535079956,12.328439712524414,0.8502953052520752,0.8048849105834961,0.5188242793083191,-0.06398438662290573,-0.0848359689116478,-0.06214803829789162,0.8502495288848877,0.8026341795921326,0.516525387763977
2064,0.39720648527145386,0.7229778170585632,0.6491001844406128,4.6517720222473145,61.290069580078125,4.093087196350098,2.076991319656372,0.756123423576355,-0.29809707403182983,-0.2065661996603012,0.09252452850341797,4.093605041503906,2.072458505630493,0.7525343298912048
2065,0.41855719685554504,0.7155030965805054,1.9102668762207031,11.536224365234375,139.6779327392578,3.3914365768432617,9.523330688476562,5.5577712059021,0.04101550206542015,-0.8191899061203003,0.5803371667861938,3.4006478786468506,9.514497756958008,5.542806625366211
2066,0.39152222871780396,0.719793438911438,1.6284135580062866,12.512157440185547,139.31405639648438,7.37594747543335,9.205623626708984,4.172046184539795,-0.6910419464111328,0.7894796133041382,-0.27933549880981445,7.363988399505615,9.19729232788086,4.1742963790893555
2067,0.38283079862594604,0.7315473556518555,1.4864617586135864,12.498432159423828,139.52078247070312,7.35705041885376,9.192407608032227,4.193361282348633,0.7316103577613831,-0.7817781567573547,0.2899493873119354,7.341002464294434,9.184651374816895,4.19499397277832
2068,0.3943166434764862,0.7141569256782532,1.1748676300048828,10.775758743286133,143.61302185058594,8.977417945861816,5.882047176361084,0.9614967107772827,0.7166432738304138,0.31565430760383606,-0.014079158194363117,8.973730087280273,5.889955520629883,0.9640753269195557
2069,0.40546664595603943,0.7440346479415894,0.401513934135437,1.2665117979049683,8.791095733642578,0.7625694870948792,0.7787270545959473,0.6450768709182739,-0.06842682510614395,-0.08364978432655334,0.08521635085344315,0.761611819267273,0.7763808965682983,0.6412070393562317
2070,0.36987707018852234,0.745943546295166,0.250871866941452,0.7297203540802002,6.640600204467773,0.5536036491394043,0.41490840911865234,0.23209019005298615,0.041842274367809296,0.04794127866625786,-0.027466144412755966,0.5535598993301392,0.4132789671421051,0.2311020940542221
2071,0.3681088089942932,0.7492379546165466,0.6572059988975525,4.001065731048584,50.518524169921875,1.309878945350647,3.587585926055908,1.1924644708633423,0.03495844826102257,0.286620557308197,-0.09691870957612991,1.313064694404602,3.5860934257507324,1.191834568977356
2072,0.41935887932777405,0.7300869226455688,1.0783864259719849,11.671417236328125,156.42141723632812,7.099545478820801,9.244091987609863,0.6042993664741516,-0.5663501620292664,0.6757981181144714,-0.05781955271959305,7.0966620445251465,9.245073318481445,0.6032047867774963
2073,0.38246577978134155,0.7319279313087463,0.38010722398757935,1.9211454391479492,24.494796752929688,1.8256686925888062,0.2590371072292328,0.5391042828559875,-0.1601768285036087,0.00820708554238081,-0.013926533050835133,1.82370126247406,0.2596292495727539,0.5404276847839355
2074,0.395931601524353,0.7255426645278931,0.49329280853271484,2.345121145248413,27.795652389526367,2.191591739654541,0.7243450880050659,0.4145400822162628,-0.08810285478830338,-0.044653598219156265,0.02074715867638588,2.1959283351898193,0.7249841094017029,0.4151754379272461
2075,0.43185168504714966,0.7009103894233704,0.5449607372283936,3.8371150493621826,50.7967414855957,1.0751291513442993,3.665817975997925,0.35962632298469543,-0.051399655640125275,-0.2572249472141266,0.04460477828979492,1.0768952369689941,3.6669819355010986,0.35784485936164856
2076,0.42235082387924194,0.7339508533477783,0.614734411239624,4.45076322555542,58.684349060058594,0.6883535981178284,4.246008396148682,1.143187403678894,-0.08316315710544586,0.2717529535293579,0.07299703359603882,0.6852174997329712,4.249122142791748,1.144036889076233
2077,0.33599328994750977,0.7598085403442383,0.47880852222442627,1.8896878957748413,17.159727096557617,1.3489470481872559,1.264534831047058,0.390145868062973,0.008084911853075027,-0.066456638276577,0.003652126295492053,1.352685570716858,1.2663097381591797,0.3912169933319092
2078,0.3658176362514496,0.7165906429290771,0.7032502889633179,3.6647419929504395,45.89227294921875,1.115685224533081,3.3601737022399902,0.9459453225135803,0.07170823961496353,0.2558031678199768,-0.06641624122858047,1.1164840459823608,3.3597681522369385,0.9462429285049438
2079,0.36994242668151855,0.7243936061859131,0.49898985028266907,3.472667694091797,45.83731460571289,1.006737232208252,3.269176483154297,0.5986548662185669,-0.0639062225818634,-0.24513784050941467,0.007828548550605774,1.0075093507766724,3.269066095352173,0.6002734303474426
2080,0.38745296001434326,0.727851927280426,0.9375472664833069,8.956719398498535,119.89424896240234,8.649540901184082,2.2801265716552734,0.4574846923351288,0.6079002618789673,0.16286851465702057,-0.03964037448167801,8.652219772338867,2.280646324157715,0.4570353627204895
2081,0.4246976673603058,0.7345455288887024,0.4115484654903412,1.7803051471710205,20.691083908081055,1.1525202989578247,1.254295825958252,0.5176156759262085,0.05441420525312424,0.12954047322273254,-0.04170749709010124,1.1544462442398071,1.2510687112808228,0.5173717737197876
2082,0.3718254566192627,0.7041316032409668,0.4236757457256317,1.801100254058838,20.777881622314453,1.5650237798690796,0.7420730590820312,0.4939534664154053,0.12838146090507507,0.030017366632819176,0.05925264582037926,1.5641000270843506,0.7435339689254761,0.4917546212673187
2083,0.4530142843723297,0.693753719329834,0.8384279012680054,6.939681053161621,92.38538360595703,5.517435550689697,2.6980650424957275,3.23071551322937,-0.40111181139945984,0.14883576333522797,-0.27049320936203003,5.518185615539551,2.7014715671539307,3.2283520698547363
2084,0.42634591460227966,0.730453372001648,0.3031672239303589,0.975534200668335,9.861573219299316,0.6173604130744934,0.6031390428543091,0.45470473170280457,0.039486732333898544,0.03479836881160736,0.00622457405552268,0.617814838886261,0.6038139462471008,0.45593032240867615
