frame_idx,mean_entropy,mean_confidence,mean_deviation,rmse_deviation,max_deviation,rmse_x,rmse_y,rmse_z,mean_x,mean_y,mean_z,std_x,std_y,std_z
0,0.4580446779727936,0.7204490303993225,1.1447747945785522,10.765080451965332,142.23007202148438,5.562237739562988,8.477906227111816,3.6157407760620117,-0.4260072112083435,-0.7605909109115601,0.28912824392318726,5.561369895935059,8.467272758483887,3.614215612411499
1,0.40130239725112915,0.758484423160553,0.21720823645591736,0.674621045589447,6.335141658782959,0.4009663760662079,0.48476535081863403,0.24360229074954987,0.038087740540504456,0.020062729716300964,-0.00510904798284173,0.40026670694351196,0.4857010543346405,0.2442280799150467
2,0.3541201651096344,0.7340742945671082,1.0109387636184692,10.580764770507812,141.5779571533203,5.524075508117676,8.315560340881348,3.505513906478882,-0.3459988832473755,-0.6325763463973999,0.2613619565963745,5.5286078453063965,8.314593315124512,3.505507707595825
3,0.42283865809440613,0.7526640892028809,0.2421872913837433,1.0029921531677246,11.631227493286133,0.4792305529117584,0.7340813875198364,0.48729461431503296,0.03796638175845146,0.03966977074742317,-0.02523401938378811,0.47905686497688293,0.7350533604621887,0.48799827694892883
4,0.42152518033981323,0.7393993139266968,0.29521265625953674,1.2121268510818481,12.27079963684082,0.5631872415542603,1.0462217330932617,0.23977437615394592,-0.00790975522249937,0.0671185851097107,0.007902788929641247,0.5647025108337402,1.0469788312911987,0.24031256139278412
5,0.4376709461212158,0.7364422678947449,0.1764896810054779,0.4149438440799713,3.313075304031372,0.2928381562232971,0.22993677854537964,0.18317556381225586,0.005106952507048845,-0.010498045943677425,-0.0006783161079511046,0.2936103343963623,0.2303377240896225,0.18368524312973022
6,0.40321221947669983,0.7382335662841797,0.30457666516304016,0.8547884225845337,6.028539180755615,0.48965880274772644,0.5982800126075745,0.36463478207588196,0.006727464031428099,0.029708867892622948,-0.00034389959182590246,0.49097833037376404,0.5992087125778198,0.3656517267227173
7,0.4227665662765503,0.728888213634491,1.5436222553253174,8.542540550231934,78.22675323486328,5.935002326965332,5.110684394836426,3.410522937774658,0.6575039625167847,0.7896242737770081,-0.4081192910671234,5.914921760559082,5.063399791717529,3.395461082458496
8,0.3814546763896942,0.7344219088554382,0.446646511554718,3.4226176738739014,45.43985366821289,3.152787208557129,1.299504041671753,0.2924618422985077,-0.2356608510017395,-0.06417322158813477,-0.03316725790500641,3.1527373790740967,1.3015390634536743,0.29138559103012085
9,0.40844640135765076,0.7387944459915161,0.7168849110603333,5.8997697830200195,78.12664794921875,5.750268459320068,1.2785632610321045,0.32707780599594116,-0.4553868770599365,0.11365242302417755,0.01374113466590643,5.74819803237915,1.2770541906356812,0.32770058512687683
10,0.4472305178642273,0.7236178517341614,0.3861817419528961,1.6670854091644287,17.202617645263672,1.4257161617279053,0.7796029448509216,0.3724598288536072,0.09394088387489319,0.03342902660369873,-0.022093219682574272,1.4265861511230469,0.7810585498809814,0.37284108996391296
11,0.4181685745716095,0.730707585811615,0.833152711391449,7.349355220794678,97.60747528076172,1.4182480573654175,6.6927490234375,2.6849029064178467,-0.16076692938804626,0.6053360104560852,-0.1844685971736908,1.4130373001098633,6.683910369873047,2.686030149459839
12,0.42303940653800964,0.7289894223213196,0.5129124522209167,2.2575244903564453,23.388072967529297,1.6668845415115356,1.4794450998306274,0.3593819737434387,-0.17886784672737122,0.09106770902872086,-0.01014175545424223,1.6618825197219849,1.4807584285736084,0.3602409064769745
13,0.45175933837890625,0.7225643396377563,0.994576096534729,10.568558692932129,141.5063018798828,5.51936674118042,8.299226760864258,3.514807939529419,-0.3742443919181824,-0.6096372008323669,0.27970319986343384,5.522024631500244,8.29989242553711,3.5134341716766357
14,0.44126439094543457,0.7181557416915894,0.893040120601654,4.588507652282715,46.916831970214844,3.1151342391967773,3.302851676940918,0.6644608974456787,0.01086526457220316,0.17964984476566315,-0.06702245771884918,3.123804807662964,3.307161569595337,0.6629160642623901
15,0.4288251996040344,0.7450443506240845,0.5172472596168518,2.6035380363464355,28.315881729125977,1.5891554355621338,1.9452282190322876,0.6848961114883423,-0.14098668098449707,0.14142267405986786,-0.052297838032245636,1.5873043537139893,1.9454920291900635,0.6848013401031494
16,0.36135226488113403,0.7391813397407532,0.6664146780967712,3.016235828399658,26.3416748046875,2.3199610710144043,1.8603767156600952,0.504439115524292,-0.23971867561340332,0.020676804706454277,-0.0336323119699955,2.3139796257019043,1.8654506206512451,0.5047206878662109
17,0.4452415108680725,0.7437533736228943,0.4549153447151184,1.6212579011917114,13.188837051391602,1.0081630945205688,1.221881628036499,0.34509408473968506,0.019939297810196877,0.015469524078071117,-0.01159149594604969,1.010777473449707,1.2251918315887451,0.34586140513420105
18,0.4523720145225525,0.7232084274291992,1.3300381898880005,11.487686157226562,149.9894256591797,6.1453471183776855,9.658550262451172,0.9560621976852417,-0.37660014629364014,-0.896367609500885,0.11098801344633102,6.150906562805176,9.643692016601562,0.952246904373169
19,0.41044506430625916,0.7435381412506104,0.37513601779937744,2.4473536014556885,31.881423950195312,1.6156213283538818,1.7931798696517944,0.40474000573158264,-0.09132891893386841,0.13773466646671295,-0.04851650074124336,1.617537260055542,1.792869210243225,0.4029424786567688
20,0.3989516496658325,0.7515134215354919,0.33723801374435425,2.179353952407837,28.19565200805664,1.3663357496261597,1.6501349210739136,0.3997049033641815,-0.10429228097200394,0.17977838218212128,-0.04473504424095154,1.3661497831344604,1.6448880434036255,0.3983016014099121
21,0.3654560446739197,0.7443202137947083,0.21613270044326782,0.6069345474243164,5.622416019439697,0.4009389877319336,0.3907831311225891,0.23432032763957977,0.02586449310183525,-0.013061202131211758,0.0052823093719780445,0.40121990442276,0.39165422320365906,0.23491422832012177
22,0.40433746576309204,0.7357469797134399,0.3962409198284149,1.9781380891799927,24.16823959350586,1.1796629428863525,1.52218759059906,0.45207327604293823,-0.10886172205209732,0.1349957287311554,-0.05875525251030922,1.177905797958374,1.5204190015792847,0.44948917627334595
23,0.4183368980884552,0.7231488823890686,0.31591665744781494,1.0478438138961792,7.498217582702637,0.6406527757644653,0.7076900005340576,0.4321058392524719,-0.057172708213329315,-0.013788411393761635,0.046589501202106476,0.6398764848709106,0.7095292806625366,0.4307851791381836
24,0.36358094215393066,0.7362385988235474,0.22912520170211792,0.6272132992744446,4.468069076538086,0.4730179011821747,0.3282662034034729,0.24878081679344177,-0.08077221363782883,0.004937938880175352,0.030416129156947136,0.4673706293106079,0.3291446268558502,0.24760320782661438
25,0.4203285872936249,0.7681191563606262,0.2719899117946625,1.0637398958206177,10.780770301818848,0.859860897064209,0.4839000403881073,0.3975204527378082,0.09129569679498672,-0.008964231237769127,-0.0030701172072440386,0.8573853373527527,0.4851665198802948,0.3986174166202545
26,0.361383855342865,0.7454299926757812,0.35228419303894043,1.552414059638977,17.4443302154541,0.5724190473556519,1.379480004310608,0.42351004481315613,-0.0289281215518713,0.03745359927415848,-0.004562671296298504,0.5732822418212891,1.3828178644180298,0.42466673254966736
27,0.4238949716091156,0.7306795120239258,0.2789822518825531,1.1578700542449951,12.025872230529785,0.7735092639923096,0.8176662921905518,0.2716035544872284,0.0938526913523674,0.025898685678839684,-0.0273056011646986,0.7699360847473145,0.8195356726646423,0.2709812521934509
28,0.42719224095344543,0.7255257368087769,0.41706371307373047,1.6023262739181519,15.474943161010742,0.8692368268966675,1.2637138366699219,0.46357807517051697,-0.003794044954702258,-0.04015374183654785,0.0644015297293663,0.871653139591217,1.2665989398956299,0.4603634476661682
29,0.3915184736251831,0.7432332634925842,0.26740285754203796,0.7466073632240295,7.234183311462402,0.6133988499641418,0.2924814224243164,0.3092231750488281,-0.02733352594077587,0.011203388683497906,-0.017242906615138054,0.6144988536834717,0.29308202862739563,0.3096032738685608
30,0.385601669549942,0.7404415011405945,0.33264827728271484,1.0492212772369385,7.187507629394531,0.8217491507530212,0.5910716652870178,0.27609407901763916,0.02632884494960308,0.009832149371504784,0.0022814359981566668,0.8236182928085327,0.592638373374939,0.2768547534942627
31,0.3814624845981598,0.7490055561065674,0.3477758765220642,1.0657329559326172,7.550065040588379,0.8489678502082825,0.5950978994369507,0.24677687883377075,-0.04772723466157913,0.08430963009595871,0.042318444699048996,0.8499895930290222,0.5907385945320129,0.24379947781562805
32,0.43468478322029114,0.7384752631187439,0.4287258982658386,1.7268532514572144,16.286996841430664,0.6477802395820618,1.5229359865188599,0.49302002787590027,0.029961036518216133,-0.15450835227966309,0.008454365655779839,0.6488919258117676,1.5193041563034058,0.49432259798049927
33,0.4123462438583374,0.7251739501953125,0.3546735942363739,1.3189533948898315,13.409621238708496,0.9084535837173462,0.9145848751068115,0.27907809615135193,0.05257980525493622,-0.04466382414102554,0.003026834223419428,0.9094604253768921,0.9160417914390564,0.2798401117324829
34,0.3796598017215729,0.748827338218689,0.2880863547325134,1.2053170204162598,13.479402542114258,0.7774953842163086,0.8360133767127991,0.3864865303039551,-0.06155809015035629,0.05642074719071388,-0.01582389697432518,0.7772165536880493,0.836434006690979,0.38723963499069214
35,0.41214802861213684,0.7293577790260315,0.6920855641365051,4.4566826820373535,56.77651596069336,3.0691733360290527,2.410374164581299,2.152275323867798,0.32095012068748474,0.13418950140476227,-0.14576196670532227,3.0608601570129395,2.413349151611328,2.1533234119415283
36,0.3545287549495697,0.7439907789230347,0.4099801182746887,1.755784511566162,13.518707275390625,0.9467865824699402,1.3830714225769043,0.5229606628417969,-0.019859489053487778,0.03957138583064079,-0.009419411420822144,0.9492186307907104,1.3863614797592163,0.5243343114852905
37,0.35974669456481934,0.7539235353469849,0.30521655082702637,0.9093095064163208,7.3473286628723145,0.5364011526107788,0.6344760656356812,0.3695370554924011,-0.0572957806289196,-0.06797417998313904,0.003922885283827782,0.5348200798034668,0.6325839757919312,0.37054699659347534
38,0.42373210191726685,0.7346999645233154,0.5447544455528259,4.393949508666992,58.514793395996094,2.9005465507507324,2.297959089279175,2.369178056716919,0.23429782688617706,0.1600877195596695,-0.15307247638702393,2.899132251739502,2.2987704277038574,2.3708226680755615
39,0.35002753138542175,0.7504062056541443,0.3785164952278137,1.8600362539291382,19.734535217285156,0.6242608428001404,1.6738183498382568,0.5180395841598511,0.055961206555366516,-0.20077559351921082,0.05340144410729408,0.623481810092926,1.6663683652877808,0.5167171955108643
40,0.3816806375980377,0.7515285611152649,0.15699268877506256,0.35899069905281067,2.2091426849365234,0.17754678428173065,0.11227145045995712,0.29111266136169434,0.0025254366919398308,0.004096096381545067,-0.022841965779662132,0.178024023771286,0.11250966787338257,0.29102468490600586
41,0.42540299892425537,0.731431782245636,1.055625319480896,11.179105758666992,149.7904052734375,5.84843635559082,9.504754066467285,0.6540918350219727,-0.44370630383491516,-0.6700003743171692,0.03695300593972206,5.8478474617004395,9.507555961608887,0.6548687815666199
42,0.3976188004016876,0.7603495121002197,0.2423875480890274,0.8280327320098877,9.00754165649414,0.5909712910652161,0.5285634994506836,0.23877155780792236,0.060679204761981964,-0.05906224995851517,-0.012242190539836884,0.589487612247467,0.5267184376716614,0.2391226440668106
43,0.41312262415885925,0.735561728477478,1.0600186586380005,11.229941368103027,150.48922729492188,5.8760600090026855,9.545010566711426,0.6901354193687439,0.42449304461479187,0.718989908695221,-0.039415668696165085,5.8770551681518555,9.544441223144531,0.6909309029579163
44,0.4093099534511566,0.7483488321304321,0.22514984011650085,0.5235297679901123,3.0915117263793945,0.381442666053772,0.2521984279155731,0.25491341948509216,-0.031125225126743317,0.009362020529806614,-0.03619172424077988,0.3812310993671417,0.25272759795188904,0.2530350089073181
45,0.4070994257926941,0.7538141012191772,0.575840413570404,2.909576892852783,28.768098831176758,1.3683909177780151,1.9576997756958008,1.6614923477172852,0.15130475163459778,0.2620354890823364,0.12191249430179596,1.3637937307357788,1.9454954862594604,1.6616356372833252
46,0.4276996850967407,0.7575640678405762,0.5457207560539246,2.34175705909729,24.378969192504883,1.5161688327789307,1.6155686378479004,0.758285403251648,-0.09508886933326721,0.06288302689790726,0.022618623450398445,1.5174049139022827,1.618847370147705,0.7600622177124023
47,0.36123085021972656,0.7307600975036621,0.6120682954788208,4.434128761291504,58.34173583984375,2.6842756271362305,3.2774741649627686,1.3093239068984985,0.1916876882314682,0.23153279721736908,-0.10428615659475327,2.6848907470703125,3.27840518951416,1.3088047504425049
48,0.424054354429245,0.7354792356491089,0.46052518486976624,1.6063565015792847,14.006207466125488,0.7911593317985535,1.3051499128341675,0.5010309219360352,0.09359339624643326,0.04180063307285309,-0.029259925708174706,0.7877951860427856,1.3081191778182983,0.501570999622345
49,0.3559420108795166,0.7160841822624207,0.3595356047153473,1.2103784084320068,9.649774551391602,0.6286923289299011,0.792900025844574,0.6641321778297424,-0.05834317207336426,0.027081893756985664,0.0178717952221632,0.6277254223823547,0.7946478128433228,0.6657435297966003
50,0.3999022841453552,0.7482295632362366,0.3975098729133606,1.2041337490081787,8.872252464294434,1.0171020030975342,0.5608918070793152,0.3175560534000397,-0.08918754756450653,-0.024880070239305496,-0.003558462020009756,1.0160102844238281,0.5619027614593506,0.3184218406677246
51,0.33239781856536865,0.7476605176925659,0.8633978366851807,5.663392543792725,63.172935485839844,3.6652843952178955,3.420339822769165,2.634573221206665,-0.2592058777809143,-0.1834324598312378,-0.1503225415945053,3.666306257247925,3.4249444007873535,2.637618064880371
52,0.4407055675983429,0.7198969721794128,0.311801016330719,1.478095531463623,18.3332576751709,0.3317866325378418,1.3813831806182861,0.4080002009868622,-0.008754871785640717,-0.0806516483426094,0.008894243277609348,0.3325963020324707,1.38287353515625,0.40904104709625244
53,0.3832356631755829,0.7493789792060852,0.37871241569519043,1.5706998109817505,13.410377502441406,0.8585177063941956,1.1570608615875244,0.6255043148994446,-0.06442706286907196,0.1084444522857666,-0.0459371879696846,0.8584849238395691,1.1551809310913086,0.6255552172660828
54,0.4114443063735962,0.749306321144104,0.2778248190879822,0.9599279165267944,8.017186164855957,0.4072853922843933,0.7695407867431641,0.40421193838119507,-0.008369768969714642,-0.05094492435455322,0.03670734167098999,0.40833520889282227,0.7699944376945496,0.40366458892822266
55,0.4116595387458801,0.7298915982246399,0.3438289165496826,0.9777432084083557,6.7557783126831055,0.5119903683662415,0.769419252872467,0.319126158952713,-0.04232534021139145,0.025375796481966972,0.0242143664509058,0.5116612315177917,0.7711457014083862,0.3190937638282776
56,0.3738185167312622,0.7575738430023193,1.0830379724502563,11.203293800354004,149.7215576171875,5.8914690017700195,9.500508308410645,0.7380553483963013,-0.5387606620788574,-0.6758337616920471,0.038287289440631866,5.883148193359375,9.502873420715332,0.739117443561554
57,0.374276727437973,0.7528590559959412,0.24312016367912292,0.7399486899375916,5.1517720222473145,0.4398884177207947,0.575320303440094,0.15175259113311768,0.06853163242340088,0.012288396246731281,-0.002678783843293786,0.4357292652130127,0.5767934918403625,0.1521521806716919
58,0.3725649118423462,0.7426127195358276,0.8028780817985535,5.559700965881348,71.87041473388672,3.6339948177337646,4.0992207527160645,0.9490765333175659,-0.3290162980556488,0.3791276812553406,0.09359803050756454,3.629164934158325,4.09303617477417,0.9470844268798828
59,0.4221818149089813,0.721450924873352,0.8511635065078735,4.780867576599121,46.49544906616211,3.397836685180664,3.3057613372802734,0.6191458702087402,-0.050683148205280304,0.2122480720281601,-0.021458888426423073,3.406935214996338,3.30814266204834,0.620499849319458
60,0.37649431824684143,0.748181164264679,0.3623727262020111,1.3871963024139404,12.46624755859375,0.9824867248535156,0.9352247714996338,0.2904963493347168,-0.018289413303136826,0.025811420753598213,0.012396203354001045,0.985056459903717,0.9374762177467346,0.2910412847995758
61,0.3942909240722656,0.730984628200531,0.75569087266922,4.490455627441406,56.52467727661133,3.0816190242767334,2.3478212356567383,2.2705838680267334,-0.19442103803157806,-0.05210798233747482,0.1240173876285553,3.0840585231781006,2.353790521621704,2.2735188007354736
62,0.40708521008491516,0.7303115129470825,0.30937913060188293,1.134567141532898,8.665582656860352,0.784948468208313,0.7668353915214539,0.28820478916168213,0.0656086802482605,0.06398006528615952,-0.011479194276034832,0.7843836545944214,0.7662931680679321,0.2887793481349945
63,0.39081546664237976,0.7321358323097229,0.3376699388027191,1.0367333889007568,7.021176338195801,0.8474283218383789,0.4572375416755676,0.38420727849006653,-0.069284588098526,-0.004719961900264025,-0.03830057382583618,0.8469472527503967,0.4584886133670807,0.3833598494529724
64,0.3940315544605255,0.7414565086364746,0.26797789335250854,1.1436681747436523,12.87647533416748,0.4735031723976135,0.8271430730819702,0.6321439146995544,-0.0015051653608679771,-0.052880436182022095,0.02457214705646038,0.4748215973377228,0.8277535438537598,0.633428156375885
65,0.40965327620506287,0.7476068735122681,0.38995951414108276,2.1854255199432373,24.820655822753906,1.6354774236679077,1.298691987991333,0.643970251083374,-0.15933597087860107,-0.059847503900527954,0.04415370523929596,1.6322375535964966,1.3009309768676758,0.6442468166351318
66,0.39968040585517883,0.7249945402145386,1.0851348638534546,10.752220153808594,143.65248107910156,5.48816442489624,8.44647216796875,3.761301279067993,-0.3864774703979492,-0.5576755404472351,0.27472636103630066,5.489810466766357,8.45155143737793,3.761718511581421
67,0.4082724153995514,0.7571385502815247,1.2551621198654175,11.286916732788086,142.7296142578125,5.959480285644531,8.76118278503418,3.8885412216186523,0.5539093017578125,0.8003657460212708,-0.2820756733417511,5.9502339363098145,8.748885154724121,3.88911509513855
68,0.3920833468437195,0.7338683605194092,0.409650057554245,2.2516417503356934,22.755617141723633,1.356624960899353,1.782294750213623,0.22996753454208374,0.01317308284342289,0.002988269552588463,0.03408832475543022,1.3603450059890747,1.7872638702392578,0.22806140780448914
69,0.3509890139102936,0.7498313784599304,0.2603435516357422,1.5448981523513794,20.339279174804688,0.2326778918504715,1.4381002187728882,0.5142357349395752,0.023140838369727135,0.10249470919370651,-0.03072461299598217,0.23217014968395233,1.4384444952011108,0.5147488117218018
70,0.3830735385417938,0.7603667378425598,0.7051899433135986,4.249549388885498,47.48888397216797,2.9458038806915283,2.590517044067383,1.6340534687042236,0.2064952850341797,0.024856260046362877,-0.10431703180074692,2.946754217147827,2.597623109817505,1.6352691650390625
71,0.3625219464302063,0.7569302320480347,0.8725194334983826,9.05677318572998,121.3149185180664,6.4997334480285645,6.201406478881836,1.1494179964065552,-0.44473975896835327,0.44748225808143616,0.06893999874591827,6.502587795257568,6.202493190765381,1.150549054145813
72,0.47075456380844116,0.713998019695282,1.110121488571167,9.5637788772583,118.71100616455078,3.0426223278045654,8.500632286071777,3.1539785861968994,0.05620746687054634,0.3739032447338104,-0.16931650042533875,3.050588607788086,8.516093254089355,3.1582155227661133
73,0.4599173367023468,0.7150840759277344,0.3272513747215271,1.1895110607147217,9.693244934082031,0.8744183778762817,0.7261521220207214,0.3507595658302307,-0.10144727677106857,-0.018290560692548752,-0.01673119328916073,0.8709362745285034,0.7279465198516846,0.35133758187294006
74,0.35842859745025635,0.7201923727989197,0.35989466309547424,1.523890733718872,17.134632110595703,1.3561826944351196,0.5376530289649963,0.44038671255111694,0.15856464207172394,-0.06529542803764343,-0.004899303428828716,1.3506380319595337,0.5351619720458984,0.44158777594566345
75,0.4007675051689148,0.7361353635787964,0.3061445653438568,1.0257618427276611,7.496519088745117,0.7533745169639587,0.6211674213409424,0.3142692446708679,-0.11690198630094528,0.009269725531339645,-4.2132538510486484e-05,0.7463253140449524,0.6228307485580444,0.315145879983902
76,0.417144775390625,0.7595530152320862,0.23672202229499817,0.6614702939987183,5.488478660583496,0.2999895215034485,0.535988450050354,0.24549052119255066,-0.01800929568707943,0.02853354997932911,-0.014600646682083607,0.3002837300300598,0.5367213487625122,0.24573950469493866
77,0.3943537771701813,0.7386292815208435,0.6829510927200317,6.106934070587158,81.53160858154297,2.919823169708252,4.595623970031738,2.765775442123413,0.1882469803094864,0.3466808795928955,-0.22216254472732544,2.9218759536743164,4.595311641693115,2.7645280361175537
78,0.36383703351020813,0.7592446804046631,0.37407591938972473,1.992170810699463,22.22016716003418,0.7825517654418945,1.688127875328064,0.71174556016922,-0.09854476153850555,-0.16704294085502625,-0.0005861653480678797,0.7784877419471741,1.6845287084579468,0.7137306332588196
79,0.3620941638946533,0.7554284334182739,0.46398213505744934,2.313220500946045,26.826152801513672,1.7333176136016846,1.2894245386123657,0.8270328640937805,0.10560479015111923,-0.011947081424295902,-0.040897540748119354,1.7349236011505127,1.2929657697677612,0.828325092792511
80,0.4276922047138214,0.7396487593650818,0.17674031853675842,0.38209977746009827,2.6924734115600586,0.2609574794769287,0.17412051558494568,0.21813634037971497,-0.001790955662727356,0.008106410503387451,0.006304865702986717,0.2616792321205139,0.17441686987876892,0.21865344047546387
81,0.4195516109466553,0.7369853258132935,0.2587754726409912,0.8127518892288208,8.699275016784668,0.4281013607978821,0.6064374446868896,0.33095088601112366,0.04154133424162865,0.031100893393158913,-0.027804242447018623,0.4272696077823639,0.6073288321495056,0.33070072531700134
82,0.3875068724155426,0.7373418211936951,0.6683796048164368,2.9458956718444824,23.366039276123047,1.7388076782226562,2.2785680294036865,0.6804243922233582,-0.1732148975133896,-0.08357153832912445,0.023367177695035934,1.7349846363067627,2.283386468887329,0.6819199323654175
83,0.4148479104042053,0.7459784150123596,0.33617472648620605,2.1610584259033203,28.363746643066406,1.4403963088989258,1.1347602605819702,1.1435691118240356,0.10938994586467743,0.1204007938504219,-0.07249777764081955,1.440242886543274,1.1315022706985474,1.1444523334503174
84,0.3938094973564148,0.7346991896629333,0.3676437437534332,1.3434462547302246,12.765937805175781,0.7300640940666199,0.8877729773521423,0.6954950094223022,0.04480554908514023,-0.091190405189991,0.051329273730516434,0.7307204604148865,0.8855403661727905,0.695533037185669
85,0.39911603927612305,0.7612407207489014,0.41180938482284546,1.490853190422058,13.334035873413086,0.7634339928627014,1.2116605043411255,0.41435524821281433,-0.06817426532506943,0.030182596296072006,-0.020811712369322777,0.762505054473877,1.2146632671356201,0.41498661041259766
86,0.3379386067390442,0.7330390810966492,0.8905326128005981,9.603917121887207,128.6729278564453,0.3037664294242859,9.38079833984375,2.035574436187744,0.03504612296819687,0.6674073338508606,-0.1687399446964264,0.3025796413421631,9.383126258850098,2.034227132797241
87,0.4456975758075714,0.7345256209373474,0.32600510120391846,1.092297077178955,8.596773147583008,0.8660650253295898,0.5852400660514832,0.3170779049396515,0.04370516911149025,0.008959240280091763,0.004444818012416363,0.8673742413520813,0.5868037939071655,0.3179311156272888
88,0.37984395027160645,0.7224419713020325,0.5233194828033447,3.1372954845428467,39.98234939575195,2.1895203590393066,2.229215383529663,0.28146618604660034,0.1800064742565155,0.06064479798078537,0.0409029982984066,2.188194990158081,2.2346060276031494,0.27925506234169006
89,0.42464107275009155,0.7423631548881531,0.5434052348136902,2.351142406463623,22.8048152923584,0.9213973879814148,2.02337646484375,0.7647520303726196,-0.05419987812638283,-0.19175466895103455,0.04142823442816734,0.9223675727844238,2.019888162612915,0.7657591104507446
90,0.43017780780792236,0.7557975649833679,0.7223670482635498,5.970146179199219,79.24620819091797,5.116611003875732,2.8809850215911865,1.0783638954162598,-0.34691277146339417,0.22397859394550323,-0.0335162952542305,5.119075298309326,2.880277395248413,1.0808494091033936
91,0.42847752571105957,0.7381780743598938,0.2750914394855499,1.2077971696853638,13.904618263244629,0.7863360047340393,0.8729256987571716,0.2800903618335724,0.019169967621564865,-0.059546928852796555,0.014445270411670208,0.7882950305938721,0.8733214735984802,0.28049784898757935
92,0.38216695189476013,0.7441701292991638,0.37558260560035706,1.2865580320358276,10.949707984924316,0.8409584164619446,0.9101212024688721,0.34597694873809814,0.00586565351113677,0.036908116191625595,0.01722135953605175,0.8432836532592773,0.9119091033935547,0.34651196002960205
93,0.39280980825424194,0.730087161064148,0.5253099799156189,2.5300657749176025,29.355369567871094,2.306154251098633,0.9540117979049683,0.4156300127506256,0.15963587164878845,0.04682203009724617,-0.01000768132507801,2.307039737701416,0.9555199146270752,0.41666850447654724
94,0.4055664837360382,0.7469314932823181,1.098286747932434,7.799880027770996,74.9398422241211,6.864086627960205,3.649488687515259,0.6353521347045898,0.7364862561225891,-0.36285388469696045,0.014232436195015907,6.8434977531433105,3.6415345668792725,0.6369645595550537
95,0.36200737953186035,0.7405138611793518,0.21913617849349976,0.784681499004364,7.370700836181641,0.3770536482334137,0.6397560834884644,0.2535109221935272,-0.01998049207031727,-0.0512203648686409,0.001563217956572771,0.3775741755962372,0.6394811272621155,0.25421324372291565
96,0.4336663484573364,0.7293068766593933,0.5580019950866699,2.3869802951812744,20.77639389038086,0.7358511686325073,2.1438305377960205,0.7484572529792786,0.074196957051754,0.04901914671063423,0.012837804853916168,0.7341430187225342,2.1492483615875244,0.7504346370697021
97,0.35416144132614136,0.7335295677185059,0.29419416189193726,0.872107744216919,6.600912570953369,0.43055489659309387,0.7226441502571106,0.23017346858978271,-0.030284909531474113,-0.015366279520094395,0.03544614464044571,0.43068647384643555,0.7244960069656372,0.22806215286254883
98,0.4216490685939789,0.7330397367477417,0.17510028183460236,0.4353625774383545,3.631566047668457,0.2439364790916443,0.3014644682407379,0.19787554442882538,-0.00526987761259079,-0.006560441106557846,-0.012074203230440617,0.24455980956554413,0.3022337555885315,0.19805774092674255
99,0.44328731298446655,0.7251880168914795,0.3447445333003998,1.5184823274612427,15.008252143859863,0.42509233951568604,1.3627985715866089,0.5175572037696838,-0.00967487134039402,-0.013360357843339443,-0.019566306844353676,0.42616766691207886,1.3665342330932617,0.518629789352417
100,0.45413830876350403,0.7247352004051208,0.31879380345344543,0.7573328614234924,4.680151462554932,0.5106514692306519,0.43544697761535645,0.3509617745876312,-0.028215408325195312,-0.04463167116045952,0.021253271028399467,0.5112935900688171,0.43436184525489807,0.3512948453426361
101,0.45713263750076294,0.7281007170677185,0.2905924618244171,1.0731382369995117,8.751911163330078,0.815997838973999,0.6383870244026184,0.2797055244445801,-0.015026837587356567,0.040460895746946335,-0.01687115989625454,0.8181352615356445,0.638880729675293,0.2799750566482544
102,0.4399471879005432,0.7183842658996582,0.28792598843574524,1.1396123170852661,10.023138046264648,0.609268069267273,0.92258620262146,0.2763027846813202,0.040891777724027634,-0.09295841306447983,0.02991822175681591,0.6095899343490601,0.9204514622688293,0.2754444181919098
103,0.4215051233768463,0.7257204651832581,0.33587345480918884,1.0223571062088013,7.766478061676025,0.6090476512908936,0.7373517751693726,0.3613688051700592,-0.024726133793592453,0.027835404500365257,-0.021868333220481873,0.610243022441864,0.7388814687728882,0.36171266436576843
104,0.3702234625816345,0.7273398041725159,0.28551965951919556,0.9450165629386902,9.82187271118164,0.672981321811676,0.6330359578132629,0.19853968918323517,-0.046766865998506546,0.02815469354391098,-0.030662378296256065,0.6732270121574402,0.6341736316680908,0.19670481979846954
105,0.37133467197418213,0.7258471846580505,0.2796727120876312,0.7420259714126587,5.7203369140625,0.3451503813266754,0.5934497117996216,0.28158700466156006,0.04033283144235611,0.045629385858774185,-0.0131949158385396,0.34374186396598816,0.5933433771133423,0.282062292098999
106,0.42089903354644775,0.7317086458206177,0.8693644404411316,7.3552703857421875,97.13890838623047,6.718040943145752,2.172053575515747,2.0615782737731934,0.4707469940185547,0.1771080195903778,-0.20361295342445374,6.72022008895874,2.1708593368530273,2.0572211742401123
107,0.45911484956741333,0.7198428511619568,0.2316364347934723,0.7756651043891907,7.2938923835754395,0.5933892726898193,0.34008288383483887,0.3659088611602783,0.06926296651363373,-0.034356459975242615,0.003130828496068716,0.5909769535064697,0.33928677439689636,0.36691609025001526
108,0.41855618357658386,0.7265062928199768,0.2704523801803589,1.1529780626296997,13.695989608764648,0.6795108318328857,0.8840376138687134,0.293429434299469,-0.02791643515229225,0.05926452949643135,-0.011328646913170815,0.6808309555053711,0.8845093250274658,0.2940285801887512
109,0.37051627039909363,0.7693647742271423,0.36927464604377747,1.208931803703308,12.350064277648926,0.4664230942726135,1.0775939226150513,0.2876749634742737,-0.01534397341310978,-0.07215391844511032,-0.021405529230833054,0.4674709439277649,1.0781745910644531,0.28767767548561096
110,0.4256708323955536,0.7344995141029358,0.3142749071121216,1.0909581184387207,9.225526809692383,0.5504390001296997,0.8601269125938416,0.3839118182659149,-0.00917595624923706,0.09389977157115936,-0.007843592204153538,0.5518977046012878,0.857370913028717,0.38490235805511475
111,0.4244609475135803,0.7205182313919067,0.33684271574020386,1.0095936059951782,8.4334135055542,0.5700259208679199,0.7961131930351257,0.24607625603675842,0.00694012176245451,0.012078537605702877,-0.021940359845757484,0.5715735554695129,0.7982419729232788,0.2457798719406128
112,0.43176138401031494,0.7260705232620239,0.6927874684333801,3.7796826362609863,44.411495208740234,1.242218017578125,2.984577178955078,1.9583650827407837,0.08754594624042511,-0.16413405537605286,0.10160104185342789,1.2425857782363892,2.988373041152954,1.9611828327178955
113,0.4269693195819855,0.7527602910995483,0.25602924823760986,0.6021670699119568,4.18296480178833,0.26275834441185,0.46899792551994324,0.27130091190338135,0.025529243052005768,-0.012133540585637093,-0.013722854666411877,0.26224470138549805,0.4701487421989441,0.2717094421386719
114,0.4512109160423279,0.7071372866630554,0.15147577226161957,0.376139760017395,3.033170700073242,0.2884126305580139,0.1373906135559082,0.1985524594783783,0.008499383926391602,0.0072176470421254635,0.010719670914113522,0.2890915274620056,0.13758359849452972,0.19881591200828552
115,0.4234311580657959,0.7037515640258789,0.46396613121032715,1.641397476196289,13.009533882141113,0.9635709524154663,1.277957797050476,0.3640614449977875,0.05609713867306709,-0.021277638152241707,0.008394261822104454,0.9646197557449341,1.2813448905944824,0.3649798631668091
116,0.4760865867137909,0.7025895714759827,1.1544438600540161,10.757742881774902,142.5862579345703,5.416374683380127,8.468606948852539,3.8307454586029053,0.3723399341106415,0.7379433512687683,-0.33780229091644287,5.418633460998535,8.459925651550293,3.8264660835266113
117,0.4394390881061554,0.7184316515922546,0.4258073568344116,1.8350238800048828,19.165796279907227,0.9725958704948425,0.5734676718711853,1.4465491771697998,0.08459551632404327,-0.08991698175668716,-0.06302564591169357,0.9716125130653381,0.5679544806480408,1.4492067098617554
118,0.45763909816741943,0.7398415207862854,0.8265510201454163,5.382916450500488,67.88792419433594,3.9562628269195557,2.655242681503296,2.504688262939453,-0.27609896659851074,-0.18491512537002563,0.1963128000497818,3.9576256275177,2.656184673309326,2.503948211669922
119,0.4047180414199829,0.7421727180480957,0.7963274717330933,5.27307653427124,65.78850555419922,3.3988571166992188,3.171093225479126,2.4894328117370605,0.14655233919620514,0.10934630781412125,-0.18985627591609955,3.405168056488037,3.1780474185943604,2.4891064167022705
120,0.3701576590538025,0.7445141077041626,0.4321848750114441,1.3809430599212646,10.162126541137695,1.00652277469635,0.785102367401123,0.5268110036849976,-0.018590742722153664,0.05106516554951668,-0.041512537747621536,1.0091581344604492,0.7856252789497375,0.5266377925872803
121,0.44648727774620056,0.7288736701011658,0.503734827041626,2.1637380123138428,20.187150955200195,1.615412950515747,1.29914128780365,0.6200276613235474,-0.10870081931352615,0.04640240967273712,-0.04439631849527359,1.616247296333313,1.301933765411377,0.620161235332489
122,0.4202163815498352,0.6981937885284424,0.5483187437057495,2.241236925125122,22.723651885986328,0.9576206207275391,1.9192689657211304,0.6500092148780823,0.09989592432975769,0.22561362385749817,-0.07222621887922287,0.9550525546073914,1.9112786054611206,0.6477859616279602
123,0.3666468560695648,0.7633026838302612,0.27847254276275635,0.7608050107955933,4.904446125030518,0.37538260221481323,0.6251187324523926,0.21711459755897522,-0.035983022302389145,0.004443621728569269,-0.006880714558064938,0.374696284532547,0.6268465518951416,0.21761083602905273
124,0.3771333396434784,0.752882719039917,0.44520509243011475,2.029252767562866,18.265869140625,1.1687614917755127,1.6096234321594238,0.4012186825275421,-0.05210109427571297,-0.055212054401636124,0.05212285742163658,1.1708563566207886,1.613163709640503,0.39892828464508057
125,0.41902828216552734,0.722139835357666,0.27069956064224243,0.942086935043335,9.616948127746582,0.4606892466545105,0.7547850608825684,0.32495033740997314,-0.024218741804361343,0.04434859752655029,0.0009495774866081774,0.4613354802131653,0.7555828094482422,0.3258553743362427
126,0.43627500534057617,0.6988195776939392,0.4050852656364441,1.6438935995101929,15.469780921936035,1.1551966667175293,1.0352389812469482,0.5442306399345398,0.045327287167310715,-0.04725728556513786,-0.014292290434241295,1.1575267314910889,1.0370445251464844,0.5455605387687683
127,0.38270989060401917,0.7276660799980164,0.6610231399536133,4.681268692016602,60.715538024902344,3.1000137329101562,2.9731945991516113,1.8612644672393799,0.16440211236476898,-0.13871228694915771,0.14906592667102814,3.1042861938476562,2.978241443634033,1.860460877418518
128,0.4262835681438446,0.7432717680931091,0.25667449831962585,0.933612048625946,10.89726448059082,0.29728707671165466,0.7684926390647888,0.4389430582523346,-0.04015227034687996,0.029611345380544662,-0.05750381201505661,0.2953847050666809,0.7700639367103577,0.4363740086555481
129,0.3705917298793793,0.7480161190032959,0.2586509585380554,0.7792115807533264,5.064042568206787,0.6018909215927124,0.45438089966773987,0.1960509717464447,-0.016010252758860588,-0.012922147288918495,0.011054218746721745,0.6033562421798706,0.45546406507492065,0.19628506898880005
130,0.4085441529750824,0.7294321060180664,0.31404295563697815,0.8599308729171753,6.029768943786621,0.5000976920127869,0.6521719098091125,0.253091424703598,0.02444588392972946,0.03244400396943092,0.004564869683235884,0.5008931756019592,0.6531813144683838,0.2537561058998108
131,0.47553643584251404,0.7281378507614136,0.6938031911849976,2.4697656631469727,18.289915084838867,1.2556885480880737,1.8454036712646484,1.0571064949035645,0.08662670850753784,-0.23907990753650665,-0.04722493514418602,1.2561911344528198,1.8349554538726807,1.0589967966079712
132,0.40877270698547363,0.754065215587616,0.2878986895084381,1.4426512718200684,17.874094009399414,1.0003557205200195,0.6192264556884766,0.8349187970161438,-0.08036459237337112,0.03500615432858467,0.06957437098026276,0.9999038577079773,0.6199607253074646,0.8343357443809509
133,0.3550236225128174,0.7455108761787415,0.6276214718818665,3.0083603858947754,33.498748779296875,1.3717097043991089,1.4741830825805664,2.2350454330444336,0.03315015882253647,0.06346409767866135,-0.15637771785259247,1.3751341104507446,1.4769246578216553,2.235787868499756
134,0.3901436924934387,0.7440254092216492,1.475396990776062,14.722753524780273,196.48446655273438,9.65543270111084,10.323009490966797,4.1191630363464355,-0.7794370055198669,-0.6614246964454651,0.27686911821365356,9.650766372680664,10.330533981323242,4.121311664581299
135,0.371347576379776,0.7369839549064636,0.2807880640029907,0.8533635139465332,7.09720516204834,0.6275399923324585,0.5056962370872498,0.28052476048469543,-0.02464418113231659,-0.018182676285505295,-0.027038447558879852,0.6288050413131714,0.5067789554595947,0.27999749779701233
136,0.39909109473228455,0.7535722255706787,0.2023734301328659,0.5189335942268372,3.7300281524658203,0.39989233016967773,0.3037022650241852,0.13093183934688568,-0.036751508712768555,0.03239406645298004,-0.008301667869091034,0.3993106484413147,0.30281198024749756,0.13103288412094116
137,0.3481183350086212,0.7540410757064819,0.22518421709537506,0.5866877436637878,5.006241798400879,0.3524676263332367,0.4116649627685547,0.22472438216209412,0.050907719880342484,0.025410562753677368,-0.006126381456851959,0.3497447371482849,0.412026047706604,0.2252674698829651
138,0.3825499713420868,0.7383784651756287,0.34977295994758606,1.1384871006011963,8.259818077087402,0.8045529127120972,0.7705586552619934,0.23470574617385864,-0.0777626559138298,0.06896480917930603,0.004054124467074871,0.8030198216438293,0.7696071267127991,0.23532532155513763
139,0.3925623297691345,0.7457741498947144,0.8469982743263245,5.726169109344482,72.22721862792969,3.4422919750213623,4.433104991912842,1.1345576047897339,0.21581552922725677,-0.17257553339004517,0.05161285400390625,3.4451029300689697,4.442101001739502,1.1365445852279663
140,0.3795135021209717,0.7685924768447876,0.4520321488380432,1.6887542009353638,15.87432861328125,0.7562124729156494,1.4273171424865723,0.4927462637424469,-0.004093223251402378,-0.08054301887750626,0.021515721455216408,0.7583107352256775,1.4290177822113037,0.4936494827270508
141,0.390586793422699,0.7396116852760315,0.3566739559173584,1.202988862991333,10.711040496826172,0.936806321144104,0.6351907849311829,0.40756478905677795,-0.054440971463918686,-0.04539651796221733,-0.007401249371469021,0.9378317594528198,0.635333776473999,0.4086342751979828
142,0.4278416037559509,0.7258358001708984,0.8887559175491333,6.306831359863281,77.01844024658203,2.8269448280334473,4.617379188537598,3.234858274459839,0.043368998914957047,-0.3419247567653656,0.2760224938392639,2.8344967365264893,4.617546081542969,3.232050895690918
143,0.4173513650894165,0.7499034404754639,0.2803768515586853,1.007737159729004,10.673731803894043,0.7978115081787109,0.5180583000183105,0.33263587951660156,0.0684146136045456,-0.04005260393023491,-0.04593665525317192,0.7970898747444153,0.5179484486579895,0.33036768436431885
144,0.41090160608291626,0.72708660364151,0.24289843440055847,0.9493260383605957,9.84394645690918,0.6959941983222961,0.600551962852478,0.23695816099643707,-0.03340183198451996,-0.015338982455432415,-0.005868890788406134,0.6971313953399658,0.6020307540893555,0.23754623532295227
145,0.440760999917984,0.7291873693466187,0.34398379921913147,1.6949502229690552,18.17184066772461,0.5527356863021851,1.4701873064041138,0.6370943188667297,-0.06627986580133438,-0.13620896637439728,0.07322433590888977,0.5502780675888062,1.467947244644165,0.6346375942230225
146,0.334899365901947,0.7626051306724548,0.3504483997821808,1.3908358812332153,12.233132362365723,1.2260206937789917,0.6077459454536438,0.24888283014297485,-0.0005858633667230606,-0.010246554389595985,-0.011340771801769733,1.2294403314590454,0.6093544960021973,0.24931782484054565
147,0.3797130882740021,0.7540223002433777,0.22300222516059875,0.8557830452919006,10.381921768188477,0.26450133323669434,0.7746442556381226,0.24965932965278625,0.00017013550677802414,0.053003497421741486,-0.019513268023729324,0.26523908972740173,0.7749845385551453,0.24958986043930054
148,0.4221247732639313,0.7344403862953186,0.27107810974121094,0.8366034030914307,6.186272621154785,0.34160304069519043,0.7207118272781372,0.25256097316741943,0.025903673842549324,-0.08034491539001465,0.037284307181835175,0.34156960248947144,0.7182171940803528,0.25049054622650146
149,0.40398263931274414,0.7331534028053284,0.27063581347465515,0.8159367442131042,6.33941125869751,0.4555331766605377,0.5970526933670044,0.3190147280693054,-0.009391384199261665,-0.013575787656009197,-0.022678781300783157,0.45670679211616516,0.5985633134841919,0.3190951943397522
150,0.3871127665042877,0.7484995722770691,0.25531628727912903,0.8666477203369141,7.751997947692871,0.5933929681777954,0.5694265961647034,0.27334320545196533,0.05165490880608559,0.05487462878227234,-0.00856583472341299,0.592789351940155,0.5683572292327881,0.2739710509777069
151,0.42666104435920715,0.7400179505348206,0.6045305132865906,3.7331502437591553,48.72201156616211,1.7094204425811768,3.2958242893218994,0.3896627426147461,0.09860432893037796,0.225577250123024,0.007844798266887665,1.7113343477249146,3.297266960144043,0.39067041873931885
152,0.4424498975276947,0.7199833989143372,0.6014877557754517,2.5286412239074707,22.51898765563965,0.7486914396286011,2.3407816886901855,0.5951718688011169,-0.02808058075606823,0.1021261215209961,0.015453136526048183,0.7502515912055969,2.345075845718384,0.5966308116912842
153,0.41113072633743286,0.7387101054191589,1.012951374053955,10.233774185180664,136.9207763671875,8.710809707641602,4.414968013763428,3.0594072341918945,0.6931055188179016,-0.2694653272628784,-0.26037517189979553,8.707411766052246,4.4190287590026855,3.0568103790283203
154,0.48800769448280334,0.703949511051178,1.1253198385238647,10.624732971191406,141.80917358398438,7.055237770080566,7.911991119384766,0.7134202718734741,-0.528710663318634,0.6999995708465576,0.04345949739217758,7.05502462387085,7.90294885635376,0.7140816450119019
155,0.39949068427085876,0.7491405606269836,0.4174828827381134,2.200000524520874,22.23627281188965,1.3163477182388306,1.7207938432693481,0.3822287619113922,0.03561842441558838,-0.022375740110874176,0.023628797382116318,1.3195360898971558,1.7254478931427002,0.38256189227104187
156,0.39843615889549255,0.7236014008522034,0.28967300057411194,1.119498610496521,11.922018051147461,0.9976335763931274,0.4724333584308624,0.1865776777267456,-0.07702227681875229,-0.0022595287300646305,0.012468432076275349,0.9974303841590881,0.4737457036972046,0.186679869890213
157,0.44262057542800903,0.7462996244430542,0.26973170042037964,1.0552856922149658,10.838278770446777,0.8889577388763428,0.5423586964607239,0.170964777469635,0.04573863372206688,0.02151181548833847,0.01014001201838255,0.8902565836906433,0.5434435606002808,0.17113985121250153
158,0.4209097921848297,0.7237238883972168,0.4446728825569153,1.8175867795944214,18.218873977661133,0.854394793510437,1.5112495422363281,0.5382896661758423,-0.011074614711105824,-0.030958695337176323,-0.030147984623908997,0.8567060828208923,1.515147089958191,0.5389439463615417
159,0.41295525431632996,0.7465014457702637,0.28363847732543945,0.9781833291053772,9.829920768737793,0.8067992925643921,0.5204275846481323,0.18727684020996094,0.020182276144623756,0.038635022938251495,0.007008894346654415,0.8087966442108154,0.5204392671585083,0.18766766786575317
160,0.36310261487960815,0.7481774687767029,0.6815648078918457,4.114720344543457,52.45976257324219,3.409729480743408,2.134669303894043,0.8647869825363159,0.3890337347984314,0.08808108419179916,-0.029027150943875313,3.3969123363494873,2.138800859451294,0.8667105436325073
161,0.4222991168498993,0.740143358707428,0.29608577489852905,0.8209879398345947,5.710164546966553,0.45381754636764526,0.6381270885467529,0.2467077523469925,0.020079519599676132,0.058932527899742126,-0.02458900585770607,0.454637736082077,0.6371724009513855,0.24616406857967377
162,0.45043230056762695,0.7483108043670654,0.46404674649238586,2.7709739208221436,31.807960510253906,1.6376396417617798,2.16719651222229,0.547441303730011,0.12276610732078552,-0.2623671591281891,0.07224024832248688,1.6375868320465088,2.157256841659546,0.5441676378250122
163,0.3974243700504303,0.7345826029777527,0.5953238606452942,3.870513677597046,50.022953033447266,1.6450719833374023,3.432971954345703,0.6995126605033875,0.2005540281534195,-0.250207781791687,-0.02153589203953743,1.6373556852340698,3.43339204788208,0.7011313438415527
164,0.4169512093067169,0.7223886251449585,0.718758761882782,4.031221866607666,50.134307861328125,1.727112889289856,3.5764706134796143,0.690423846244812,-0.08743935078382492,0.23753713071346283,0.06106240674853325,1.729709506034851,3.57852840423584,0.6896365880966187
165,0.4468684196472168,0.7129199504852295,0.2662732005119324,0.8289273381233215,6.911764621734619,0.41152381896972656,0.465925395488739,0.5483449101448059,-0.00036567848292179406,0.03963909670710564,0.008852816186845303,0.4126715660095215,0.4655311405658722,0.5498027801513672
166,0.3902822434902191,0.7490082383155823,0.2820764482021332,1.0274631977081299,11.433405876159668,0.6051844954490662,0.5820854902267456,0.5921222567558289,-0.013386085629463196,0.03518503159284592,-0.03253097087144852,0.6067240834236145,0.5826418399810791,0.5928771495819092
167,0.3834291398525238,0.7677321434020996,0.2716441750526428,0.7108967304229736,4.5189619064331055,0.3146175742149353,0.465099036693573,0.4359734356403351,-0.0032629140187054873,-0.028393343091011047,0.03264850750565529,0.31547820568084717,0.4655264616012573,0.4359619617462158
168,0.4223417639732361,0.7473248839378357,0.22452372312545776,0.6066434979438782,4.445559024810791,0.3891686797142029,0.43897244334220886,0.15449024736881256,0.0287944208830595,0.01105422992259264,-0.010037072002887726,0.38918453454971313,0.44005730748176575,0.15459388494491577
169,0.4006924629211426,0.7368029356002808,0.4490242898464203,2.342350482940674,28.716949462890625,0.8602225184440613,1.4370678663253784,1.6375161409378052,0.07471106201410294,0.09482724219560623,0.09214945882558823,0.8593624234199524,1.437935709953308,1.6394816637039185
170,0.4501567482948303,0.7333806753158569,0.3242740333080292,2.4153106212615967,31.927589416503906,1.1485021114349365,1.9790586233139038,0.7733013033866882,0.08930470049381256,0.15532544255256653,-0.05495738983154297,1.1482188701629639,1.9784570932388306,0.7734975218772888
171,0.3937741219997406,0.7180832028388977,1.2019133567810059,11.180129051208496,148.73281860351562,4.256719589233398,9.490209579467773,4.100189685821533,0.2428089678287506,0.8004709482192993,-0.3509410321712494,4.261643409729004,9.482767105102539,4.096538543701172
172,0.4145720303058624,0.7451276779174805,0.45556148886680603,1.6630382537841797,14.02208423614502,0.9022765159606934,1.3506007194519043,0.3570306599140167,-0.14261381328105927,-0.05798481032252312,0.004257814027369022,0.893419623374939,1.3531192541122437,0.35800108313560486
173,0.4791419804096222,0.7137523293495178,0.7382278442382812,4.622852325439453,58.843265533447266,3.7349233627319336,1.780679702758789,2.061624050140381,0.24968232214450836,0.13363522291183472,-0.16727396845817566,3.7369630336761475,1.7806110382080078,2.060558557510376
174,0.4168719947338104,0.7403759956359863,1.1354392766952515,10.644384384155273,142.04229736328125,5.4387898445129395,8.398406982421875,3.631702184677124,-0.36186426877975464,-0.7134568095207214,0.31509676575660706,5.44187593460083,8.391388893127441,3.628098964691162
175,0.4025888442993164,0.728659987449646,0.3605111539363861,1.0767676830291748,7.742834568023682,0.7332768440246582,0.7614886164665222,0.20461885631084442,0.015752410516142845,-0.02639126032590866,0.00900694914162159,0.7351526021957397,0.7631539702415466,0.20499072968959808
176,0.5025787353515625,0.7376866340637207,0.5697622299194336,3.5260579586029053,44.42926025390625,3.294149875640869,1.2006503343582153,0.3742980360984802,-0.29734107851982117,-0.0315469391644001,0.032617293298244476,3.2898542881011963,1.2035835981369019,0.3739142417907715
177,0.39920133352279663,0.7325232028961182,1.0863916873931885,10.278043746948242,136.91510009765625,5.188148021697998,8.204584121704102,3.377296209335327,-0.24687615036964417,-0.5451673865318298,0.23979637026786804,5.196726322174072,8.209285736083984,3.378169059753418
178,0.3573721945285797,0.7281870245933533,0.5063714981079102,2.1881887912750244,24.266149520874023,1.2640091180801392,1.6961325407028198,0.5599863529205322,-0.003059821669012308,-0.013375187292695045,0.013543062843382359,1.267531394958496,1.7008109092712402,0.5613841414451599
179,0.40795499086380005,0.7417741417884827,0.4978257715702057,1.9610153436660767,20.75327491760254,1.0733447074890137,1.3413608074188232,0.9456551671028137,-0.06300068646669388,0.04189319163560867,0.06204426288604736,1.0744829177856445,1.3444461822509766,0.9462498426437378
180,0.37923943996429443,0.7530266642570496,0.38302096724510193,1.6615251302719116,18.30132293701172,0.6630035638809204,1.4545937776565552,0.45304399728775024,-0.03274412080645561,-0.08859313279390335,0.021176345646381378,0.6640416383743286,1.45594322681427,0.4538111686706543
181,0.3984973132610321,0.7350941300392151,0.30785009264945984,0.7853071093559265,5.146876335144043,0.6453289985656738,0.3217087686061859,0.3110647201538086,0.019946929067373276,-0.10144388675689697,0.011438771151006222,0.6468198299407959,0.30614760518074036,0.31172144412994385
182,0.3630542755126953,0.7502590417861938,0.4105225205421448,1.9614124298095703,23.010587692260742,0.8685042262077332,1.7381601333618164,0.26765352487564087,0.025399208068847656,0.15574124455451965,0.015987541526556015,0.8705543875694275,1.7359976768493652,0.2679208815097809
183,0.4411288797855377,0.7469963431358337,0.23218804597854614,0.5009352564811707,3.9501967430114746,0.361907958984375,0.24210092425346375,0.24768106639385223,0.031859494745731354,-0.03884100914001465,-0.023408234119415283,0.3615085184574127,0.2396315038204193,0.2472601979970932
184,0.4043479859828949,0.7457295060157776,0.334800124168396,1.1321817636489868,12.343838691711426,0.6400797963142395,0.8726094365119934,0.33269551396369934,-0.07392170280218124,-0.10520635545253754,0.011844832450151443,0.6375703811645508,0.8686603307723999,0.3334120213985443
185,0.40535685420036316,0.7328476309776306,0.22243306040763855,0.6781759262084961,6.431387424468994,0.6383504867553711,0.14411228895187378,0.17794080078601837,0.02367650531232357,-0.037363555282354355,-0.004839229863137007,0.6396905779838562,0.13957270979881287,0.17837116122245789
186,0.46240565180778503,0.7054634690284729,0.49660998582839966,2.8106396198272705,36.27071762084961,2.0768942832946777,1.8580526113510132,0.3658496141433716,-0.1946292668581009,0.027774058282375336,0.011087315157055855,2.0735220909118652,1.8630273342132568,0.366701602935791
187,0.3946390748023987,0.7285330295562744,1.5087579488754272,12.180970191955566,157.1992950439453,9.407991409301758,7.303471088409424,2.554410457611084,0.8204939961433411,0.6998230218887329,-0.24274924397468567,9.398286819458008,7.2901434898376465,2.549942970275879
188,0.4000341296195984,0.7468825578689575,0.3722788691520691,1.6184130907058716,19.618837356567383,1.016850471496582,1.1621562242507935,0.4844262897968292,0.03404977545142174,0.07329865545034409,-0.01876818574965,1.0191149711608887,1.163077712059021,0.4854128360748291
189,0.42406973242759705,0.737496554851532,0.2698972523212433,1.0260393619537354,10.100273132324219,0.7600233554840088,0.6466272473335266,0.23873502016067505,-0.00740239629521966,-0.046359747648239136,-0.010589825920760632,0.762107253074646,0.6467623114585876,0.2391653209924698
190,0.4175397753715515,0.7148360013961792,0.16903047263622284,0.3466574549674988,2.5031981468200684,0.18846888840198517,0.2427685409784317,0.1603567749261856,0.0022527556866407394,-0.05159306153655052,0.018108755350112915,0.1889811009168625,0.23788464069366455,0.15977545082569122
191,0.42348796129226685,0.7109529972076416,0.38883912563323975,2.58552885055542,34.21333312988281,2.3808200359344482,0.9383742809295654,0.36893102526664734,0.17141397297382355,-0.12855777144432068,0.011548169888556004,2.381265163421631,0.9321191310882568,0.3697788715362549
192,0.39368051290512085,0.7320947051048279,0.3059191107749939,0.8880184888839722,8.408242225646973,0.3659622371196747,0.6905373930931091,0.42167121171951294,0.0322398841381073,-0.05769836902618408,-0.014763557352125645,0.3655562102794647,0.6900421380996704,0.42258816957473755
193,0.3557928204536438,0.7736810445785522,0.9459927082061768,4.295989513397217,40.72758102416992,3.051720142364502,2.2690911293029785,1.9984385967254639,0.09978675842285156,0.19716408848762512,-0.0074265324510633945,3.058596134185791,2.2668142318725586,2.0039989948272705
194,0.412946492433548,0.7530601620674133,0.24974781274795532,0.5918247699737549,4.439111709594727,0.43982967734336853,0.3234756290912628,0.22840739786624908,0.053139787167310715,-0.08752495795488358,-0.018190698698163033,0.43782562017440796,0.3122780919075012,0.22831697762012482
195,0.40542128682136536,0.7397068738937378,1.2947375774383545,10.877058982849121,142.39462280273438,5.88555908203125,8.397913932800293,3.625694513320923,-0.4875851571559906,-0.5768024325370789,0.2096952646970749,5.881687164306641,8.401451110839844,3.6297216415405273
196,0.4106799066066742,0.7261239290237427,0.8833471536636353,5.521186828613281,68.48278045654297,3.455533504486084,4.28982400894165,0.3744499981403351,-0.1689734160900116,0.07595876604318619,0.036332640796899796,3.461026668548584,4.3011155128479,0.37372273206710815
197,0.38928481936454773,0.7266743779182434,1.0800596475601196,10.527807235717773,140.9761505126953,7.750142574310303,5.895740032196045,4.001282691955566,-0.6462693214416504,0.33236899971961975,-0.2949284613132477,7.744693756103516,5.902783393859863,4.001528263092041
198,0.44017836451530457,0.745992124080658,0.7146742343902588,5.649588584899902,75.16608428955078,4.410851001739502,3.505018949508667,0.4208199679851532,0.3664785325527191,-0.30175265669822693,-0.04727882891893387,4.407861232757568,3.501746654510498,0.41932204365730286
199,0.37766730785369873,0.7359945178031921,0.7694730162620544,4.606227397918701,57.001949310302734,3.9386096000671387,2.301832437515259,0.6373799443244934,0.15558499097824097,-0.255487322807312,0.059193603694438934,3.9465136528015137,2.2939908504486084,0.6363955140113831
200,0.38092026114463806,0.7427406907081604,0.3638370633125305,1.4913010597229004,18.139829635620117,0.4072677195072174,1.3433117866516113,0.5036120414733887,-0.004704867023974657,-0.14534670114517212,0.04843465983867645,0.4083765149116516,1.3391504287719727,0.5026757717132568
201,0.4147092401981354,0.7311655879020691,1.2232493162155151,10.766895294189453,141.61598205566406,5.536539554595947,8.508952140808105,3.587547779083252,-0.3639032542705536,-0.5082453489303589,0.19126760959625244,5.539977550506592,8.517451286315918,3.592438220977783
202,0.4822864830493927,0.6584725975990295,0.7221622467041016,3.2836124897003174,41.71760177612305,2.1002888679504395,2.499910593032837,0.3483468294143677,0.10498394817113876,0.2312425822019577,-0.03529668226838112,2.1035146713256836,2.496135711669922,0.3475206792354584
203,0.44546839594841003,0.6910204887390137,0.4245067238807678,1.2351628541946411,12.843681335449219,0.5754712820053101,0.9185882806777954,0.5921617746353149,-0.06070790812373161,-0.10718229413032532,-0.01162175927311182,0.5738564133644104,0.9148585796356201,0.5936992168426514
204,0.5409538745880127,0.6556318998336792,0.549235463142395,1.5032974481582642,15.596451759338379,0.697354793548584,1.1874068975448608,0.6030458211898804,-0.01794382557272911,-0.10984033346176147,0.027993515133857727,0.6990684270858765,1.1856136322021484,0.604076087474823
205,0.5276586413383484,0.6609337329864502,0.5419694185256958,1.4714620113372803,10.54179573059082,1.0171154737472534,0.9949520230293274,0.3751625120639801,-0.063344307243824,-0.036898910999298096,-0.05393170937895775,1.017972707748413,0.9970410466194153,0.3723014295101166
206,0.5340985655784607,0.6571514010429382,1.235569715499878,5.834537506103516,73.79682922363281,5.411165237426758,1.3114986419677734,1.7438719272613525,0.33695653080940247,-0.09829768538475037,-0.14974044263362885,5.4157280921936035,1.311457633972168,1.7422776222229004
207,0.4825039505958557,0.6359242796897888,0.6232554316520691,1.2532434463500977,7.7212958335876465,0.7463042140007019,0.8936523795127869,0.4637179970741272,-0.011672292836010456,-0.11187615245580673,-0.0037489573005586863,0.7482944130897522,0.8890950679779053,0.4649962782859802
208,0.5419290661811829,0.6717811226844788,1.8723585605621338,9.757391929626465,101.6985855102539,7.649354457855225,5.90765905380249,1.3392659425735474,0.7276300191879272,-0.2158825397491455,0.021132035180926323,7.635909080505371,5.920181751251221,1.3428345918655396
209,0.5062283277511597,0.6534911394119263,1.1828854084014893,4.877830505371094,44.83013916015625,3.747769832611084,3.0493292808532715,0.6701077222824097,0.04964776709675789,-0.1673513948917389,0.06394978612661362,3.7578938007354736,3.0532264709472656,0.6689099669456482
210,0.47231462597846985,0.6589369177818298,1.1804090738296509,7.1125593185424805,92.92137145996094,5.037740707397461,4.976385593414307,0.667280375957489,0.39716213941574097,0.3569251298904419,-0.05526620149612427,5.036068916320801,4.977414608001709,0.6668426394462585
211,0.514163076877594,0.6475720405578613,1.2125989198684692,5.797656536102295,74.051513671875,3.819627285003662,3.431760549545288,2.6918928623199463,0.22320082783699036,0.3668104410171509,-0.2236824482679367,3.8237369060516357,3.4216182231903076,2.690066337585449
212,0.5846452713012695,0.6341126561164856,0.6761978268623352,1.5096158981323242,12.89009952545166,0.829203724861145,1.1466742753982544,0.5258321762084961,-0.028424156829714775,-0.0812162235379219,-0.05310247838497162,0.8310279846191406,1.1469849348068237,0.5246031880378723
213,0.4952167570590973,0.6645517349243164,1.0736558437347412,3.2920846939086914,23.60696029663086,1.769750952720642,2.639143705368042,0.8606535196304321,-0.1834920346736908,-0.11407598108053207,0.04221757501363754,1.7651227712631226,2.6440317630767822,0.8620153069496155
214,0.47276610136032104,0.6633255481719971,1.9400110244750977,10.11514663696289,93.61482238769531,8.519402503967285,4.948270797729492,2.2914159297943115,-1.1612812280654907,0.025409670546650887,0.12401153147220612,8.463427543640137,4.962007999420166,2.2944400310516357
215,0.4829438030719757,0.6407575607299805,2.364379405975342,15.402482032775879,197.5856170654297,10.993688583374023,10.159516334533691,3.6276049613952637,-0.9020017385482788,-1.1709953546524048,0.2352456897497177,10.987186431884766,10.119955062866211,3.6300668716430664
216,0.6583064198493958,0.6069881916046143,2.385287284851074,13.405942916870117,147.5250244140625,9.895703315734863,7.638668537139893,4.842012882232666,-1.089951515197754,-0.8196409344673157,0.27167025208473206,9.862930297851562,7.615752220153809,4.847870349884033
217,0.5533341765403748,0.6047499775886536,3.6352479457855225,20.382843017578125,212.5776824951172,11.210976600646973,16.461652755737305,4.334545135498047,-0.06959393620491028,-1.3425147533416748,0.28731638193130493,11.242032051086426,16.45258331298828,4.337076663970947
218,0.619064211845398,0.6131822466850281,0.8292016386985779,2.050130844116211,17.61907386779785,1.2113500833511353,1.5785166025161743,0.4939155876636505,-0.008800183422863483,0.09716038405895233,-0.033870380371809006,1.2146968841552734,1.5799182653427124,0.4941273629665375
219,0.47569048404693604,0.6379493474960327,2.0241265296936035,14.566866874694824,190.6035919189453,10.719532012939453,9.203160285949707,3.5478272438049316,-0.7340344190597534,-0.6263343095779419,0.15244713425636292,10.724201202392578,9.20743465423584,3.5544378757476807
220,0.5816118121147156,0.6156297922134399,1.3868135213851929,6.008881092071533,70.041748046875,2.169684410095215,5.3152594566345215,1.7740169763565063,0.254342257976532,-0.0023347006645053625,-0.08796477317810059,2.160735607147217,5.330085277557373,1.7767773866653442
221,0.5798014998435974,0.6500954031944275,1.2217848300933838,5.608743667602539,70.08753967285156,1.4301226139068604,5.130620956420898,1.7576929330825806,-0.047391459345817566,-0.5439663529396057,0.19963422417640686,1.4333240985870361,5.115933418273926,1.751190423965454
222,0.5114201903343201,0.6419075131416321,2.025580644607544,14.554028511047363,188.15342712402344,13.257343292236328,5.258021354675293,2.900993824005127,0.9244211316108704,-0.3699081540107727,0.13636820018291473,13.26196575164795,5.259624004364014,2.905869722366333
223,0.47506582736968994,0.6442698836326599,1.7834022045135498,10.265116691589355,122.1893081665039,5.893345832824707,7.715888023376465,3.332592248916626,-0.47699612379074097,-0.02009398117661476,-0.273025780916214,5.890395641326904,7.737384796142578,3.3306539058685303
224,0.5664793848991394,0.6009618043899536,2.1334826946258545,12.441617965698242,137.76956176757812,3.694695472717285,11.514152526855469,2.9270081520080566,-0.3902207314968109,-0.3306770622730255,0.12545786798000336,3.684279203414917,11.54150676727295,2.9324753284454346
225,0.6053038835525513,0.6125479340553284,1.1364960670471191,3.4176480770111084,36.532379150390625,2.5636777877807617,2.127692699432373,0.7621016502380371,-0.1754690259695053,0.02252906747162342,-0.12369628995656967,2.564800262451172,2.13350772857666,0.7540937662124634
226,0.526378870010376,0.629467248916626,2.102341651916504,8.950495719909668,86.78284454345703,5.748831748962402,5.521487712860107,4.071300029754639,-0.32061266899108887,0.8147731423377991,-0.5374417901039124,5.755895614624023,5.476274490356445,4.0469279289245605
227,0.5302554368972778,0.6256830096244812,1.2957097291946411,4.366610050201416,38.69501876831055,2.9552412033081055,3.106173515319824,0.8279608488082886,-0.22387970983982086,-0.24389758706092834,0.062270425260066986,2.9549684524536133,3.1052210330963135,0.8279188275337219
228,0.5578773617744446,0.6172135472297668,1.1909408569335938,3.9568111896514893,43.06486511230469,1.9442780017852783,3.1495578289031982,1.3987220525741577,-0.16577985882759094,-0.028941774740815163,0.01391498651355505,1.9426010847091675,3.158209800720215,1.4025540351867676
229,0.614107072353363,0.6227279305458069,1.8110061883926392,10.450339317321777,134.80569458007812,10.151948928833008,1.7237526178359985,1.7821884155273438,-0.6932454705238342,-0.3401798903942108,0.09749678522348404,10.156502723693848,1.6945658922195435,1.784483551979065
230,0.579359233379364,0.5859475135803223,1.5481188297271729,8.817573547363281,114.53868865966797,4.870650291442871,7.025611400604248,2.1603610515594482,-0.6240902543067932,0.33752793073654175,-0.03299286216497421,4.84397554397583,7.037073135375977,2.1661343574523926
231,0.5476956963539124,0.6216261386871338,1.2366697788238525,2.844012498855591,21.991039276123047,1.7055010795593262,2.14310884475708,0.7660003900527954,-0.064113087952137,0.17700153589248657,-0.07709337025880814,1.7090495824813843,2.14174485206604,0.7642368674278259
232,0.5052510499954224,0.647472620010376,4.097903251647949,20.651161193847656,186.25437927246094,13.5602388381958,15.139291763305664,3.6595330238342285,-1.014305591583252,-1.9422410726547241,0.540087103843689,13.55997085571289,15.056069374084473,3.6295559406280518
233,0.5242847204208374,0.634117603302002,2.214792490005493,10.03775405883789,97.73369598388672,5.763721466064453,7.693050384521484,2.8901538848876953,-0.22279302775859833,-0.2977412939071655,-0.20655551552772522,5.775479316711426,7.7087297439575195,2.8908045291900635
234,0.5407933592796326,0.6130737662315369,1.2802670001983643,4.968987464904785,60.75027847290039,2.725661277770996,4.072688102722168,0.8214749693870544,0.11702705174684525,-0.18808907270431519,-0.05662526190280914,2.730743646621704,4.079690456390381,0.8218069076538086
235,0.5430204272270203,0.651217520236969,2.223510503768921,16.512035369873047,215.1113739013672,15.04317855834961,6.654549598693848,1.4377398490905762,-1.2876927852630615,-0.4670982360839844,0.11667822301387787,15.029770851135254,6.656652450561523,1.4369946718215942
236,0.5284756422042847,0.6484587788581848,1.3059961795806885,4.355654239654541,44.98698806762695,1.181631088256836,3.6034185886383057,2.1426265239715576,-0.21210472285747528,-0.35398000478744507,0.08021994680166245,1.165681004524231,3.5959925651550293,2.147096633911133
237,0.5837655663490295,0.6371876001358032,0.9019042253494263,1.9050602912902832,13.448787689208984,1.4297386407852173,1.1154414415359497,0.5838598012924194,0.0828905776143074,0.011951565742492676,-0.07797925919294357,1.431315302848816,1.1184885501861572,0.5802429914474487
238,0.5866544842720032,0.6246675848960876,1.043210744857788,2.759934425354004,24.17236328125,1.685577392578125,2.0441195964813232,0.7730720639228821,-0.20006726682186127,0.04580743610858917,-0.02276383526623249,1.678330421447754,2.049306869506836,0.774892270565033
239,0.6573168039321899,0.6188212037086487,1.7775896787643433,10.667811393737793,138.5299072265625,7.357192039489746,6.69404935836792,3.8553361892700195,0.5231359004974365,0.4216565489768982,-0.2847380042076111,7.359039783477783,6.6993913650512695,3.855531692504883
240,0.6171488165855408,0.6196179389953613,2.2692880630493164,12.115521430969238,140.79078674316406,7.831791400909424,8.323371887207031,4.021243095397949,-0.6012468338012695,0.05937004089355469,0.2647888958454132,7.830461502075195,8.346376419067383,4.023708820343018
241,0.5668672323226929,0.6020636558532715,1.769126296043396,11.320667266845703,142.5618896484375,7.040938377380371,7.7271904945373535,4.344329357147217,0.5295121073722839,0.6265447735786438,-0.23275569081306458,7.040583610534668,7.723230838775635,4.350190162658691
242,0.5600694417953491,0.6216813325881958,3.400498151779175,19.059064865112305,158.86167907714844,8.144282341003418,16.73345947265625,4.1121673583984375,0.7000783681869507,0.35466983914375305,-0.32687830924987793,8.136771202087402,16.776365280151367,4.110589027404785
243,0.5447301864624023,0.6118267774581909,2.4876272678375244,16.427305221557617,212.11793518066406,11.762596130371094,11.142799377441406,2.708449363708496,-0.6542393565177917,-0.9005228281021118,-0.03306449204683304,11.777145385742188,11.137330055236816,2.715801954269409
244,0.6136184334754944,0.58648282289505,1.6320092678070068,6.3540496826171875,74.31808471679688,4.892087936401367,3.779888153076172,1.4676060676574707,-0.3935546875,-0.07448949664831161,0.10003628581762314,4.889834403991699,3.7896955013275146,1.468276858329773
245,0.628567636013031,0.6209522485733032,0.9980741739273071,2.5743143558502197,17.229480743408203,1.4237369298934937,2.05539870262146,0.6127008199691772,-0.2132236808538437,-0.1673051416873932,0.05944642052054405,1.4116064310073853,2.054292678833008,0.6115111708641052
246,0.5714001655578613,0.6033754944801331,1.8883079290390015,11.286824226379395,143.1907196044922,8.017590522766113,7.3725457191467285,2.9590871334075928,-0.7318247556686401,-0.6175695061683655,0.13262711465358734,8.006392478942871,7.367127418518066,2.9643590450286865
247,0.595767617225647,0.6100404858589172,1.0160505771636963,3.0162343978881836,27.96689796447754,2.278994560241699,1.89393150806427,0.5629170536994934,0.04805363714694977,-0.2386028915643692,0.04169943556189537,2.284843683242798,1.884082555770874,0.5629363059997559
248,0.5954910516738892,0.6031842231750488,1.2463995218276978,2.8034439086914062,22.155248641967773,1.8496450185775757,1.9004497528076172,0.9090666174888611,-0.07799697667360306,0.09376417100429535,-0.06531768292188644,1.8531545400619507,1.9034299850463867,0.9092462062835693
249,0.5757142305374146,0.6181702017784119,1.0441776514053345,3.366840362548828,32.69635772705078,2.4463257789611816,2.206204891204834,0.6955311298370361,-0.09613495320081711,-0.17373564839363098,-0.05641798675060272,2.451254367828369,2.205488443374634,0.695172905921936
250,0.5904459953308105,0.584784746170044,0.887279212474823,1.8614007234573364,11.169022560119629,0.9481589794158936,1.489526391029358,0.5891671776771545,-0.1473848521709442,-0.07219256460666656,0.05414323881268501,0.939246654510498,1.4919259548187256,0.5883105397224426
251,0.582612931728363,0.6160718202590942,1.472977876663208,8.970182418823242,116.87102508544922,8.190068244934082,3.5848326683044434,0.732069730758667,-0.6275184154510498,0.2873418927192688,-0.12442881613969803,8.18877124786377,3.5832653045654297,0.7234300374984741
252,0.5898368954658508,0.5917023420333862,1.3515299558639526,6.863097190856934,88.8421401977539,3.8123605251312256,5.10090970993042,2.5590481758117676,-0.27523383498191833,0.23442910611629486,0.14412136375904083,3.813018560409546,5.109732627868652,2.5621132850646973
253,0.6350429058074951,0.5842747092247009,1.2056612968444824,5.466275691986084,70.31330108642578,5.267716884613037,1.3384093046188354,0.5830868482589722,0.30360522866249084,-0.05458256974816322,-0.04394281283020973,5.273630142211914,1.3410260677337646,0.583050549030304
254,0.6096422076225281,0.5914467573165894,1.975558876991272,10.044814109802246,120.7279052734375,6.5448384284973145,7.540388584136963,1.0981428623199463,0.5340732932090759,-0.3665587604045868,0.08784501254558563,6.5412068367004395,7.5524821281433105,1.0976769924163818
255,0.628247857093811,0.5919672250747681,0.9487579464912415,1.9335541725158691,10.779472351074219,1.2260891199111938,1.3166580200195312,0.7083421349525452,-0.009845315478742123,0.15026642382144928,-0.08910968899726868,1.229469656944275,1.3117038011550903,0.7046749591827393
256,0.5728674530982971,0.6291507482528687,1.9910762310028076,10.586759567260742,106.90048217773438,1.7137585878372192,9.177115440368652,4.992301940917969,-0.025072140619158745,0.8941336870193481,-0.5413474440574646,1.7183549404144287,9.158929824829102,4.976707935333252
257,0.5985002517700195,0.618266761302948,0.9702636003494263,2.495112419128418,25.0084171295166,0.9748833179473877,2.1162776947021484,0.892500102519989,-0.04755360260605812,-0.12904448807239532,0.07415755093097687,0.9764389991760254,2.118231773376465,0.8918948769569397
258,0.6282567381858826,0.5917935967445374,1.1951156854629517,4.411231517791748,51.63036346435547,2.831347942352295,3.341017484664917,0.5291832685470581,0.0005346722318790853,0.14406219124794006,0.00432237796485424,2.839245557785034,3.3472208976745605,0.5306417346000671
259,0.6400607824325562,0.5745763778686523,1.3274825811386108,4.503940105438232,50.94648742675781,3.3822197914123535,2.887521743774414,0.7129384875297546,-0.28621625900268555,0.33118635416030884,-0.03740733489394188,3.379487991333008,2.876467704772949,0.7139423489570618
260,0.6264218688011169,0.5719548463821411,1.6455233097076416,8.146641731262207,104.70352172851562,7.5318427085876465,2.954066753387451,0.9553030729293823,0.7413690686225891,-0.10777036845684052,-0.10570031404495239,7.516173839569092,2.9603350162506104,0.9520857930183411
261,0.6582750678062439,0.6009959578514099,2.9960708618164062,18.4208984375,178.680419921875,3.6501286029815674,16.95771598815918,6.20015287399292,0.09607020765542984,1.9669078588485718,-0.6939314007759094,3.6590421199798584,16.890243530273438,6.178383827209473
262,0.6589647531509399,0.5896122455596924,1.0714573860168457,3.1690471172332764,31.262056350708008,1.9774086475372314,2.3630757331848145,0.7406664490699768,0.1536315530538559,-0.18916001915931702,-0.021257419139146805,1.9769306182861328,2.362062931060791,0.7424265146255493
263,0.6049492955207825,0.6031833291053772,1.8553277254104614,15.35389232635498,203.47421264648438,13.427790641784668,7.382345199584961,0.9682131409645081,-1.1179604530334473,-0.5519329309463501,0.08007975667715073,13.418495178222656,7.382218837738037,0.9675872325897217
264,0.6804131269454956,0.5785239934921265,2.243063449859619,10.929034233093262,116.65723419189453,9.249703407287598,5.660667419433594,1.3577964305877686,-1.2108012437820435,-0.15852835774421692,0.10377522557973862,9.195693016052246,5.674231052398682,1.3576011657714844
265,0.5556232929229736,0.5981574654579163,1.1229242086410522,2.5084457397460938,18.405765533447266,1.7235428094863892,1.729600191116333,0.5746155977249146,0.08898177742958069,0.10683329403400421,-0.03100188635289669,1.7260456085205078,1.7311128377914429,0.5753791928291321
266,0.5644364356994629,0.6108967065811157,1.4153283834457397,6.090615272521973,72.59288787841797,5.156814098358154,2.448354959487915,2.1233043670654297,0.35974109172821045,-0.2212928831577301,0.28881633281707764,5.158600330352783,2.4451353549957275,2.1094374656677246
267,0.5388860702514648,0.593384861946106,2.004024028778076,8.19013786315918,71.54894256591797,6.657980442047119,4.271161079406738,2.1229312419891357,-0.16766862571239471,-0.37760910391807556,-0.2477732002735138,6.674435138702393,4.266303539276123,2.1143035888671875
268,0.648425281047821,0.615851640701294,2.9735753536224365,14.393803596496582,148.1786346435547,5.360257625579834,13.283666610717773,1.4118859767913818,-0.10747010260820389,-1.1099116802215576,0.06521040946245193,5.374129772186279,13.274139404296875,1.4143133163452148
269,0.551171600818634,0.6068395376205444,1.011649250984192,2.2775821685791016,17.12576675415039,1.0602785348892212,1.4552950859069824,1.3947418928146362,-0.08821161091327667,0.12773670256137848,-0.10152501612901688,1.0595500469207764,1.4537218809127808,1.3949222564697266
270,0.5187117457389832,0.6368333101272583,1.1296463012695312,2.4718027114868164,17.37645149230957,1.3858985900878906,1.921470284461975,0.7050144672393799,-0.0761270672082901,-0.036710940301418304,-0.015143397264182568,1.38766610622406,1.9264782667160034,0.7068179845809937
271,0.58113694190979,0.6103061437606812,2.0329749584198,13.530064582824707,176.83114624023438,10.16960620880127,8.595511436462402,2.3997819423675537,0.8108136057853699,0.7031451463699341,-0.2164320945739746,10.165508270263672,8.590599060058594,2.3966689109802246
272,0.6015507578849792,0.6198420524597168,1.5603560209274292,6.728633880615234,79.23289489746094,5.637836933135986,2.6101737022399902,2.5838544368743896,0.30562397837638855,-0.170652374625206,0.12181013077497482,5.645249843597412,2.611854314804077,2.5881807804107666
273,0.5695921182632446,0.6473450660705566,1.8536385297775269,7.548964500427246,74.0956802368164,5.64188289642334,4.472652435302734,2.2696714401245117,0.431490957736969,-0.16969314217567444,0.16594868898391724,5.641049385070801,4.481899261474609,2.2699105739593506
274,0.5076879858970642,0.6002258062362671,1.8247002363204956,10.149843215942383,131.44467163085938,2.7616443634033203,8.905618667602539,4.010310173034668,-0.10177426040172577,-0.7903684973716736,0.30482345819473267,2.7674665451049805,8.895220756530762,4.009862899780273
275,0.574114978313446,0.6436125636100769,1.1161643266677856,2.273848295211792,12.763714790344238,1.5116044282913208,1.5939031839370728,0.5872911810874939,-0.009555567987263203,-0.06527677923440933,-0.00021081235900055617,1.515790581703186,1.597008228302002,0.588929295539856
276,0.5627095103263855,0.6082310080528259,1.653880000114441,7.395118236541748,82.79081726074219,5.4048895835876465,4.8552751541137695,1.3788537979125977,0.559323787689209,-0.11986807733774185,-0.08792188763618469,5.390867233276367,4.867334365844727,1.379886269569397
277,0.56197190284729,0.5919250249862671,1.501516580581665,4.969851970672607,43.136775970458984,2.8232836723327637,3.8613433837890625,1.3485277891159058,-0.2986641526222229,0.045742567628622055,0.04930834472179413,2.8152730464935303,3.871842384338379,1.3513851165771484
278,0.6110597848892212,0.6047934889793396,1.3417402505874634,5.695359230041504,71.01002502441406,1.7442986965179443,4.995213508605957,2.1076934337615967,-0.0312870629131794,0.2601916193962097,-0.06269975751638412,1.74888277053833,5.002347469329834,2.1126372814178467
279,0.5625417232513428,0.5872034430503845,1.3136464357376099,4.13309383392334,43.06618118286133,3.0644257068634033,2.5828232765197754,1.0103380680084229,0.24832738935947418,-0.2730984091758728,0.026907848194241524,3.0628671646118164,2.5755088329315186,1.0127968788146973
280,0.6404302716255188,0.5992469191551208,1.0920028686523438,2.8983240127563477,29.844369888305664,1.4243199825286865,2.3068156242370605,1.0247904062271118,0.06455601751804352,-0.2599237859249115,-0.05804752930998802,1.4268251657485962,2.298518657684326,1.0259990692138672
281,0.543958842754364,0.607437014579773,1.0610520839691162,2.858861207962036,25.0040225982666,2.0511982440948486,1.738043189048767,0.9720494151115417,-0.023862222209572792,0.06470080465078354,-0.17525945603847504,2.0567805767059326,1.7416831254959106,0.9587862491607666
282,0.5600013136863708,0.6208018064498901,1.7784943580627441,9.200925827026367,94.74694061279297,7.325675010681152,4.951354026794434,2.544722318649292,-0.11605013161897659,0.04854325205087662,0.1800631880760193,7.345187664031982,4.964926719665527,2.545424222946167
283,0.5603677034378052,0.6053326725959778,1.4525011777877808,3.9525251388549805,34.014888763427734,2.7787187099456787,2.6951520442962646,0.7983310222625732,-0.2547100782394409,0.2097664326429367,0.007949911057949066,2.7747385501861572,2.694471597671509,0.8005182147026062
284,0.5696160793304443,0.5963624715805054,2.0968518257141113,14.455925941467285,191.7838592529297,2.8895108699798584,13.037322044372559,5.536491870880127,0.1325872242450714,-1.1874054670333862,0.4239874482154846,2.8945188522338867,13.019352912902832,5.5356316566467285
285,0.5689895749092102,0.6078484654426575,1.3821728229522705,6.025275230407715,76.33271789550781,2.344170331954956,5.3939900398254395,1.3090741634368896,0.13102655112743378,-0.5539160966873169,-0.06760264933109283,2.347034454345703,5.380439758300781,1.3109740018844604
286,0.5512261986732483,0.6116196513175964,0.8998693227767944,1.871846318244934,14.11496639251709,1.406677484512329,1.100460171699524,0.5604061484336853,-0.17137928307056427,0.02795429341495037,-0.081924207508564,1.4000931978225708,1.1031736135482788,0.5559320449829102
287,0.5361266732215881,0.6058131456375122,1.2438932657241821,3.7026944160461426,35.68098068237305,2.2264139652252197,2.802971124649048,0.9467735886573792,0.15028218924999237,-0.0034737747628241777,-0.08038116991519928,2.2275326251983643,2.8107874393463135,0.9459866285324097
288,0.5662103891372681,0.6053712368011475,1.1517186164855957,2.928546905517578,26.933494567871094,1.6293789148330688,2.2920279502868652,0.8173854947090149,0.12467401474714279,-0.13883358240127563,-0.19323404133319855,1.6291338205337524,2.294201135635376,0.7964317202568054
289,0.5608946084976196,0.6044482588768005,1.4015287160873413,6.155429840087891,73.23724365234375,4.527557849884033,3.164599657058716,2.7158496379852295,0.31587862968444824,0.33151763677597046,-0.1978273242712021,4.529123783111572,3.15596604347229,2.7161905765533447
290,0.5223841071128845,0.6059824228286743,1.0394830703735352,2.477588176727295,17.4869327545166,1.6000455617904663,1.6645874977111816,0.8985799551010132,-0.12120652943849564,0.07310779392719269,-0.21557575464248657,1.5998986959457397,1.667620062828064,0.8747710585594177
291,0.6142525672912598,0.6380185484886169,3.692765474319458,19.869686126708984,187.15420532226562,15.300848007202148,12.000333786010742,4.084174156188965,-1.2434991598129272,-1.540030598640442,0.48555442690849304,15.292773246765137,11.93430233001709,4.0665202140808105
292,0.5742992162704468,0.6075859665870667,1.1453458070755005,2.7054550647735596,20.359663009643555,1.37770414352417,2.012955665588379,1.1702255010604858,0.22192104160785675,-0.20005068182945251,-0.18526321649551392,1.3635059595108032,2.008577585220337,1.1586906909942627
293,0.5787405967712402,0.6017215251922607,1.2662163972854614,3.571430206298828,28.845182418823242,2.436077833175659,2.3369083404541016,1.1659753322601318,-0.020092450082302094,-0.17859172821044922,-0.03785841166973114,2.4427900314331055,2.336573600769043,1.1686111688613892
294,0.5323943495750427,0.625708818435669,1.413388967514038,4.836668491363525,56.53911590576172,4.2800679206848145,2.1903676986694336,0.5259890556335449,-0.181706964969635,0.16794052720069885,-0.05478006973862648,4.288137435913086,2.190011978149414,0.5245879292488098
295,0.5729357600212097,0.5964651703834534,1.266960859298706,3.186391592025757,20.696765899658203,1.9825937747955322,2.2979629039764404,0.9704530239105225,0.025232495740056038,0.11479359865188599,0.034683845937252045,1.987963080406189,2.3014957904815674,0.9725381731987
296,0.6380932927131653,0.583122968673706,1.9986358880996704,8.386815071105957,64.73419189453125,2.082855463027954,6.0327348709106445,5.4411845207214355,-0.18324370682239532,0.6486667394638062,-0.03720254823565483,2.080566644668579,6.014490127563477,5.456234931945801
297,0.593981146812439,0.6028003692626953,1.133325219154358,2.8205158710479736,18.741357803344727,1.6950392723083496,2.0901272296905518,0.8447012305259705,-0.01241651363670826,-0.2690730094909668,0.07331262528896332,1.6997219324111938,2.078516960144043,0.8438611030578613
298,0.5866836309432983,0.609675943851471,1.5405731201171875,4.427323818206787,45.468910217285156,3.422624111175537,2.6961934566497803,0.7857335805892944,-0.025011200457811356,0.00542700057849288,-0.11799095571041107,3.432079792022705,2.7037086486816406,0.7789907455444336
299,0.4699450433254242,0.5668438076972961,1.6227002143859863,10.825409889221191,142.90248107910156,1.516821026802063,10.037778854370117,3.7592227458953857,0.028737742453813553,-0.6426078081130981,0.1950744390487671,1.5207791328430176,10.045129776000977,3.76462984085083
300,0.5931122899055481,0.5806417465209961,1.4404754638671875,4.284223556518555,44.37917709350586,1.459360957145691,3.3359038829803467,2.2575604915618896,-0.10363322496414185,-0.37748923897743225,0.1299804151058197,1.4597370624542236,3.3237223625183105,2.2601022720336914
301,0.5855463743209839,0.6043400168418884,1.665927529335022,8.834287643432617,113.5479507446289,6.630180835723877,5.097079277038574,2.8469486236572266,0.3376114070415497,0.292799174785614,-0.22156135737895966,6.640050411224365,5.1028571128845215,2.846231460571289
302,0.5918448567390442,0.6140272617340088,3.3549554347991943,19.855926513671875,191.71743774414062,5.368252277374268,18.399829864501953,5.185163974761963,-0.3848288357257843,-2.4329493045806885,0.6567606329917908,5.369377136230469,18.289142608642578,5.157749652862549
303,0.6816860437393188,0.5835146903991699,1.2701934576034546,5.119000434875488,55.34928512573242,3.790731191635132,3.31087589263916,0.9341431260108948,-0.3951926529407501,0.0896761417388916,-0.06796982884407043,3.7805912494659424,3.3188931941986084,0.9342657923698425
304,0.5372886657714844,0.5958247780799866,1.2366043329238892,2.9571893215179443,28.770811080932617,2.1576459407806396,1.9110451936721802,0.6613913774490356,0.025695811957120895,-0.00041402180795557797,0.028485417366027832,2.163511276245117,1.9163758754730225,0.6626208424568176
305,0.5800227522850037,0.6113067269325256,1.6070494651794434,7.517433166503906,95.98711395263672,1.7955149412155151,6.539093494415283,3.244715690612793,0.2187415510416031,-0.49863287806510925,0.16383050382137299,1.787111759185791,6.538240909576416,3.2496161460876465
306,0.6141101717948914,0.6127561330795288,2.888559341430664,13.517135620117188,135.72093200683594,7.63908576965332,10.716760635375977,3.083561658859253,-0.7498403191566467,0.32748648524284363,-0.13189557194709778,7.623400688171387,10.7416353225708,3.0893330574035645
307,0.547828197479248,0.6230893731117249,1.571938395500183,5.444815158843994,44.677818298339844,2.5510127544403076,4.66785192489624,1.1616811752319336,-0.13491755723953247,0.20765483379364014,-0.12555712461471558,2.5545482635498047,4.676238536834717,1.158097505569458
308,0.5850297808647156,0.6024362444877625,2.0608251094818115,9.314720153808594,91.96095275878906,7.1955647468566895,5.688114166259766,1.622720718383789,-0.11659315228462219,0.2619263529777527,0.043861474841833115,7.214688777923584,5.697930812835693,1.6266525983810425
309,0.5890141129493713,0.6136812567710876,1.527540922164917,7.308783054351807,94.51911163330078,3.949753999710083,5.980591297149658,1.4318840503692627,0.28892120718955994,-0.6019684076309204,0.07199149578809738,3.950160503387451,5.966816425323486,1.434062123298645
310,0.6327471137046814,0.5918494462966919,1.620388150215149,5.634261608123779,62.81544876098633,4.3036370277404785,3.444343090057373,1.1662402153015137,0.30229654908180237,-0.24637331068515778,0.013248782604932785,4.3049821853637695,3.445103168487549,1.1694177389144897
311,0.6459733843803406,0.6017459034919739,2.8464484214782715,14.550155639648438,121.86237335205078,11.116533279418945,8.859184265136719,3.105567216873169,0.006013086065649986,-0.9129433631896973,0.32411661744117737,11.147540092468262,8.836599349975586,3.0972228050231934
312,0.6054297089576721,0.5838366746902466,1.6121327877044678,4.6353302001953125,30.42708969116211,3.9279050827026367,2.2747344970703125,0.9399087429046631,0.1075042337179184,0.031009817495942116,-0.09346441179513931,3.9373860359191895,2.2808678150177,0.9378589391708374
313,0.5890714526176453,0.6013902425765991,1.6911869049072266,7.150540351867676,82.10597229003906,6.34074068069458,3.1675221920013428,0.9444761276245117,-0.5005282759666443,0.19811458885669708,-0.0580732636153698,6.338585376739502,3.1701388359069824,0.9453185796737671
314,0.5793015956878662,0.5841222405433655,2.4198222160339355,10.044659614562988,111.09541320800781,8.403914451599121,5.307538032531738,1.4489445686340332,-0.9498780965805054,-0.09491670876741409,-0.045709919184446335,8.37335205078125,5.3214921951293945,1.4522631168365479
315,0.6414749026298523,0.6150528192520142,2.58193302154541,13.074237823486328,144.2618408203125,4.985342502593994,12.01053524017334,1.3524435758590698,0.4440484941005707,1.0751100778579712,0.013806433416903019,4.9793782234191895,11.995686531066895,1.3561453819274902
316,0.6574475169181824,0.57475745677948,1.7124871015548706,6.847104072570801,78.66053771972656,5.33433723449707,3.884235143661499,1.8276764154434204,0.42618003487586975,0.46622636914253235,0.16962212324142456,5.332118034362793,3.8669092655181885,1.8248642683029175
317,0.6005431413650513,0.5691553354263306,1.0959417819976807,3.198615312576294,26.222671508789062,2.182770252227783,2.29086971282959,0.46751534938812256,0.050383374094963074,-0.2877161502838135,0.04061165079474449,2.1882755756378174,2.2790699005126953,0.46704724431037903
318,0.6175037622451782,0.5858408212661743,1.8403046131134033,9.529205322265625,124.22373962402344,8.554275512695312,4.057609558105469,1.0797828435897827,-0.6258666515350342,-0.4162859618663788,0.025010796263813972,8.555147171020508,4.047457218170166,1.0825042724609375
319,0.4483325183391571,0.5746602416038513,1.639400601387024,9.565339088439941,126.27777099609375,1.3354144096374512,8.973252296447754,3.032017707824707,-0.04461897909641266,-0.6833971738815308,0.24613796174526215,1.338391661643982,8.972148895263672,3.030440092086792
320,0.5657002329826355,0.5949779152870178,1.5820937156677246,4.192824363708496,34.45315170288086,3.35844087600708,2.2988338470458984,1.0079758167266846,0.24198080599308014,0.24746832251548767,-0.16510388255119324,3.359055995941162,2.2918503284454346,0.9971357583999634
321,0.6139693260192871,0.5768510103225708,1.4871001243591309,4.776875972747803,52.230350494384766,2.1286025047302246,3.9713873863220215,1.58608877658844,0.18493978679180145,-0.28186488151550293,0.12034057080745697,2.1264681816101074,3.972421646118164,1.585928201675415
322,0.61712247133255,0.579002320766449,1.7241218090057373,8.116348266601562,104.100341796875,5.548083305358887,5.502252101898193,2.195246458053589,-0.544200599193573,-0.13926680386066437,0.1531514674425125,5.53672981262207,5.515833377838135,2.1960060596466064
323,0.6249364018440247,0.6123127937316895,2.40602445602417,9.714969635009766,108.16508483886719,5.206664562225342,6.948292255401611,4.3580403327941895,0.16047075390815735,0.35020482540130615,-0.2105451226234436,5.21870756149292,6.958818435668945,4.36509370803833
324,0.6265861988067627,0.6005299687385559,2.2361679077148438,11.189104080200195,126.88861083984375,2.4986307621002197,9.971599578857422,4.418153762817383,0.42730018496513367,-1.0874263048171997,0.1514272838830948,2.4686896800994873,9.939777374267578,4.427874565124512
325,0.6096947193145752,0.5969783663749695,1.9797948598861694,8.447850227355957,86.38720703125,4.50443172454834,6.853149890899658,2.0274620056152344,-0.3138646185398102,-0.020737670361995697,0.04928307235240936,4.506017684936523,6.872235298156738,2.0325169563293457
326,0.5915350914001465,0.5977492928504944,1.1041958332061768,2.107757091522217,11.606369018554688,1.5122971534729004,1.2925952672958374,0.6962717771530151,-0.05599592253565788,-0.009289326146245003,-0.04436613246798515,1.5154757499694824,1.2961674928665161,0.6967950463294983
327,0.597586989402771,0.5928558707237244,1.6310696601867676,7.85638427734375,101.41387939453125,6.230435848236084,4.588111400604248,1.361494541168213,0.41646865010261536,-0.21986283361911774,0.0671977773308754,6.233840465545654,4.595623970031738,1.3636283874511719
328,0.5828946828842163,0.5931017398834229,2.200853109359741,9.107254981994629,88.8762435913086,7.003293991088867,5.259066581726074,2.4976375102996826,0.6783068776130676,0.15753404796123505,-0.20673368871212006,6.989810943603516,5.271369457244873,2.4960098266601562
329,0.5403038263320923,0.6028953194618225,2.4579596519470215,14.63355541229248,141.61326599121094,4.392937183380127,13.600921630859375,3.1397452354431152,0.5309235453605652,-0.009295612573623657,0.1090996041893959,4.372899532318115,13.638856887817383,3.146601915359497
330,0.6445209383964539,0.5825938582420349,2.0906341075897217,10.959550857543945,140.98812866210938,10.846213340759277,1.452499508857727,0.6013734936714172,0.8575829863548279,-0.1257791966199875,-0.03134201094508171,10.842415809631348,1.4510796070098877,0.6022313833236694
331,0.5828073620796204,0.5867087841033936,1.7840150594711304,7.90828800201416,98.4888916015625,2.262901544570923,7.001998424530029,2.8969509601593018,0.10730976611375809,0.2687225341796875,-0.19045215845108032,2.266660690307617,7.016356945037842,2.8987467288970947
332,0.5807833671569824,0.589730441570282,1.700730800628662,7.505696773529053,96.25253295898438,1.7603570222854614,6.746094226837158,2.779719829559326,0.134169802069664,-0.6793156862258911,0.19215096533298492,1.7601324319839478,6.730525970458984,2.780805826187134
333,0.5294314026832581,0.5998719334602356,1.115697979927063,2.1662938594818115,13.313509941101074,1.3554408550262451,1.5659184455871582,0.635223388671875,0.044104237109422684,-0.07172096520662308,-0.03940003365278244,1.3585020303726196,1.568638563156128,0.6357688307762146
334,0.5887563228607178,0.5965999364852905,1.164634108543396,2.2588579654693604,10.944055557250977,1.5337910652160645,1.5575859546661377,0.569078803062439,0.022830046713352203,-0.20924025774002075,0.016113827005028725,1.5378988981246948,1.5477731227874756,0.5704373717308044
335,0.6058708429336548,0.5740770101547241,1.4846868515014648,4.909830093383789,53.300601959228516,3.132708787918091,2.980264186859131,2.32606840133667,0.11903423815965652,0.04085807502269745,-0.10313146561384201,3.13917875289917,2.9882960319519043,2.330263376235962
336,0.6016189455986023,0.5924921631813049,1.6043580770492554,5.581902503967285,67.17453002929688,4.920571804046631,2.5698423385620117,0.5843932628631592,-0.3129501938819885,-0.19300028681755066,-0.099791519343853,4.924307823181152,2.569732666015625,0.577416181564331
337,0.6050857305526733,0.5768901109695435,1.4737476110458374,3.203373670578003,20.297086715698242,1.9456075429916382,2.4195303916931152,0.7887241244316101,0.07470019906759262,-0.2407362461090088,0.021142903715372086,1.9495960474014282,2.4142398834228516,0.7906399965286255
338,0.6064660549163818,0.5739034414291382,1.1954312324523926,2.491576910018921,16.049381256103516,1.6258257627487183,1.7800695896148682,0.6292842626571655,-0.07121579349040985,0.0995306670665741,0.031262077391147614,1.6287959814071655,1.7822422981262207,0.6302603483200073
339,0.6470401883125305,0.5835519433021545,1.3952157497406006,4.148835182189941,44.59716796875,2.0690102577209473,3.481257438659668,0.9015974402427673,0.12306293845176697,0.11609586328268051,-0.02219576947391033,2.071108341217041,3.4890260696411133,0.9038383960723877
340,0.6180815100669861,0.577634334564209,1.4549660682678223,3.841852903366089,27.19287872314453,2.721773624420166,2.385345935821533,1.289149522781372,-0.0004923979286104441,-0.06999127566814423,0.1132226511836052,2.729365348815918,2.390969753265381,1.2877498865127563
341,0.6179715991020203,0.5921362042427063,0.8863849639892578,2.010545015335083,19.76308822631836,1.4775376319885254,1.283779263496399,0.4594396650791168,-0.059447936713695526,-0.019654856994748116,0.027376826852560043,1.4804593324661255,1.287209391593933,0.4599025547504425
342,0.6808871030807495,0.5898462533950806,1.5842549800872803,6.547876358032227,80.66319274902344,4.940692901611328,4.187697887420654,0.9630274772644043,0.2407536506652832,0.33427631855010986,-0.002286206465214491,4.9485883712768555,4.185978412628174,0.9657110571861267
343,0.6507076025009155,0.5871152281761169,1.54708731174469,4.400282382965088,45.778099060058594,1.9753116369247437,3.791895866394043,1.040266752243042,0.11575968563556671,0.24670830368995667,-0.05335356667637825,1.9774173498153687,3.7944164276123047,1.0417954921722412
344,0.6071677207946777,0.5731592178344727,1.7761359214782715,6.980478286743164,84.0546875,4.613454341888428,4.9681620597839355,1.6614699363708496,-0.22081594169139862,0.049015238881111145,-0.10546737164258957,4.621020793914795,4.981777667999268,1.662744164466858
345,0.5977367162704468,0.601478636264801,1.7638499736785889,8.97734546661377,108.25159454345703,3.9489829540252686,6.959867477416992,4.069214820861816,-0.05451159179210663,0.7053298354148865,-0.39283686876296997,3.959620952606201,6.9433488845825195,4.061506271362305
346,0.5721115469932556,0.590697169303894,1.4750512838363647,3.6646764278411865,24.06110191345215,2.2707059383392334,2.7520456314086914,0.8366563320159912,-0.13580574095249176,0.20317403972148895,-0.1312834620475769,2.272963762283325,2.7521908283233643,0.828596830368042
347,0.7100486755371094,0.5813383460044861,3.901186466217041,24.704505920410156,303.4007263183594,18.31207847595215,15.450122833251953,6.022801399230957,-1.0037651062011719,-0.7752814292907715,0.38255199790000916,18.335552215576172,15.473700523376465,6.027406215667725
348,0.6612949967384338,0.584845781326294,1.3481791019439697,3.236445426940918,28.230045318603516,1.8147131204605103,2.504437208175659,0.9535143971443176,-0.09317603707313538,0.01002393290400505,-0.051210034638643265,1.8173748254776,2.5114028453826904,0.9547941088676453
349,0.6752046942710876,0.5711990594863892,3.0240185260772705,14.541305541992188,133.73558044433594,10.02238941192627,10.418437004089355,1.567620873451233,0.330006867647171,-0.9176003336906433,0.16940248012542725,10.044896125793457,10.40689754486084,1.5627878904342651
350,0.5995534658432007,0.5822576880455017,1.4695953130722046,4.03506326675415,33.6548957824707,3.591557025909424,1.697379469871521,0.7080649137496948,-0.5619940161705017,-0.17608343064785004,-0.045996177941560745,3.5572097301483154,1.6929305791854858,0.7085402607917786
351,0.6270430684089661,0.5999278426170349,1.906293272972107,7.79984712600708,77.38976287841797,3.2485709190368652,6.059207439422607,3.6838021278381348,0.2266712486743927,0.02808445878326893,-0.24223285913467407,3.249692678451538,6.07604455947876,3.6860828399658203
352,0.6454086303710938,0.5832250118255615,2.1657183170318604,11.080366134643555,137.02114868164062,3.9971513748168945,9.771263122558594,3.3644800186157227,0.049607936292886734,-0.7449767589569092,0.15098942816257477,4.007992267608643,9.769998550415039,3.3704657554626465
353,0.6324495077133179,0.5639840364456177,2.3702774047851562,8.95809268951416,82.66683959960938,6.038562297821045,6.172128200531006,2.3849563598632812,-0.1463778018951416,0.36786094307899475,0.11893555521965027,6.053626537322998,6.178342819213867,2.3886332511901855
354,0.625047504901886,0.577200174331665,2.3127081394195557,13.728829383850098,175.4613800048828,10.064258575439453,7.627215385437012,5.386746406555176,0.6108003258705139,0.46369609236717224,-0.4826730489730835,10.07372760772705,7.634343147277832,5.380043029785156
355,0.6107972860336304,0.5825586318969727,1.4282867908477783,3.8311567306518555,33.873165130615234,2.2914469242095947,2.9560060501098633,0.8300982117652893,0.29898780584335327,-0.27074819803237915,0.005815842654556036,2.2781941890716553,2.951791524887085,0.832393229007721
356,0.6601097583770752,0.573907196521759,1.9559201002120972,7.763060092926025,87.69879913330078,1.9006335735321045,6.853379726409912,3.1118929386138916,-0.26247915625572205,0.18656191229820251,-0.2749593257904053,1.8876729011535645,6.8699493408203125,3.108368158340454
357,0.5943945050239563,0.5993722081184387,1.1119871139526367,2.251178503036499,13.248252868652344,1.6121362447738647,1.431471347808838,0.6478508710861206,-0.07889287173748016,0.14307552576065063,-0.028001252561807632,1.6146963834762573,1.4282761812210083,0.6490508913993835
358,0.6574327945709229,0.5920343399047852,1.0814847946166992,3.040200710296631,33.07410430908203,2.5100507736206055,1.3263468742370605,1.087781310081482,-0.17044807970523834,-0.03586653620004654,0.03343212604522705,2.511242389678955,1.329560399055481,1.09030020236969
359,0.5510005950927734,0.5850028395652771,1.0051229000091553,1.8090893030166626,12.204806327819824,1.3266409635543823,1.117789626121521,0.5132005214691162,-0.1108110249042511,0.02747957967221737,-0.0586039200425148,1.3256925344467163,1.120568871498108,0.5112656354904175
360,0.651715874671936,0.58197021484375,2.688619613647461,11.330307006835938,121.3426742553711,9.052667617797852,6.407801628112793,2.3162753582000732,-0.14292249083518982,0.4501800537109375,-0.21161885559558868,9.076786994934082,6.4097981452941895,2.3130221366882324
361,0.6029284596443176,0.5673523545265198,2.8519234657287598,12.535748481750488,117.71458435058594,11.210556030273438,5.412239074707031,1.4751598834991455,-1.1501504182815552,-0.5756620168685913,-0.010311937890946865,11.182504653930664,5.396548748016357,1.479238510131836
362,0.6872519850730896,0.5712924599647522,2.623826265335083,9.891531944274902,111.78858947753906,7.718320846557617,5.8651838302612305,1.9671145677566528,0.7059119343757629,0.5485691428184509,-0.3198051452636719,7.707411289215088,5.855762004852295,1.9463582038879395
363,0.5815513730049133,0.5789368748664856,2.554044485092163,12.90882396697998,126.71647644042969,10.523384094238281,7.334257125854492,1.4507830142974854,-0.1916435956954956,0.32530269026756287,-0.07290834933519363,10.55098819732666,7.347476959228516,1.4529914855957031
364,0.6116911768913269,0.589257001876831,2.222348690032959,9.92712688446045,125.26527404785156,6.657302379608154,7.270938873291016,1.1668938398361206,-0.2211977243423462,-0.6759228706359863,-0.013850869610905647,6.672185897827148,7.259646415710449,1.1700663566589355
365,0.6457081437110901,0.5787709355354309,0.8673946261405945,1.5712831020355225,9.581082344055176,1.031373381614685,1.053847074508667,0.5427756905555725,-0.16428795456886292,-0.010669343173503876,0.005802404135465622,1.0210447311401367,1.0567326545715332,0.5442586541175842
366,0.67331463098526,0.5652850866317749,1.7256836891174316,9.775410652160645,128.6127471923828,8.281126022338867,4.508346080780029,2.580003023147583,-0.537513256072998,-0.2967692017555237,0.2557462155818939,8.286714553833008,4.5111165046691895,2.5744571685791016
367,0.6128948330879211,0.5952785611152649,3.0248541831970215,16.86547088623047,171.63597106933594,12.066500663757324,11.57249641418457,2.218324899673462,0.42732223868370056,1.1192207336425781,-0.20487472414970398,12.092569351196289,11.550375938415527,2.215005397796631
368,0.6199028491973877,0.5887182950973511,1.8798784017562866,6.371650218963623,60.18815994262695,4.39198112487793,4.220258712768555,1.870252251625061,0.22568559646606445,0.2953096628189087,-0.16187454760074615,4.39841365814209,4.2216572761535645,1.8684310913085938
369,0.6372262239456177,0.5849815011024475,0.9459651112556458,1.962273359298706,11.865029335021973,1.1479637622833252,1.516955852508545,0.48118728399276733,-0.2458585947751999,0.03882109001278877,-0.024579249322414398,1.1244547367095947,1.5206888914108276,0.48189955949783325
370,0.6488077044487,0.5626693964004517,1.955489158630371,8.002142906188965,90.62935638427734,2.4706099033355713,7.397985935211182,1.788906216621399,-0.3564806282520294,0.2250366061925888,-0.11185158789157867,2.451575994491577,7.415188789367676,1.7903860807418823
371,0.6308966279029846,0.5634545683860779,1.836411952972412,8.98308277130127,112.1201171875,2.6925606727600098,8.317404747009277,2.0655946731567383,0.20511691272258759,-0.6039933562278748,0.10216554999351501,2.6922249794006348,8.318584442138672,2.068821430206299
372,0.6561858057975769,0.5630257725715637,0.99639892578125,2.0062413215637207,14.339287757873535,0.9651678800582886,1.5119187831878662,0.8986415863037109,-0.0606396421790123,-0.23524247109889984,0.04771967977285385,0.9659480452537537,1.4976717233657837,0.8998768329620361
373,0.6038870811462402,0.5805590748786926,2.154550313949585,11.191882133483887,136.17762756347656,6.432736396789551,8.756991386413574,2.6820218563079834,0.6438903212547302,-0.6049844622612,0.25380009412765503,6.418282985687256,8.760436058044434,2.677434206008911
374,0.6286522746086121,0.5599683523178101,3.1286160945892334,13.665261268615723,117.08786010742188,9.59223461151123,8.906794548034668,3.923953056335449,1.2168136835098267,0.30808427929878235,-0.25435706973075867,9.54128360748291,8.92629337310791,3.9266231060028076
375,0.6437158584594727,0.5462006330490112,2.170410633087158,8.204696655273438,70.82141876220703,2.5709922313690186,7.343498229980469,2.6038577556610107,0.011842698790133,-0.4944728910923004,0.1672515869140625,2.578136682510376,7.347269535064697,2.6057286262512207
376,0.6783570647239685,0.6026655435562134,2.8245444297790527,12.353108406066895,125.97294616699219,10.499638557434082,6.044759273529053,2.4120047092437744,-0.7993183135986328,0.05704536661505699,-0.016940228641033173,10.498371124267578,6.0613508224487305,2.418672800064087
377,0.6045267581939697,0.5981842875480652,0.984297513961792,1.7860393524169922,8.853743553161621,1.177913784980774,1.1174430847167969,0.7441619038581848,-0.11737392842769623,0.16208980977535248,-0.15945786237716675,1.1753206253051758,1.1087086200714111,0.7289045453071594
378,0.7077868580818176,0.5719171166419983,2.1361243724823,10.392544746398926,123.45613861083984,2.9071669578552246,9.780476570129395,1.9737361669540405,0.054572030901908875,0.9073452353477478,-0.1951255351305008,2.914762496948242,9.765462875366211,1.969545841217041
379,0.6301788091659546,0.5863935351371765,1.667035460472107,7.990131855010986,94.96977996826172,4.881651878356934,5.786741256713867,2.554469585418701,0.3610383868217468,-0.031796667724847794,-0.24874041974544525,4.881862640380859,5.80279541015625,2.549421548843384
380,0.6368129849433899,0.5591922998428345,1.1580601930618286,3.7073566913604736,43.19775390625,2.9132463932037354,2.1416261196136475,0.819101095199585,0.19312286376953125,-0.11607127636671066,-0.02136193960905075,2.914947032928467,2.1444435119628906,0.8211065530776978
381,0.5845271348953247,0.5888184309005737,1.3328568935394287,2.9863996505737305,23.23160743713379,1.995084285736084,2.1382813453674316,0.6049578785896301,0.016256211325526237,0.02590682916343212,-0.05916407331824303,2.0005829334259033,2.1440885066986084,0.6037371754646301
382,0.5661351680755615,0.6038870811462402,1.6011536121368408,6.693478107452393,81.14212036132812,2.146493911743164,5.227016448974609,3.5879671573638916,0.17021292448043823,-0.4241636097431183,0.14732225239276886,2.145703077316284,5.224310398101807,3.5949409008026123
383,0.6465072631835938,0.5908582806587219,3.0221011638641357,18.007667541503906,212.72140502929688,16.787649154663086,5.968121528625488,2.6139087677001953,-1.372816801071167,-0.5796183347702026,0.19089241325855255,16.778093338012695,5.956478118896484,2.6142008304595947
384,0.6733813285827637,0.5552561283111572,2.7650907039642334,10.61715030670166,97.87434387207031,6.98652982711792,7.664386749267578,2.273649215698242,0.5265809297561646,0.7563851475715637,0.04313545301556587,6.986089706420898,7.648245811462402,2.27958083152771
385,0.6685144305229187,0.554631769657135,1.9476227760314941,10.833033561706543,142.04354858398438,7.059977054595947,7.716423988342285,2.8227901458740234,0.6085020303726196,0.5159351229667664,-0.2921401262283325,7.053324222564697,7.720632553100586,2.8154635429382324
386,0.6115229725837708,0.5896202921867371,2.6314191818237305,10.595989227294922,80.14604187011719,7.0594353675842285,7.504035472869873,2.4756455421447754,-0.47681352496147156,0.5206114053726196,-0.10488461703062057,7.062959671020508,7.5068359375,2.4803221225738525
387,0.7021063566207886,0.5802446007728577,2.186854362487793,7.753267288208008,70.83964538574219,5.847832202911377,4.698790550231934,1.9589213132858276,-0.1479717642068863,0.3203308582305908,-0.09609809517860413,5.862267017364502,4.700935363769531,1.9620205163955688
388,0.6809064149856567,0.5875539183616638,2.697979211807251,15.548775672912598,189.0492401123047,4.056401252746582,14.703789710998535,3.0180442333221436,-0.016025491058826447,-0.5522032380104065,0.2061072140932083,4.067684650421143,14.734402656555176,3.019397258758545
389,0.6212422251701355,0.5621796250343323,2.6535825729370117,15.390629768371582,189.15798950195312,4.680235862731934,14.2479829788208,3.458590269088745,0.10428059846162796,1.4063525199890137,-0.39544403553009033,4.6921257972717285,14.217955589294434,3.445493221282959
390,0.6445719003677368,0.5825425982475281,1.7849141359329224,8.680146217346191,109.29795837402344,4.504852294921875,6.998459339141846,2.4643049240112305,-0.6098779439926147,-0.6002199053764343,0.23072683811187744,4.475828170776367,6.992122173309326,2.4603235721588135
391,0.66595458984375,0.5721465349197388,2.6945841312408447,13.280950546264648,147.177978515625,9.478544235229492,8.584033012390137,3.5854177474975586,0.9180079102516174,0.36811694502830505,-0.09883101284503937,9.460299491882324,8.600057601928711,3.59405255317688
392,0.6298952102661133,0.5818620324134827,1.141727328300476,2.1825180053710938,16.01315689086914,1.3670979738235474,1.5879608392715454,0.6105803847312927,0.025486726313829422,-0.0850699171423912,-0.05950119346380234,1.3706731796264648,1.5901036262512207,0.6093692779541016
393,0.6179763078689575,0.5926687121391296,1.3438488245010376,4.69257116317749,56.618839263916016,1.288665533065796,4.294559001922607,1.3843159675598145,-0.08867619186639786,0.28391870856285095,-0.07231166958808899,1.2891970872879028,4.297115802764893,1.3862820863723755
394,0.6661400198936462,0.5999271273612976,1.8510942459106445,5.254080295562744,51.575992584228516,2.9395525455474854,4.219549655914307,1.0769356489181519,0.4248421788215637,-0.2981778085231781,-0.006438166834414005,2.9168035984039307,4.2207417488098145,1.0799204111099243
395,0.662800133228302,0.5678640007972717,1.6603702306747437,5.786497116088867,60.51249313354492,5.363901615142822,2.040027141571045,0.7418873906135559,-0.29339665174484253,-0.2679949402809143,0.04610617086291313,5.370811462402344,2.0279884338378906,0.7425187230110168
396,0.6212992668151855,0.5996797680854797,2.5906105041503906,13.901460647583008,165.25259399414062,9.298819541931152,10.246341705322266,1.3397997617721558,-0.38118091225624084,-1.1785597801208496,0.1534288078546524,9.316919326782227,10.20672607421875,1.3346984386444092
397,0.6529951691627502,0.5861235857009888,1.3032618761062622,3.1613001823425293,25.243858337402344,1.702192783355713,2.420114040374756,1.1132858991622925,-0.008707947097718716,-0.18687282502651215,0.09061539173126221,1.7069185972213745,2.419618844985962,1.112687110900879
398,0.6600730419158936,0.5872225761413574,1.5073217153549194,5.540661334991455,69.07566833496094,2.9254024028778076,4.542027473449707,1.2292026281356812,0.302884966135025,-0.3972274959087372,0.11616399884223938,2.9177966117858887,4.5372443199157715,1.2271147966384888
399,0.6152880787849426,0.6024700999259949,1.1625018119812012,2.2816333770751953,14.238292694091797,1.124237298965454,1.854121446609497,0.7100527286529541,0.0729418694972992,-0.1162065714597702,0.0816512480378151,1.124997854232788,1.855638027191162,0.707309901714325
400,0.623142421245575,0.5835006237030029,1.0456629991531372,1.9096163511276245,11.672101020812988,1.1037589311599731,1.408261775970459,0.6671953797340393,0.1492588371038437,-0.14461636543273926,0.034194257110357285,1.0966709852218628,1.40472412109375,0.6681771874427795
401,0.6241879463195801,0.5742900371551514,2.4288973808288574,12.162639617919922,149.2560577392578,11.199848175048828,3.3697941303253174,3.3373215198516846,-0.7289077043533325,0.266426146030426,-0.3546917140483856,11.20727825164795,3.3686156272888184,3.3276760578155518
402,0.64508056640625,0.5755689740180969,2.307502031326294,9.357891082763672,86.35517120361328,7.687769889831543,5.216453552246094,1.1211251020431519,-0.34025266766548157,0.08480904996395111,-0.012611915357410908,7.701660633087158,5.230312824249268,1.1241811513900757
403,0.695842444896698,0.5585903525352478,1.3330868482589722,2.9516026973724365,17.958213806152344,1.848813772201538,2.2133870124816895,0.628303050994873,0.24916531145572662,-0.1487032026052475,-0.03821278363466263,1.8370568752288818,2.2145462036132812,0.6288893222808838
404,0.6765342950820923,0.5715314745903015,2.568004608154297,13.427647590637207,161.1060028076172,6.642953395843506,11.401448249816895,2.485933542251587,-0.1334538608789444,-0.7088325023651123,-0.19055621325969696,6.6601386070251465,11.411133766174316,2.4855332374572754
405,0.7573215365409851,0.5603476762771606,3.518247604370117,17.070058822631836,167.37225341796875,11.121979713439941,12.604650497436523,2.968374252319336,-0.9939979910850525,1.1151065826416016,0.02412879280745983,11.10837173461914,12.590249061584473,2.976555824279785
406,0.6620854735374451,0.564046323299408,1.6829169988632202,5.104533672332764,50.29100799560547,3.247267723083496,3.829684257507324,0.9192586541175842,-0.061693623661994934,0.006522560492157936,-0.07466330379247665,3.255737781524658,3.8403611183166504,0.9187772274017334
407,0.693668007850647,0.5737459659576416,1.6008388996124268,5.881092071533203,71.52361297607422,2.1508734226226807,4.82925271987915,2.5766842365264893,-0.0619717501103878,-0.41722407937049866,0.13148970901966095,2.155977725982666,4.824615955352783,2.580504894256592
408,0.6999199986457825,0.6004365682601929,3.241015672683716,14.758564949035645,130.1014404296875,13.379844665527344,5.91041374206543,1.9651999473571777,-0.9256618022918701,-0.5698410272598267,-0.10611297190189362,13.385018348693848,5.899289608001709,1.9678068161010742
409,0.6610955595970154,0.5737200379371643,4.3472514152526855,17.555246353149414,145.59542846679688,10.76108455657959,13.084930419921875,4.6011176109313965,1.0710537433624268,-0.19836148619651794,0.05659610033035278,10.737518310546875,13.119921684265137,4.613603115081787
410,0.7395930290222168,0.543705940246582,3.7611539363861084,17.861801147460938,173.22007751464844,7.2946457862854,15.213030815124512,5.8647918701171875,-0.09769238531589508,1.6362013816833496,-0.6092091798782349,7.314337253570557,15.166975021362305,5.849335193634033
411,0.6814396381378174,0.5630780458450317,1.1100341081619263,2.2394752502441406,18.02900505065918,1.162178874015808,1.7145774364471436,0.8513602614402771,-0.010727151297032833,0.01953119784593582,-0.13692648708820343,1.165371060371399,1.7192484140396118,0.8426207900047302
412,0.6621310710906982,0.5800163745880127,2.4974493980407715,11.685844421386719,109.98389434814453,8.911164283752441,5.175088882446289,5.510768890380859,-0.8320876359939575,-0.32332441210746765,-0.15042558312416077,8.896979331970215,5.179386138916016,5.524081707000732
413,0.6212431192398071,0.5673776268959045,2.1768102645874023,8.897753715515137,103.12193298339844,7.5897345542907715,4.443917274475098,1.3481743335723877,0.637353777885437,0.19885851442813873,-0.1065162867307663,7.584022045135498,4.451848983764648,1.347708821296692
414,0.68182373046875,0.5612434148788452,3.396113395690918,13.759350776672363,120.2000961303711,10.512937545776367,7.132646560668945,5.28424072265625,0.2925427258014679,0.01032181829214096,-0.2979898750782013,10.53818130493164,7.152535438537598,5.290547847747803
415,0.6552808880805969,0.5620994567871094,2.1582682132720947,8.884913444519043,80.31022644042969,5.497297286987305,6.655359745025635,2.1041853427886963,0.46290963888168335,-0.6190254092216492,0.12112691253423691,5.4930524826049805,6.644993305206299,2.106555461883545
416,0.6558877825737,0.5997697114944458,1.7386746406555176,6.282219409942627,64.38214111328125,4.978150367736816,3.6677470207214355,1.1099255084991455,0.4519886076450348,0.4887754023075104,-0.207667738199234,4.971417427062988,3.6451730728149414,1.0933665037155151
417,0.6542109847068787,0.5857431888580322,2.4919755458831787,12.004183769226074,137.82467651367188,9.464706420898438,6.570986747741699,3.3677713871002197,-1.0474909543991089,-0.06204037368297577,0.25215843319892883,9.432802200317383,6.589021682739258,3.367685556411743
418,0.6616811752319336,0.5631285905838013,1.4534980058670044,4.602072715759277,39.165340423583984,3.988584518432617,2.199955701828003,0.6560948491096497,0.23409636318683624,-0.21232618391513824,0.07421064376831055,3.9928154945373535,2.195793390274048,0.6537027955055237
419,0.6231743693351746,0.5916803479194641,1.8081591129302979,8.030413627624512,96.7853775024414,7.548686981201172,2.571377754211426,0.9449267983436584,-0.37104952335357666,0.4182000160217285,-0.04615333303809166,7.560593605041504,2.544219493865967,0.946431577205658
420,0.6134389638900757,0.5930492281913757,1.2756634950637817,2.567594051361084,15.73203182220459,1.8626476526260376,1.653204083442688,0.6244984269142151,0.051896870136260986,-0.13369619846343994,0.04384193569421768,1.867118239402771,1.6523855924606323,0.6246953010559082
421,0.6839606761932373,0.6185042262077332,3.262009859085083,12.533109664916992,98.46439361572266,7.262657165527344,9.412670135498047,3.966648817062378,0.21021725237369537,-0.35698527097702026,0.1758766621351242,7.279864311218262,9.432134628295898,3.973801374435425
422,0.6961268186569214,0.5875476598739624,2.204042673110962,8.605748176574707,75.54742431640625,6.687133312225342,5.270037651062012,1.2521402835845947,-0.9945192933082581,0.27565401792526245,-0.08140555769205093,6.63121223449707,5.277503490447998,1.2529765367507935
423,0.5882275700569153,0.5945789217948914,1.123050570487976,2.895383834838867,31.331886291503906,2.4653851985931396,1.3460685014724731,0.7022981643676758,-0.10741499811410904,-0.22197040915489197,-0.03539245203137398,2.469914674758911,1.3313440084457397,0.703362226486206
424,0.6445407271385193,0.5772479772567749,1.725555181503296,5.221070766448975,54.365299224853516,2.802464485168457,4.2068562507629395,1.306957483291626,-0.27822914719581604,0.08411196619272232,-0.047912586480379105,2.7963974475860596,4.217747211456299,1.3097220659255981
425,0.614727258682251,0.5822268724441528,1.825116515159607,7.22772216796875,77.48307037353516,5.869490146636963,4.095588684082031,1.0075763463974,-0.04614683985710144,-0.25293150544166565,0.15419137477874756,5.885680198669434,4.099173545837402,0.998485803604126
426,0.6438100934028625,0.58179771900177,1.855135440826416,7.334364414215088,83.93480682373047,3.6121859550476074,6.046905517578125,2.0444934368133545,-0.4051100015640259,-0.7305276989936829,0.22822485864162445,3.5994091033935547,6.019359588623047,2.0373826026916504
427,0.5873650312423706,0.612611711025238,1.660961627960205,7.591915607452393,80.685791015625,2.482116460800171,6.617946624755859,2.7711117267608643,-0.3105084002017975,-0.05612857639789581,-0.08727099746465683,2.469487428665161,6.636168003082275,2.777462959289551
428,0.6460039615631104,0.5884877443313599,1.0604695081710815,2.2044432163238525,12.636905670166016,1.5873218774795532,1.2677972316741943,0.8559608459472656,-0.18010470271110535,-0.12423452734947205,-0.010747256688773632,1.5814701318740845,1.2652149200439453,0.8582806587219238
429,0.6106154322624207,0.5773287415504456,2.0226149559020996,7.307055950164795,77.21145629882812,3.0854523181915283,6.0413899421691895,2.7156317234039307,0.204864501953125,0.18201108276844025,-0.2346041053533554,3.087231397628784,6.055490970611572,2.7130253314971924
430,0.5722993612289429,0.5709372162818909,1.8405286073684692,8.68358039855957,110.82746124267578,7.547574996948242,4.078664779663086,1.34282386302948,0.46728965640068054,-0.2677328884601593,0.08202148228883743,7.554108619689941,4.081220626831055,1.3440552949905396
431,0.5568191409111023,0.5846711993217468,1.3701328039169312,4.717710018157959,56.65541458129883,3.426267385482788,2.864243745803833,1.5210479497909546,-0.2432529777288437,-0.4969586431980133,0.008784097619354725,3.427154779434204,2.8286702632904053,1.5252654552459717
432,0.5981541872024536,0.5839411616325378,1.5108546018600464,5.3218278884887695,65.119140625,4.668421268463135,1.8051066398620605,1.808118224143982,-0.38411858677864075,0.14110726118087769,-0.08190879225730896,4.665569305419922,1.8046027421951294,1.8113001585006714
433,0.54508376121521,0.5878223776817322,1.4150779247283936,4.512747764587402,50.87360763549805,3.4862401485443115,2.758108377456665,0.7770838141441345,-0.16990120708942413,-0.18106086552143097,-0.0036414279602468014,3.4918107986450195,2.7598354816436768,0.7792428731918335
434,0.6455174684524536,0.5704361796379089,2.6565237045288086,12.816266059875488,115.2492904663086,9.442625045776367,8.057848930358887,3.18819260597229,-0.6433030962944031,-0.7615643739700317,0.31976068019866943,9.446964263916016,8.044156074523926,3.1809654235839844
435,0.6464594006538391,0.5821612477302551,1.2284564971923828,3.657442569732666,36.8151969909668,2.0237579345703125,1.9312371015548706,2.3561854362487793,0.00863721128553152,0.09895996749401093,0.12497580051422119,2.0293846130371094,1.934079885482788,2.359431743621826
436,0.6191929578781128,0.5700570344924927,2.588731288909912,10.936161041259766,113.59601593017578,2.942608594894409,10.310919761657715,2.150723934173584,-0.3775072693824768,0.17140834033489227,-0.0400485061109066,2.9264333248138428,10.338252067565918,2.1563491821289062
437,0.6746963858604431,0.5763535499572754,1.1806678771972656,2.79400634765625,25.180171966552734,1.455209732055664,2.309100389480591,0.5974043607711792,-0.058326054364442825,-0.22668255865573883,-0.027354683727025986,1.4580963850021362,2.304356575012207,0.5984424352645874
438,0.6286877989768982,0.5663697123527527,1.4741061925888062,5.40614652633667,66.02643585205078,2.532656669616699,4.608356952667236,1.255033016204834,-0.15971921384334564,0.19587847590446472,-0.13874046504497528,2.534666061401367,4.617035388946533,1.2508200407028198
439,0.6223776936531067,0.5857035517692566,2.359689474105835,10.143802642822266,92.66234588623047,6.472626686096191,7.5291595458984375,2.076916217803955,-0.4294460117816925,-0.8280889987945557,0.10644206404685974,6.47637939453125,7.50435733795166,2.079972505569458
440,0.5958011746406555,0.5832473039627075,2.458195686340332,12.414864540100098,126.8041763305664,9.792661666870117,7.3623223304748535,2.0072073936462402,0.22719642519950867,0.6616736054420471,-0.21862952411174774,9.817334175109863,7.352982521057129,2.00083065032959
441,0.7033846378326416,0.5765863060951233,1.9424666166305542,7.887302875518799,88.84978485107422,1.610945224761963,7.515079498291016,1.7714356184005737,-0.0637102872133255,-0.7323927283287048,0.012926658615469933,1.6141749620437622,7.500168800354004,1.776329517364502
442,0.5977119207382202,0.5640495419502258,1.7374191284179688,4.9144792556762695,34.948646545410156,1.994071364402771,4.261753559112549,1.4188872575759888,-0.042757321149110794,-0.2166101038455963,0.001370848622173071,1.9991739988327026,4.268117904663086,1.422844409942627
443,0.6952871084213257,0.5830161571502686,1.697250247001648,6.405562877655029,57.42097854614258,5.24348258972168,3.4008405208587646,1.404070258140564,0.45578324794769287,0.041434887796640396,0.052526962012052536,5.238206386566162,3.4100735187530518,1.40700101852417
444,0.5670239329338074,0.5978521108627319,0.8538488149642944,1.718645453453064,11.616678237915039,1.08383047580719,1.1961575746536255,0.5901362299919128,-0.05431554839015007,-0.0036516350228339434,-0.0674491599202156,1.085487961769104,1.1994885206222534,0.5879043936729431
445,0.6657159328460693,0.5575094223022461,1.1955466270446777,2.595824718475342,17.82256507873535,1.6447769403457642,1.8954415321350098,0.6635628938674927,0.10503396391868591,-0.05996198207139969,-0.033990565687417984,1.6459983587265015,1.8997776508331299,0.6645402908325195
446,0.6700068116188049,0.5815280675888062,2.9302637577056885,15.984395980834961,192.69656372070312,14.626023292541504,5.091684341430664,3.9566524028778076,-1.6364619731903076,-0.19143225252628326,-0.12167132645845413,14.574726104736328,5.102276802062988,3.9658126831054688
447,0.6249733567237854,0.5798423290252686,3.1839852333068848,16.32259750366211,128.81419372558594,6.662155628204346,13.703856468200684,5.852110862731934,0.32820582389831543,-0.9562990069389343,0.33605143427848816,6.6726274490356445,13.708580017089844,5.8587517738342285
448,0.5990366339683533,0.5689936876296997,1.7218960523605347,9.170143127441406,120.05929565429688,6.669562816619873,5.197256088256836,3.5492234230041504,-0.44787484407424927,-0.4108932912349701,0.18728035688400269,6.673070430755615,5.195440292358398,3.5541648864746094
449,0.6604263782501221,0.5918669700622559,3.2551276683807373,17.737829208374023,216.84786987304688,14.13340950012207,10.40050983428955,2.5897202491760254,-1.6463223695755005,-0.8596269488334656,0.13094446063041687,14.076353073120117,10.39383602142334,2.5936222076416016
450,0.6438809037208557,0.5567867159843445,2.578340768814087,10.090173721313477,87.94847869873047,6.697811603546143,7.432812213897705,1.3054536581039429,-0.4586945176124573,-0.3938722610473633,-0.0959879606962204,6.700725555419922,7.443073272705078,1.305551528930664
451,0.6037890911102295,0.5750646591186523,3.383018970489502,20.628990173339844,258.64599609375,19.128742218017578,7.434286594390869,2.092344284057617,-1.5973458290100098,-0.4779808223247528,-0.010224899277091026,19.115102767944336,7.439600467681885,2.098155975341797
452,0.6395648121833801,0.5603605508804321,1.1782535314559937,2.325481653213501,12.707435607910156,1.5160858631134033,1.6534759998321533,0.6126713752746582,-0.11592422425746918,-0.040125343948602676,-0.041148629039525986,1.5158638954162598,1.657599925994873,0.612993061542511
453,0.5958881378173828,0.5713942646980286,1.1243091821670532,2.1262564659118652,12.946337699890137,1.5212697982788086,1.4037588834762573,0.4859684109687805,-0.193052276968956,0.11061473935842514,-0.01619788631796837,1.5131797790527344,1.4032974243164062,0.48705318570137024
454,0.7035805583000183,0.5492845177650452,1.9045710563659668,8.116476058959961,95.90532684326172,4.240013599395752,6.860379695892334,0.9135928750038147,-0.15136578679084778,0.5226972699165344,-0.1056538075208664,4.2491302490234375,6.859518527984619,0.90999436378479
455,0.6469435095787048,0.541007936000824,2.087745428085327,10.179652214050293,108.59210968017578,7.900246620178223,6.279425621032715,1.3342585563659668,-0.7953594923019409,-0.7263817191123962,0.026952246204018593,7.882032871246338,6.254669666290283,1.3377074003219604
456,0.606714129447937,0.5881759524345398,2.513699531555176,12.49577522277832,157.0123748779297,5.238697528839111,10.132391929626465,5.1024580001831055,0.14774098992347717,-0.9640384316444397,0.30741727352142334,5.251221179962158,10.114561080932617,5.107395648956299
457,0.6044129729270935,0.572823166847229,2.8929407596588135,12.963005065917969,112.56834411621094,11.347411155700684,5.999973297119141,1.809991478919983,0.7716128826141357,0.3844561278820038,-0.04575824737548828,11.352726936340332,6.004345417022705,1.8144601583480835
458,0.6042102575302124,0.5654340982437134,4.024059295654297,16.722124099731445,136.8382568359375,11.756937980651855,11.174622535705566,4.0659098625183105,0.767765462398529,-0.3035403788089752,0.29361259937286377,11.764567375183105,11.201658248901367,4.066606521606445
459,0.6529533267021179,0.5593796968460083,1.1620391607284546,2.5015134811401367,19.77924346923828,1.9050031900405884,1.5045971870422363,0.6039206981658936,0.005886819679290056,0.027200084179639816,-0.03075927123427391,1.9103080034255981,1.5085475444793701,0.6048192381858826
460,0.6984657049179077,0.5581570267677307,2.6361401081085205,10.449257850646973,115.1255874633789,8.675432205200195,5.184950351715088,2.6533255577087402,0.42392274737358093,0.03079930506646633,-0.1780259907245636,8.689239501953125,5.1993207931518555,2.654731035232544
461,0.5978598594665527,0.5505441427230835,2.795330762863159,17.041032791137695,218.84576416015625,13.509843826293945,10.018192291259766,2.7416698932647705,-0.847707986831665,-1.06142258644104,0.1994444578886032,13.520831108093262,9.989593505859375,2.7420332431793213
462,0.57598477602005,0.5696212649345398,2.526911973953247,10.699309349060059,122.94253540039062,2.501077651977539,9.554463386535645,4.1148600578308105,0.2575385570526123,-0.39481982588768005,0.239360049366951,2.4947221279144287,9.572930335998535,4.119350910186768
463,0.6370009779930115,0.5782456398010254,1.6609631776809692,6.109470367431641,62.04545974731445,4.626458644866943,3.6446311473846436,1.6242456436157227,-0.5387070775032043,-0.3388025462627411,0.08977352827787399,4.607805252075195,3.638972043991089,1.6262866258621216
464,0.5843367576599121,0.5773923397064209,1.5133038759231567,5.283542156219482,62.277313232421875,3.916522264480591,3.4215407371520996,0.9325918555259705,-0.05788493901491165,-0.11103538423776627,-0.07641887664794922,3.9270179271698,3.4292774200439453,0.9320482611656189
465,0.597722589969635,0.5860791206359863,1.3467016220092773,4.256984233856201,50.06181335449219,3.8909988403320312,1.6280103921890259,0.5758693814277649,-0.3347757160663605,-0.06471184641122818,0.02003229595720768,3.887383460998535,1.6312613487243652,0.5771262049674988
466,0.6395879983901978,0.5812397003173828,2.447605848312378,14.961450576782227,190.79541015625,14.06462287902832,4.697667598724365,1.9908050298690796,1.1417168378829956,-0.193551167845726,-0.24555261433124542,14.057308197021484,4.706771373748779,1.9811140298843384
467,0.6224023699760437,0.5698086023330688,1.6911028623580933,5.765408992767334,67.6344223022461,4.175440788269043,3.8667428493499756,0.9240856170654297,0.06285621225833893,-0.2863599956035614,-0.14720427989959717,4.186613082885742,3.8668811321258545,0.9148303866386414
468,0.5745002627372742,0.5938392877578735,2.285926342010498,8.10326099395752,68.31813049316406,5.591126918792725,5.652527809143066,1.565590262413025,0.14741554856300354,0.30438223481178284,-0.10600149631500244,5.60477352142334,5.660070419311523,1.5663546323776245
469,0.5495028495788574,0.5967636704444885,1.734042763710022,6.8492584228515625,70.62709045410156,3.6879189014434814,5.744776248931885,0.5559912919998169,0.3250975012779236,0.4085376560688019,-0.1068481057882309,3.6838090419769287,5.746215343475342,0.5471498966217041
470,0.6390452980995178,0.5816085338592529,1.6123584508895874,6.1270670890808105,76.2169418334961,3.6466567516326904,4.86745023727417,0.7421422004699707,-0.24909666180610657,0.08918164670467377,-0.09567734599113464,3.648287296295166,4.8802080154418945,0.7380018830299377
471,0.619805097579956,0.5714356899261475,2.476815938949585,8.760258674621582,89.88518524169922,5.7745184898376465,6.466573715209961,1.2571759223937988,-0.6774405837059021,0.2532319724559784,0.05518007278442383,5.750639915466309,6.47963809967041,1.2594678401947021
472,0.6688422560691833,0.5822185277938843,1.2775802612304688,2.4278886318206787,14.353226661682129,1.797506332397461,1.494543194770813,0.6557090878486633,0.05557195842266083,-0.13947243988513947,-0.019747575744986534,1.8016586303710938,1.4921718835830688,0.6572398543357849
473,0.5813930034637451,0.5767782926559448,2.0111165046691895,8.362381935119629,99.21688079833984,3.1849446296691895,7.365850448608398,2.3515546321868896,-0.2732653319835663,-0.6600586771965027,0.05924359709024429,3.182051420211792,7.356680870056152,2.357365846633911
474,0.598299503326416,0.5810708403587341,1.3388557434082031,2.971048593521118,26.99233055114746,2.105626106262207,1.9731979370117188,0.70707768201828,-0.124693363904953,0.0996946170926094,-0.035303086042404175,2.1077940464019775,1.9761747121810913,0.7081656455993652
475,0.5492302775382996,0.5891116857528687,1.0750317573547363,2.707789182662964,28.473182678222656,0.8802493810653687,2.4364514350891113,0.7880284786224365,0.07857052236795425,0.09547287970781326,0.002173556247726083,0.8791813850402832,2.441371202468872,0.7902235388755798
476,0.6040931344032288,0.5800027847290039,3.7321383953094482,21.61448860168457,224.57174682617188,19.301372528076172,9.660923957824707,1.144408941268921,0.3488399386405945,1.4109575748443604,-0.2721339464187622,19.352048873901367,9.583992958068848,1.1146827936172485
477,0.5514861345291138,0.5881107449531555,2.489407777786255,11.580815315246582,124.0813217163086,9.865639686584473,5.883466720581055,1.472846269607544,-0.5818973183631897,-0.5545313358306885,0.12700560688972473,9.875933647155762,5.873613357543945,1.4714531898498535
478,0.5991489887237549,0.5738865733146667,2.3402140140533447,9.057961463928223,68.90084075927734,3.9474222660064697,7.788415908813477,2.409377336502075,-0.439233660697937,0.31846022605895996,0.051875051110982895,3.933851480484009,7.803609848022461,2.4155378341674805
479,0.6022236943244934,0.5854598879814148,2.436718702316284,11.985947608947754,132.74899291992188,5.128841876983643,9.981903076171875,4.209457874298096,-0.644696056842804,0.47555097937583923,-0.027700530365109444,5.102354526519775,9.998379707336426,4.221108436584473
480,0.5977030992507935,0.5835891962051392,1.7407844066619873,7.131101608276367,89.549560546875,4.298227787017822,5.544278621673584,1.2801655530929565,-0.36276060342788696,-0.4679510295391083,0.07917514443397522,4.2948384284973145,5.539905548095703,1.2812788486480713
481,0.6317774653434753,0.5493683218955994,3.265390396118164,13.416221618652344,108.16858673095703,8.076796531677246,9.100363731384277,5.651877403259277,-0.8147797584533691,-0.5668246150016785,0.7075251340866089,8.058008193969727,9.10802936553955,5.623058319091797
482,0.6378084421157837,0.5742484927177429,1.8525205850601196,6.58603048324585,80.55989074707031,4.0534210205078125,5.10565185546875,0.9369609355926514,0.10457700490951538,-0.1561945229768753,-0.06319201737642288,4.063374996185303,5.117497444152832,0.9374352693557739
483,0.6605738401412964,0.5825966596603394,2.8865649700164795,13.10639476776123,119.76419067382812,10.504849433898926,7.18618106842041,3.128020763397217,-0.053985778242349625,0.4516454041004181,-0.3257870078086853,10.534012794494629,7.191979885101318,3.1196868419647217
484,0.6485549807548523,0.5545710325241089,1.94937002658844,5.300501823425293,52.915016174316406,3.089216709136963,4.0966033935546875,1.3303768634796143,-0.08653268218040466,-0.12080997228622437,0.10871323943138123,3.096618175506592,4.10624361038208,1.3296260833740234
485,0.5820420384407043,0.580390214920044,3.6979570388793945,15.927905082702637,164.08384704589844,10.772839546203613,10.583413124084473,5.063147068023682,-1.0349193811416626,-0.8995298147201538,-0.05537028983235359,10.752923965454102,10.574530601501465,5.076966285705566
486,0.608171284198761,0.5874227285385132,2.8290772438049316,10.280389785766602,110.12804412841797,8.784614562988281,4.944518566131592,2.017099142074585,-0.267904669046402,0.07980376482009888,-0.044881440699100494,8.805020332336426,4.957664966583252,2.0222249031066895
487,0.6090852618217468,0.5644277930259705,1.4067734479904175,4.368623733520508,50.996219635009766,2.441911220550537,3.2303712368011475,1.639099359512329,-0.08269187062978745,-0.3980134427547455,0.057477083057165146,2.4473180770874023,3.2146999835968018,1.6426606178283691
488,0.5811651945114136,0.5713231563568115,2.118471622467041,7.75307035446167,69.6514892578125,3.275381326675415,6.335694789886475,3.0398924350738525,0.2953222692012787,0.4664113521575928,0.12814386188983917,3.271139621734619,6.3361287117004395,3.0456624031066895
489,0.6473900079727173,0.5609729290008545,2.708247184753418,10.611526489257812,106.30599975585938,4.7860107421875,9.282491683959961,1.8798762559890747,-0.6005027294158936,-0.9526239633560181,0.07291797548532486,4.7614336013793945,9.259236335754395,1.8837013244628906
490,0.673124372959137,0.5702396631240845,1.7332332134246826,4.432484149932861,32.129398345947266,3.066793441772461,3.0870728492736816,0.8436105251312256,-0.17311565577983856,0.049790896475315094,-0.14086273312568665,3.070444345474243,3.095280885696411,0.8340871930122375
491,0.5861084461212158,0.5907865166664124,3.0155282020568848,14.439781188964844,164.857666015625,12.552626609802246,6.663956165313721,2.555494546890259,-0.8641886711120605,-0.7002677321434021,0.21243591606616974,12.55777645111084,6.645545959472656,2.553753137588501
492,0.632373034954071,0.5857564806938171,3.6273434162139893,18.609989166259766,158.9415740966797,10.995299339294434,13.819960594177246,5.868882179260254,0.5297786593437195,0.9293001294136047,-0.35513946413993835,11.013163566589355,13.827143669128418,5.874467849731445
493,0.6590437889099121,0.5533843040466309,2.988135576248169,16.005172729492188,160.6944580078125,10.524395942687988,10.776578903198242,5.409992694854736,-1.0357670783996582,-1.0772995948791504,0.5639032125473022,10.502518653869629,10.7525053024292,5.395532608032227
494,0.5653553009033203,0.5621824860572815,1.4357191324234009,2.5489470958709717,14.276030540466309,1.5075910091400146,1.912685751914978,0.752286434173584,0.07816588133573532,-0.3320261538028717,-0.044670362025499344,1.5097628831863403,1.8889011144638062,0.7530536651611328
495,0.6951072812080383,0.5679055452346802,2.7368810176849365,12.537849426269531,132.0913848876953,7.729045391082764,9.588661193847656,2.348851203918457,0.6436442136764526,-0.09881952404975891,-0.19743205606937408,7.723683834075928,9.614895820617676,2.3470678329467773
496,0.6968340277671814,0.5318449139595032,1.9845229387283325,8.280945777893066,97.72779083251953,3.0855565071105957,7.458278179168701,1.851351022720337,-0.16013877093791962,0.6476582884788513,-0.2792508900165558,3.089993476867676,7.45082950592041,1.8352744579315186
497,0.7047512531280518,0.5572052001953125,1.506869912147522,5.430216312408447,65.92642974853516,4.087824821472168,3.4487438201904297,0.9397342205047607,-0.3526368737220764,-0.20699098706245422,0.20243960618972778,4.083946704864502,3.4521291255950928,0.920229971408844
498,0.5763701796531677,0.60402512550354,2.3007900714874268,9.110260009765625,94.78321075439453,4.488680839538574,7.131977558135986,3.4617161750793457,-0.23205694556236267,-0.5066521763801575,0.41896066069602966,4.495182037353516,7.1338019371032715,3.445854902267456
499,0.6644770503044128,0.57136070728302,2.022066354751587,10.40541934967041,125.94194793701172,6.725111484527588,7.6177473068237305,2.2395455837249756,-0.672585666179657,-0.22676777839660645,0.21991552412509918,6.710058212280273,7.635610580444336,2.234938859939575
500,0.6271606087684631,0.5499370098114014,2.266794443130493,8.000123977661133,64.041748046875,3.9789605140686035,6.412332534790039,2.6555323600769043,0.1447305977344513,0.3848196268081665,0.005685997195541859,3.9874186515808105,6.418630123138428,2.662933588027954
501,0.7061342597007751,0.5601286888122559,2.7885844707489014,15.17750072479248,193.1751251220703,14.150518417358398,4.156157970428467,3.584089994430542,-1.1631046533584595,0.05561930313706398,0.012483745813369751,14.141975402832031,4.167377948760986,3.5940656661987305
502,0.7006550431251526,0.5498749017715454,2.380200147628784,14.772364616394043,192.860595703125,13.759218215942383,4.151129245758057,3.416835308074951,0.8902766108512878,0.022307490929961205,0.21150054037570953,13.768685340881348,4.162647724151611,3.419795513153076
503,0.6408144235610962,0.5554499626159668,2.383143663406372,9.646895408630371,106.18696594238281,1.8703845739364624,7.993546485900879,5.066307544708252,0.06279312819242477,0.3732142150402069,-0.4298553466796875,1.8745445013046265,8.007102012634277,5.062119483947754
504,0.6814391016960144,0.5734767317771912,2.3310165405273438,9.248921394348145,79.32606506347656,8.150161743164062,4.031129837036133,1.6933377981185913,-0.20095418393611908,0.2491183876991272,-0.1288408637046814,8.170411109924316,4.0346479415893555,1.693138837814331
505,0.5991742014884949,0.5769866704940796,2.9921038150787354,14.761752128601074,141.62152099609375,8.30317497253418,11.855704307556152,2.8998045921325684,-0.8031609654426575,0.5520723462104797,-0.15996675193309784,8.287291526794434,11.875877380371094,2.903465509414673
506,0.6234225630760193,0.6072981953620911,3.9602088928222656,20.66094398498535,212.00979614257812,12.262316703796387,15.900487899780273,4.86669397354126,-1.481337547302246,-0.006623377092182636,-0.17162352800369263,12.206466674804688,15.944838523864746,4.877233505249023
507,0.693819522857666,0.5755817890167236,1.6920530796051025,6.4644269943237305,61.84861373901367,4.3511505126953125,4.666621685028076,1.0387238264083862,0.4853334426879883,0.4812319576740265,-0.16224391758441925,4.336060047149658,4.654689788818359,1.0288364887237549
508,0.6000657081604004,0.5669625997543335,3.079705238342285,12.398510932922363,101.76530456542969,6.707828044891357,10.206347465515137,2.1350839138031006,0.3092459440231323,-1.5318412780761719,0.19409215450286865,6.719387054443359,10.118885040283203,2.132174491882324
509,0.6708216071128845,0.5500583648681641,3.0718770027160645,18.359582901000977,181.1600799560547,10.914656639099121,13.561262130737305,5.834104537963867,-1.0888574123382568,-1.234281063079834,0.17129841446876526,10.890501976013184,13.542646408081055,5.847856044769287
510,0.6218535304069519,0.577617883682251,2.7123756408691406,11.049139976501465,99.42516326904297,9.15283203125,5.814447402954102,2.121642827987671,-0.3767249286174774,0.04093191400170326,0.2586851418018341,9.170583724975586,5.830521583557129,2.111687421798706
511,0.7169271111488342,0.5559996962547302,1.5528801679611206,3.104078769683838,24.656238555908203,1.6616133451461792,2.4785118103027344,0.8551757335662842,-0.08536840230226517,-0.14991514384746552,-0.018826855346560478,1.6640477180480957,2.48087477684021,0.8573533296585083
512,0.6810573935508728,0.5599102973937988,3.1615471839904785,11.408807754516602,84.529541015625,8.549359321594238,7.321611404418945,1.8610068559646606,0.6486750245094299,-0.19670461118221283,-0.012603314593434334,8.548494338989258,7.339385032653809,1.8661552667617798
513,0.6462367177009583,0.5318261384963989,2.0465848445892334,8.781963348388672,102.13053894042969,4.087627410888672,6.752936363220215,3.8486409187316895,-0.2824901342391968,-0.3500007390975952,0.12120459228754044,4.089229106903076,6.76267147064209,3.857461929321289
514,0.6430360674858093,0.577289342880249,3.7232022285461426,14.879022598266602,164.01315307617188,7.841474533081055,11.492303848266602,5.27480411529541,0.5846577882766724,0.9999411702156067,-0.7432117462158203,7.841460227966309,11.480653762817383,5.23675012588501
515,0.7340523600578308,0.5638845562934875,1.6259478330612183,6.470344543457031,82.16636657714844,6.113675117492676,1.6337960958480835,1.3487187623977661,-0.5973478555679321,-0.16822966933250427,0.07387489825487137,6.101395130157471,1.6296448707580566,1.3504503965377808
516,0.6070836782455444,0.5754410624504089,2.1810965538024902,8.404553413391113,100.2798843383789,7.363186359405518,3.1661288738250732,2.528959035873413,0.6381248831748962,0.17247892916202545,-0.36797571182250977,7.355944633483887,3.170245885848999,2.509023427963257
517,0.7792602777481079,0.5329824090003967,1.5833011865615845,5.090208053588867,46.124080657958984,3.603062152862549,3.4959821701049805,0.8403983116149902,0.23382511734962463,-0.04137096554040909,-0.036822061985731125,3.6054961681365967,3.505488157272339,0.8419331908226013
518,0.6730533838272095,0.5625615119934082,1.5197174549102783,3.078526020050049,15.32115650177002,1.6688141822814941,2.465916872024536,0.7820708155632019,-0.0960719957947731,0.03320297598838806,-0.03009595349431038,1.6706937551498413,2.4725711345672607,0.7836714386940002
519,0.6682756543159485,0.5478746294975281,1.7485812902450562,3.8221704959869385,25.89303970336914,2.229438304901123,2.9758338928222656,0.884875476360321,0.09536620229482651,0.125496506690979,-0.07785721868276596,2.2336108684539795,2.9814798831939697,0.8839023113250732
520,0.7111554741859436,0.5504573583602905,3.053891181945801,11.686909675598145,129.63864135742188,9.364917755126953,6.439601421356201,2.722813844680786,-0.6686148643493652,-0.6966705322265625,0.26705798506736755,9.367074966430664,6.4196624755859375,2.7172436714172363
521,0.6559329032897949,0.5634434819221497,1.7030900716781616,4.075926780700684,40.84770202636719,2.5674169063568115,3.0093109607696533,0.9826473593711853,0.09039031714200974,-0.24986912310123444,0.1642555594444275,2.5729823112487793,3.007284641265869,0.9715242981910706
522,0.682483434677124,0.5624715685844421,1.9559601545333862,3.866349458694458,24.48659896850586,2.322216510772705,2.9150052070617676,1.028937578201294,-0.1801229566335678,-0.1248783990740776,-0.021075662225484848,2.321678400039673,2.9204530715942383,1.0315912961959839
523,0.6389524936676025,0.5536702871322632,2.6855523586273193,13.238556861877441,131.43124389648438,7.627077102661133,10.573335647583008,2.300360679626465,0.10491102188825607,-1.0150840282440186,0.18045355379581451,7.647628307342529,10.553853988647461,2.299668550491333
524,0.6067026853561401,0.6036970615386963,3.246377944946289,15.966483116149902,168.42306518554688,8.830965995788574,12.136445999145508,5.4451165199279785,-0.4307778477668762,0.4577307403087616,-0.21116472780704498,8.845056533813477,12.161640167236328,5.456197738647461
525,0.6765730977058411,0.5407509207725525,2.08221173286438,6.121264934539795,58.95972442626953,4.380433082580566,3.1420540809631348,2.8998608589172363,-0.19740545749664307,-0.1491788923740387,0.20268620550632477,4.388188362121582,3.1472649574279785,2.9008381366729736
526,0.6535024046897888,0.549704909324646,1.8257522583007812,6.7688469886779785,81.57994842529297,1.6364420652389526,6.404443264007568,1.456863522529602,-0.1325010359287262,-0.4401707649230957,0.11402694135904312,1.6356186866760254,6.407121658325195,1.4564456939697266
527,0.6708798408508301,0.5537706613540649,1.7692174911499023,8.113887786865234,104.84908294677734,2.6652214527130127,7.367914199829102,2.108461380004883,0.008684073574841022,-0.45458048582077026,0.07241293787956238,2.6726417541503906,7.3743896484375,2.113095283508301
528,0.6161635518074036,0.5632514953613281,2.1451241970062256,7.901917457580566,87.76233673095703,6.46635627746582,4.389933109283447,1.1640523672103882,0.3787110447883606,-0.6540880799293518,0.032690487802028656,6.473263740539551,4.353039741516113,1.1668390035629272
529,0.6476465463638306,0.5546633005142212,1.852612018585205,5.6483635902404785,55.878944396972656,3.329754590988159,4.384546279907227,1.2619432210922241,0.05029827728867531,-0.2888822555541992,-0.04999899864196777,3.3386614322662354,4.387223243713379,1.2644697427749634
530,0.6369531750679016,0.5627644658088684,2.494938373565674,10.737441062927246,98.24588775634766,8.249249458312988,6.439216136932373,2.403964042663574,0.3891608417034149,-0.23792269825935364,0.13337630033493042,8.26304817199707,6.452768325805664,2.406956672668457
531,0.6490161418914795,0.5643721222877502,2.2380313873291016,10.473276138305664,99.9272232055664,8.454197883605957,5.852761268615723,1.9902842044830322,-1.0714788436889648,-0.588074266910553,0.1884400099515915,8.409416198730469,5.839385032653809,1.9868701696395874
532,0.6949002742767334,0.5729776620864868,3.872685194015503,15.248454093933105,112.8128662109375,9.823850631713867,10.667292594909668,4.713406085968018,0.05758160725235939,-1.2248830795288086,0.6042062640190125,9.851083755493164,10.626294136047363,4.687558174133301
533,0.6600726246833801,0.5480400323867798,4.141228675842285,17.55326271057129,148.6511688232422,12.76872444152832,11.745064735412598,2.6702516078948975,1.5111439228057861,-0.883174479007721,0.035981807857751846,12.71435546875,11.744481086730957,2.677456855773926
534,0.6371517777442932,0.5771642327308655,1.3782976865768433,2.4559578895568848,12.441106796264648,1.7481296062469482,1.5133956670761108,0.8278922438621521,0.2230331003665924,-0.03424576297402382,-0.08732877671718597,1.7386798858642578,1.5172284841537476,0.8255699872970581
535,0.7529234886169434,0.5472414493560791,2.472275733947754,10.539153099060059,123.4286880493164,4.36016321182251,8.721360206604004,4.000075817108154,-0.29411718249320984,-0.933840811252594,0.21551679074764252,4.362366676330566,8.69540786743164,4.005407333374023
536,0.6088714003562927,0.5858680009841919,1.7297437191009521,3.542361259460449,32.998023986816406,2.8798563480377197,1.937468409538269,0.70778888463974,-0.15079085528850555,-0.19315758347511292,-0.10656045377254486,2.883927822113037,1.933193325996399,0.701673150062561
537,0.6105660200119019,0.5471065640449524,2.021545171737671,8.388617515563965,104.11784362792969,7.927939414978027,2.619314670562744,0.8098551034927368,0.4506809711456299,0.23232132196426392,-0.1514400988817215,7.937198162078857,2.6162688732147217,0.7977888584136963
538,0.6785234212875366,0.5369447469711304,4.857499122619629,20.7333984375,187.27587890625,18.037019729614258,9.809377670288086,2.883713722229004,1.3327367305755615,0.26925158500671387,-0.5184980034828186,18.03788948059082,9.83303451538086,2.8446297645568848
539,0.7392646074295044,0.5364161133766174,1.378319501876831,2.57731032371521,20.697330474853516,1.512123465538025,1.6822738647460938,1.235299825668335,-0.02230207994580269,0.10613032430410385,-0.1609165072441101,1.516176462173462,1.6836060285568237,1.2281904220581055
540,0.6039960384368896,0.5683982372283936,2.5132689476013184,9.219317436218262,97.89603424072266,7.629400253295898,4.5923171043396,2.3871891498565674,-0.9587271809577942,0.29692524671554565,-0.1548297256231308,7.590035438537598,4.5954909324646,2.388807535171509
541,0.7069697976112366,0.5464711785316467,1.5842026472091675,4.28957986831665,36.11125183105469,3.725821018218994,1.9818687438964844,0.7687357068061829,-0.2767696976661682,-0.08749416470527649,-0.0018945932388305664,3.725890636444092,1.985459327697754,0.7708775997161865
542,0.6590432524681091,0.5750139951705933,2.007780075073242,4.537027835845947,34.18912887573242,3.3769431114196777,2.3290205001831055,1.9381802082061768,-0.24771267175674438,0.2065836489200592,-0.16524751484394073,3.37723970413208,2.3263113498687744,1.9365097284317017
543,0.680680513381958,0.533666729927063,1.6487983465194702,4.134017467498779,36.744205474853516,3.0586695671081543,2.6161508560180664,0.9436076283454895,-0.3724678158760071,0.28327858448028564,0.11591403186321259,3.044374704360962,2.608023166656494,0.9390732049942017
544,0.5729753971099854,0.5956159830093384,2.4762184619903564,8.450606346130371,77.63999938964844,6.859004020690918,4.702857494354248,1.4999796152114868,0.4582447111606598,-0.07654204964637756,0.16380563378334045,6.862769603729248,4.71535062789917,1.49516761302948
545,0.6705095171928406,0.5425567626953125,2.100886821746826,9.336996078491211,96.80660247802734,7.901493072509766,4.589390754699707,1.9192191362380981,-0.49393442273139954,-0.14917005598545074,0.17256194353103638,7.908036708831787,4.599761009216309,1.916777491569519
546,0.6345728635787964,0.5506649613380432,2.379937171936035,9.118205070495605,101.54769134521484,1.8854695558547974,8.140783309936523,3.648879289627075,-0.12965933978557587,-0.057861752808094025,0.28065550327301025,1.886252999305725,8.163285255432129,3.6482176780700684
547,0.6763353943824768,0.5445814728736877,4.136238098144531,17.557668685913086,154.7686767578125,11.99450397491455,12.561136245727539,2.5732102394104004,0.7183663249015808,0.3374967873096466,0.05333319306373596,12.006370544433594,12.591626167297363,2.579833507537842
548,0.6270222663879395,0.5605835914611816,1.858400821685791,7.374166488647461,87.98728942871094,2.232766628265381,6.678967475891113,2.187347173690796,-0.15436586737632751,-0.289501428604126,0.1644875407218933,2.2336373329162598,6.69130277633667,2.1872377395629883
549,0.6353006958961487,0.5554268956184387,2.217407703399658,9.38083267211914,106.52806091308594,5.952217102050781,7.1283278465271,1.3259234428405762,0.2842893600463867,0.00029347738018259406,0.12537901103496552,5.962007999420166,7.14821195602417,1.3236641883850098
550,0.6406804919242859,0.6071298718452454,4.211148738861084,15.495335578918457,134.58229064941406,9.781163215637207,10.998557090759277,4.844174385070801,-0.20319795608520508,-0.5532647967338562,0.4864642024040222,9.806328773498535,11.015273094177246,4.833130359649658
551,0.6452440023422241,0.5306645631790161,3.099069595336914,12.58001708984375,122.58868408203125,8.948713302612305,8.372517585754395,2.842235565185547,-0.44163528084754944,-0.5152045488357544,-0.05688682198524475,8.962740898132324,8.379961013793945,2.849592685699463
552,0.6028533577919006,0.5908326506614685,1.9501733779907227,6.339540004730225,62.22063446044922,3.867379665374756,4.15700626373291,2.820007801055908,-0.7847922444343567,-0.2674388885498047,0.2895843982696533,3.797478675842285,4.159965991973877,2.812924385070801
553,0.6917829513549805,0.538840651512146,1.9444975852966309,4.98214864730835,37.72924041748047,2.1980392932891846,3.88759446144104,2.208401679992676,-0.23442278802394867,0.6081141233444214,-0.2591701149940491,2.191599130630493,3.8504483699798584,2.199259042739868
554,0.5843759179115295,0.552791953086853,2.3498477935791016,13.823540687561035,183.4060821533203,6.395037651062012,12.131696701049805,1.7365834712982178,0.17049919068813324,1.0997508764266968,-0.039256010204553604,6.41059684753418,12.115448951721191,1.7409822940826416
555,0.690348744392395,0.5457172989845276,2.725426435470581,10.167671203613281,99.23387908935547,4.725069999694824,8.094968795776367,3.9403984546661377,-0.3174199163913727,-0.514697253704071,0.5017621517181396,4.727546691894531,8.101123809814453,3.919222831726074
556,0.6132332682609558,0.576140820980072,2.385906934738159,8.66899585723877,84.75963592529297,6.2602338790893555,5.7883124351501465,1.5672869682312012,0.3300727605819702,-0.3834660053253174,0.2702377438545227,6.268963813781738,5.7917070388793945,1.5481197834014893
557,0.5990056991577148,0.5772333741188049,1.5006639957427979,3.684661388397217,38.14626693725586,2.8530080318450928,2.2544662952423096,0.595363199710846,-0.2697919011116028,0.16463345289230347,0.01010083220899105,2.8481457233428955,2.254718542098999,0.5969380140304565
558,0.7021710276603699,0.5509598255157471,2.975872278213501,10.19323444366455,97.73819732666016,7.3069658279418945,6.458507537841797,2.9661381244659424,0.26273101568222046,-0.43061521649360657,0.01044872123748064,7.322608947753906,6.46211051940918,2.974393367767334
559,0.7606824040412903,0.5204209685325623,2.0896246433258057,7.270954132080078,82.58206176757812,4.921180248260498,5.208804130554199,1.231712818145752,-0.38045528531074524,0.2924470901489258,-0.21128438413143158,4.920137882232666,5.215094089508057,1.2168407440185547
560,0.6863916516304016,0.5657753348350525,3.5592663288116455,13.762269020080566,130.0036163330078,8.528425216674805,10.65627384185791,1.7634856700897217,-1.6286946535110474,1.3706068992614746,-0.2194022834300995,8.394813537597656,10.597240447998047,1.7546650171279907
561,0.6183816194534302,0.5606735944747925,1.5372273921966553,3.3836352825164795,29.699954986572266,2.7456605434417725,1.8072651624679565,0.802575409412384,-0.34694626927375793,-0.08496768772602081,-0.06205398961901665,2.7312493324279785,1.810302495956421,0.8024048805236816
562,0.635995626449585,0.5844316482543945,3.512817144393921,14.924954414367676,141.8708953857422,11.60639762878418,9.183004379272461,1.9282687902450562,-1.0123149156570435,-0.2895916998386383,0.005278221797198057,11.594417572021484,9.204039573669434,1.9336402416229248
563,0.6488935351371765,0.5389729738235474,2.1002840995788574,6.144775867462158,47.978057861328125,5.563506126403809,2.3575069904327393,1.117063283920288,-0.5987414121627808,-0.04400523751974106,-0.06985251605510712,5.5466227531433105,2.363671064376831,1.1179869174957275
564,0.6336857080459595,0.5531949996948242,3.6591947078704834,15.688477516174316,141.57806396484375,9.3778715133667,11.75539493560791,4.471527576446533,-0.6724444031715393,0.02197299525141716,-0.35267725586891174,9.379822731018066,11.788166046142578,4.47003173828125
565,0.7680681347846985,0.5604382157325745,1.442307949066162,3.0911290645599365,31.748779296875,1.6034753322601318,2.0463714599609375,1.6722174882888794,-0.25574007630348206,0.05424343794584274,0.09078563004732132,1.5873653888702393,2.051358461380005,1.6744087934494019
566,0.6804472208023071,0.5443796515464783,1.6037516593933105,3.0631790161132812,23.20509910583496,2.017425298690796,2.1923418045043945,0.7118277549743652,-0.37751367688179016,-0.0075322468765079975,-0.04656076431274414,1.9873172044754028,2.198444128036499,0.7122846841812134
567,0.6983120441436768,0.54933762550354,2.140768051147461,6.255213737487793,52.3395881652832,4.42949914932251,3.8912692070007324,2.0893189907073975,0.2946557402610779,0.4747768044471741,-0.05434918403625488,4.432015895843506,3.87296986579895,2.094437837600708
568,0.6205191016197205,0.5619234442710876,2.841756820678711,12.255863189697266,128.10301208496094,11.691651344299316,3.2463159561157227,1.7242159843444824,-0.2215099036693573,0.11336544901132584,0.18406856060028076,11.722159385681152,3.2533857822418213,1.719144582748413
569,0.5878825187683105,0.5518942475318909,1.337322473526001,2.120098829269409,14.966503143310547,1.5956934690475464,1.222432017326355,0.6739742159843445,-0.37628862261772156,0.07734578847885132,-0.145832821726799,1.555017113685608,1.2233856916427612,0.6598430275917053
570,0.674387514591217,0.5491670370101929,1.718072533607483,3.121000289916992,17.474445343017578,1.927651047706604,2.2846755981445312,0.8972530961036682,-0.23809967935085297,-0.24277903139591217,0.053840719163417816,1.9182255268096924,2.278076410293579,0.8981344699859619
571,0.664733350276947,0.5680784583091736,2.8829424381256104,10.462607383728027,106.0908432006836,8.735029220581055,5.664097785949707,1.0408751964569092,0.48086702823638916,-0.09302108734846115,-0.1142248809337616,8.746110916137695,5.679131507873535,1.0374746322631836
572,0.6191630959510803,0.5525873899459839,3.391420841217041,14.689787864685059,145.36488342285156,10.069879531860352,10.190988540649414,3.2451727390289307,-0.9597159624099731,-0.6337485313415527,0.20354200899600983,10.052002906799316,10.19963550567627,3.2478175163269043
573,0.6935290694236755,0.5622519850730896,1.3262734413146973,2.164202928543091,10.772454261779785,1.4126554727554321,1.5317931175231934,0.5846269130706787,-0.426582932472229,0.16830478608608246,0.0163669902831316,1.3504645824432373,1.5267657041549683,0.5860279202461243
574,0.678961992263794,0.5384692549705505,1.434755802154541,2.6670451164245605,23.116567611694336,2.0166234970092773,1.6331403255462646,0.6158030033111572,-0.5282992124557495,-0.06700368970632553,-0.11880861222743988,1.9516223669052124,1.6363168954849243,0.6059187054634094
575,0.6850782632827759,0.5797919034957886,2.3897628784179688,11.742136001586914,146.38478088378906,4.995121479034424,10.159917831420898,3.1148955821990967,0.054140228778123856,0.9362679719924927,-0.22399021685123444,5.00875997543335,10.144905090332031,3.1154978275299072
576,0.7253496050834656,0.512240469455719,1.9802489280700684,8.419340133666992,109.42991638183594,8.266983985900879,1.4905869960784912,0.5660443305969238,0.08377128094434738,-0.03018484264612198,0.07606901973485947,8.289617538452148,1.4944384098052979,0.5624743103981018
577,0.6961665153503418,0.5535207390785217,3.2940871715545654,11.620216369628906,115.11166381835938,8.579633712768555,7.441649436950684,2.457880973815918,-1.3819488286972046,0.1085243672132492,0.18226249516010284,8.49122428894043,7.461613178253174,2.4579508304595947
578,0.7243568301200867,0.5463106632232666,3.3582513332366943,12.883401870727539,137.83642578125,11.4508056640625,5.689892768859863,1.57677161693573,0.1730881631374359,-0.4226072132587433,0.19813932478427887,11.481433868408203,5.690004348754883,1.568636178970337
579,0.6586524248123169,0.5330643653869629,2.973647117614746,12.373679161071777,117.88652801513672,10.136489868164062,6.929898738861084,1.5284119844436646,-0.3536754250526428,-0.6236924529075623,0.192338764667511,10.158574104309082,6.921027660369873,1.5204910039901733
580,0.6887891292572021,0.5393983125686646,5.22202205657959,17.03199005126953,120.54869079589844,11.55872917175293,12.079081535339355,3.2527270317077637,-1.668982982635498,1.5028505325317383,-0.18029823899269104,11.469504356384277,12.018657684326172,3.2567853927612305
581,0.6899595260620117,0.5248135924339294,2.878831148147583,8.346334457397461,61.64704513549805,6.994926929473877,4.413908004760742,1.1179063320159912,-0.8399524688720703,0.2455611377954483,-0.08693212270736694,6.963683605194092,4.419365406036377,1.117629885673523
582,0.6257657408714294,0.5345849394798279,3.7568325996398926,12.352380752563477,97.12548065185547,7.463161945343018,9.239774703979492,3.3925037384033203,0.6234548091888428,1.1538196802139282,-0.25467532873153687,7.457820415496826,9.193020820617676,3.392367124557495
583,0.694853663444519,0.565022349357605,2.515817165374756,7.239873886108398,78.32593536376953,6.4113874435424805,3.186028480529785,1.0766159296035767,-0.5103338956832886,0.22055427730083466,-0.13792188465595245,6.408872127532959,3.187250852584839,1.0707234144210815
584,0.654914140701294,0.5696612000465393,2.686763286590576,9.651302337646484,98.05552673339844,8.574539184570312,4.260773181915283,1.2127416133880615,-0.4149141311645508,0.5653921961784363,-0.033665381371974945,8.588384628295898,4.234873294830322,1.2156556844711304
585,0.6925114989280701,0.5545884966850281,2.768721580505371,8.51553726196289,107.19532012939453,7.753113746643066,3.3414461612701416,1.112800121307373,-0.601790189743042,0.22734998166561127,-0.30376866459846497,7.751285076141357,3.3430020809173584,1.073522686958313
586,0.7029504179954529,0.5679196119308472,3.8355917930603027,15.233738899230957,165.26895141601562,12.427088737487793,7.752810955047607,4.186668395996094,-2.0575053691864014,-0.7456185221672058,0.2769843339920044,12.289765357971191,7.738398551940918,4.189148902893066
587,0.8294790983200073,0.48912811279296875,1.53909170627594,3.832411766052246,44.86001968383789,3.593454122543335,1.2155226469039917,0.5449516773223877,-0.26521944999694824,0.07115333527326584,-0.1445019394159317,3.5936496257781982,1.2168229818344116,0.5269097685813904
588,0.6972873210906982,0.5541484355926514,3.7424418926239014,11.38328742980957,90.55067443847656,9.565650939941406,5.3637847900390625,3.050797700881958,-0.05952483415603638,1.0674302577972412,-0.49600648880004883,9.592146873474121,5.2711615562438965,3.0186033248901367
589,0.7915728688240051,0.5158783793449402,2.9483439922332764,11.855804443359375,110.99829864501953,4.469972610473633,10.252891540527344,3.9316203594207764,-0.5649029016494751,-1.271499752998352,0.3215612769126892,4.446502208709717,10.202122688293457,3.929378032684326
590,0.6465785503387451,0.5712410807609558,3.572108268737793,11.789188385009766,95.2960205078125,9.938982009887695,5.648252487182617,2.8807735443115234,-0.43863824009895325,-0.3096439838409424,0.16246257722377777,9.956995010375977,5.655490398406982,2.884211778640747
591,0.7603814005851746,0.5229399800300598,2.425851583480835,9.522897720336914,90.60926818847656,7.433385848999023,5.581124305725098,2.0691592693328857,-1.2566066980361938,-0.34537798166275024,0.16938269138336182,7.346837043762207,5.585966110229492,2.067966938018799
592,0.7774263620376587,0.5659945607185364,4.368550777435303,14.65886402130127,105.35164642333984,8.281946182250977,11.794112205505371,2.6815285682678223,-1.8136980533599854,-1.0089595317840576,0.3026137948036194,8.1034517288208,11.783653259277344,2.671830654144287
593,0.6820769309997559,0.5317919254302979,3.389761447906494,11.78117561340332,99.45135498046875,6.618750095367432,9.390320777893066,2.609623432159424,-1.0752151012420654,0.9846831560134888,-0.13860853016376495,6.54904842376709,9.364598274230957,2.613208770751953
594,0.6876341700553894,0.5408068895339966,1.826017141342163,4.850534439086914,58.79354476928711,4.454878330230713,1.7533636093139648,0.7793964743614197,-1.0195053815841675,0.12043602764606476,-0.12814415991306305,4.348749160766602,1.7541016340255737,0.7709343433380127
595,0.6768395900726318,0.539860188961029,1.8520036935806274,6.447185039520264,81.13522338867188,6.0790910720825195,1.9522894620895386,0.8941034078598022,-0.8492106199264526,0.06915588676929474,-0.04776265472173691,6.036273956298828,1.956506371498108,0.8953171968460083
596,0.6082491278648376,0.575665295124054,1.9437816143035889,3.247260570526123,16.652572631835938,2.426823139190674,2.092094659805298,0.527607798576355,-0.8716652989387512,-0.04463113844394684,-0.13702712953090668,2.27119517326355,2.0974528789520264,0.5109244585037231
597,0.7566550374031067,0.5460942387580872,1.964532732963562,6.865962982177734,81.30980682373047,4.11413049697876,5.35304069519043,1.2491313219070435,-0.9594959020614624,-0.20768488943576813,-0.06791383028030396,4.011839389801025,5.363931179046631,1.250762939453125
598,0.615088164806366,0.5957368016242981,2.120952844619751,4.567405700683594,39.665740966796875,3.3232195377349854,2.9428775310516357,1.0755834579467773,-0.8670715689659119,-0.016053561121225357,-0.034399133175611496,3.21705961227417,2.951042413711548,1.0780318975448608
599,0.7163779139518738,0.5594699382781982,2.572219133377075,11.453583717346191,118.86277770996094,6.658506870269775,8.935681343078613,2.6462199687957764,-0.7444251179695129,0.1919340193271637,0.08422959595918655,6.635219097137451,8.958538055419922,2.652256965637207
600,0.6244398355484009,0.6025713682174683,2.9214067459106445,9.319408416748047,85.37603759765625,6.542052268981934,6.344568729400635,1.9491961002349854,0.04935815557837486,0.7986485958099365,-0.1296495646238327,6.56011438369751,6.31165885925293,1.950304627418518
601,0.7584518790245056,0.5486142635345459,2.606214761734009,9.966776847839355,104.4110336303711,5.702395439147949,7.353257656097412,3.5705652236938477,-0.03449539840221405,-0.3712078630924225,0.18652348220348358,5.718196868896484,7.364367485046387,3.5756359100341797
602,0.6094279885292053,0.5778939723968506,3.212569236755371,10.916116714477539,91.03667449951172,7.194210529327393,7.980630397796631,1.9273027181625366,-1.0799124240875244,1.1582577228546143,-0.19618193805217743,7.132536888122559,7.918157577514648,1.9226399660110474
603,0.664633572101593,0.5713975429534912,3.496131181716919,14.829022407531738,126.59304809570312,11.58166790008545,8.668207168579102,3.2599174976348877,-0.5678572654724121,-0.06677551567554474,0.19766265153884888,11.600005149841309,8.69212818145752,3.262995719909668
604,0.643491804599762,0.5505111217498779,3.0312657356262207,10.183058738708496,91.51815032958984,8.467537879943848,4.666552543640137,3.196681261062622,-0.32597067952156067,0.25580719113349915,-0.08848490566015244,8.48486328125,4.6725335121154785,3.20436954498291
605,0.6797047257423401,0.5530955791473389,1.8741555213928223,7.20004415512085,92.3055191040039,5.225786209106445,4.207492351531982,2.6131951808929443,-0.9954385161399841,-0.21938171982765198,0.12332553416490555,5.144412517547607,4.213489532470703,2.6175646781921387
606,0.6588425636291504,0.5754820108413696,3.3356337547302246,10.338021278381348,83.08159637451172,7.750961780548096,6.429655075073242,2.335980176925659,-1.0579484701156616,-0.04965447261929512,0.07050313800573349,7.6998395919799805,6.447397708892822,2.3414289951324463
607,0.6743350625038147,0.5626174807548523,2.5765392780303955,7.977094650268555,83.65693664550781,5.973689079284668,5.175300598144531,1.0795100927352905,-0.7697002291679382,-0.09623875468969345,0.047396767884492874,5.940418720245361,5.188838958740234,1.0814772844314575
608,0.6743533611297607,0.5737448930740356,2.6465156078338623,9.361522674560547,80.26632690429688,8.442187309265137,3.9104251861572266,1.0373780727386475,-0.9079129099845886,0.14299538731575012,-0.04735753312706947,8.416637420654297,3.918710470199585,1.0391871929168701
609,0.6127961277961731,0.5691312551498413,2.353044033050537,8.293131828308105,84.35904693603516,4.744208335876465,5.5825910568237305,3.8862826824188232,-0.14202728867530823,0.3515073359012604,-0.32127588987350464,4.755309581756592,5.587055206298828,3.8837833404541016
610,0.6307568550109863,0.5890863537788391,2.7490813732147217,9.169910430908203,89.08750915527344,7.6964874267578125,4.791662693023682,1.3752496242523193,-0.11805468052625656,0.293373167514801,-0.12908342480659485,7.717048645019531,4.796014308929443,1.3729974031448364
611,0.6793420910835266,0.5767832398414612,2.4749414920806885,7.5793776512146,70.10614013671875,6.438884735107422,3.7382001876831055,1.4190123081207275,0.12127548456192017,-0.5068344473838806,0.013343922793865204,6.455699443817139,3.71401309967041,1.4229077100753784
612,0.6237531304359436,0.5595043897628784,3.370887279510498,12.019410133361816,92.99812316894531,7.667335033416748,8.608383178710938,3.402047634124756,-1.5083513259887695,-0.5739443302154541,0.3260420858860016,7.538475036621094,8.613187789916992,3.39583420753479
613,0.7739246487617493,0.5373213291168213,2.2923102378845215,6.416656494140625,49.4673957824707,4.8148112297058105,3.8860690593719482,1.6998645067214966,-0.5642645359039307,-0.2201070785522461,0.018522417172789574,4.794970512390137,3.890653133392334,1.7045049667358398
614,0.717319667339325,0.5524545311927795,3.576793909072876,13.644416809082031,143.1276092529297,5.261746883392334,12.24793815612793,2.910691738128662,-0.5237300395965576,0.6535016894340515,-0.2350369393825531,5.2502217292785645,12.264608383178711,2.9092793464660645
615,0.7003629803657532,0.5411509275436401,2.9281420707702637,11.994006156921387,125.6856460571289,8.33576774597168,7.468262672424316,4.3123321533203125,-1.290719747543335,-0.9646766185760498,0.26500773429870605,8.258204460144043,7.42635440826416,4.316187381744385
616,0.7579017877578735,0.5315925478935242,3.498076915740967,11.528861045837402,85.92517852783203,7.380844593048096,8.34483528137207,2.9667279720306396,-0.7818187475204468,0.3572522699832916,-0.11504107713699341,7.359792709350586,8.360440254211426,2.9727659225463867
617,0.7580572962760925,0.5063759684562683,3.5557761192321777,12.834600448608398,118.36404418945312,11.229150772094727,5.875874996185303,2.0266339778900146,-0.9279792308807373,0.16475526988506317,-0.00447375001385808,11.221956253051758,5.88994836807251,2.0322823524475098
618,0.7861627340316772,0.5015831589698792,4.970879077911377,18.032045364379883,155.86924743652344,10.34093189239502,14.1177339553833,4.3484930992126465,-0.9814745187759399,-0.6997301578521729,-0.0108265345916152,10.32296371459961,14.139714241027832,4.360609531402588
619,0.807375431060791,0.5147656202316284,6.060022354125977,19.669414520263672,139.4244842529297,14.45458698272705,12.705387115478516,4.064971446990967,-0.2117704600095749,-0.7583133578300476,0.5623981356620789,14.493350982666016,12.718113899230957,4.037108898162842
620,0.6996786594390869,0.5355144143104553,4.43114709854126,16.504966735839844,135.9597930908203,13.303311347961426,9.609230995178223,1.7602598667144775,-0.03469623997807503,-0.345294326543808,-0.10168638825416565,13.340374946594238,9.62981128692627,1.7622222900390625
621,0.8448321223258972,0.5338544845581055,5.009333610534668,16.10869026184082,100.80712127685547,9.432711601257324,12.76954460144043,2.729949712753296,-0.47832876443862915,0.2340538501739502,-0.07188793271780014,9.446852684020996,12.803011894226074,2.7366151809692383
622,0.7174464464187622,0.5546931624412537,4.401756763458252,15.274336814880371,108.97393035888672,13.511922836303711,6.66830587387085,2.503408193588257,-2.0622358322143555,0.5566073060035706,-0.37818393111228943,13.390871047973633,6.663570880889893,2.4815804958343506
623,0.835954487323761,0.4989018738269806,6.697896480560303,21.82210350036621,160.17251586914062,12.457906723022461,16.87474250793457,6.020617961883545,0.07450811564922333,-2.4469876289367676,1.013219952583313,12.492432594299316,16.742956161499023,5.951301574707031
624,0.7396635413169861,0.5154035091400146,2.4305171966552734,6.153597831726074,57.16977310180664,3.592249631881714,4.816808700561523,1.3269752264022827,-0.6337529420852661,-0.43811842799186707,0.08310990035533905,3.5457663536071777,4.810222625732422,1.3280640840530396
625,0.8695603609085083,0.5344976186752319,2.717472791671753,8.966768264770508,83.65089416503906,6.8024749755859375,5.153024196624756,2.752382278442383,-0.39904549717903137,-0.11530328541994095,0.0650307908654213,6.809702396392822,5.166104316711426,2.759289503097534
626,0.6845061779022217,0.5142771005630493,3.9290294647216797,13.35328197479248,100.73257446289062,7.359676837921143,10.798489570617676,2.745523452758789,-0.16074667870998383,1.6826694011688232,-0.19774892926216125,7.378445625305176,10.696337699890137,2.746030807495117
627,0.6992015242576599,0.5190749764442444,3.0331859588623047,9.461041450500488,63.87323760986328,8.009076118469238,4.730179309844971,1.7295664548873901,-0.17005492746829987,-0.2429714947938919,-0.025239411741495132,8.029605865478516,4.737112045288086,1.734206199645996
628,0.7358541488647461,0.5535010099411011,3.7277181148529053,11.06035327911377,69.3359603881836,7.206696033477783,7.8841376304626465,2.869722366333008,-0.5510050654411316,0.17379216849803925,-0.033573951572179794,7.205644607543945,7.904209136962891,2.8775298595428467
629,0.7069945335388184,0.5168352127075195,3.311340093612671,9.590906143188477,65.22987365722656,8.158573150634766,4.389404773712158,2.4811882972717285,-0.9777646064758301,-0.2254783660173416,0.03958282992243767,8.12236499786377,4.395837306976318,2.487792491912842
630,0.8018935322761536,0.5264830589294434,5.229153633117676,21.281047821044922,204.4420623779297,17.705642700195312,11.477899551391602,2.766047954559326,-2.110764503479004,-1.3924602270126343,0.10519865900278091,17.6284122467041,11.424901008605957,2.771756649017334
631,0.7451876401901245,0.5056670308113098,3.1948189735412598,12.734495162963867,138.54989624023438,9.853264808654785,7.543381690979004,2.8597049713134766,0.22517377138137817,1.0366958379745483,-0.36660343408584595,9.878168106079102,7.492647171020508,2.844019889831543
632,0.7245835065841675,0.5389513969421387,5.448972225189209,19.598596572875977,143.3813018798828,12.914595603942871,14.011238098144531,4.582947731018066,-0.7330392599105835,0.8191489577293396,0.21852350234985352,12.929741859436035,14.026288986206055,4.590504169464111
633,0.7453895807266235,0.574100911617279,5.330808162689209,18.048500061035156,107.14025115966797,12.1939058303833,12.153068542480469,5.418481826782227,0.0894676223397255,1.658150315284729,-0.6035096049308777,12.227588653564453,12.073001861572266,5.399787425994873
634,0.7308832406997681,0.5235351920127869,6.524266242980957,22.499589920043945,139.26776123046875,17.885595321655273,12.856319427490234,4.5882463455200195,-0.8445094227790833,0.5321367383003235,0.2842717170715332,17.915481567382812,12.881133079528809,4.592205047607422
635,0.7415035367012024,0.5097715854644775,4.424592971801758,14.455667495727539,103.58283996582031,11.468011856079102,8.389772415161133,2.6575870513916016,-0.18212629854679108,0.48156943917274475,-0.33757516741752625,11.498550415039062,8.39930248260498,2.6434128284454346
636,0.7700085639953613,0.5073153972625732,6.038965702056885,24.088735580444336,199.18875122070312,19.206113815307617,14.045526504516602,3.7570698261260986,-0.7579445838928223,1.3457978963851929,-0.219394713640213,19.24468421936035,14.01990032196045,3.761120319366455
637,0.8312429189682007,0.4807828366756439,4.723518371582031,16.587949752807617,141.0561981201172,10.849845886230469,12.011331558227539,3.6288907527923584,-0.606076717376709,-1.6730866432189941,0.411639541387558,10.863122940063477,11.927414894104004,3.615525484085083
638,0.8741122484207153,0.5531457662582397,4.645715236663818,18.491802215576172,202.24053955078125,11.666175842285156,13.377782821655273,5.184786319732666,0.34073248505592346,-0.7587754130363464,0.1970730572938919,11.693726539611816,13.393502235412598,5.195491313934326
639,0.7629620432853699,0.49637410044670105,3.880622148513794,18.997751235961914,209.4638671875,13.620567321777344,11.581619262695312,6.423452377319336,-0.4030989706516266,-0.9310836791992188,0.5540720820426941,13.652576446533203,11.576333045959473,6.417361736297607
640,0.8333186507225037,0.49229857325553894,6.84588623046875,23.935848236083984,148.09906005859375,17.456920623779297,15.415043830871582,5.527857780456543,-2.801011323928833,2.314851999282837,-0.7093011736869812,17.278804779052734,15.282754898071289,5.4974541664123535
641,0.7848110795021057,0.49103885889053345,4.9429121017456055,17.518814086914062,147.66905212402344,10.976034164428711,13.28679370880127,3.1458961963653564,-0.5867154598236084,-1.1329318284988403,0.0841972827911377,10.990915298461914,13.2753324508667,3.153540849685669
642,0.7925087809562683,0.52834552526474,5.571582317352295,23.844289779663086,217.62936401367188,17.025392532348633,15.829739570617676,5.30146598815918,-1.3712711334228516,0.0885951891541481,0.08059300482273102,17.01741600036621,15.87364673614502,5.315640449523926
643,0.7947232127189636,0.5276447534561157,4.078780651092529,13.582714080810547,127.76593017578125,9.86340045928955,8.98715591430664,2.536628484725952,-0.6772791147232056,0.12256232649087906,-0.10823801159858704,9.867568016052246,9.01138687133789,2.5413873195648193
644,0.7512015700340271,0.5134000778198242,5.365209579467773,18.434167861938477,111.57853698730469,13.06956958770752,12.309013366699219,4.182469367980957,-1.798580288887024,-1.4501093626022339,0.6670273542404175,12.981330871582031,12.257392883300781,4.1404547691345215
645,0.8815829753875732,0.5159604549407959,5.402143955230713,17.916770935058594,147.33670043945312,12.131421089172363,11.960925102233887,5.547569274902344,-0.38564372062683105,-0.9924880266189575,0.5705158114433289,12.159112930297852,11.952925682067871,5.533547401428223
646,0.8238590359687805,0.49956682324409485,4.009794235229492,14.028092384338379,94.2218246459961,9.300070762634277,9.70842456817627,4.00531530380249,-0.16963519155979156,-0.38769346475601196,-0.055961113423109055,9.324460983276367,9.727740287780762,4.016095161437988
647,0.8132859468460083,0.5253410339355469,6.322200775146484,23.861156463623047,191.17486572265625,20.20975685119629,12.045093536376953,3.979487657546997,-1.7249867916107178,-0.8481613993644714,0.25079482793807983,20.192171096801758,12.048710823059082,3.9826555252075195
648,0.8893052339553833,0.48365265130996704,4.235610485076904,15.628296852111816,165.88613891601562,12.221672058105469,8.702369689941406,4.375284671783447,-0.25847676396369934,-1.5116782188415527,0.7680374383926392,12.253021240234375,8.593973159790039,4.319361686706543
649,0.803429901599884,0.5207165479660034,3.6578545570373535,13.249723434448242,122.7490005493164,10.838801383972168,7.105495929718018,2.7545363903045654,1.2597788572311401,0.9898510575294495,-0.36624255776405334,10.795371055603027,7.055838108062744,2.7376954555511475
650,0.8627820611000061,0.5068415999412537,2.1806304454803467,6.896246433258057,70.31663513183594,5.3383469581604,4.0694050788879395,1.5812033414840698,-0.2005435973405838,-0.07911735028028488,-0.0043358830735087395,5.349459171295166,4.07998514175415,1.585607886314392
651,0.8782293200492859,0.4936300218105316,3.6421327590942383,18.514673233032227,186.82965087890625,17.67313575744629,4.244505405426025,3.526676654815674,1.7323614358901978,-0.24031752347946167,0.06950391083955765,17.637086868286133,4.24951696395874,3.535827159881592
652,0.8535952568054199,0.5104128122329712,4.859105587005615,26.141067504882812,304.79388427734375,24.41815757751465,8.640191078186035,3.529322862625122,-2.537099838256836,-0.6430332660675049,0.3779146075248718,24.35373878479004,8.640263557434082,3.5188193321228027
653,0.8186860680580139,0.49187612533569336,3.161395311355591,8.476363182067871,60.18767166137695,4.98330020904541,6.6168670654296875,1.7979177236557007,-0.6340380311012268,-0.248444601893425,-0.07028450816869736,4.956587791442871,6.630645751953125,1.801554799079895
654,0.9405860900878906,0.5008103251457214,3.2648367881774902,12.155871391296387,111.1152572631836,5.776680946350098,10.516599655151367,1.948411226272583,-0.09267693758010864,0.31929537653923035,-0.10151589661836624,5.792048931121826,10.541072845458984,1.9511923789978027
655,0.8771640658378601,0.5467126369476318,3.966400623321533,13.825535774230957,107.31362915039062,12.091894149780273,5.9886155128479,3.0113120079040527,1.4275344610214233,-1.1855924129486084,0.5977070331573486,12.040825843811035,5.886457920074463,2.959630012512207
656,0.9659348130226135,0.4963828921318054,2.569694757461548,8.981910705566406,102.94889068603516,6.2872538566589355,6.2630510330200195,1.3854091167449951,-0.3936607539653778,-0.6149504780769348,-0.0012031343067064881,6.292420864105225,6.250173568725586,1.3892731666564941
657,0.8637193441390991,0.49805909395217896,2.6081619262695312,7.885164737701416,88.86858367919922,6.669302463531494,3.8813412189483643,1.6221617460250854,0.5156201720237732,-0.1264050155878067,0.03968927636742592,6.667888164520264,3.8901031017303467,1.6261996030807495
658,0.9324613809585571,0.4842889606952667,2.6965372562408447,5.997195720672607,41.26565933227539,3.223022937774658,4.933091163635254,1.1149414777755737,0.5180014967918396,-0.6948127150535583,0.1252104490995407,3.189997911453247,4.897538185119629,1.1109788417816162
659,0.8807256817817688,0.5033950805664062,3.397111177444458,13.409193992614746,135.17108154296875,10.982522010803223,7.2096848487854,2.685356616973877,0.4124509394168854,0.592130184173584,-0.33321505784988403,11.005387306213379,7.2053704261779785,2.6720352172851562
660,0.8844845294952393,0.4926222264766693,3.0410149097442627,10.001717567443848,98.95296478271484,6.098317623138428,7.502538204193115,2.5606255531311035,0.7740916013717651,0.4954247772693634,-0.04708943888545036,6.065861701965332,7.507044315338135,2.567333698272705
661,0.8046106100082397,0.5082126259803772,2.7650184631347656,6.606282711029053,57.393070220947266,5.252664566040039,3.8076796531677246,1.2466174364089966,-0.04718872904777527,-0.18238459527492523,0.1965036243200302,5.267104625701904,3.813918113708496,1.234466552734375
662,0.8518573045730591,0.5433346033096313,5.86312198638916,23.82988929748535,194.17617797851562,15.69678783416748,17.47234344482422,4.023886203765869,1.194908857345581,-2.2463600635528564,0.49976423382759094,15.69489860534668,17.37567138671875,4.0038676261901855
663,0.8202986717224121,0.5223720073699951,3.1960232257843018,12.791154861450195,132.37509155273438,9.333971977233887,8.287027359008789,2.7956764698028564,-0.2979413866996765,-1.187691330909729,0.23136338591575623,9.35523796081543,8.224353790283203,2.7938578128814697
664,0.8023985028266907,0.5145196914672852,4.63486385345459,21.62954330444336,236.8875274658203,10.458130836486816,17.661890029907227,6.820724010467529,0.4348822236061096,-1.8937609195709229,0.875383198261261,10.478232383728027,17.609050750732422,6.78318452835083
665,0.7918664813041687,0.556669294834137,3.543729066848755,12.822259902954102,122.46607208251953,9.536935806274414,7.442479610443115,4.2504963874816895,0.472805380821228,-0.43484756350517273,-0.06366009265184402,9.551777839660645,7.450489044189453,4.261875152587891
666,0.8848443627357483,0.5306797623634338,2.648804187774658,12.402199745178223,161.60191345214844,6.7086005210876465,10.139999389648438,2.4473793506622314,-0.24139070510864258,-0.7992992401123047,0.1323121190071106,6.722957134246826,10.136643409729004,2.4506168365478516
667,0.7485114932060242,0.5307358503341675,2.0461273193359375,4.821995735168457,47.94709777832031,3.1264028549194336,3.5368313789367676,0.9839070439338684,0.36337772011756897,-0.19867262244224548,-0.0772520899772644,3.113875389099121,3.5410969257354736,0.9836056232452393
668,0.7406888604164124,0.5229421854019165,3.9791388511657715,17.024127960205078,183.39036560058594,9.21258544921875,12.655390739440918,6.692557334899902,0.35498788952827454,-0.8537394404411316,0.40113458037376404,9.23142147064209,12.661781311035156,6.699159145355225
669,0.8349723219871521,0.5305029153823853,2.5130157470703125,10.031682014465332,127.04278564453125,5.79691743850708,7.8097004890441895,2.4574315547943115,0.7755562663078308,0.49148714542388916,-0.1977224200963974,5.76082706451416,7.815961837768555,2.456296920776367
670,0.815274715423584,0.5208860039710999,2.8690168857574463,10.04532241821289,106.86723327636719,5.4576616287231445,8.058432579040527,2.4867825508117676,0.9541523456573486,-0.9288827776908875,0.24195589125156403,5.388597011566162,8.027047157287598,2.4818875789642334
671,0.9488758444786072,0.48934388160705566,1.9798096418380737,4.830981254577637,46.20296859741211,3.7883503437042236,2.8824026584625244,0.8237338066101074,0.5885587334632874,-0.0896243080496788,0.07463966310024261,3.752790689468384,2.889045238494873,0.8226335048675537
672,0.9583816528320312,0.46656644344329834,4.6639485359191895,19.566909790039062,226.3090362548828,14.540730476379395,12.237672805786133,4.655158042907715,1.5311791896820068,0.4745959937572479,-0.11732655018568039,14.50022029876709,12.262577056884766,4.666660308837891
673,0.8670654892921448,0.4945235848426819,2.0171759128570557,4.496922016143799,44.97023391723633,2.036451816558838,3.7228174209594727,1.4885566234588623,0.42801666259765625,-0.5725327730178833,-0.06385428458452225,1.9965176582336426,3.6887898445129395,1.4913347959518433
674,0.9669312238693237,0.48276224732398987,2.5330588817596436,9.810726165771484,121.72025299072266,6.147663593292236,7.415665626525879,1.861314296722412,0.3082602322101593,-0.7361893057823181,0.18976779282093048,6.15705680847168,7.39961576461792,1.8567801713943481
675,0.821989893913269,0.5040509700775146,2.941694498062134,8.73750114440918,88.3968276977539,4.073936462402344,7.316144943237305,2.4941904544830322,0.934074342250824,-1.1639589071273804,0.33912333846092224,3.9764699935913086,7.243109703063965,2.4779210090637207
676,0.9078747034072876,0.5091225504875183,2.735708713531494,7.6216959953308105,58.91701889038086,5.0154218673706055,5.4115729331970215,1.9106718301773071,0.480877161026001,-0.5438822507858276,0.06686419248580933,5.006241321563721,5.399191379547119,1.9148279428482056
677,0.8515195846557617,0.5039793252944946,2.527494430541992,11.301496505737305,111.642578125,7.557384490966797,8.248176574707031,1.6054229736328125,1.0848287343978882,0.45745915174484253,-0.11106617748737335,7.4999799728393555,8.258453369140625,1.6060439348220825
678,0.9095168113708496,0.501878023147583,5.422111988067627,23.541423797607422,199.33114624023438,17.715126037597656,14.636736869812012,5.112615585327148,-0.48054489493370056,1.6848164796829224,-0.5623449087142944,17.75800323486328,14.580000877380371,5.095768928527832
679,0.8629122376441956,0.5252829790115356,3.143819808959961,14.854294776916504,149.1344757080078,8.973649978637695,10.854363441467285,4.722975730895996,1.0922658443450928,-1.4423216581344604,0.5072149038314819,8.931771278381348,10.788117408752441,4.70875883102417
680,0.8686878681182861,0.5164856314659119,2.9505062103271484,7.913263320922852,85.62126159667969,4.287440299987793,6.22801399230957,2.334404230117798,0.985480010509491,0.10568314045667648,-0.2476699948310852,4.184284210205078,6.2444868087768555,2.3277034759521484
681,0.8903448581695557,0.5134227871894836,2.2922751903533936,5.4878058433532715,47.91393280029297,4.233353137969971,3.4413604736328125,0.5930985808372498,0.8718550205230713,-0.1952996402978897,-0.05269681662321091,4.1541571617126465,3.4453978538513184,0.5924007296562195
682,0.8793314099311829,0.5084989666938782,2.058863401412964,3.7307393550872803,24.49607276916504,1.875807523727417,3.0429000854492188,1.0679521560668945,0.7892142534255981,-0.03753930330276489,-0.15875005722045898,1.70645010471344,3.0511558055877686,1.059032917022705
683,0.928969144821167,0.5073801875114441,3.144242525100708,14.025847434997559,171.32473754882812,6.964791774749756,11.49345588684082,4.014543056488037,0.3420737385749817,0.3471427857875824,-0.07954736799001694,6.975790023803711,11.520258903503418,4.024950981140137
684,0.9018738865852356,0.5283483266830444,3.4195611476898193,9.37439250946045,74.91737365722656,5.205842971801758,7.440661430358887,2.3270137310028076,0.7918667197227478,-1.2015293836593628,-0.01053980365395546,5.159616947174072,7.363490581512451,2.3334805965423584
685,0.8175718188285828,0.5208828449249268,1.98663330078125,4.050688743591309,29.394657135009766,2.306450366973877,3.0969903469085693,1.223525881767273,0.45674431324005127,-0.32822591066360474,0.022967400029301643,2.267080068588257,3.0881383419036865,1.2267225980758667
686,0.8813377022743225,0.5205158591270447,2.579227924346924,6.988386154174805,50.3862190246582,5.440132141113281,4.203639984130859,1.2537627220153809,0.24325163662433624,-0.17746025323867798,-0.031458087265491486,5.449850559234619,4.211607456207275,1.2568641901016235
687,0.8373851776123047,0.5424091815948486,1.9179738759994507,4.21708345413208,41.88186264038086,2.3713831901550293,3.3049936294555664,1.1123652458190918,0.3924505412578583,0.06338682025671005,-0.08919848501682281,2.3452069759368896,3.313603162765503,1.1118760108947754
688,0.9148470163345337,0.5125057697296143,3.5645251274108887,11.98934268951416,86.5533447265625,9.438153266906738,6.900587558746338,2.654707193374634,-0.6578879952430725,-1.09331476688385,0.24624693393707275,9.441458702087402,6.832431793212891,2.650634765625
689,0.9119371175765991,0.5333771705627441,2.183422327041626,6.7638258934021,73.6851806640625,4.650626182556152,4.746657848358154,1.2610527276992798,0.5868965983390808,-0.3633607029914856,-0.05858824774622917,4.62631368637085,4.745931148529053,1.2632046937942505
690,0.9144056439399719,0.5085729956626892,2.885359525680542,15.361929893493652,200.4057159423828,1.7156158685684204,14.983309745788574,2.9233555793762207,0.7642698884010315,-0.8837952017784119,0.006953822448849678,1.5402628183364868,14.998942375183105,2.931501626968384
691,0.8428199291229248,0.5292710065841675,1.4281365871429443,3.571394681930542,38.87811279296875,1.9982296228408813,2.704808235168457,1.2024773359298706,0.5631005167961121,-0.4598851501941681,0.0538492314517498,1.922595739364624,2.6728603839874268,1.2046217918395996
692,0.909561276435852,0.5421428084373474,3.337538003921509,12.646961212158203,130.62594604492188,6.417384147644043,10.314007759094238,3.5190999507904053,0.4698072671890259,-1.4169269800186157,0.4612604081630707,6.41801643371582,10.244712829589844,3.4984705448150635
693,0.8518676161766052,0.5259578824043274,3.496609687805176,15.637968063354492,138.43418884277344,13.585528373718262,7.595367908477783,1.513216495513916,-1.0047351121902466,0.5355661511421204,-0.029676377773284912,13.586115837097168,7.597597122192383,1.5171455144882202
694,0.9446386694908142,0.5225020051002502,3.1147546768188477,10.187017440795898,88.7411117553711,4.6449480056762695,8.142515182495117,3.9873855113983154,0.8309447765350342,-0.7520191669464111,-0.1933346688747406,4.582766532897949,8.130329132080078,3.993804931640625
695,0.8496561646461487,0.5382165312767029,1.7850168943405151,4.869441509246826,48.42210006713867,1.796245813369751,4.431157112121582,0.9218513369560242,0.33554506301879883,-0.5535535216331482,-0.06112423166632652,1.7695492506027222,4.4087090492248535,0.9223884344100952
696,0.8244595527648926,0.529836118221283,3.03315806388855,14.92836856842041,171.36444091796875,12.962857246398926,7.31178092956543,1.1654969453811646,-0.6593770980834961,0.1493140012025833,0.05143386498093605,12.98218822479248,7.3306474685668945,1.1676093339920044
697,0.7951862215995789,0.5377359390258789,1.4666982889175415,3.5435969829559326,37.41056442260742,2.99951434135437,1.5605907440185547,1.0604476928710938,0.10414605587720871,-0.17406973242759705,-0.016501178964972496,3.0060677528381348,1.5551784038543701,1.0632768869400024
698,0.7664828300476074,0.5536746978759766,1.2374736070632935,2.3330187797546387,21.52546501159668,1.2461928129196167,1.8498430252075195,0.6841499209403992,0.26033180952072144,0.06594692170619965,-0.10440552979707718,1.2220971584320068,1.8538237810134888,0.678022563457489
699,0.8707166314125061,0.5545365214347839,1.6215027570724487,5.503525257110596,56.921173095703125,2.9899113178253174,4.463014602661133,1.1961275339126587,-0.1510772705078125,-0.3445139527320862,0.0809234082698822,2.9944214820861816,4.462109565734863,1.1967158317565918
700,0.8776074051856995,0.5135391354560852,3.706103563308716,16.307411193847656,153.62542724609375,11.713754653930664,10.092269897460938,5.183212757110596,-0.8486964702606201,-0.6526605486869812,0.5575169920921326,11.715556144714355,10.099237442016602,5.167515754699707
701,0.8623268008232117,0.5287720561027527,2.2366089820861816,10.82254409790039,139.72952270507812,2.2673444747924805,10.27196216583252,2.5442869663238525,0.40995606780052185,-0.8486480712890625,0.14160501956939697,2.2361948490142822,10.265398979187012,2.5474295616149902
702,0.9335110187530518,0.5303412675857544,2.7022106647491455,12.478296279907227,121.41754913330078,9.85197639465332,6.811789512634277,3.4994239807128906,-0.8128297924995422,-0.8914930820465088,0.22024083137512207,9.84577465057373,6.772037506103516,3.5022284984588623
703,0.8883219361305237,0.5446434020996094,1.435805320739746,5.150503158569336,52.76982498168945,3.0652050971984863,3.7211496829986572,1.8125234842300415,0.31215551495552063,-0.043044399470090866,-0.14079779386520386,3.0577750205993652,3.7312798500061035,1.8120871782302856
704,0.8605193495750427,0.5405480265617371,1.7373684644699097,6.639720916748047,76.78675079345703,5.664035320281982,2.4585702419281006,2.4413161277770996,0.6160462498664856,-0.21263644099235535,0.08838088065385818,5.646139144897461,2.4561901092529297,2.446521282196045
705,0.8598003387451172,0.5491613149642944,2.270085096359253,12.141159057617188,136.2283172607422,11.69654369354248,2.1195068359375,2.47109055519104,0.5741555690765381,0.09197994321584702,-0.1344813108444214,11.715030670166016,2.1234166622161865,2.474310874938965
706,0.9085390567779541,0.5251743197441101,2.253694772720337,11.051196098327637,139.38243103027344,10.754589080810547,2.3197743892669678,1.042306900024414,0.8232718110084534,-0.0010953109012916684,0.12567637860774994,10.752942085266113,2.326245069503784,1.0375887155532837
707,0.8217585682868958,0.5440583229064941,1.1369017362594604,2.2017245292663574,13.248991012573242,0.9334091544151306,1.6742994785308838,1.083078384399414,0.14283636212348938,0.0843375101685524,-0.13518674671649933,0.9249885678291321,1.6768383979797363,1.077605962753296
708,0.9044450521469116,0.526415228843689,1.4088166952133179,4.246403694152832,49.03032302856445,3.3923861980438232,2.169377088546753,1.3481329679489136,-0.21188457310199738,0.04355337470769882,0.02702758088707924,3.395206928253174,2.174990177154541,1.3516217470169067
709,0.7810091972351074,0.5701099634170532,0.9096086621284485,1.9785444736480713,13.266228675842285,1.1123967170715332,1.4260473251342773,0.8022475242614746,0.15215329825878143,-0.04367437958717346,-0.0412052683532238,1.105015516281128,1.4293543100357056,0.8034234642982483
710,0.8784988522529602,0.5615106821060181,2.9948856830596924,13.587772369384766,122.0428466796875,6.542486667633057,10.893168449401855,4.81272029876709,-0.9264435768127441,-1.0173720121383667,0.4528423845767975,6.494626522064209,10.875807762145996,4.8047332763671875
711,0.8080165386199951,0.5290701985359192,1.3387267589569092,5.230368137359619,42.2617073059082,3.3182337284088135,3.9314093589782715,0.9434497952461243,-0.0279057826846838,-0.05432417243719101,0.08188852667808533,3.3273720741271973,3.9419991970062256,0.9425110220909119
712,0.8223960399627686,0.5571181774139404,1.6926445960998535,5.414022445678711,39.5672492980957,4.727384567260742,2.0466275215148926,1.665769338607788,0.28957703709602356,-0.10374921560287476,-0.09733603894710541,4.731668949127197,2.0496976375579834,1.667561650276184
713,0.8077993988990784,0.5666167736053467,1.1179543733596802,3.06809663772583,27.237695693969727,2.2340967655181885,1.9653898477554321,0.7478444576263428,-0.09060382843017578,0.11214419454336166,-0.07086116075515747,2.238485336303711,1.9676611423492432,0.7465563416481018
714,0.7783664464950562,0.5551919937133789,1.3523858785629272,8.799093246459961,116.03439331054688,1.0975613594055176,8.708422660827637,0.6186805963516235,-0.023127742111682892,0.5412299633026123,0.0188519936054945,1.1003785133361816,8.715832710266113,0.620118260383606
715,0.8185308575630188,0.5687928199768066,0.8600199818611145,2.8774664402008057,32.81577682495117,1.157707929611206,2.542726755142212,0.6885251402854919,0.05028136074542999,0.08315684646368027,-0.08311101794242859,1.159841775894165,2.5484557151794434,0.6853971481323242
716,0.8607550263404846,0.5607424378395081,0.9664568901062012,2.320697784423828,14.36773681640625,1.4433441162109375,1.6940326690673828,0.6577609181404114,-0.13534721732139587,-0.09631417691707611,0.0021467104088515043,1.4409924745559692,1.6960102319717407,0.6595921516418457
717,0.7698618769645691,0.5327349305152893,1.8773444890975952,11.521120071411133,152.43214416503906,1.1138311624526978,10.195616722106934,5.248331069946289,-0.11264165490865707,0.8046631217002869,-0.43069955706596375,1.111211895942688,10.19216537475586,5.2452192306518555
718,0.7870308756828308,0.5496612191200256,1.4154317378997803,8.69929027557373,114.94268035888672,5.418889045715332,5.860093116760254,3.46014404296875,-0.409637451171875,-0.35643115639686584,-0.3017561137676239,5.418456077575684,5.8655595779418945,3.456576108932495
719,0.8569433093070984,0.5392599701881409,1.4457420110702515,5.440293312072754,59.31150436401367,2.512849807739258,4.2299299240112305,2.321652889251709,-0.16160719096660614,-0.4404691457748413,0.08057726174592972,2.5146424770355225,4.218668460845947,2.326726198196411
720,0.7902988195419312,0.5663512349128723,2.3812239170074463,16.4073486328125,212.96267700195312,14.271856307983398,7.807603359222412,2.134617328643799,1.3357951641082764,-0.6611071228981018,-0.05804227292537689,14.248839378356934,7.801263809204102,2.139780282974243
721,0.7857427597045898,0.5554662942886353,2.4487969875335693,16.5727596282959,218.41354370117188,14.490812301635742,7.8916802406311035,1.5472856760025024,-1.1584378480911255,0.5234642028808594,0.1052188128232956,14.484724998474121,7.896264553070068,1.5480098724365234
722,0.7489004135131836,0.5597200393676758,3.776447296142578,20.636592864990234,180.07000732421875,14.333113670349121,14.680532455444336,2.2164745330810547,0.19678586721420288,0.5200967192649841,-0.19527556002140045,14.371740341186523,14.712241172790527,2.2140145301818848
723,0.796139657497406,0.5523572564125061,1.8392568826675415,9.73005199432373,101.0068130493164,7.614527702331543,5.761464595794678,1.8704012632369995,0.4771347939968109,-0.551176905632019,0.1322801560163498,7.620763778686523,5.751036643981934,1.8709218502044678
724,0.8372521996498108,0.554077684879303,1.7111221551895142,8.305680274963379,77.40556335449219,5.854434490203857,5.659845352172852,1.635873794555664,-0.7033776640892029,-0.24094603955745697,0.026401259005069733,5.828239440917969,5.670487403869629,1.6402232646942139
725,0.7372767329216003,0.5582497119903564,2.3322501182556152,9.644510269165039,92.00955200195312,5.746819972991943,7.4725775718688965,2.0374581813812256,-0.00250638322904706,-0.6287859678268433,0.0753709226846695,5.7628493309021,7.4668450355529785,2.041743278503418
726,0.7494306564331055,0.5597065687179565,1.7748838663101196,9.266593933105469,91.11421203613281,4.816910266876221,7.63055419921875,2.1075518131256104,0.495515376329422,0.5015238523483276,-0.18504342436790466,4.804720878601074,7.635293006896973,2.105268716812134
727,0.7585321068763733,0.5593188405036926,2.2775588035583496,7.314417839050293,61.62724304199219,5.071754455566406,5.050076007843018,1.5082262754440308,-0.27862945199012756,-0.5259653925895691,0.10650057345628738,5.078220844268799,5.036622047424316,1.5086580514907837
728,0.7809628248214722,0.5483167171478271,2.9889187812805176,18.640052795410156,213.47804260253906,18.01831817626953,4.574328899383545,1.3664809465408325,-0.43708208203315735,-0.38586756587028503,0.02253943681716919,18.063262939453125,4.570739269256592,1.3701061010360718
729,0.7332497835159302,0.5943240523338318,1.7423094511032104,10.747126579284668,140.9884796142578,8.328715324401855,6.737562656402588,0.8593537211418152,-0.6762750744819641,-0.22242891788482666,-0.020763583481311798,8.324369430541992,6.752673625946045,0.8614992499351501
730,0.6950057148933411,0.5698228478431702,1.3305261135101318,5.6359052658081055,52.5265007019043,1.3503327369689941,5.2266035079956055,1.6194576025009155,0.0825091227889061,0.522763729095459,-0.22307202219963074,1.3515690565109253,5.214900970458984,1.608494758605957
731,0.712980329990387,0.5639360547065735,1.9695305824279785,12.466301918029785,164.76730346679688,11.928616523742676,3.4390392303466797,1.1356885433197021,0.8134415745735168,-0.013233714736998081,0.03836214542388916,11.93404483795166,3.448606491088867,1.1382064819335938
732,0.6641473174095154,0.571648120880127,1.6403790712356567,8.143762588500977,102.57051086425781,1.726779818534851,7.855658054351807,1.2758328914642334,0.10483042895793915,0.2780989110469818,-0.11955325305461884,1.7284026145935059,7.872632026672363,1.2737622261047363
733,0.716677725315094,0.5599580407142639,1.1795008182525635,2.410271406173706,15.510311126708984,1.0314109325408936,2.025496244430542,0.8018508553504944,-0.02540634013712406,-0.2544463872909546,-0.03656714782118797,1.033974051475525,2.0150558948516846,0.8032510280609131
734,0.6376602053642273,0.5770969986915588,2.2072815895080566,12.618789672851562,122.24047088623047,6.575363636016846,10.556195259094238,2.1366324424743652,-0.2641996145248413,-1.0266027450561523,-0.03704553097486496,6.588380336761475,10.535462379455566,2.142270088195801
735,0.6781391501426697,0.5887539386749268,1.8194799423217773,6.336463928222656,58.97224807739258,2.834069013595581,4.760393142700195,3.075303316116333,0.23510242998600006,-0.30533769726753235,0.2508290112018585,2.832178831100464,4.76384162902832,3.0736072063446045
736,0.6747735738754272,0.5621131658554077,1.001152515411377,2.0637171268463135,12.196414947509766,1.1289958953857422,1.581359624862671,0.6954125761985779,0.06736206263303757,-0.10702697187662125,-0.032760508358478546,1.1301281452178955,1.582134485244751,0.6965780854225159
737,0.7496047019958496,0.5468653440475464,2.435556411743164,12.230144500732422,99.31635284423828,10.082060813903809,6.36922550201416,2.7132012844085693,0.4485829770565033,0.06557606905698776,-0.16525715589523315,10.100171089172363,6.386653423309326,2.7157177925109863
738,0.6206232309341431,0.5722934007644653,2.046872615814209,10.130212783813477,104.48348236083984,7.597621440887451,6.589846134185791,1.2129647731781006,-0.5142737627029419,0.2587692439556122,-0.21697017550468445,7.601340293884277,6.603131294250488,1.1967304944992065
739,0.7023524045944214,0.5649412274360657,1.137568473815918,3.272364377975464,31.894752502441406,2.4472012519836426,2.0753626823425293,0.6422189474105835,0.04366857931017876,-0.06515523791313171,-0.034627996385097504,2.453636646270752,2.0801258087158203,0.6430734992027283
740,0.7686795592308044,0.5611488819122314,1.7858153581619263,6.539205551147461,60.058372497558594,4.9523844718933105,4.1124677658081055,1.1500916481018066,0.6910801529884338,-0.2798888683319092,-0.12482836097478867,4.917608261108398,4.114377021789551,1.1464864015579224
741,0.7727646231651306,0.5547845363616943,1.6390392780303955,5.920602798461914,52.311004638671875,3.459242582321167,4.581773281097412,1.4472512006759644,-0.3553270101547241,0.23904947936534882,-0.07208077609539032,3.4505434036254883,4.5882954597473145,1.4494869709014893
742,0.7324077486991882,0.5553619861602783,3.916628122329712,20.75530433654785,213.6166534423828,14.831475257873535,14.254777908325195,2.758859872817993,-1.456396460533142,-0.2819659113883972,-0.025170156732201576,14.8009672164917,14.291744232177734,2.7664403915405273
743,0.8177305459976196,0.5523883104324341,0.9161313772201538,1.8043420314788818,11.751688957214355,0.9748647809028625,1.3407443761825562,0.712526261806488,0.024847134947776794,-0.17928116023540497,-0.004065410234034061,0.9772664308547974,1.3324099779129028,0.7145021557807922
744,0.7423051595687866,0.5737124681472778,1.7085785865783691,7.617819309234619,95.30198669433594,5.07152795791626,4.682836055755615,3.2220818996429443,0.5322226285934448,-0.20603172481060028,0.23227620124816895,5.057592391967773,4.691350936889648,3.2226626873016357
745,0.7182602882385254,0.566662073135376,1.7464350461959839,7.2596025466918945,79.29084014892578,5.055881500244141,4.21058464050293,3.067716360092163,0.6377562880516052,-0.0388374850153923,0.11543697118759155,5.029487133026123,4.222149848937988,3.074094772338867
746,0.6975407004356384,0.5868134498596191,0.8212260007858276,1.8472228050231934,15.903923034667969,1.0521644353866577,1.3216452598571777,0.7472854256629944,-0.09364262968301773,-0.11944569647312164,0.08743107318878174,1.0509123802185059,1.3199082612991333,0.7442232966423035
747,0.6883665323257446,0.5787395238876343,0.8133799433708191,1.5288325548171997,9.047063827514648,0.8621736168861389,1.159914493560791,0.49858206510543823,0.10142508149147034,0.022664252668619156,-0.03246082365512848,0.8585752844810486,1.1629278659820557,0.4989120662212372
748,0.7013562321662903,0.5612426400184631,0.8553045988082886,1.9018651247024536,16.92339515686035,1.520462155342102,0.8574376702308655,0.7550407648086548,0.2338869422674179,-0.0014023674884811044,-0.06505441665649414,1.5065561532974243,0.8598282933235168,0.7543313503265381
749,0.7347069978713989,0.5643107295036316,1.8372917175292969,8.17959976196289,94.35382080078125,3.6811063289642334,6.03715181350708,4.1119465827941895,-0.1160932332277298,-0.48968997597694397,0.26913949847221375,3.68953800201416,6.034043788909912,4.114573955535889
750,0.6791631579399109,0.5795285701751709,1.1067365407943726,2.480844020843506,17.58347511291504,1.6413862705230713,1.7097216844558716,0.7330006957054138,0.12523090839385986,-0.03561679646372795,-0.0609079971909523,1.6411672830581665,1.7141187191009521,0.732503354549408
751,0.7038025259971619,0.5520281195640564,1.6797906160354614,11.307373046875,149.49366760253906,1.7910138368606567,10.398978233337402,4.063275337219238,0.13318473100662231,-0.8379580974578857,0.2687314748764038,1.7910372018814087,10.394075393676758,4.065688133239746
752,0.6196737885475159,0.5451996326446533,2.0859792232513428,6.954067230224609,64.60209655761719,3.212899923324585,4.635857105255127,4.067573547363281,-0.14437022805213928,-0.03247130662202835,0.05511033907532692,3.2186076641082764,4.648674011230469,4.078545570373535
753,0.6353794932365417,0.5462120175361633,2.466914653778076,12.993931770324707,146.9234619140625,8.312665939331055,9.296996116638184,3.647974729537964,-0.5796467661857605,-1.1387842893600464,0.23756001889705658,8.31556224822998,9.252725601196289,3.650385618209839
754,0.6232724785804749,0.5416779518127441,1.4365073442459106,7.094191551208496,91.91973114013672,0.9434614777565002,5.771501064300537,4.015869617462158,0.14388421177864075,-0.557444155216217,0.22457000613212585,0.935026228427887,5.760540962219238,4.02077054977417
755,0.6338203549385071,0.5655979514122009,3.299750566482544,19.891597747802734,217.33953857421875,14.361756324768066,13.702682495117188,1.285360336303711,0.34040188789367676,-1.4617594480514526,-0.09024541079998016,14.397772789001465,13.662494659423828,1.2857648134231567
756,0.6168632507324219,0.5612347722053528,1.240867257118225,2.6689116954803467,16.268390655517578,1.7785842418670654,1.8583440780639648,0.7115368843078613,0.024995964020490646,-0.037378475069999695,-0.04001621901988983,1.7833691835403442,1.8631505966186523,0.7123924493789673
757,0.7552684545516968,0.5308545231819153,1.6019351482391357,7.245643615722656,82.2200927734375,3.943802833557129,5.471585273742676,2.6471731662750244,0.14988191425800323,-0.6896497011184692,0.16282089054584503,3.951946973800659,5.443089962005615,2.649531126022339
758,0.7021160125732422,0.5292440056800842,1.5432510375976562,6.429843902587891,73.33103942871094,1.8330010175704956,4.736358642578125,3.9433367252349854,0.14227382838726044,-0.42727866768836975,0.221099391579628,1.8325684070587158,4.730203628540039,3.948115825653076
759,0.6730186343193054,0.5621125102043152,0.8245458006858826,1.5162509679794312,8.988702774047852,0.9524551630020142,1.042837381362915,0.5516670346260071,0.012843863107264042,-0.031928859651088715,-0.11636010557413101,0.9550251960754395,1.0452558994293213,0.5407600402832031
760,0.7252483367919922,0.5637989640235901,1.0505086183547974,2.264017105102539,18.361461639404297,1.0189058780670166,1.933345913887024,0.591419517993927,0.0910569354891777,-0.1515389233827591,-0.0840199738740921,1.0176596641540527,1.9327739477157593,0.5870538353919983
761,0.7117280960083008,0.5593972206115723,1.0677317380905151,2.6193881034851074,26.54164695739746,1.8836853504180908,1.7316151857376099,0.5607431530952454,0.031054344028234482,0.1523524522781372,-0.1791408509016037,1.8886828422546387,1.7297115325927734,0.5328402519226074
762,0.7027930021286011,0.5597471594810486,1.2049411535263062,2.879197597503662,16.15517234802246,1.665069341659546,1.9573620557785034,1.2984824180603027,0.19322289526462555,-0.0719301849603653,-0.08613107353448868,1.658433198928833,1.961496114730835,1.29923677444458
763,0.6699910163879395,0.5499328374862671,0.8354291319847107,1.8423348665237427,16.28679847717285,1.3736763000488281,1.0789896249771118,0.5856558084487915,0.03675927221775055,0.00368508230894804,-0.030394766479730606,1.3770147562026978,1.0819931030273438,0.5864980220794678
764,0.6988226771354675,0.5369911789894104,0.9940723180770874,2.128847122192383,14.34196949005127,1.1888525485992432,1.6281431913375854,0.6839373111724854,0.21122580766677856,0.05674878880381584,0.022214246913790703,1.173201084136963,1.63169264793396,0.6854832768440247
765,0.6225582957267761,0.5403990149497986,1.3077446222305298,7.024427890777588,92.19580841064453,0.9260555505752563,5.70877742767334,3.9868364334106445,-0.005648653954267502,-0.41398751735687256,0.27047741413116455,0.9286215305328369,5.709628582000732,3.988746166229248
766,0.6908386945724487,0.5631203651428223,1.0907385349273682,2.2632648944854736,13.246722221374512,1.0431586503982544,1.8802380561828613,0.7063238024711609,0.12441380321979523,-0.030502924695611,-0.007144239265471697,1.0386018753051758,1.8852347135543823,0.7082577347755432
767,0.6498885750770569,0.5510215759277344,1.1991304159164429,3.2545294761657715,26.85810661315918,2.6509294509887695,1.7188278436660767,0.7811321020126343,0.023730024695396423,0.08878019452095032,-0.11274528503417969,2.658217668533325,1.7213215827941895,0.775108814239502
768,0.7184185981750488,0.5535845756530762,0.9469168186187744,3.1631593704223633,37.30836868286133,2.8572425842285156,1.225714087486267,0.5825512409210205,-0.24436205625534058,-0.1342974156141281,0.058626238256692886,2.854714870452881,1.2217329740524292,0.5812104940414429
769,0.7217544317245483,0.5612413287162781,1.6487749814987183,5.528871059417725,42.83160400390625,2.9889774322509766,4.417194366455078,1.4569898843765259,0.34939053654670715,-0.0748947262763977,-0.03188694268465042,2.97676682472229,4.4288787841796875,1.4607040882110596
770,0.7703726887702942,0.5748009085655212,1.052430272102356,2.541213274002075,21.90078353881836,1.5413570404052734,1.4712613821029663,1.384692668914795,0.13926534354686737,0.10894867032766342,0.1449088603258133,1.5393345355987549,1.471314549446106,1.3809305429458618
771,0.6733051538467407,0.5627068281173706,1.9440122842788696,6.830359935760498,62.65520095825195,4.120395183563232,3.845367908477783,3.858665943145752,-0.4953303039073944,-0.30578485131263733,0.3704372048377991,4.101923942565918,3.8438832759857178,3.8515572547912598
772,0.6841624975204468,0.5623130798339844,0.9860678911209106,2.120375156402588,16.646446228027344,1.6241413354873657,1.0930700302124023,0.8144652843475342,-0.08679529279470444,0.13804370164871216,0.07709510624408722,1.6263444423675537,1.0873428583145142,0.8130699396133423
773,0.6829831600189209,0.5534582734107971,1.690933108329773,6.142214298248291,56.70119857788086,5.434662818908691,2.7557477951049805,0.7727152109146118,0.47296246886253357,-0.26736682653427124,0.02112710475921631,5.429145812988281,2.7503976821899414,0.7745809555053711
774,0.6990804672241211,0.5580140352249146,0.8983244299888611,1.6536204814910889,7.857446670532227,0.8698400259017944,1.28516685962677,0.5711263418197632,0.06773898005485535,0.05028040334582329,0.018558615818619728,0.8696173429489136,1.2877650260925293,0.5724170207977295
775,0.6865167617797852,0.5655540227890015,2.156437635421753,12.750777244567871,132.10887145996094,8.804098129272461,8.289175987243652,4.044716835021973,0.6944668889045715,-0.28850752115249634,0.046705640852451324,8.8011474609375,8.30726146697998,4.055728912353516
776,0.706219494342804,0.5745391249656677,1.9953851699829102,11.064813613891602,138.53431701660156,6.137070178985596,9.145037651062012,1.0652351379394531,-0.5215741395950317,-0.30132240056991577,0.01883634552359581,6.131923675537109,9.165567398071289,1.0680395364761353
777,0.7779629230499268,0.5622900128364563,1.755976915359497,6.717723369598389,74.68830108642578,6.094061851501465,2.6786415576934814,0.9028272032737732,0.13532450795173645,-0.12762285768985748,0.10644171386957169,6.109553337097168,2.68306303024292,0.8990312814712524
778,0.5770393013954163,0.5356412529945374,0.9438278675079346,3.8688626289367676,48.899658203125,2.0466134548187256,3.1442182064056396,0.9451804161071777,0.18533669412136078,0.2986183762550354,-0.0832393541932106,2.0438897609710693,3.1387364864349365,0.9441342353820801
779,0.8285677433013916,0.5560464262962341,2.315847158432007,14.24577808380127,159.47991943359375,11.681809425354004,7.981411933898926,1.6657122373580933,0.3527941107749939,-0.8029347062110901,-0.13800807297229767,11.709051132202148,7.963072299957275,1.6646156311035156
780,0.7601780891418457,0.5480026006698608,0.8126298785209656,1.5774375200271606,9.49359130859375,0.8646212816238403,1.1873112916946411,0.5753532648086548,-0.006453347392380238,0.1899275779724121,0.01794171705842018,0.8670089244842529,1.1752912998199463,0.5766775012016296
781,0.7355433106422424,0.549393892288208,1.2704788446426392,5.055197238922119,61.207313537597656,4.7497053146362305,1.5773816108703613,0.7121743559837341,0.5590162873268127,-0.10486308485269547,0.020131317898631096,4.729850769042969,1.5782822370529175,0.7138754725456238
782,0.7404135465621948,0.5566180944442749,0.9948539137840271,2.0837185382843018,15.661865234375,1.392067551612854,1.4123257398605347,0.6398177146911621,0.045470356941223145,0.01612023264169693,0.047812361270189285,1.3952057361602783,1.416172981262207,0.6398084759712219
783,0.7455955147743225,0.5614013671875,1.9138206243515015,11.243844032287598,122.10598754882812,4.663534164428711,10.124493598937988,1.4731273651123047,-0.34776929020881653,0.2953658401966095,0.05640160292387009,4.6635212898254395,10.14841365814209,1.4761533737182617
784,0.7539228796958923,0.5640792846679688,1.6011264324188232,8.658477783203125,113.42374420166016,3.3095591068267822,7.94242525100708,0.9664120078086853,0.3937384784221649,-0.49292561411857605,-0.11953528225421906,3.295219898223877,7.949225425720215,0.9616658687591553
785,0.7464004158973694,0.5543801784515381,1.0186944007873535,2.0962281227111816,14.303881645202637,1.0060193538665771,1.6951745748519897,0.7130784392356873,0.16057726740837097,0.16710229218006134,-0.09872616827487946,0.9958913922309875,1.6916239261627197,0.7081809043884277
786,0.7253455519676208,0.5679771900177002,2.4979517459869385,10.888518333435059,115.52899932861328,6.062171459197998,8.889307975769043,1.6703611612319946,0.15132641792297363,0.6751646995544434,-0.003941772971302271,6.077187538146973,8.888354301452637,1.6750156879425049
787,0.6807706356048584,0.5762368440628052,1.2455350160598755,3.2172863483428955,24.230270385742188,1.6470164060592651,2.5398738384246826,1.0896371603012085,0.005037445574998856,0.0987253189086914,-0.15021301805973053,1.6516029834747314,2.5450336933135986,1.0822439193725586
788,0.7437456846237183,0.5633305907249451,1.2568632364273071,5.631529331207275,71.02365112304688,4.382699489593506,3.345628499984741,1.145792007446289,0.3520737886428833,-0.1827821582555771,0.06614503264427185,4.380720615386963,3.349949836730957,1.1470719575881958
789,0.7963312268257141,0.5528396368026733,1.8123162984848022,7.199848175048828,77.54725646972656,5.522361755371094,4.246647834777832,1.8186029195785522,0.37557899951934814,-0.44531941413879395,-0.03762645274400711,5.5249433517456055,4.23501443862915,1.8232852220535278
790,0.7215427756309509,0.5385071635246277,1.590037226676941,5.78472375869751,56.81161117553711,3.2570273876190186,4.406197547912598,1.8547841310501099,-0.06420301645994186,-0.007780308369547129,0.04355921968817711,3.2654778957366943,4.418481826782227,1.8594449758529663
791,0.7400440573692322,0.5463429689407349,2.0761559009552,9.720137596130371,91.17713165283203,7.543805122375488,5.875399112701416,1.7469253540039062,0.47256848216056824,-0.8417753577232361,0.14918573200702667,7.549990653991699,5.831005096435547,1.7453986406326294
792,0.6680524349212646,0.5541509389877319,1.9839318990707397,14.839248657226562,197.1891326904297,8.4390230178833,11.807524681091309,3.093308687210083,0.7675365805625916,-0.7361737489700317,0.053472645580768585,8.427489280700684,11.817424774169922,3.101473569869995
793,0.6981956362724304,0.5787392854690552,2.207021474838257,9.251424789428711,107.09197998046875,3.7763094902038574,7.787669658660889,3.2681100368499756,0.07081412523984909,0.3802357316017151,-0.17586666345596313,3.786176919937134,7.800078392028809,3.272477388381958
794,0.7995052337646484,0.5456950664520264,1.851094126701355,12.934195518493652,171.08041381835938,9.03276252746582,8.920207023620605,2.476393938064575,0.8018462657928467,-0.6734731793403625,0.2034367322921753,9.022198677062988,8.919557571411133,2.474907636642456
795,0.7363025546073914,0.5416989922523499,1.312853217124939,2.8806633949279785,25.94355010986328,2.1029367446899414,1.8565096855163574,0.6551710963249207,0.2907755970954895,-0.20288074016571045,0.08522935211658478,2.0885465145111084,1.8505383729934692,0.6514158248901367
796,0.7245346307754517,0.5544790029525757,1.6175103187561035,6.821204662322998,85.04927062988281,5.037543296813965,4.550095558166504,0.6697953939437866,0.404720276594162,0.41899770498275757,-0.015483557246625423,5.035264492034912,4.543400764465332,0.6714842319488525
797,0.7197856903076172,0.5459184646606445,1.2946207523345947,3.1644322872161865,26.292102813720703,2.3035037517547607,2.032440423965454,0.7593998908996582,0.4249544143676758,-0.13113777339458466,0.01411488652229309,2.2702815532684326,2.033862829208374,0.7613865733146667
798,0.7936123609542847,0.5295193195343018,2.268998622894287,13.79291820526123,167.84780883789062,13.420821189880371,2.019686698913574,2.459068536758423,-1.1703811883926392,0.01219981536269188,-0.13068285584449768,13.406984329223633,2.0252835750579834,2.4624433517456055
799,0.7907938361167908,0.5327207446098328,2.3875985145568848,12.521885871887207,132.96983337402344,9.575400352478027,7.192431449890137,3.65762996673584,0.8722035884857178,-0.017465099692344666,0.2240605503320694,9.5621919631958,7.212472438812256,3.6609442234039307
800,0.8063861727714539,0.5386379957199097,0.7688561677932739,1.612098217010498,14.610896110534668,1.0998162031173706,1.0775595903396606,0.47762995958328247,0.27019932866096497,0.07922098785638809,-0.04892350360751152,1.069082498550415,1.0776411294937134,0.4764430522918701
801,0.7391069531440735,0.5559207201004028,2.142930507659912,11.396740913391113,128.27316284179688,4.616632461547852,10.107405662536621,2.532344341278076,0.6835567355155945,-0.9368323087692261,0.15847066044807434,4.578482627868652,10.091967582702637,2.534430980682373
802,0.7630341053009033,0.5974451303482056,1.674736738204956,6.949243545532227,72.41168212890625,5.351778507232666,3.9521377086639404,2.00775146484375,0.3210821747779846,0.3364243805408478,-0.1507885903120041,5.357038497924805,3.9487767219543457,2.0076656341552734
803,0.8360315561294556,0.5254303812980652,1.0656423568725586,2.0629096031188965,11.154011726379395,1.428499460220337,1.3740384578704834,0.5718425512313843,0.04763403162360191,0.06341098994016647,-0.03911503404378891,1.4316874742507935,1.3764032125473022,0.5720946192741394
804,0.7551166415214539,0.5558943152427673,1.1330536603927612,4.138255596160889,48.77853012084961,3.626265048980713,1.8875006437301636,0.6424197554588318,0.3928632140159607,-0.36799341440200806,0.05368291214108467,3.614976406097412,1.8564443588256836,0.6419585347175598
805,0.728053867816925,0.5694525241851807,0.9424759149551392,2.9868369102478027,35.7469482421875,2.288898229598999,1.8107728958129883,0.6350122094154358,-0.06680583208799362,-0.26253947615623474,0.01345162931829691,2.2943050861358643,1.7966370582580566,0.6366406083106995
806,0.7756775617599487,0.5461318492889404,2.5693776607513428,13.183239936828613,136.92926025390625,11.910911560058594,5.332968235015869,1.867473840713501,0.9304410815238953,-0.24371708929538727,0.10085564851760864,11.907635688781738,5.342257022857666,1.8699499368667603
807,0.757278561592102,0.5492709279060364,1.783074975013733,10.754904747009277,141.841552734375,9.741023063659668,4.481128692626953,0.836621880531311,-0.6742684841156006,0.3133801221847534,-0.009766731411218643,9.744765281677246,4.482626914978027,0.8388984799385071
808,0.7685731053352356,0.5612342357635498,1.1826562881469727,3.8924973011016846,40.76873779296875,2.9895567893981934,2.4211695194244385,0.5933141708374023,0.17885378003120422,0.3619692623615265,-0.10556960850954056,2.9925262928009033,2.400636911392212,0.5854750871658325
809,0.7415632605552673,0.5564768314361572,1.5418431758880615,4.380445957183838,40.46263885498047,3.135453701019287,2.877913236618042,1.0367518663406372,-0.09444531798362732,-0.08324393630027771,-0.13358445465564728,3.142773151397705,2.884732961654663,1.0309776067733765
810,0.7878419160842896,0.550681471824646,0.9236606359481812,1.8353928327560425,12.860191345214844,0.8294766545295715,1.5339736938476562,0.5723286271095276,0.21879273653030396,-0.1950814425945282,-0.019023751839995384,0.8023325800895691,1.525762677192688,0.5736079216003418
811,0.8316167593002319,0.5316754579544067,1.3661730289459229,6.742732048034668,86.24574279785156,4.417752742767334,4.788140296936035,1.7382776737213135,0.46901440620422363,-0.4450681507587433,0.10805737227201462,4.405038833618164,4.7807087898254395,1.7397550344467163
812,0.8828439116477966,0.5290809869766235,2.70265531539917,15.755967140197754,172.89248657226562,12.561859130859375,8.345499038696289,4.5610151290893555,-0.41383031010627747,-0.8978120684623718,0.3425671458244324,12.590062141418457,8.320208549499512,4.560818672180176
813,0.7736794948577881,0.5307058095932007,1.4082798957824707,4.5287652015686035,52.47417449951172,3.9020490646362305,2.1152729988098145,0.8996360898017883,-0.1761137843132019,-0.11687503755092621,0.008915763348340988,3.9089460372924805,2.1179330348968506,0.9021012187004089
814,0.7755974531173706,0.5339376926422119,3.1713345050811768,18.800899505615234,219.4376220703125,15.680480003356934,9.299217224121094,4.59575080871582,-1.2853381633758545,0.6755020022392273,-0.6516724228858948,15.671300888061523,9.300520896911621,4.562003135681152
815,0.758475124835968,0.5520337224006653,1.9358758926391602,8.175263404846191,85.46888732910156,4.5263776779174805,5.949515342712402,3.309093952178955,0.43341004848480225,0.5335995554924011,-0.43519195914268494,4.518147945404053,5.942066669464111,3.2895023822784424
816,0.8200885653495789,0.5334204435348511,0.7578413486480713,1.4884731769561768,9.984949111938477,0.6764419674873352,1.2236366271972656,0.5105802416801453,0.11710849404335022,-0.11210092157125473,-0.07997151464223862,0.668086051940918,1.221889853477478,0.505685031414032
817,0.7310711145401001,0.5799124240875244,2.0110409259796143,11.973602294921875,142.5892791748047,4.839534759521484,10.197226524353027,3.9953246116638184,0.3530535399913788,-0.9044204950332642,0.28668272495269775,4.8401031494140625,10.185372352600098,3.9961419105529785
818,0.6975314617156982,0.5460184216499329,1.229085922241211,4.277371883392334,49.19544982910156,1.9567766189575195,3.6262247562408447,1.1477940082550049,-0.18775363266468048,0.02177022397518158,-0.08690327405929565,1.9531813859939575,3.6362743377685547,1.1476918458938599
819,0.8128852248191833,0.5325114130973816,2.6541154384613037,15.825698852539062,195.66493225097656,11.707287788391113,9.850567817687988,4.044559955596924,0.8184859752655029,0.8942938446998596,-0.3399988114833832,11.711217880249023,9.837252616882324,4.041485786437988
820,0.8148967623710632,0.5239205956459045,1.2021225690841675,5.065535068511963,62.45180130004883,4.536837577819824,1.7399696111679077,1.4315216541290283,0.4106586277484894,-0.03720876947045326,-0.1414380669593811,4.530817031860352,1.7444239854812622,1.4284907579421997
821,0.7042523622512817,0.5540581345558167,1.6168813705444336,8.380901336669922,105.42543029785156,6.121225833892822,4.993107795715332,2.799816608428955,0.7383262515068054,0.0952272117137909,0.2514980137348175,6.093485355377197,5.006124496459961,2.796276330947876
822,0.7664831280708313,0.5251855850219727,0.9520369172096252,2.452702760696411,19.546674728393555,1.214617133140564,2.026853561401367,0.6575108170509338,-0.02185559831559658,-0.03590243682265282,-0.006322113797068596,1.2178080081939697,2.0321881771087646,0.6593143939971924
823,0.8533232808113098,0.5517442226409912,0.9431471228599548,2.632638692855835,27.550806045532227,1.5135374069213867,1.8492295742034912,1.1046903133392334,-0.1476968228816986,-0.032561831176280975,2.4175644284696318e-05,1.5105154514312744,1.854100227355957,1.107771635055542
824,0.7618104219436646,0.550316333770752,1.9480111598968506,10.419723510742188,130.83656311035156,1.8071211576461792,9.917983055114746,2.634119749069214,0.02853650040924549,-0.9348238706588745,0.1411719173192978,1.8119359016418457,9.901369094848633,2.63767147064209
825,0.7633895874023438,0.5484030842781067,1.3497658967971802,5.116882801055908,58.98452377319336,4.650491714477539,1.8509567975997925,1.0627187490463257,-0.3982296586036682,0.05042102187871933,-0.05690523982048035,4.646334648132324,1.8554309606552124,1.0641542673110962
826,0.7861778736114502,0.5459012985229492,1.34807288646698,5.100867748260498,50.72402572631836,1.5546841621398926,4.154638767242432,2.5180914402008057,0.09208715707063675,-0.46115419268608093,0.20494696497917175,1.5562834739685059,4.140483379364014,2.516738176345825
827,0.7349095940589905,0.5298082232475281,0.9918877482414246,2.795271158218384,31.325637817382812,2.2664170265197754,1.3169341087341309,0.9708653092384338,-0.3262634873390198,0.050555337220430374,0.03992070257663727,2.2490665912628174,1.319634199142456,0.9727500081062317
828,0.756253719329834,0.5521233677864075,1.239302635192871,4.514873504638672,53.711944580078125,1.4060441255569458,1.433132529258728,4.043915748596191,-0.028999997302889824,0.02798265963792801,0.21121244132518768,1.4096661806106567,1.4368560314178467,4.049660682678223
829,0.8139262199401855,0.5332033038139343,1.8009872436523438,7.651789665222168,86.98562622070312,3.5854992866516113,6.652553558349609,1.1990054845809937,0.0947394073009491,0.242878258228302,0.023723803460597992,3.594244956970215,6.666662693023682,1.2021145820617676
830,0.8249301314353943,0.5276124477386475,2.2862448692321777,10.32111644744873,84.55328369140625,6.459745407104492,7.528003692626953,2.850665807723999,0.9833323359489441,-0.637241542339325,-0.17002221941947937,6.402271747589111,7.521907329559326,2.8535282611846924
831,0.7575603127479553,0.5565772652626038,2.9673774242401123,14.629390716552734,116.00019836425781,7.676591396331787,12.095005989074707,2.9664559364318848,-0.20860235393047333,0.2944425046443939,0.04597874730825424,7.695161819458008,12.125147819519043,2.9743731021881104
832,0.8345432877540588,0.5163509845733643,1.431038737297058,8.885265350341797,110.9331283569336,6.285550594329834,6.105742454528809,1.4695930480957031,0.16502730548381805,-0.5540492534637451,-0.09615740180015564,6.300910472869873,6.097513675689697,1.470534324645996
833,0.7256661057472229,0.5511736273765564,1.607588768005371,6.945183753967285,85.55138397216797,4.666935920715332,4.691908836364746,2.107433795928955,0.33656543493270874,-0.35702234506607056,0.17556118965148926,4.6677680015563965,4.691354751586914,2.105966329574585
834,0.7699190974235535,0.5537387132644653,1.085687279701233,4.558290481567383,56.842411041259766,1.6383368968963623,1.6411209106445312,3.9243581295013428,-0.11683209985494614,-0.021372823044657707,0.2242845743894577,1.6387240886688232,1.6455590724945068,3.9288723468780518
835,0.7750182151794434,0.5515033006668091,1.9255574941635132,8.797334671020508,72.98662567138672,4.873627662658691,7.146016597747803,1.604773998260498,-0.7189501523971558,0.05927297845482826,0.11760308593511581,4.833752155303955,7.165702819824219,1.6049233675003052
836,0.7584949731826782,0.5486948490142822,1.0795588493347168,2.4440696239471436,16.707368850708008,1.4014804363250732,1.825065016746521,0.8236908912658691,-0.028424523770809174,-0.1710231453180313,-0.028104517608880997,1.405100703239441,1.8221027851104736,0.8255075812339783
837,0.6732312440872192,0.5551018714904785,1.4832936525344849,6.275871276855469,76.47317504882812,4.303498268127441,4.5242767333984375,0.6303817629814148,0.19687755405902863,-0.36019477248191833,-0.0064442516304552555,4.310984134674072,4.522496223449707,0.632107138633728
838,0.7619257569313049,0.5508880615234375,1.9754300117492676,15.565643310546875,205.78115844726562,10.71511173248291,10.887019157409668,2.9913954734802246,0.8008744120597839,-0.6477997303009033,0.13368378579616547,10.714946746826172,10.898043632507324,2.9967427253723145
839,0.7576830983161926,0.5415191054344177,0.8568763732910156,1.917635440826416,12.625566482543945,1.3355298042297363,1.2954851388931274,0.4641163647174835,-0.0488123893737793,-0.013478494249284267,-0.04025358334183693,1.3383604288101196,1.2990283966064453,0.4636571407318115
840,0.8688505291938782,0.5513606071472168,1.3607527017593384,6.405666351318359,82.50653076171875,1.0819098949432373,5.551563739776611,3.007021188735962,0.025627316907048225,-0.34975171089172363,0.23386552929878235,1.0846234560012817,5.555990695953369,3.006275177001953
841,0.7490664124488831,0.5988228917121887,1.6826870441436768,6.6437811851501465,73.75069427490234,4.701274394989014,4.464892864227295,1.450027585029602,0.36097678542137146,0.13911312818527222,-0.06041805073618889,4.700470447540283,4.475172996520996,1.4528095722198486
842,0.6984187960624695,0.5867003202438354,1.197532057762146,3.4891130924224854,29.900236129760742,1.865722417831421,2.7711358070373535,1.0068738460540771,-0.25974681973457336,0.113285131752491,0.019040340557694435,1.8527064323425293,2.7765426635742188,1.0095019340515137
843,0.7583852410316467,0.5607895851135254,1.5913403034210205,5.763137340545654,63.79315948486328,4.792881965637207,3.113255023956299,0.7414043545722961,-0.54024338722229,0.30812209844589233,0.1250026673078537,4.7756218910217285,3.1066110134124756,0.7328290343284607
844,0.7422139644622803,0.5741444230079651,1.295499324798584,4.72004508972168,56.65793228149414,3.523531913757324,2.628690719604492,1.7185845375061035,-0.2514192759990692,-0.06521341949701309,0.09181175380945206,3.5243542194366455,2.635211706161499,1.7209173440933228
845,0.8376891016960144,0.5367037057876587,1.3990185260772705,5.746572494506836,70.21175384521484,2.52189564704895,5.08739709854126,0.8840408325195312,0.02564721740782261,0.08486580848693848,-0.062482528388500214,2.528799533843994,5.10087776184082,0.8842898607254028
846,0.7982625365257263,0.5574129223823547,1.0138663053512573,2.6109681129455566,18.74716567993164,1.754806399345398,1.8209013938903809,0.6497133374214172,-0.11828482151031494,0.031606439501047134,-0.10327953845262527,1.7556990385055542,1.8257055282592773,0.6432414054870605
847,0.7543686032295227,0.5510034561157227,0.8779541254043579,1.8213834762573242,10.906023025512695,1.2113882303237915,1.182830810546875,0.6714816689491272,-0.014893597923219204,-0.12029413133859634,-0.002361643360927701,1.2146755456924438,1.1799801588058472,0.6733505129814148
848,0.7272655367851257,0.5757401585578918,1.0184392929077148,3.676682710647583,40.50463104248047,3.0152177810668945,2.041146755218506,0.5100752115249634,-0.008186266757547855,0.05467737093567848,-0.009692661464214325,3.0236170291900635,2.0461058616638184,0.5114057064056396
849,0.6649843454360962,0.5837191343307495,0.8614317178726196,1.8837051391601562,14.684178352355957,1.2774063348770142,1.2939579486846924,0.4921899735927582,-0.05988789722323418,-5.862183024873957e-05,-0.05319751054048538,1.2795610427856445,1.2975672483444214,0.4906715154647827
850,0.7356495261192322,0.5833644866943359,1.470345139503479,7.614920616149902,98.60006713867188,1.475637674331665,6.694189548492432,3.316225528717041,-0.11084872484207153,0.6586334109306335,-0.2501566708087921,1.4755728244781494,6.680291175842285,3.3160006999969482
851,0.8357627987861633,0.5353873372077942,1.707383632659912,12.734407424926758,169.74403381347656,7.862096786499023,9.883036613464355,1.6364972591400146,0.5745664238929749,-0.7539970874786377,0.0731980949640274,7.862946033477783,9.881721496582031,1.639419674873352
852,0.7739349603652954,0.5971978306770325,2.3192098140716553,11.352519035339355,127.59415435791016,5.15830135345459,9.861063003540039,2.24299693107605,-0.11517965793609619,-0.9751207232475281,0.07839467376470566,5.171400547027588,9.840103149414062,2.2478792667388916
853,0.8118062615394592,0.5630003809928894,1.4510834217071533,5.307300567626953,49.5306282043457,1.7583320140838623,3.527129888534546,3.5545828342437744,-0.0002081606216961518,0.44355130195617676,-0.043522052466869354,1.7632367610931396,3.508890151977539,3.564230442047119
854,0.7406743764877319,0.5545904636383057,2.4702460765838623,11.992352485656738,118.98594665527344,6.79581880569458,8.88155460357666,4.330282688140869,-0.24470724165439606,-0.605108380317688,0.009750578552484512,6.810355186462402,8.88563346862793,4.342350482940674
855,0.7612820267677307,0.5589928030967712,1.2395825386047363,3.337599039077759,32.87649917602539,2.245591878890991,2.367816686630249,0.7002341747283936,-0.36567142605781555,0.02832377515733242,-0.17458438873291016,2.221799373626709,2.3742516040802,0.6800126433372498
856,0.7831388711929321,0.5587224364280701,2.0729846954345703,14.355594635009766,187.66323852539062,8.268627166748047,11.292960166931152,3.190906047821045,0.3488921821117401,-0.7067463397979736,-0.009291553869843483,8.284307479858398,11.302262306213379,3.1997931003570557
857,0.7964267730712891,0.5661594867706299,1.1605229377746582,4.097934722900391,49.1116828918457,3.8755335807800293,1.0311943292617798,0.8425824046134949,0.1662159562110901,-0.016313431784510612,-0.128823384642601,3.882768392562866,1.033941388130188,0.8349988460540771
858,0.7910275459289551,0.5328578948974609,1.4426898956298828,5.222606658935547,53.511634826660156,2.010261297225952,2.85878586769104,3.880955934524536,0.03518180921673775,-0.08445598930120468,0.16949032247066498,2.0155599117279053,2.865509033203125,3.888068437576294
859,0.7272838950157166,0.547806441783905,2.4748783111572266,12.000264167785645,101.3233642578125,4.8164544105529785,10.441580772399902,3.4324185848236084,-0.4021546244621277,0.1839192807674408,-0.3644756078720093,4.813024520874023,10.469082832336426,3.422532320022583
860,0.7102518677711487,0.5910165309906006,2.0113158226013184,8.603442192077637,78.85311126708984,6.84357213973999,4.973424911499023,1.5651757717132568,0.9112228751182556,0.034703806042671204,-0.0571768656373024,6.801555633544922,4.987175941467285,1.5684940814971924
861,0.7789822816848755,0.5728281140327454,1.7496063709259033,8.33905029296875,95.96190643310547,3.4210565090179443,7.333312034606934,2.014613151550293,0.3242075741291046,0.5864462852478027,-0.16190898418426514,3.4151594638824463,7.330214977264404,2.013697862625122
862,0.7975413203239441,0.5626203417778015,1.376449465751648,4.275928020477295,33.325862884521484,2.7479870319366455,3.044828176498413,1.2087804079055786,-0.4799773097038269,0.3559413254261017,0.03538304567337036,2.713291883468628,3.0323870182037354,1.2116328477859497
863,0.7507937550544739,0.5876863598823547,0.7382177710533142,1.464040994644165,10.39834213256836,0.683466911315918,1.1820532083511353,0.5282414555549622,-0.09782000631093979,0.024077722802758217,-0.06087268888950348,0.6783173680305481,1.185104489326477,0.5261860489845276
864,0.7373073101043701,0.5662131309509277,2.230644941329956,10.316959381103516,83.94183349609375,5.862478256225586,8.00710678100586,2.820857524871826,0.24715262651443481,-0.2257857769727707,-0.13177275657653809,5.8736042976379395,8.026248931884766,2.8256378173828125
865,0.7357820868492126,0.5687610507011414,1.035986065864563,2.9238693714141846,31.220701217651367,2.640836238861084,1.151752233505249,0.4984597861766815,0.010915787890553474,-0.11482853442430496,0.03735944256186485,2.6481800079345703,1.1492104530334473,0.49844425916671753
866,0.7232482433319092,0.5560699701309204,1.373010516166687,6.71677303314209,85.03813171386719,4.434792995452881,4.609379768371582,2.0496983528137207,0.35863199830055237,-0.4594802260398865,0.1784840077161789,4.43259859085083,4.599215030670166,2.0476083755493164
867,0.7219743132591248,0.5552598237991333,2.1067872047424316,10.601447105407715,105.32728576660156,6.22918176651001,8.268776893615723,2.283705949783325,-0.7141785025596619,0.5386718511581421,-0.05083184316754341,6.205367565155029,8.274229049682617,2.289508581161499
868,0.7122359275817871,0.5804698467254639,1.406089425086975,7.012297630310059,89.92766571044922,6.413569450378418,1.4999948740005493,2.4059205055236816,-0.43934035301208496,0.07143013179302216,0.2001335769891739,6.41635274887085,1.5024725198745728,2.4042696952819824
869,0.7528330683708191,0.5469081401824951,3.736936569213867,24.07533836364746,261.9139404296875,13.813295364379883,17.851852416992188,8.374127388000488,1.047333002090454,-0.9886885285377502,0.3243713080883026,13.811954498291016,17.874174118041992,8.391183853149414
870,0.6792172789573669,0.5793040990829468,1.9291048049926758,8.884592056274414,83.66168212890625,6.423624515533447,6.00527286529541,1.2687517404556274,0.01843378320336342,-0.5943452715873718,0.017046663910150528,6.441515922546387,5.992457866668701,1.2721761465072632
871,0.7558080554008484,0.5320996642112732,2.4520537853240967,9.532218933105469,77.72028350830078,5.68186616897583,6.6666717529296875,3.759667158126831,-0.033960193395614624,-1.0944583415985107,0.43070587515830994,5.69761323928833,6.594563961029053,3.745332956314087
872,0.751446008682251,0.549868106842041,2.793549060821533,17.818695068359375,210.3213653564453,13.135680198669434,12.012529373168945,0.8117772936820984,0.8874749541282654,-1.0181293487548828,-0.00581810949370265,13.14222240447998,12.002693176269531,0.8140207529067993
873,0.7189652919769287,0.5523405075073242,1.927939534187317,9.243186950683594,95.65970611572266,8.025911331176758,4.214242458343506,1.8059417009353638,0.7925971150398254,-0.052627161145210266,0.06573814898729324,8.008955955505371,4.225668430328369,1.8097788095474243
874,0.7153419852256775,0.6255672574043274,1.5228756666183472,7.308595180511475,71.7059326171875,5.218186378479004,4.653755187988281,2.1280641555786133,-0.1721266657114029,0.032869938760995865,0.15070506930351257,5.229894161224365,4.666619777679443,2.1286420822143555
875,0.790780782699585,0.5494225025177002,2.8334362506866455,16.692306518554688,157.9740753173828,10.118215560913086,12.113781929016113,5.432409763336182,1.2057403326034546,0.29029008746147156,-0.08656847476959229,10.074139595031738,12.144083023071289,5.446870803833008
876,0.7015734910964966,0.5627995729446411,1.6145286560058594,9.273038864135742,107.14808654785156,1.659017562866211,8.98018741607666,1.6103254556655884,0.07094056159257889,-0.868539035320282,0.08206189423799515,1.662123680114746,8.963019371032715,1.612719178199768
877,0.7696155905723572,0.5185011029243469,2.7297048568725586,15.354781150817871,173.88589477539062,12.307186126708984,8.668560981750488,3.026303291320801,-1.0468156337738037,0.07396556437015533,0.1860894113779068,12.296789169311523,8.692424774169922,3.0290021896362305
878,0.7485722899436951,0.5623395442962646,2.42771053314209,10.755407333374023,105.95327758789062,8.467172622680664,5.859889984130859,3.106036424636841,-0.05347444862127304,0.5417585968971252,0.21467342972755432,8.490621566772461,5.85106897354126,3.107252359390259
879,0.7080156803131104,0.5583667159080505,3.463064432144165,15.301826477050781,116.63709259033203,9.891748428344727,10.832619667053223,4.353569507598877,-0.5632213950157166,1.0863934755325317,-0.4527125656604767,9.903247833251953,10.80806827545166,4.342045307159424
880,0.6920768022537231,0.5803589224815369,1.0696183443069458,2.6479828357696533,22.2094783782959,1.6872637271881104,1.8987525701522827,0.7481260895729065,0.1873202919960022,-0.21587775647640228,0.02843612991273403,1.6815106868743896,1.891702651977539,0.7496707439422607
881,0.6709769368171692,0.5677615404129028,2.578655958175659,12.28140926361084,123.1091079711914,9.637104988098145,7.1520771980285645,2.6090264320373535,-0.7712914347648621,0.720495879650116,-0.3036361634731293,9.632986068725586,7.135542392730713,2.5985260009765625
882,0.7310799956321716,0.5724585652351379,3.381263017654419,17.728464126586914,176.96182250976562,13.362438201904297,10.905797004699707,4.099666595458984,-1.3539867401123047,0.4913219213485718,0.4137832820415497,13.330744743347168,10.925113677978516,4.090108871459961
883,0.6633723378181458,0.5547212362289429,2.191988945007324,13.276461601257324,162.59439086914062,6.891186714172363,9.838861465454102,5.654446125030518,-0.005757978186011314,-0.853622317314148,0.497234046459198,6.910407066345215,9.829103469848633,5.648252487182617
884,0.7355823516845703,0.5530902147293091,2.123399257659912,10.557072639465332,81.51561737060547,8.579777717590332,5.056857585906982,3.5024807453155518,-0.5024045705795288,-0.6170651316642761,0.24019476771354675,8.588946342468262,5.033067226409912,3.503981828689575
885,0.6865031719207764,0.5433234572410583,2.6161997318267822,15.880983352661133,157.41404724121094,15.128410339355469,4.197002410888672,2.3920795917510986,0.036083053797483444,0.07948224991559982,-0.10951758921146393,15.17056655883789,4.2079548835754395,2.3962368965148926
886,0.7587822079658508,0.5324545502662659,1.5561282634735107,4.9729461669921875,42.936527252197266,3.0234124660491943,3.792787551879883,1.0972391366958618,0.06751338392496109,0.14851881563663483,-0.24226677417755127,3.031090021133423,3.800450325012207,1.0731441974639893
887,0.7524513006210327,0.5432643294334412,2.642033338546753,12.270872116088867,139.1315460205078,7.25377893447876,9.190463066101074,3.6731948852539062,-0.7133048176765442,0.7153633236885071,-0.33895787596702576,7.238758087158203,9.188138008117676,3.667724370956421
888,0.8323615193367004,0.5559024214744568,1.987405776977539,7.936835765838623,82.72599029541016,6.85261344909668,3.758758306503296,1.3808624744415283,0.803745687007904,-0.22005595266819,-0.08074215054512024,6.824296951293945,3.7627780437469482,1.3823450803756714
889,0.788973867893219,0.529660701751709,3.463639497756958,19.074514389038086,212.0524139404297,10.085761070251465,15.456221580505371,4.818688869476318,-1.20631742477417,1.3145209550857544,-0.2607770264148712,10.041291236877441,15.443178176879883,4.825048923492432
890,0.8100845217704773,0.551665186882019,2.1608331203460693,10.806622505187988,128.66860961914062,9.761573791503906,3.736994743347168,2.744018793106079,1.0119637250900269,-0.23745043575763702,0.11719899624586105,9.73606014251709,3.7398462295532227,2.749161720275879
891,0.800639271736145,0.5367774367332458,1.298360824584961,4.037602424621582,45.838016510009766,1.6202523708343506,3.430206298828125,1.3822803497314453,-0.16041795909404755,0.038318879902362823,-0.08334522694349289,1.6167888641357422,3.4395599365234375,1.3836140632629395
892,0.7379177212715149,0.5377916097640991,1.3283334970474243,4.718438148498535,48.614253997802734,3.8098397254943848,2.6146233081817627,0.9552614688873291,0.03345438838005066,0.015022516250610352,-0.10023091733455658,3.820319890975952,2.621873140335083,0.9526384472846985
893,0.7994076013565063,0.548281192779541,2.204348564147949,10.98294448852539,132.1822052001953,5.465561389923096,9.293586730957031,2.0933196544647217,-0.4661965072154999,0.9892987608909607,-0.22895072400569916,5.460832595825195,9.266557693481445,2.0865654945373535
894,0.8077191710472107,0.5515563488006592,1.515745759010315,5.9863104820251465,58.64134979248047,2.9951164722442627,4.859610557556152,1.802601933479309,0.19277246296405792,-0.1586301475763321,0.07990103214979172,2.9972434043884277,4.870569229125977,1.8058536052703857
895,0.8137389421463013,0.5584327578544617,3.965513229370117,14.97054672241211,114.8964614868164,9.538589477539062,11.423836708068848,1.6212732791900635,-0.09264077246189117,1.2174960374832153,0.0031499280594289303,9.56474494934082,11.390457153320312,1.6257926225662231
896,0.8267257809638977,0.5417942404747009,2.609736442565918,14.092344284057617,134.35675048828125,10.172342300415039,9.538203239440918,2.0347681045532227,-0.9701483845710754,-0.07732787728309631,-0.07625768333673477,10.154217720031738,9.564496040344238,2.039010524749756
897,0.7629349827766418,0.5402746200561523,1.188275933265686,3.0760982036590576,30.35626983642578,2.265170097351074,1.9737606048583984,0.6600416898727417,0.022571230307221413,-0.28781986236572266,0.07846952974796295,2.2713754177093506,1.9581091403961182,0.6571887135505676
898,0.7846860289573669,0.548660159111023,1.304885745048523,5.304361343383789,56.970672607421875,1.399349570274353,2.6568498611450195,4.372552871704102,-0.004256417974829674,0.17268024384975433,0.28699469566345215,1.4032464027404785,2.658627510070801,4.3752946853637695
899,0.8160560131072998,0.5640760064125061,3.756286144256592,15.628466606140137,131.47760009765625,8.687896728515625,12.26729679107666,4.275843620300293,-0.7516878247261047,-0.42764025926589966,0.4764542579650879,8.679459571838379,12.294037818908691,4.261068344116211
900,0.7677164673805237,0.5384158492088318,2.3715434074401855,14.649266242980957,179.908935546875,9.2262601852417,10.987567901611328,2.958122730255127,0.752048909664154,-1.0803035497665405,0.3118825852870941,9.221207618713379,10.96483039855957,2.949840784072876
901,0.8124130964279175,0.5253281593322754,2.3794233798980713,9.93974781036377,90.5464096069336,4.75473165512085,8.014979362487793,3.457056999206543,-0.21421055495738983,1.1567234992980957,-0.36407870054244995,4.763153553009033,7.953193187713623,3.4474213123321533
902,0.8099274635314941,0.5323527455329895,0.9856084585189819,2.0699164867401123,15.941742897033691,1.3109015226364136,1.5079468488693237,0.5405446290969849,0.11729545891284943,-0.004297314677387476,-0.07286979258060455,1.3092851638793945,1.5121469497680664,0.5371044278144836
903,0.8432509899139404,0.5181471705436707,2.1857693195343018,12.5667724609375,160.01675415039062,10.446202278137207,6.65985631942749,2.108776092529297,0.5607122182846069,0.15607239305973053,0.18923260271549225,10.46023941040039,6.676599025726318,2.1061267852783203
904,0.8344269394874573,0.538878321647644,2.3173210620880127,14.331209182739258,171.8671875,11.829583168029785,7.943338394165039,1.5322829484939575,1.0301927328109741,-0.7044828534126282,-0.0336332842707634,11.817510604858398,7.934106349945068,1.5361868143081665
905,0.8588422536849976,0.5398240089416504,1.734292984008789,7.001184940338135,82.99539947509766,3.630523920059204,5.650504112243652,1.9767881631851196,-0.21576610207557678,0.04132381081581116,-0.008866745978593826,3.6342155933380127,5.66611385345459,1.9822821617126465
906,0.8630524277687073,0.5206008553504944,1.9227571487426758,13.215224266052246,173.80003356933594,12.626983642578125,2.3876843452453613,3.0822741985321045,0.7689509391784668,-0.01738823764026165,0.15090806782245636,12.638704299926758,2.3942809104919434,3.087165117263794
907,0.8493096232414246,0.5296064615249634,2.3568856716156006,8.592204093933105,72.91444396972656,4.110383033752441,6.9993815422058105,2.817687511444092,0.4427556097507477,-0.25762397050857544,-0.22628916800022125,4.097866535186768,7.0141496658325195,2.816420555114746
908,0.8360762000083923,0.5284110903739929,2.136887788772583,9.059746742248535,110.12848663330078,3.2416906356811523,7.469106674194336,3.9727725982666016,-0.22502517700195312,-0.2904176712036133,0.30903294682502747,3.242891788482666,7.48427677154541,3.9717824459075928
909,0.800780177116394,0.5460233092308044,2.2939534187316895,8.08716106414795,80.42522430419922,2.7339320182800293,6.6874470710754395,3.6339850425720215,0.13346876204013824,-0.06808951497077942,0.017674244940280914,2.7382893562316895,6.705753326416016,3.644078493118286
910,0.6967859268188477,0.5684866905212402,1.3751730918884277,6.226733207702637,78.19252014160156,3.737973213195801,4.1380462646484375,2.7706196308135986,0.10590767860412598,0.4393511116504669,-0.35582318902015686,3.7468948364257812,4.126133918762207,2.755340099334717
911,0.7870811820030212,0.5689154267311096,2.2324602603912354,9.525500297546387,83.70854187011719,6.867831707000732,6.3042097091674805,1.9557586908340454,-0.2024121880531311,0.11953222751617432,0.02213234081864357,6.883996486663818,6.320658206939697,1.9610886573791504
912,0.6739882826805115,0.5470665693283081,2.11112642288208,10.671469688415527,122.97317504882812,2.7891085147857666,10.19433879852295,1.475328803062439,0.07415175437927246,-1.1239408254623413,0.1642456352710724,2.7959001064300537,10.160453796386719,1.4702473878860474
913,0.811059832572937,0.5558505058288574,2.7381386756896973,10.585655212402344,84.42642974853516,6.220091342926025,8.329113006591797,1.9981095790863037,0.18413697183132172,-0.693709671497345,0.2260930836200714,6.234707355499268,8.32332706451416,1.990814447402954
914,0.7659252882003784,0.5713084936141968,1.5352015495300293,7.011621952056885,84.41524505615234,2.379063367843628,6.514017581939697,1.0346404314041138,-0.4950447082519531,0.6093437671661377,0.10379604995250702,2.3334789276123047,6.503544807434082,1.0322922468185425
915,0.7877865433692932,0.5534359216690063,2.1903958320617676,12.608237266540527,145.56863403320312,7.1202850341796875,10.173707962036133,2.1828598976135254,-0.0852820947766304,0.6951661109924316,-0.21873316168785095,7.139634132385254,10.178241729736328,2.177931308746338
916,0.8984983563423157,0.5464242696762085,1.1921931505203247,3.1591527462005615,31.348331451416016,2.2033119201660156,2.166208505630493,0.6581823825836182,0.05367869883775711,0.13010944426059723,-0.21918241679668427,2.2088019847869873,2.1683290004730225,0.6223462820053101
917,0.763707160949707,0.5697011947631836,1.980194091796875,7.397812843322754,82.53553771972656,4.381699562072754,4.736656665802002,3.618346691131592,-0.027399424463510513,0.28685128688812256,-0.3044719696044922,4.393835544586182,4.741151332855225,3.6155712604522705
918,0.8722703456878662,0.5499278903007507,2.4569735527038574,10.35965633392334,104.74622344970703,7.009041786193848,7.013638019561768,3.000783920288086,0.02836962789297104,0.5917825698852539,-0.01651853695511818,7.028534412384033,7.008121013641357,3.009108543395996
919,0.8458275198936462,0.5492261648178101,1.1173558235168457,3.439222812652588,34.492576599121094,2.535053014755249,2.2025301456451416,0.7420396208763123,0.02103693224489689,-0.23673732578754425,0.01424110122025013,2.542037010192871,2.195878505706787,0.7439724802970886
920,0.8305731415748596,0.5570845603942871,2.4001333713531494,11.017097473144531,118.12315368652344,9.512788772583008,5.333967208862305,1.5595124959945679,0.2303750365972519,0.3797360062599182,-0.0907258465886116,9.53652572631836,5.335273742675781,1.5612138509750366
921,0.8993415236473083,0.5347437858581543,2.5850396156311035,13.487338066101074,142.76480102539062,10.285722732543945,8.510658264160156,1.9185611009597778,0.6690464615821838,-0.8826634287834167,0.20722338557243347,10.292571067810059,8.488373756408691,1.912657618522644
922,0.7554962038993835,0.5445215702056885,1.760958194732666,10.14932918548584,131.9479522705078,3.4235117435455322,9.258289337158203,2.3606181144714355,0.17448021471500397,0.6151609420776367,0.15289375185966492,3.4285995960235596,9.263598442077637,2.3622324466705322
923,0.8061856627464294,0.5370309948921204,2.881751537322998,11.425877571105957,90.4695816040039,8.1502046585083,7.582777976989746,2.5741639137268066,-0.1462748497724533,-0.3867310583591461,-0.0194803886115551,8.171622276306152,7.594033718109131,2.581270217895508
924,0.8079577684402466,0.5291114449501038,1.744448184967041,8.213580131530762,84.31143188476562,5.705835342407227,5.837012767791748,0.9141299724578857,0.03830040991306305,0.15952260792255402,-0.040162958204746246,5.721621990203857,5.851107597351074,0.9157946705818176
925,0.7912415266036987,0.5505992770195007,1.670562982559204,9.847394943237305,128.2435302734375,8.810818672180176,4.3532819747924805,0.6241997480392456,0.43006059527397156,-0.23915475606918335,-0.002497180365025997,8.824862480163574,4.358832359313965,0.6259359121322632
926,0.8715882897377014,0.5561449527740479,0.9417031407356262,1.9562386274337769,13.933976173400879,1.3194117546081543,1.3339524269104004,0.5537089705467224,-0.02853677049279213,0.10392318665981293,-0.08386798948049545,1.3227825164794922,1.333607792854309,0.5488472580909729
927,0.8074309825897217,0.5803418159484863,1.737663984298706,8.550396919250488,107.32032012939453,7.994880676269531,2.167785167694092,2.119406223297119,0.5159551501274109,0.1255730390548706,-0.21097196638584137,8.000469207763672,2.1701817512512207,2.1147620677948
928,0.7536810040473938,0.5378226637840271,1.617472767829895,11.689155578613281,155.79177856445312,1.2532293796539307,11.462698936462402,1.9163297414779663,0.06285342574119568,-0.7492960691452026,0.09977004677057266,1.255143642425537,11.470087051391602,1.9190688133239746
929,0.7683051228523254,0.5546752214431763,2.2229580879211426,7.784505367279053,66.2735366821289,5.8759355545043945,4.883738994598389,1.4903004169464111,0.5150056481361389,0.418653279542923,-0.020180072635412216,5.869650363922119,4.879334449768066,1.4943205118179321
930,0.8582305312156677,0.5575453639030457,3.382565498352051,16.22884750366211,149.99461364746094,10.82394027709961,11.547453880310059,3.5880589485168457,1.034310221672058,0.40507110953330994,-0.2132936716079712,10.804463386535645,11.572537422180176,3.5917046070098877
931,0.7714013457298279,0.5373308062553406,1.9375863075256348,5.953160285949707,49.51021194458008,4.703417778015137,3.335387945175171,1.4809340238571167,0.6462857723236084,-0.18360638618469238,-0.08555253595113754,4.671799182891846,3.3396201133728027,1.482584834098816
932,0.856274425983429,0.5469219088554382,3.8341469764709473,18.108165740966797,147.72560119628906,15.663924217224121,8.823734283447266,2.1653857231140137,0.6054097414016724,-0.10057292878627777,-0.05585506930947304,15.695879936218262,8.847771644592285,2.170703411102295
933,0.8140288591384888,0.5406718850135803,1.082883596420288,2.9723758697509766,30.27385902404785,2.5512449741363525,1.3498297929763794,0.7100186347961426,-0.24315667152404785,-0.04227108135819435,-0.03843396157026291,2.546715259552002,1.3529311418533325,0.7109552025794983
934,0.8411073088645935,0.5430142283439636,2.5434188842773438,12.061738014221191,109.46874237060547,10.103066444396973,6.363911151885986,1.7071020603179932,-0.6220987439155579,0.23702611029148102,-0.23441283404827118,10.11202335357666,6.37723445892334,1.6956478357315063
935,0.8581148982048035,0.5515317916870117,3.828643321990967,17.22583770751953,167.96435546875,9.038735389709473,13.225577354431152,6.333625793457031,1.1505048274993896,-0.2911607325077057,-0.40483373403549194,8.990221977233887,13.259255409240723,6.3383049964904785
936,0.7938600182533264,0.579460084438324,2.9057047367095947,16.25046157836914,166.2645721435547,9.280566215515137,12.888337135314941,3.440837860107422,0.18452699482440948,1.2524731159210205,-0.2443246692419052,9.30461311340332,12.863116264343262,3.441725969314575
937,0.8818045854568481,0.5073301792144775,2.876389980316162,15.76198673248291,190.31640625,14.887009620666504,4.740277290344238,2.0849382877349854,0.3614885210990906,-0.5231450200080872,-0.10752026736736298,14.92413330078125,4.724462985992432,2.0879719257354736
938,0.8985012769699097,0.5251747369766235,1.8410531282424927,9.770650863647461,120.2193832397461,6.614161014556885,6.949372291564941,1.8505946397781372,-0.037569135427474976,0.5096079111099243,-0.17850875854492188,6.632503509521484,6.949994087219238,1.8471029996871948
939,0.8118299245834351,0.5487642288208008,2.3132951259613037,10.327680587768555,108.70450592041016,7.896962642669678,6.27481746673584,2.2193751335144043,-0.6435632705688477,-0.5081433057785034,0.10280849784612656,7.8926496505737305,6.2716546058654785,2.2231767177581787
940,0.8242433667182922,0.5341566205024719,1.9923821687698364,7.292904853820801,73.57546997070312,4.416136264801025,5.4697089195251465,1.940740942955017,-0.005132797174155712,0.3530670702457428,0.08685486018657684,4.4284515380859375,5.473527431488037,1.9442046880722046
941,0.9698203206062317,0.4993360638618469,1.7764443159103394,7.219170570373535,84.76056671142578,6.1845808029174805,3.589662790298462,0.990807056427002,0.2965344786643982,-0.44996508955955505,0.1717953383922577,6.194699287414551,3.5712838172912598,0.9785215854644775
942,0.9551832675933838,0.5165562033653259,2.195744752883911,8.231232643127441,72.77359771728516,3.9510631561279297,6.62868595123291,2.86405611038208,-0.31945618987083435,0.9589899778366089,-0.21202056109905243,3.9491126537323,6.577245235443115,2.864164352416992
943,0.7843031883239746,0.539343535900116,2.8107073307037354,12.048751831054688,98.78246307373047,9.286979675292969,6.830146312713623,3.5033578872680664,0.7508543133735657,-0.8143271803855896,0.3212984502315521,9.28239631652832,6.800344944000244,3.4983246326446533
944,0.881067156791687,0.5508320927619934,2.8674798011779785,12.835912704467773,121.81497955322266,11.22435188293457,5.526057720184326,2.8700637817382812,0.9058431386947632,-0.7169588804244995,0.370796263217926,11.21894645690918,5.49463415145874,2.8539493083953857
945,0.8281921744346619,0.532163679599762,1.645828127861023,6.188786506652832,67.00743865966797,4.040981769561768,4.615366458892822,0.8184979557991028,0.4295995533466339,0.36406421661376953,-0.075067438185215,4.0292887687683105,4.613819122314453,0.81732177734375
946,0.9389297366142273,0.5160369277000427,1.9441713094711304,8.828124046325684,93.2304916381836,1.8865350484848022,8.304635047912598,2.325897693634033,0.19272932410240173,-0.7685655355453491,0.17895671725273132,1.881899356842041,8.292059898376465,2.3254716396331787
947,0.7273406386375427,0.47051092982292175,1.51119863986969,5.3924713134765625,42.60240173339844,3.520665407180786,3.8002305030822754,1.497300624847412,-0.0754517987370491,0.3908441364765167,-0.13331279158592224,3.529675245285034,3.7906222343444824,1.495513916015625
948,0.8331589698791504,0.5241477489471436,2.422461986541748,11.743666648864746,124.80058288574219,5.982941150665283,9.825407028198242,2.3620924949645996,-0.5448614358901978,-0.6107904314994812,0.02967456728219986,5.974698543548584,9.833758354187012,2.3684942722320557
949,0.849816620349884,0.5305190086364746,2.5420925617218018,8.924793243408203,66.43390655517578,4.817356586456299,7.201736927032471,2.1400904655456543,-0.08715066313743591,-0.7187776565551758,0.31770938634872437,4.830003261566162,7.185766220092773,2.122279644012451
950,0.8416079878807068,0.5465388298034668,4.041383743286133,18.240121841430664,176.84469604492188,15.64146900177002,9.131403923034668,2.159621238708496,-0.043082088232040405,-0.47265559434890747,-0.01779549941420555,15.685038566589355,9.144598960876465,2.165571689605713
951,0.8483362793922424,0.5222235918045044,2.425748109817505,7.381033420562744,58.080039978027344,2.6965291500091553,6.264493465423584,2.8221449851989746,0.05359018221497536,-0.32928040623664856,0.2714252173900604,2.703516960144043,6.2732834815979,2.8168981075286865
952,0.9717921614646912,0.5341963171958923,1.4438133239746094,4.907049655914307,53.517051696777344,3.5669467449188232,3.311772346496582,0.6230526566505432,0.0936928242444992,0.2063407152891159,0.02804478630423546,3.57566237449646,3.3145577907562256,0.6241573095321655
953,0.8592854738235474,0.5222969651222229,3.404690980911255,16.769424438476562,161.82818603515625,13.583466529846191,9.524503707885742,2.446802854537964,0.47318679094314575,0.8319567441940308,-0.2701861560344696,13.613089561462402,9.514565467834473,2.4386229515075684
954,0.892784059047699,0.5213989019393921,2.4679243564605713,9.088576316833496,66.7325668334961,6.209862232208252,6.2154741287231445,2.3254497051239014,0.3516372740268707,0.6614677309989929,-0.2128915637731552,6.217192649841309,6.197415351867676,2.3221435546875
955,0.8704437017440796,0.543753445148468,2.61372709274292,10.200194358825684,94.00433349609375,5.379761219024658,8.371145248413086,2.2418899536132812,-0.38546016812324524,0.19645819067955017,-0.06205957755446434,5.380902290344238,8.392182350158691,2.247281789779663
956,0.8804227113723755,0.5310835838317871,2.458030939102173,10.651522636413574,97.05274200439453,5.127691745758057,9.114630699157715,2.0211875438690186,-0.15471427142620087,1.3186471462249756,-0.2645193934440613,5.139653205871582,9.043896675109863,2.009392738342285
957,0.8500462174415588,0.532490611076355,3.073961019515991,16.984859466552734,166.53372192382812,15.210124015808105,6.89668607711792,3.0940825939178467,1.4964908361434937,0.6702602505683899,-0.15994758903980255,15.178546905517578,6.883185386657715,3.098564863204956
958,0.8864049911499023,0.523684561252594,2.5129034519195557,13.291879653930664,162.87750244140625,7.865201950073242,9.829449653625488,4.265509605407715,0.6444429755210876,-0.7926872372627258,0.23419620096683502,7.860620975494385,9.824764251708984,4.270955562591553
959,0.8912598490715027,0.5065694451332092,3.8394317626953125,17.211734771728516,182.84820556640625,13.013005256652832,10.304540634155273,4.5521440505981445,0.07847552746534348,0.31615015864372253,0.26465195417404175,13.049065589904785,10.328418731689453,4.5571208000183105
960,0.7605851888656616,0.526067316532135,2.53786039352417,9.943327903747559,103.23943328857422,7.794075965881348,5.790215969085693,2.143723487854004,0.4174277186393738,0.4898116886615753,-0.2958725094795227,7.804599285125732,5.785555362701416,2.1291301250457764
961,0.8344411253929138,0.5299296379089355,3.104198694229126,14.743546485900879,137.07876586914062,13.009038925170898,6.757129669189453,1.5742608308792114,1.2213600873947144,-0.19228535890579224,-0.2050987333059311,12.987706184387207,6.7732343673706055,1.5651971101760864
962,0.813386082649231,0.5307660698890686,2.586737632751465,10.29818344116211,101.55619812011719,6.882322311401367,7.55217981338501,1.284835696220398,-0.28826242685317993,0.8723189830780029,-0.07793757319450378,6.895463466644287,7.522556781768799,1.286047101020813
963,0.8333936929702759,0.5243043303489685,4.614953517913818,19.466371536254883,204.6667022705078,15.819793701171875,11.0020170211792,2.7621214389801025,-1.4071071147918701,1.4711295366287231,-0.3372436761856079,15.801043510437012,10.93363094329834,2.749102830886841
964,0.7350404858589172,0.5710697770118713,5.324837684631348,19.142118453979492,155.52609252929688,16.15626335144043,9.464797019958496,3.9766104221343994,0.31626808643341064,0.4655342996120453,-0.28264808654785156,16.198226928710938,9.479710578918457,3.977616786956787
965,0.779140830039978,0.5700324177742004,3.0233023166656494,19.07257843017578,249.1968231201172,14.699779510498047,12.019893646240234,1.7893710136413574,0.9010191559791565,0.8490556478500366,-0.035269059240818024,14.713065147399902,12.02331256866455,1.7940138578414917
966,0.8393979668617249,0.5547587871551514,2.43879771232605,9.52174186706543,89.06037139892578,7.479166507720947,5.626641273498535,1.7511534690856934,-0.48474305868148804,0.05417921021580696,0.09558456391096115,7.484260559082031,5.6420745849609375,1.7534202337265015
967,0.8468778729438782,0.5242252349853516,4.988365173339844,23.925649642944336,218.5758056640625,21.46240234375,9.472132682800293,4.699009418487549,-0.32845908403396606,-0.3521152436733246,-0.10173361003398895,21.51974868774414,9.491988182067871,4.711012363433838
968,0.7254552245140076,0.5401636362075806,2.9820876121520996,15.704459190368652,181.3335723876953,12.048360824584961,9.976458549499512,1.3918792009353638,0.3770889341831207,0.8866968750953674,-0.019552459940314293,12.0760498046875,9.964694023132324,1.395624041557312
969,0.845081090927124,0.5459313988685608,2.3700449466705322,9.686928749084473,77.51598358154297,8.368692398071289,4.4569573402404785,1.984213948249817,0.6311264038085938,0.16218306124210358,-0.2730604112148285,8.36813735961914,4.466429710388184,1.9708172082901
970,0.8000310063362122,0.549802303314209,3.668689727783203,14.536248207092285,123.86784362792969,8.697078704833984,11.33627986907959,2.6743392944335938,0.31086114048957825,-0.906292736530304,0.11476606130599976,8.715765953063965,11.331514358520508,2.679328680038452
971,0.6868298649787903,0.5884681344032288,3.15804386138916,13.558891296386719,117.97405242919922,12.138960838317871,4.931619167327881,3.488306999206543,-0.24768392741680145,-0.44509202241897583,-0.03808927536010742,12.170286178588867,4.925192832946777,3.497828722000122
972,0.764092206954956,0.5695329904556274,4.463984966278076,19.804353713989258,170.0955810546875,17.168886184692383,8.594597816467285,4.855370044708252,1.2148863077163696,-1.2030603885650635,-0.10701056569814682,17.17361831665039,8.53371810913086,4.867730617523193
973,0.7914579510688782,0.5563424229621887,3.1813859939575195,13.57258415222168,134.7716522216797,7.975492000579834,10.312382698059082,3.776419162750244,-1.1129052639007568,0.9623633623123169,-0.3357619345188141,7.919491291046143,10.296019554138184,3.7719552516937256
974,0.6579766273498535,0.5767715573310852,3.223252773284912,11.918401718139648,97.6929931640625,10.020317077636719,5.883395195007324,2.6508898735046387,-0.2638886272907257,0.24689659476280212,0.016787005588412285,10.044782638549805,5.894609451293945,2.658230781555176
975,0.7422146201133728,0.5580877065658569,5.946793556213379,22.621572494506836,170.39678955078125,16.362449645996094,14.17754077911377,6.557674407958984,0.7522056102752686,-0.9305809140205383,0.2435370683670044,16.390743255615234,14.18642807006836,6.571430206298828
976,0.7393420934677124,0.5752535462379456,3.9886932373046875,15.861522674560547,112.10831451416016,7.784398555755615,13.498638153076172,2.9627366065979004,0.6336144208908081,-1.1106159687042236,0.12306809425354004,7.780210494995117,13.490397453308105,2.9684367179870605
977,0.6781138181686401,0.5634109973907471,3.50350022315979,14.334758758544922,137.97799682617188,10.101903915405273,9.444609642028809,3.7730867862701416,0.4241478443145752,-0.045470427721738815,-0.10254902392625809,10.121150016784668,9.470844268798828,3.7822136878967285
978,0.7279537320137024,0.5496613383293152,2.799781322479248,13.812477111816406,149.8566436767578,7.3721113204956055,11.348564147949219,2.7652411460876465,0.5693730115890503,-1.3011469841003418,0.3486897349357605,7.3705925941467285,11.305173873901367,2.7508203983306885
979,0.7758159041404724,0.5732701420783997,4.450061321258545,17.325790405273438,149.61209106445312,13.552488327026367,9.638023376464844,4.860198497772217,0.6955994963645935,-0.08545561134815216,0.00836724229156971,13.572380065917969,9.66452693939209,4.873748779296875
980,0.6456489562988281,0.5972896814346313,2.583819627761841,12.272287368774414,106.40766143798828,11.555639266967773,3.416032314300537,2.325289487838745,1.190631628036499,-0.30228370428085327,-0.10893795639276505,11.526198387145996,3.4121224880218506,2.3292152881622314
981,0.708402693271637,0.5584418773651123,3.5337371826171875,13.642434120178223,124.1726303100586,10.857560157775879,7.430765628814697,3.6073691844940186,-1.9357815980911255,-0.5664892792701721,0.23466025292873383,10.713401794433594,7.429808616638184,3.609769821166992
982,0.6884095072746277,0.564018964767456,2.3816356658935547,11.633949279785156,121.99486541748047,9.484583854675293,5.9034810066223145,3.246593952178955,-0.5503038167953491,0.02073042094707489,0.029195446521043777,9.495018005371094,5.919911861419678,3.2555181980133057
983,0.666339635848999,0.6160395741462708,4.8791303634643555,18.372690200805664,157.62924194335938,15.00716781616211,9.982975006103516,3.5610363483428955,0.0315144881606102,0.7680675983428955,-0.04533341899514198,15.048994064331055,9.981146812438965,3.5706801414489746
984,0.6877603530883789,0.5566891431808472,2.165350914001465,7.859418869018555,88.14317321777344,3.0386974811553955,6.990102767944336,1.9170935153961182,-0.513801097869873,-0.5721522569656372,-0.016711309552192688,3.003298282623291,6.986080169677734,1.9223681688308716
985,0.6512661576271057,0.556611180305481,4.26394510269165,18.344776153564453,157.2569580078125,11.4371919631958,13.562569618225098,4.666708946228027,0.4110201299190521,-1.3793851137161255,0.5801037549972534,11.461686134338379,13.529875755310059,4.643429756164551
986,0.7045841217041016,0.5660108327865601,3.120830774307251,13.502846717834473,121.05052947998047,11.467569351196289,6.279202461242676,3.3754003047943115,0.7327224612236023,-0.7646638751029968,0.34677204489707947,11.476059913635254,6.249854564666748,3.366905689239502
987,0.6902012228965759,0.5761277675628662,1.1574392318725586,2.3864078521728516,18.500713348388672,1.6684681177139282,1.550171136856079,0.71282958984375,-0.24842382967472076,-0.12708725035190582,0.054966412484645844,1.6544722318649292,1.549262285232544,0.7126896381378174
988,0.8095089793205261,0.5346188545227051,4.562703609466553,17.806106567382812,129.16285705566406,8.78530216217041,14.837197303771973,4.4422407150268555,-0.46450430154800415,-0.7469226717948914,0.054203733801841736,8.797484397888184,14.859718322753906,4.4542999267578125
989,0.7239725589752197,0.5540285706520081,2.202505350112915,9.544357299804688,75.98641204833984,5.538118362426758,7.382598400115967,2.4333581924438477,0.21257922053337097,-0.8614336252212524,0.008472739718854427,5.549473762512207,7.352620601654053,2.440131187438965
990,0.8322271704673767,0.5345678925514221,2.9603896141052246,11.82082462310791,95.49639892578125,9.100356101989746,7.174307346343994,2.3333957195281982,-0.06218552216887474,0.9634627103805542,-0.40551623702049255,9.125527381896973,7.129150390625,2.304298162460327
991,0.7087156772613525,0.5424156785011292,2.6643497943878174,10.378037452697754,81.93485260009766,8.329992294311523,4.702372074127197,4.025242805480957,-0.2900109887123108,0.24817179143428802,-0.16672368347644806,8.348164558410645,4.708917140960693,4.03300666809082
992,0.7881194353103638,0.5573835968971252,4.088260173797607,14.872167587280273,125.66272735595703,9.613946914672852,10.515937805175781,4.262447834014893,0.34038829803466797,0.5766513347625732,-0.2064080536365509,9.634719848632812,10.529402732849121,4.269323348999023
993,0.7558716535568237,0.5732176899909973,2.828073501586914,10.917983055114746,98.0728988647461,7.9832940101623535,7.0527472496032715,2.3933444023132324,-0.28969258069992065,-0.5419913530349731,0.028320323675870895,8.000289916992188,7.051506519317627,2.3998525142669678
994,0.726534903049469,0.5627155900001526,3.3097338676452637,10.60933780670166,77.85737609863281,5.571690559387207,7.650119781494141,4.7947869300842285,-0.17677244544029236,0.0250952560454607,-0.29246199131011963,5.584419250488281,7.671417713165283,4.799208641052246
995,0.7952275276184082,0.5507164001464844,2.139030694961548,7.432045936584473,61.866634368896484,4.1695780754089355,5.855902194976807,1.8863557577133179,-0.4950060248374939,0.48532983660697937,-0.19997340440750122,4.151638984680176,5.852033615112305,1.8809583187103271
996,0.7562867999076843,0.5583068132400513,2.5040833950042725,11.74587631225586,122.46785736083984,4.069700717926025,10.62038516998291,2.9343769550323486,-0.35882994532585144,0.8403967022895813,-0.30614250898361206,4.065158843994141,10.616613388061523,2.926503896713257
997,0.6921034455299377,0.5514228940010071,5.05790901184082,21.765968322753906,174.66790771484375,10.396246910095215,18.294506072998047,5.566555023193359,-1.6623256206512451,0.6918777823448181,0.31972813606262207,10.291112899780273,18.332412719726562,5.572866439819336
998,0.694320797920227,0.5600096583366394,1.5964335203170776,7.269845008850098,93.44563293457031,4.824027061462402,5.419968605041504,0.4509349465370178,-0.15689080953598022,-0.18093453347682953,-0.012171781621873379,4.834924221038818,5.4320573806762695,0.4520280063152313
999,0.7330144643783569,0.5880488157272339,3.148151159286499,11.880064964294434,111.97537231445312,8.044550895690918,8.213610649108887,2.992950439453125,0.16266871988773346,-0.20086447894573212,-0.2432444989681244,8.065340995788574,8.234058380126953,2.99137020111084
1000,0.7091658711433411,0.5769619941711426,2.7632622718811035,11.384690284729004,90.67859649658203,7.891735553741455,7.473104000091553,3.3888649940490723,0.6542936563491821,0.3785114884376526,0.09538426250219345,7.886503219604492,7.484330177307129,3.3969714641571045
1001,0.840268611907959,0.5444786548614502,3.532181978225708,13.120817184448242,101.3748779296875,8.832975387573242,8.844144821166992,3.9894204139709473,0.22802676260471344,-1.0255863666534424,0.23443862795829773,8.854662895202637,8.808982849121094,3.9936351776123047
1002,0.6864576935768127,0.5581157803535461,3.0546469688415527,19.089879989624023,188.9263916015625,18.272876739501953,4.909291744232178,2.534630298614502,1.6783815622329712,0.3332386910915375,-0.1638011783361435,18.246389389038086,4.911631107330322,2.5363872051239014
1003,0.7233782410621643,0.5872707962989807,3.310645580291748,11.266924858093262,91.04108428955078,6.062289714813232,9.270763397216797,2.060384511947632,-1.0536950826644897,1.4510973691940308,-0.16573217511177063,5.986667633056641,9.182035446166992,2.059436798095703
1004,0.6636551022529602,0.5822943449020386,1.89814293384552,7.320968151092529,60.885772705078125,3.781257152557373,5.852934837341309,2.2454001903533936,-0.01651744358241558,-0.26691433787345886,-0.03866459056735039,3.7917685508728027,5.863154888153076,2.2513296604156494
1005,0.6306220889091492,0.5781686902046204,3.3421120643615723,11.640210151672363,85.0372314453125,7.948927879333496,8.312281608581543,1.793044924736023,-0.36332449316978455,-0.3392646312713623,-0.17644280195236206,7.962769985198975,8.328522682189941,1.789319634437561
1006,0.6696518063545227,0.5935153365135193,3.669799327850342,14.02657413482666,106.87037658691406,9.739507675170898,9.399930953979492,3.6780529022216797,0.33794620633125305,1.0090233087539673,0.2079777717590332,9.760793685913086,9.371685981750488,3.682410955429077
1007,0.7686697840690613,0.5550728440284729,6.011925220489502,23.299720764160156,159.56190490722656,15.06679916381836,17.024538040161133,5.102317810058594,-0.3676448166370392,-1.1671310663223267,0.36164590716362,15.104328155517578,17.0318603515625,5.103681564331055
1008,0.7197020649909973,0.5561923384666443,2.643195390701294,10.448034286499023,114.137451171875,6.595045566558838,7.5593647956848145,2.9193813800811768,0.34279656410217285,-0.6402932405471802,0.17246690392494202,6.6045026779174805,7.55320930480957,2.9224116802215576
1009,0.7262690663337708,0.5409730672836304,2.2200067043304443,9.481475830078125,98.12194061279297,4.1804633140563965,8.356642723083496,1.6089259386062622,-0.42100241780281067,0.6131911277770996,-0.0688222274184227,4.170812129974365,8.357362747192383,1.6119372844696045
1010,0.6909275650978088,0.5328453183174133,1.1282427310943604,3.840329170227051,42.15016555786133,3.345168113708496,1.8024520874023438,0.556008517742157,-0.07625727355480194,-0.05092986673116684,0.020259419456124306,3.3536272048950195,1.806758165359497,0.5571891665458679
1011,0.7549808025360107,0.5613394975662231,1.3890788555145264,3.160295009613037,24.568254470825195,1.7251718044281006,2.392242908477783,1.1350860595703125,-0.4946044683456421,-0.06090513989329338,-0.06296417117118835,1.657360553741455,2.3981382846832275,1.1364997625350952
1012,0.7361765503883362,0.5600247383117676,3.4047133922576904,16.120515823364258,160.09921264648438,13.06432819366455,9.165672302246094,2.2770116329193115,1.2088364362716675,-0.9198048114776611,0.0508820004761219,13.044568061828613,9.144840240478516,2.282792806625366
1013,0.6643585562705994,0.6067304611206055,2.763469934463501,11.842251777648926,105.52513122558594,9.050250053405762,6.859063625335693,3.359339475631714,-0.6999146342277527,0.45869752764701843,-0.18205736577510834,9.04831314086914,6.862798690795898,3.3637595176696777
1014,0.6791009306907654,0.5851273536682129,3.6293532848358154,16.083131790161133,134.91490173339844,11.258526802062988,11.003204345703125,3.2927517890930176,0.1936095803976059,-0.06435392051935196,0.09345811605453491,11.288261413574219,11.033707618713379,3.3006064891815186
1015,0.7437125444412231,0.5598720908164978,2.2172317504882812,9.369272232055664,83.67618560791016,8.313735961914062,3.7884809970855713,2.076645851135254,-0.3429003059864044,0.3190826177597046,0.016418419778347015,8.329832077026367,3.7855498790740967,2.0823733806610107
1016,0.7233294248580933,0.5809754133224487,2.838829517364502,11.32485580444336,104.44329071044922,9.702550888061523,5.321124076843262,2.4080095291137695,0.8175570368766785,-0.25802209973335266,0.026969818398356438,9.695013046264648,5.3296895027160645,2.4145748615264893
1017,0.6903184056282043,0.5674800872802734,1.4701050519943237,5.062388896942139,56.155887603759766,1.97407066822052,4.486846923828125,1.2645281553268433,-0.1268998384475708,0.2231103777885437,-0.04766448959708214,1.9754828214645386,4.4937968254089355,1.267154335975647
1018,0.7563164830207825,0.5452231168746948,1.9547380208969116,10.541887283325195,112.03459930419922,9.374049186706543,4.065927505493164,2.5936107635498047,0.934721827507019,-0.32088151574134827,0.05725107342004776,9.353347778320312,4.06455135345459,2.6002118587493896
1019,0.782455325126648,0.5936828851699829,2.2760860919952393,8.499661445617676,70.82197570800781,6.9120588302612305,3.7528226375579834,3.222421646118164,0.012700431048870087,0.11785825341939926,0.20708203315734863,6.931327819824219,3.761434555053711,3.2247307300567627
1020,0.7005943655967712,0.5687640905380249,0.9906507730484009,2.269984245300293,14.433451652526855,1.6364108324050903,1.4899239540100098,0.5050884485244751,-0.14133639633655548,0.0835263729095459,-0.09472624957561493,1.6348434686660767,1.4917303323745728,0.4975101351737976
1021,0.7360438108444214,0.5588119626045227,2.7633109092712402,11.333112716674805,100.07245635986328,8.28380012512207,7.37531852722168,2.328691244125366,0.05357248708605766,0.002998394425958395,-0.09750282764434814,8.306734085083008,7.395890235900879,2.333139181137085
1022,0.8235794305801392,0.55832439661026,2.5369114875793457,12.7357177734375,131.90676879882812,10.211753845214844,7.413506031036377,1.7200407981872559,0.26996278762817383,0.2560059726238251,0.08627452701330185,10.236659049987793,7.429751396179199,1.7226674556732178
1023,0.7683777809143066,0.5312752723693848,2.5846734046936035,10.089225769042969,70.66927337646484,5.576889991760254,7.520303726196289,3.7597622871398926,-0.21353934705257416,-0.05199072137475014,0.14726494252681732,5.588345050811768,7.541100978851318,3.7673561573028564
1024,0.7313625812530518,0.5538865327835083,2.6355559825897217,11.181893348693848,96.45886993408203,8.935832023620605,5.513477325439453,3.8454136848449707,-0.6043484807014465,-0.4878479838371277,0.3887629210948944,8.940240859985352,5.5071702003479,3.83638334274292
1025,0.8429625630378723,0.544516384601593,3.2988014221191406,14.088979721069336,139.8384246826172,10.595130920410156,8.386734962463379,3.9881339073181152,1.0076442956924438,-0.3182293176651001,-0.024390125647187233,10.57652759552002,8.404072761535645,3.9991838932037354
1026,0.7147798538208008,0.5596973299980164,3.241943359375,15.799055099487305,184.968994140625,11.931489944458008,10.278837203979492,1.263017177581787,-0.9463896155357361,0.05218993499875069,0.1125667616724968,11.927074432373047,10.307376861572266,1.2615000009536743
1027,0.8174878358840942,0.5540118217468262,2.8411383628845215,9.818257331848145,68.08262634277344,5.999117374420166,6.982276439666748,3.414174795150757,0.10452692210674286,-0.027083631604909897,-0.06136089563369751,6.014937400817871,7.001699924468994,3.423145294189453
1028,0.7898762226104736,0.5520502328872681,2.329005718231201,9.380370140075684,104.2471923828125,5.767488479614258,7.1682868003845215,1.828410029411316,0.29707446694374084,0.4093705117702484,-0.06920696794986725,5.7758989334106445,7.176550388336182,1.8321964740753174
1029,0.7584291696548462,0.5685999393463135,2.3524627685546875,8.711708068847656,86.20458984375,4.683366298675537,7.053128242492676,2.052635908126831,0.18001912534236908,-0.07509032636880875,-0.1889094114303589,4.692959785461426,7.07240104675293,2.049626111984253
1030,0.7408870458602905,0.5804131031036377,2.2562942504882812,11.804988861083984,136.1455841064453,9.516261100769043,5.591518402099609,4.187297821044922,0.6198725700378418,-0.547561764717102,0.34644755721092224,9.522539138793945,5.580164909362793,4.184581279754639
1031,0.830949068069458,0.6018978953361511,3.8972036838531494,14.083590507507324,119.38493347167969,9.290557861328125,10.103528022766113,3.1546411514282227,0.7500237822532654,-1.0614365339279175,0.2875886857509613,9.286064147949219,10.075645446777344,3.1502678394317627
1032,0.6682711243629456,0.5802068114280701,1.4273173809051514,5.202663898468018,47.95553970336914,3.597705841064453,3.079876184463501,2.1537392139434814,-0.005358139984309673,-0.02108086086809635,0.08914371579885483,3.6077370643615723,3.0883948802948,2.157896041870117
1033,0.7286725044250488,0.5704173445701599,3.6046783924102783,14.231242179870605,123.97142791748047,11.250516891479492,8.300421714782715,2.6565213203430176,-1.0855154991149902,-1.0385656356811523,0.2728496193885803,11.229262351989746,8.258163452148438,2.6498429775238037
1034,0.7445396184921265,0.5896178483963013,6.023128986358643,24.753341674804688,167.8478240966797,20.62383270263672,12.683279037475586,5.149744987487793,1.569699764251709,-2.457899570465088,0.6858262419700623,20.621370315551758,12.47754955291748,5.118109226226807
1035,0.7810922861099243,0.5338690280914307,3.2336337566375732,12.721535682678223,95.97552490234375,6.307400226593018,10.490680694580078,3.464071035385132,-0.17772142589092255,-1.7245229482650757,0.30350345373153687,6.322483062744141,10.376830101013184,3.4603753089904785
1036,0.7615042328834534,0.5772013664245605,5.496018409729004,18.367324829101562,103.5708999633789,12.618075370788574,12.403238296508789,4.929756164550781,1.3979068994522095,-2.0230560302734375,0.5932992100715637,12.575382232666016,12.271273612976074,4.9075751304626465
1037,0.7147845029830933,0.5393268465995789,2.2777442932128906,8.67558479309082,69.69878387451172,5.571571350097656,6.273663520812988,2.205561399459839,0.35360008478164673,-0.16625769436359406,-0.11001544445753098,5.575849533081055,6.28895378112793,2.20896053314209
1038,0.7057955265045166,0.5905564427375793,3.229252576828003,12.294189453125,122.21363067626953,4.826465606689453,10.751731872558594,3.5003695487976074,0.13306553661823273,-0.2850502133369446,-0.33319291472435,4.838088512420654,10.777933120727539,3.494194746017456
1039,0.7090528607368469,0.6101502180099487,3.7952840328216553,13.733358383178711,114.90470123291016,11.637908935546875,6.336830139160156,3.6067662239074707,1.2752525806427002,0.2598913609981537,-0.30633383989334106,11.60009765625,6.3491597175598145,3.603757858276367
1040,0.770838737487793,0.5607975721359253,4.935647964477539,16.824522018432617,101.89586639404297,9.785454750061035,12.248178482055664,6.106678009033203,-1.4946461915969849,-1.285901427268982,0.8556327223777771,9.697609901428223,12.214466094970703,6.063303470611572
1041,0.7397224307060242,0.5498526692390442,2.1207525730133057,5.450608253479004,44.297733306884766,4.061748504638672,3.45711350440979,1.1223598718643188,-0.6704155802726746,-0.6232751607894897,0.006443509832024574,4.017213344573975,3.4099507331848145,1.125472068786621
1042,0.7668519020080566,0.5466832518577576,4.86496114730835,18.79206085205078,146.65460205078125,15.124574661254883,10.281157493591309,4.322802543640137,0.006508276332169771,0.06602486968040466,0.09168259799480438,15.166760444641113,10.309622764587402,4.333885192871094
1043,0.7641972899436951,0.5716559886932373,3.629931688308716,13.503857612609863,97.22843933105469,10.590288162231445,7.610844612121582,3.503570318222046,-0.13824382424354553,0.4763404428958893,-0.3109007477760315,10.618924140930176,7.617111682891846,3.499483108520508
1044,0.7666156888008118,0.5489681959152222,3.8170864582061768,13.595076560974121,120.05415344238281,10.809544563293457,7.204343795776367,4.009650230407715,0.48782891035079956,-0.4255928099155426,-0.2598498463630676,10.828653335571289,7.211822509765625,4.0123820304870605
1045,0.7874471545219421,0.5479627847671509,3.252084493637085,10.427979469299316,76.59122467041016,6.972291469573975,7.211845874786377,2.849418878555298,-0.24359948933124542,-1.156923532485962,0.35694700479507446,6.987471103668213,7.13830041885376,2.8348584175109863
1046,0.8408568501472473,0.5314148664474487,6.238957405090332,18.759525299072266,105.29986572265625,12.129128456115723,13.737652778625488,4.010098457336426,0.026796214282512665,0.5942447185516357,-0.1167571023106575,12.162931442260742,13.763077735900879,4.0195794105529785
1047,0.7939035296440125,0.538519024848938,4.031332969665527,15.122360229492188,169.0354461669922,11.95008659362793,9.006653785705566,2.182063102722168,-0.00014031727914698422,-1.3058233261108398,0.12035588175058365,11.983419418334961,8.936347007751465,2.184818744659424
1048,0.6919770836830139,0.5502730011940002,3.3083157539367676,12.805150985717773,109.82489013671875,8.59984016418457,9.083762168884277,2.7385969161987305,0.031048160046339035,0.9626215100288391,-0.36496880650520325,8.623771667480469,9.057807922363281,2.7217395305633545
1049,0.6964763402938843,0.6028112173080444,4.44671630859375,13.74069881439209,100.16150665283203,10.530832290649414,8.441841125488281,2.5775325298309326,-0.7943757176399231,-1.2992737293243408,0.24959000945091248,10.530119895935059,8.364523887634277,2.572575807571411
1050,0.7216780185699463,0.5545313954353333,10.710906982421875,29.840818405151367,174.71697998046875,22.09267234802246,19.209318161010742,5.778440952301025,1.7529658079147339,-0.38863441348075867,-0.02348710224032402,22.08444595336914,19.25895881652832,5.794511795043945
1051,0.6466671228408813,0.531502902507782,7.658797264099121,20.97942543029785,167.22561645507812,15.972637176513672,12.605435371398926,5.110198974609375,-1.1417453289031982,-0.4896790385246277,0.7343452572822571,15.976218223571777,12.63105583190918,5.0712666511535645
1052,0.7710027694702148,0.5297368764877319,8.165937423706055,22.085824966430664,120.50352478027344,14.644868850708008,15.6051664352417,5.458044528961182,1.1750950813293457,-0.11679056286811829,0.4158582091331482,14.63836669921875,15.648256301879883,5.457359790802002
1053,0.6616113185882568,0.5599722266197205,7.464273452758789,21.9219970703125,135.5309600830078,16.84056854248047,13.006775856018066,5.271908283233643,1.5565823316574097,-1.965938687324524,0.6205106377601624,16.81525230407715,12.893208503723145,5.249866485595703
1054,0.7657310366630554,0.580417275428772,5.508493900299072,19.81024169921875,124.06169128417969,16.052610397338867,10.641313552856445,4.639166831970215,2.317448854446411,-0.5735378861427307,0.19320698082447052,15.928757667541504,10.655485153198242,4.648070812225342
1055,0.8113377094268799,0.4859645962715149,10.711227416992188,27.195837020874023,165.5048828125,20.484821319580078,16.432621002197266,7.067864894866943,1.4335606098175049,-4.262293338775635,1.356245994567871,20.491596221923828,15.914488792419434,6.955868244171143
1056,0.7781317830085754,0.5841518640518188,7.999707221984863,23.84273910522461,153.09170532226562,19.283021926879883,13.665459632873535,3.145876884460449,1.154948353767395,0.47148841619491577,0.04505098611116409,19.302093505859375,13.695420265197754,3.1543285846710205
1057,0.8215446472167969,0.53980952501297,7.94590425491333,22.00643539428711,120.07254028320312,15.326449394226074,15.148193359375,4.4626665115356445,-0.6865400671958923,-2.3975908756256104,0.3617926239967346,15.353774070739746,14.998971939086914,4.460384368896484
1058,1.0196982622146606,0.4730418026447296,11.20938777923584,25.26250457763672,118.53849792480469,17.781864166259766,17.26419448852539,4.893562316894531,-0.35986658930778503,1.0411481857299805,-0.15434147417545319,17.82781219482422,17.280841827392578,4.904771327972412
1059,0.9915570616722107,0.4377605617046356,13.398018836975098,29.689815521240234,141.1603546142578,20.837631225585938,19.808551788330078,7.409413814544678,-2.8149819374084473,2.417738437652588,-1.3338489532470703,20.704208374023438,19.715290069580078,7.308694839477539
1060,0.8941648602485657,0.5170145034790039,8.215169906616211,23.15456771850586,113.27344512939453,16.37688446044922,15.517578125,5.20926570892334,2.1399898529052734,-0.3290407061576843,0.13304181396961212,16.281755447387695,15.557364463806152,5.222092151641846
1061,0.7774529457092285,0.5089737772941589,5.206902980804443,17.02507209777832,115.26058959960938,12.50463581085205,10.962614059448242,3.648048162460327,0.5656201839447021,-1.6386481523513794,0.6078311800956726,12.526680946350098,10.869688034057617,3.6070876121520996
1062,0.9126628637313843,0.5027503371238708,11.770684242248535,30.376113891601562,256.388671875,25.26681137084961,16.155540466308594,4.826481342315674,-2.8869469165802,1.134374976158142,0.3489014506340027,25.171358108520508,16.160619735717773,4.827281475067139
1063,0.8933233618736267,0.5034983158111572,10.002333641052246,31.9632568359375,284.45782470703125,27.75619125366211,14.94495964050293,5.2812581062316895,5.168120384216309,0.6760275959968567,-0.3651396930217743,27.346872329711914,14.971306800842285,5.283316612243652
1064,0.8733082413673401,0.4990573525428772,10.634675025939941,25.790037155151367,128.9777069091797,21.355119705200195,13.467156410217285,5.265024185180664,0.7304840087890625,-0.6144705414772034,0.38637858629226685,21.402156829833984,13.490656852722168,5.265474319458008
1065,0.8109246492385864,0.5430822372436523,9.288092613220215,22.56120491027832,105.46204376220703,17.640968322753906,13.235909461975098,4.755513668060303,-2.11434268951416,-0.650550127029419,0.2257506251335144,17.562658309936523,13.25678825378418,4.763401985168457
1066,1.4030245542526245,0.3659166991710663,15.330338478088379,41.04206085205078,278.94287109375,33.6905632019043,22.01347541809082,8.05006217956543,-2.8393406867980957,-0.5542335510253906,0.12265680730342865,33.664344787597656,22.06788444519043,8.071579933166504
1067,0.9717743396759033,0.3713357448577881,11.928351402282715,30.193883895874023,249.6529083251953,23.528762817382812,18.00555992126465,5.819593906402588,-0.01827070489525795,-2.0198588371276855,0.2695554196834564,23.59438705444336,17.941816329956055,5.829563617706299
1068,0.8651207089424133,0.5299972295761108,4.451885223388672,14.934041023254395,90.46295166015625,11.265047073364258,9.448372840881348,2.6177384853363037,0.8090050220489502,0.3516915440559387,-0.0019120852230116725,11.267301559448242,9.468161582946777,2.625039577484131
1069,0.7338839173316956,0.5707391500473022,4.8682026863098145,14.813440322875977,91.79777526855469,13.124677658081055,6.485438346862793,2.2627243995666504,0.3936915099620819,-0.2734370827674866,-0.0036690249107778072,13.155365943908691,6.497745990753174,2.2690329551696777
1070,0.6640962362289429,0.5506991147994995,5.384730339050293,22.945953369140625,252.64703369140625,16.37169075012207,15.223423957824707,5.170291900634766,-0.11615119874477386,-1.1830757856369019,0.2062780261039734,16.41694450378418,15.219719886779785,5.180585861206055
1071,0.8496057987213135,0.46350112557411194,12.218087196350098,41.51270294189453,302.2697448730469,33.74258804321289,22.854267120361328,7.900938987731934,1.6921647787094116,1.411359429359436,-0.829273521900177,33.794132232666016,22.87427520751953,7.879215240478516
1072,0.7858306169509888,0.545516848564148,2.8259201049804688,8.80827808380127,63.69764709472656,7.566614627838135,4.208551406860352,1.6187063455581665,-0.10551948845386505,-0.20016901195049286,0.018829885870218277,7.586982727050781,4.215514183044434,1.6231117248535156
1073,0.7777275443077087,0.5424219369888306,7.670673370361328,33.93942642211914,282.75146484375,21.713607788085938,25.36176872253418,6.0979156494140625,-2.408843994140625,-2.695002317428589,0.6176925897598267,21.639772415161133,25.28851890563965,6.08347225189209
1074,0.7086553573608398,0.5315730571746826,5.063771724700928,23.586124420166016,281.31231689453125,14.992502212524414,17.689815521240234,4.312857151031494,0.1706981211900711,-1.6213454008102417,0.5881333351135254,15.033347129821777,17.664493560791016,4.284486293792725
1075,0.8021737933158875,0.5440981984138489,7.050302505493164,33.710243225097656,302.92779541015625,25.612407684326172,21.266817092895508,5.30165958404541,2.6262786388397217,-0.25935909152030945,0.6659702658653259,25.548471450805664,21.324554443359375,5.274336814880371
1076,0.8427255749702454,0.4673830270767212,11.15396499633789,36.96092987060547,281.1277160644531,23.988544464111328,27.26097869873047,6.891957759857178,0.11823420971632004,-4.216320991516113,0.9027199745178223,24.055164337158203,27.008071899414062,6.8516411781311035
1077,0.7765561938285828,0.5329751372337341,11.288832664489746,40.25600051879883,273.48779296875,26.159343719482422,29.45669937133789,8.278714179992676,-3.674985885620117,-2.832022190093994,0.05028707906603813,25.972166061401367,29.40203094482422,8.301653861999512
1078,0.9268083572387695,0.4154648780822754,22.593353271484375,56.10788345336914,313.2220153808594,38.97986602783203,38.84834671020508,10.930267333984375,-4.846947193145752,-5.7658610343933105,0.8723493814468384,38.78523254394531,38.52524185180664,10.925792694091797
1079,0.7968934774398804,0.5091036558151245,17.427873611450195,39.63985061645508,250.24546813964844,28.269357681274414,26.074058532714844,9.607531547546387,-2.32232666015625,-2.7047648429870605,0.6819443106651306,28.252395629882812,26.00572967529297,9.610031127929688
1080,0.7049302458763123,0.5140349864959717,16.888408660888672,45.55074691772461,261.4959716796875,26.876710891723633,35.867496490478516,8.12625503540039,-1.8132656812667847,-3.5203211307525635,0.06923597306013107,26.89027214050293,35.793888092041016,8.148627281188965
1081,0.9374805688858032,0.5447449088096619,18.027019500732422,54.18641662597656,275.608154296875,20.479829788208008,47.60991287231445,15.812666893005371,-1.5701334476470947,-7.063209533691406,2.4463272094726562,20.476511001586914,47.21439743041992,15.66586685180664
1082,0.7556535005569458,0.5373343229293823,6.845521450042725,21.495285034179688,225.9842987060547,12.464469909667969,15.477972984313965,8.19247055053711,0.8555956482887268,-2.0542335510253906,-0.632024884223938,12.469756126403809,15.383840560913086,8.190838813781738
1083,0.8917989134788513,0.5328179001808167,12.314905166625977,36.46178436279297,245.7476043701172,17.83128547668457,30.477094650268555,9.091400146484375,-1.4210656881332397,-2.095323324203491,0.4842578172683716,17.82415008544922,30.48979377746582,9.103816986083984
1084,0.8066404461860657,0.5268681645393372,13.952384948730469,39.6663932800293,266.7099609375,20.517332077026367,32.02365493774414,11.267097473144531,2.11480450630188,-2.428037643432617,-0.19338150322437286,20.464975357055664,32.020545959472656,11.296860694885254
1085,0.7255765795707703,0.5206618309020996,6.623417377471924,15.702322959899902,91.19990539550781,10.678295135498047,9.032498359680176,7.137994289398193,0.07543771713972092,0.3499799072742462,-0.8352745175361633,10.707813262939453,9.050891876220703,7.108728885650635
1086,0.7332251071929932,0.522006094455719,10.277628898620605,29.083763122558594,227.73468017578125,12.930489540100098,24.438602447509766,9.023435592651367,1.103502631187439,-3.150963068008423,0.5202786326408386,12.919252395629883,24.302217483520508,9.033551216125488
1087,0.8240528702735901,0.5103167295455933,11.172913551330566,35.59568405151367,255.33905029296875,15.842764854431152,31.109874725341797,6.945162773132324,2.8128662109375,-1.2931114435195923,-0.21342647075653076,15.634544372558594,31.16969108581543,6.961246013641357
1088,0.7830122709274292,0.516287088394165,8.289968490600586,24.94272804260254,222.97911071777344,13.872708320617676,19.823352813720703,6.059891223907471,0.8825516700744629,-1.435760498046875,0.7178322672843933,13.883225440979004,19.826440811157227,6.0340094566345215
1089,0.7788998484611511,0.5651535987854004,7.54280948638916,18.66459846496582,93.52861785888672,11.885407447814941,11.81884479522705,8.210920333862305,1.318013072013855,-2.8301303386688232,0.708341121673584,11.845050811767578,11.507001876831055,8.203128814697266
1090,0.81790691614151,0.5406681299209595,8.156209945678711,19.874448776245117,132.37066650390625,10.61139965057373,15.076642990112305,7.4220428466796875,-1.010102391242981,0.8295605182647705,0.5123700499534607,10.592679977416992,15.095793724060059,7.424990177154541
1091,0.706863522529602,0.5660139322280884,9.137141227722168,32.91703796386719,239.8404998779297,11.115276336669922,29.3325138092041,9.979260444641113,0.4677085280418396,-3.486555337905884,0.007717514410614967,11.136409759521484,29.2058048248291,10.007094383239746
1092,0.72628253698349,0.5736179351806641,6.2537994384765625,20.0762882232666,199.3341064453125,14.670334815979004,12.63360595703125,5.3132476806640625,-0.3792169392108917,0.22813166677951813,0.019368765875697136,14.706341743469238,12.666780471801758,5.328032970428467
1093,0.6990645527839661,0.5687157511711121,10.116403579711914,31.934814453125,219.88392639160156,22.20526695251465,20.901710510253906,9.480352401733398,1.4305992126464844,-0.9147817492485046,-0.872425377368927,22.220945358276367,20.939931869506836,9.46645736694336
1094,0.7325266599655151,0.559235692024231,3.908062219619751,11.156476020812988,88.27367401123047,9.29549503326416,5.778027534484863,2.1622068881988525,0.1502702683210373,0.5463222861289978,-0.30560439825057983,9.320204734802246,5.768186092376709,2.1464715003967285
1095,0.7285489439964294,0.5561983585357666,4.8215789794921875,13.58346176147461,88.36485290527344,11.687711715698242,6.677022933959961,1.8235149383544922,1.5721138715744019,0.6597704887390137,-0.2975251078605652,11.613801956176758,6.662879943847656,1.804097294807434
1096,0.7542574405670166,0.5575599074363708,7.023869037628174,26.93514633178711,228.90817260742188,17.136369705200195,17.940284729003906,10.487759590148926,2.3874828815460205,-1.4737390279769897,0.4806879460811615,17.016572952270508,17.929523468017578,10.505963325500488
1097,0.7181396484375,0.5767484307289124,10.882076263427734,35.829261779785156,261.4624328613281,22.064794540405273,26.649940490722656,9.309215545654297,-2.3028907775878906,-2.698103189468384,1.2970030307769775,22.00550079345703,26.586965560913086,9.244134902954102
1098,0.6922354698181152,0.5746376514434814,8.477651596069336,30.52317237854004,223.6714630126953,16.971256256103516,22.623458862304688,11.481269836425781,-1.3582342863082886,-2.9899210929870605,0.8181325197219849,16.964006423950195,22.487565994262695,11.484026908874512
1099,0.6567733287811279,0.581387996673584,4.262135028839111,19.13983917236328,196.5928955078125,15.776041030883789,4.523197650909424,9.848383903503418,1.7550554275512695,-0.41723090410232544,0.21649424731731415,15.721845626831055,4.516476631164551,9.873468399047852
1100,0.7703179717063904,0.5628669857978821,9.461390495300293,35.59879684448242,228.60292053222656,8.41340446472168,31.690860748291016,13.862845420837402,0.11236348003149033,-4.256613731384277,1.3730709552764893,8.436120986938477,31.49128532409668,13.83315658569336
1101,0.7179256677627563,0.5970231890678406,4.387458801269531,13.047553062438965,85.09601593017578,9.085103034973145,9.124298095703125,2.108719825744629,0.49455973505973816,0.7083171606063843,0.04199260100722313,9.096936225891113,9.122138023376465,2.114182710647583
1102,0.6661257743835449,0.587398886680603,6.328244686126709,28.809389114379883,264.3175354003906,10.57166576385498,25.276948928833008,8.90487003326416,-0.1742314249277115,-3.296527147293091,0.7958245277404785,10.599714279174805,25.130970001220703,8.893977165222168
1103,0.745530366897583,0.5570732355117798,7.813937187194824,28.018747329711914,246.22987365722656,8.239938735961914,25.183677673339844,9.10692024230957,-1.0111804008483887,-1.1230199337005615,0.4237634539604187,8.200469017028809,25.228803634643555,9.122430801391602
1104,0.7132081389427185,0.561186671257019,9.392255783081055,37.79750061035156,263.62091064453125,10.575029373168945,33.904239654541016,12.935311317443848,-0.9569520950317383,-4.990872859954834,1.673150658607483,10.561019897460938,33.6284294128418,12.862425804138184
1105,0.7374652028083801,0.5440281629562378,4.189135551452637,15.1708345413208,139.4034423828125,4.092050552368164,14.022869110107422,4.094932556152344,-0.0357135571539402,-0.7347361445426941,0.14407381415367126,4.103308200836182,14.042667388916016,4.1038126945495605
1106,0.7424615621566772,0.546715497970581,6.158071517944336,27.23869514465332,246.47052001953125,20.456279754638672,17.322139739990234,4.840515613555908,-2.8955492973327637,-1.6294571161270142,0.31947246193885803,20.306798934936523,17.293434143066406,4.8434343338012695
1107,0.6517305970191956,0.602489173412323,4.42018461227417,22.17755889892578,266.282470703125,3.5405728816986084,19.43655776977539,10.076144218444824,-0.3394440710544586,-0.7536109089851379,1.014369249343872,3.5340940952301025,19.476118087768555,10.052919387817383
1108,0.6927987933158875,0.5727992653846741,6.9120659828186035,20.731220245361328,158.80897521972656,16.729116439819336,10.320927619934082,6.587761402130127,1.6301440000534058,-1.305997610092163,-0.6670233607292175,16.695945739746094,10.266522407531738,6.572187423706055
1109,0.6348702907562256,0.5809135437011719,7.020633220672607,27.240007400512695,234.05320739746094,9.465644836425781,24.11768913269043,8.411693572998047,-1.1033806800842285,-1.7274820804595947,0.18609531223773956,9.427340507507324,24.122844696044922,8.43309211730957
1110,0.6817662715911865,0.5656737685203552,8.02860164642334,29.44707489013672,212.9539031982422,19.822900772094727,20.522993087768555,7.279401779174805,0.5155091285705566,-1.100771427154541,-0.016270490363240242,19.871469497680664,20.550613403320312,7.299688816070557
1111,0.6716565489768982,0.6216228604316711,5.656119346618652,23.410268783569336,236.35963439941406,10.703876495361328,19.541921615600586,7.181991100311279,-0.906642496585846,-0.29150933027267456,0.12421301007270813,10.695160865783691,19.59425163269043,7.2009477615356445
1112,0.693376362323761,0.5566765069961548,8.148056983947754,31.6177978515625,229.3202362060547,7.710463523864746,29.73325538635254,7.49449348449707,-1.0824459791183472,-2.8778388500213623,0.803612470626831,7.655399322509766,29.67620849609375,7.472068786621094
1113,0.7581897377967834,0.5726730227470398,5.697464942932129,28.2775821685791,272.5753479003906,7.9523749351501465,25.72732925415039,8.630523681640625,-0.7489963173866272,-1.2941535711288452,0.6090856194496155,7.939108848571777,25.766429901123047,8.633018493652344
1114,0.7002718448638916,0.5715949535369873,7.603346347808838,30.359516143798828,258.607177734375,9.942757606506348,27.667436599731445,7.57329797744751,-1.4519585371017456,-2.6771204471588135,0.6378093361854553,9.863608360290527,27.614425659179688,7.567442417144775
1115,0.6550372838973999,0.562831699848175,5.467757225036621,18.043664932250977,190.44171142578125,6.409722805023193,16.59484100341797,3.0167152881622314,-0.10284034162759781,-0.7615843415260315,-0.40243178606033325,6.426774978637695,16.623598098754883,2.99809193611145
1116,0.5937495827674866,0.5800790190696716,6.360083103179932,24.132986068725586,221.8601531982422,16.039505004882812,16.05232048034668,8.213299751281738,0.8203403353691101,-1.2925184965133667,0.3583683669567108,16.063194274902344,16.044830322265625,8.228365898132324
1117,0.7132802605628967,0.5748798251152039,6.889068126678467,27.780818939208984,217.1300506591797,15.948262214660645,21.94080352783203,6.0023345947265625,-1.3376320600509644,-0.5918973684310913,-0.2197863757610321,15.936396598815918,21.99399757385254,6.015041351318359
1118,0.6782569885253906,0.5613405704498291,7.726046085357666,29.059350967407227,221.03538513183594,18.58636474609375,21.24917221069336,6.889536380767822,-1.101716160774231,-0.03948404639959335,-0.15633134543895721,18.605436325073242,21.30840492248535,6.906975269317627
1119,0.561745285987854,0.5777344703674316,6.784704685211182,26.10845184326172,271.2957458496094,21.40462875366211,14.054163932800293,5.096426486968994,-2.5191147327423096,-0.24301397800445557,-0.023277293890714645,21.31516456604004,14.091259956359863,5.110589504241943
1120,0.608564555644989,0.5870406627655029,8.248749732971191,29.00252342224121,216.1488037109375,7.978490352630615,26.366262435913086,9.072505950927734,-0.9049997925758362,-3.105149745941162,0.8917762041091919,7.949108123779297,26.25581169128418,9.053754806518555
1121,0.6745755076408386,0.5628570914268494,8.062088012695312,25.365556716918945,194.87457275390625,9.747840881347656,21.922435760498047,8.233945846557617,-0.37667134404182434,-0.4923933446407318,0.12535394728183746,9.767730712890625,21.978038787841797,8.255956649780273
1122,0.5763985514640808,0.5712028741836548,8.475421905517578,30.394105911254883,229.6182098388672,13.032925605773926,26.107440948486328,8.505651473999023,-2.6787712574005127,-2.6597201824188232,0.2320639193058014,12.790237426757812,26.044052124023438,8.526202201843262
1123,0.6355711221694946,0.5582004189491272,9.3277006149292,33.568870544433594,206.5425262451172,19.566802978515625,26.231372833251953,7.47825813293457,-0.9077085852622986,-1.2448489665985107,-0.7243485450744629,19.600257873535156,26.274904251098633,7.463856220245361
1124,0.6622527837753296,0.5537089705467224,4.575479984283447,19.64954948425293,221.90675354003906,7.948375701904297,17.625715255737305,3.50174880027771,0.3149643540382385,-1.21786630153656,0.22472816705703735,7.964286804199219,17.632638931274414,3.5042779445648193
1125,0.6637070178985596,0.5722832679748535,4.535651683807373,13.626555442810059,70.66625213623047,9.74293327331543,8.753657341003418,3.759220600128174,-1.4723201990127563,0.055226899683475494,0.006823836825788021,9.657909393310547,8.777900695800781,3.769700050354004
1126,0.6857447624206543,0.5730584859848022,4.999152660369873,22.209558486938477,262.2749938964844,7.460845947265625,18.811742782592773,9.149788856506348,-0.5498552918434143,-0.7903502583503723,-0.07744618505239487,7.461311340332031,18.847562789916992,9.174983024597168
1127,0.6643680930137634,0.5570230484008789,4.802703380584717,22.274194717407227,251.17294311523438,20.43788719177246,8.637738227844238,1.9549885988235474,-1.079859733581543,-0.22192859649658203,-0.17152981460094452,20.46626853942871,8.658973693847656,1.9528813362121582
1128,0.6679351329803467,0.5478760004043579,5.2704925537109375,20.380741119384766,236.06394958496094,6.621849060058594,18.234840393066406,6.246304035186768,0.29049602150917053,-0.8186322450637817,-0.076040118932724,6.633926868438721,18.267269134521484,6.26326322555542
1129,0.5736453533172607,0.5634891986846924,5.393477916717529,20.963773727416992,233.73104858398438,11.9409818649292,16.34510612487793,5.452551364898682,-0.052285533398389816,0.5431123375892639,-0.31884682178497314,11.974175453186035,16.38164520263672,5.458404064178467
1130,0.6466681957244873,0.5495675802230835,5.223944187164307,19.871238708496094,185.47483825683594,14.280294418334961,11.896268844604492,7.029800891876221,0.28540199995040894,-1.6374595165252686,0.45943138003349304,14.317266464233398,11.815902709960938,7.034337997436523
1131,0.6230826377868652,0.5573729276657104,3.819322347640991,9.858954429626465,74.34278869628906,7.323485851287842,6.254353046417236,2.1091737747192383,-0.8652411103248596,-1.1129602193832397,0.12699510157108307,7.292479038238525,6.171698570251465,2.111219644546509
1132,0.6227080821990967,0.5865579843521118,4.913125514984131,20.630918502807617,239.18084716796875,9.653105735778809,17.525800704956055,5.02977991104126,0.7385026216506958,-0.6654025316238403,0.06757503002882004,9.651662826538086,17.562015533447266,5.043355464935303
1133,0.6235708594322205,0.5765398740768433,5.63096809387207,19.354957580566406,197.46597290039062,9.224923133850098,16.460651397705078,4.308380126953125,0.256083607673645,-0.9485701322555542,0.1931743174791336,9.247090339660645,16.47913932800293,4.3160529136657715
1134,0.6127654314041138,0.5804193019866943,4.489062786102295,19.89116668701172,234.10594177246094,16.047229766845703,11.329975128173828,3.126758098602295,-0.5620248913764954,0.7167797684669495,0.1686837375164032,16.08211898803711,11.33881950378418,3.1309139728546143
1135,0.6779217720031738,0.5692567229270935,12.348356246948242,39.45774459838867,240.58558654785156,18.894123077392578,33.03512954711914,10.421429634094238,1.9957455396652222,-3.537260055541992,0.6285101175308228,18.84083366394043,32.93682098388672,10.431476593017578
1136,0.6045012474060059,0.5720008015632629,8.098859786987305,29.310020446777344,250.14663696289062,11.958884239196777,25.06917953491211,9.359406471252441,1.7874081134796143,-2.235171318054199,0.8038815259933472,11.857537269592285,25.038986206054688,9.350831031799316
1137,0.6913800835609436,0.5745261907577515,4.839083194732666,23.638931274414062,237.226806640625,9.15831470489502,20.40174102783203,7.661152362823486,1.2758545875549316,-2.3493568897247314,0.3827067017555237,9.094305038452148,20.322553634643555,7.6729302406311035
1138,0.7298606038093567,0.5482162237167358,9.525842666625977,32.76866912841797,232.41783142089844,26.060014724731445,18.04636573791504,8.30603313446045,-0.0914885625243187,0.4964788854122162,-0.36760076880455017,26.132543563842773,18.089853286743164,8.321040153503418
1139,0.6864533424377441,0.5429807305335999,6.602329730987549,27.43924331665039,237.0079345703125,9.395553588867188,24.20640754699707,8.8704833984375,1.4372581243515015,-1.0149086713790894,0.27955007553100586,9.310871124267578,24.25258445739746,8.89080810546875
1140,0.6172542572021484,0.5782925486564636,4.00014066696167,14.98513126373291,169.74026489257812,6.914414882659912,11.199763298034668,7.163122653961182,0.9754497408866882,-0.6918182373046875,0.08198785036802292,6.8643574714660645,11.209556579589844,7.182631969451904
1141,0.6855708360671997,0.5960094928741455,5.166077613830566,21.4503231048584,245.87046813964844,19.88397979736328,7.5007219314575195,2.9125261306762695,2.300689458847046,-0.5011467933654785,-0.18910929560661316,19.80552101135254,7.504837512969971,2.914487361907959
1142,0.7093870639801025,0.5728764533996582,8.190567970275879,31.748422622680664,218.07427978515625,18.869447708129883,25.06024932861328,4.887770175933838,0.5359023213386536,-0.6602620482444763,0.22842322289943695,18.91444969177246,25.121429443359375,4.8960490226745605
1143,0.7159421443939209,0.5366238951683044,8.39600658416748,29.52410316467285,204.7503204345703,15.656100273132324,23.931013107299805,7.3393330574035645,1.5427892208099365,0.4778738021850586,0.30030444264411926,15.623355865478516,23.992982864379883,7.353641510009766
1144,0.6600961685180664,0.5575199723243713,8.413749694824219,36.0924186706543,255.56936645507812,9.76263427734375,33.216278076171875,10.199636459350586,0.21128718554973602,-5.176427841186523,1.328049898147583,9.787572860717773,32.901973724365234,10.141016006469727
1145,0.6782954335212708,0.5666507482528687,4.339254379272461,18.81460189819336,209.02703857421875,9.388731956481934,15.991120338439941,3.181983232498169,-0.11965205520391464,0.8645172119140625,-0.3252110779285431,9.414155960083008,16.01227569580078,3.174149990081787
1146,0.6486163139343262,0.529158353805542,7.637228012084961,30.31353759765625,234.80348205566406,15.586310386657715,24.79875946044922,7.810182571411133,0.5060113072395325,-1.7985349893569946,0.5810770988464355,15.621548652648926,24.802446365356445,7.810262203216553
1147,0.7170909643173218,0.6004723310470581,4.054994583129883,16.481094360351562,178.44400024414062,6.56107234954834,14.772454261779785,3.2176711559295654,0.22645536065101624,-0.8885655999183655,-0.29751014709472656,6.575453758239746,14.786836624145508,3.2128243446350098
1148,0.7315787672996521,0.52974534034729,10.656978607177734,41.24140167236328,285.6224060058594,20.354995727539062,34.164154052734375,10.92418384552002,0.5485920310020447,-1.0934289693832397,1.1626653671264648,20.404361724853516,34.24190139770508,10.892435073852539
1149,0.6879675984382629,0.5488153100013733,4.699984073638916,22.352310180664062,239.43276977539062,17.047353744506836,13.94888973236084,3.800265073776245,1.0353572368621826,-1.5314304828643799,0.22711771726608276,17.06334686279297,13.903241157531738,3.804053544998169
1150,0.7605838179588318,0.5282665491104126,5.893033504486084,20.178958892822266,203.85337829589844,8.188633918762207,17.20747947692871,6.6362104415893555,-0.2523841857910156,0.8064295649528503,-0.17420318722724915,8.207573890686035,17.23651695251465,6.652428150177002
1151,0.6858737468719482,0.5820218920707703,6.541049480438232,32.35209274291992,263.0939025878906,15.200425148010254,26.743425369262695,10.019695281982422,1.765237808227539,-3.916534423828125,0.95394366979599,15.139693260192871,26.528881072998047,10.00200366973877
1152,0.7750786542892456,0.5369841456413269,2.4028337001800537,8.550477027893066,69.86412048339844,5.840912342071533,5.814225673675537,2.277977466583252,0.17566131055355072,0.7539059519767761,-0.3318009376525879,5.854555606842041,5.781221389770508,2.25996994972229
1153,0.8043685555458069,0.547313392162323,3.9570505619049072,17.24102210998535,190.31419372558594,6.663813591003418,14.928055763244629,5.477184772491455,-0.11475715786218643,-0.6080694794654846,-0.227316752076149,6.681410312652588,14.957273483276367,5.487730979919434
1154,0.7707866430282593,0.5334041714668274,4.4722900390625,18.99309730529785,214.6931915283203,6.194131851196289,15.839920997619629,8.45383358001709,-0.09318114817142487,-1.1702356338500977,0.56182461977005,6.21070671081543,15.840697288513184,8.458672523498535
1155,0.8471720218658447,0.5371546745300293,5.149204730987549,25.216705322265625,239.90953063964844,5.3651814460754395,23.095922470092773,8.58343505859375,0.23955729603767395,-1.7351210117340088,0.7452379465103149,5.374781608581543,23.094894409179688,8.574874877929688
1156,0.7133500576019287,0.5117676258087158,2.5932888984680176,13.151679992675781,162.19772338867188,11.51171588897705,4.667788982391357,4.319582939147949,0.7114542722702026,-0.019315587356686592,0.5043718218803406,11.521759033203125,4.680768966674805,4.302002429962158
1157,0.6981480717658997,0.5371447801589966,2.1615350246429443,8.845443725585938,98.28629302978516,5.257442951202393,6.514771461486816,2.8563859462738037,0.0075514055788517,0.11105122417211533,-0.14742113649845123,5.272102355957031,6.531994342803955,2.8605358600616455
1158,0.8067737817764282,0.5725147724151611,2.50869083404541,17.21198081970215,228.07186889648438,3.392807722091675,15.129050254821777,7.473487377166748,0.19030770659446716,-1.274339199066162,0.7312716245651245,3.3969151973724365,15.117337226867676,7.458372116088867
1159,0.8199847936630249,0.5450713634490967,3.0435242652893066,10.291166305541992,78.70057678222656,7.180616855621338,6.961721897125244,2.4251322746276855,0.3467918932437897,-0.14449328184127808,0.10488802939653397,7.192244052886963,6.9796366691589355,2.429621458053589
1160,0.8313539624214172,0.5342559218406677,2.2793524265289307,8.655607223510742,83.72647857666016,5.950524806976318,6.040278434753418,1.739487648010254,-0.14950473606586456,-0.7421968579292297,0.13984456658363342,5.965240478515625,6.011227607727051,1.7386935949325562
1161,0.7674204111099243,0.522576093673706,4.5908427238464355,23.135778427124023,276.5623474121094,19.076698303222656,12.07227897644043,5.060027122497559,1.4584248065948486,-0.2319650948047638,0.2691315710544586,19.073925018310547,12.103718757629395,5.066958904266357
1162,0.7689803838729858,0.5445850491523743,2.5836005210876465,10.50683879852295,113.28422546386719,8.246919631958008,6.322207927703857,1.5529587268829346,-0.559476912021637,0.14129114151000977,-0.1525450050830841,8.250869750976562,6.338259696960449,1.5497592687606812
1163,0.7656901478767395,0.5562976598739624,3.121938467025757,15.235369682312012,176.7187957763672,3.816840410232544,14.146347045898438,4.174818515777588,0.048155490309000015,-1.4615533351898193,0.14571304619312286,3.8271822929382324,14.109892845153809,4.18391227722168
1164,0.6809824705123901,0.5069683790206909,3.858720064163208,20.457996368408203,209.36183166503906,13.528894424438477,14.23878002166748,5.723259925842285,0.08197276294231415,1.2627242803573608,-0.6088407635688782,13.566383361816406,14.222240447998047,5.706657886505127
1165,0.697817325592041,0.5359745621681213,4.454951286315918,21.30956268310547,211.1349639892578,13.786040306091309,15.455582618713379,5.016717433929443,-0.9474763870239258,-0.5354028344154358,0.40552276372909546,13.7918062210083,15.48939323425293,5.014248371124268
1166,0.689367413520813,0.5438430309295654,3.519688367843628,16.39777183532715,173.04074096679688,8.529267311096191,13.554506301879883,3.5233376026153564,0.4633766710758209,-1.1335194110870361,0.18548215925693512,8.540427207946777,13.544702529907227,3.528266429901123
1167,0.7158246040344238,0.5629264116287231,2.6609575748443604,10.05126953125,71.27249908447266,6.951299667358398,5.1127777099609375,5.154312610626221,-0.3026078939437866,-0.0732879564166069,-0.06841558963060379,6.964081764221191,5.12651252746582,5.168234348297119
1168,0.6292315721511841,0.577765703201294,1.564350962638855,5.732348918914795,57.68175506591797,3.6609127521514893,3.81315279006958,2.217524290084839,-0.2461070716381073,-0.08474133908748627,0.04872331768274307,3.6628193855285645,3.8228447437286377,2.223172903060913
1169,0.8132864236831665,0.5390943288803101,3.521656036376953,15.416544914245605,178.96376037597656,7.03203821182251,13.354896545410156,3.1411819458007812,0.15717414021492004,-0.986121416091919,0.05024833232164383,7.049891948699951,13.355588912963867,3.149541139602661
1170,0.7451467514038086,0.5477762818336487,6.028292179107666,27.793298721313477,258.1163330078125,9.406879425048828,24.19489288330078,9.929008483886719,-0.8220430612564087,-2.1624197959899902,0.7994616627693176,9.397031784057617,24.165285110473633,9.924376487731934
1171,0.7931427359580994,0.530676007270813,1.2252581119537354,3.5225610733032227,34.889469146728516,2.960632085800171,1.7914780378341675,0.6585600972175598,-0.14874938130378723,-0.14165765047073364,-0.13422136008739471,2.9651408195495605,1.790850043296814,0.6465356349945068
1172,0.7917711734771729,0.5281110405921936,2.2522265911102295,17.719430923461914,236.55567932128906,2.7719030380249023,16.850605010986328,4.727776527404785,0.12269248068332672,-1.1150850057601929,0.30220508575439453,2.7769103050231934,16.860570907592773,4.731268882751465
1173,0.7970780730247498,0.5384474396705627,2.625270366668701,9.734550476074219,86.43134307861328,7.561952114105225,5.797266483306885,1.9925050735473633,-0.04798584058880806,-0.09633954614400864,-0.22180074453353882,7.582892894744873,5.812634468078613,1.985644817352295
1174,0.7597216367721558,0.5345597863197327,1.7963721752166748,8.404580116271973,96.69824981689453,7.756219387054443,2.2268292903900146,2.3493103981018066,-0.09970103949308395,0.3103191554546356,-0.23981058597564697,7.7772111892700195,2.211251735687256,2.343557596206665
1175,0.78139728307724,0.5543389916419983,2.3123714923858643,8.761563301086426,80.04607391357422,5.672123908996582,6.5125322341918945,1.4761155843734741,-0.18546415865421295,-0.20864561200141907,-0.20200106501579285,5.684903621673584,6.527346611022949,1.4663074016571045
1176,0.7514996528625488,0.5541589260101318,1.920803189277649,5.9854207038879395,58.387359619140625,2.548234462738037,5.274075031280518,1.2312180995941162,-0.14287030696868896,-0.12891916930675507,0.034766409546136856,2.5513229370117188,5.287206649780273,1.2341601848602295
1177,0.7862050533294678,0.5247201323509216,4.8002095222473145,22.831920623779297,217.33595275878906,5.68133544921875,21.523000717163086,5.07735538482666,-0.4891917109489441,-1.4382330179214478,0.3602639138698578,5.676024436950684,21.534793853759766,5.0786848068237305
1178,0.7284969687461853,0.5343473553657532,3.7083849906921387,15.987085342407227,173.12274169921875,7.383176326751709,13.315308570861816,4.876285076141357,0.26746734976768494,-1.4258615970611572,0.49061480164527893,7.398910999298096,13.27567195892334,4.865074157714844
1179,0.7853869199752808,0.5506379008293152,4.559274673461914,21.881502151489258,233.26905822753906,7.187465190887451,19.844898223876953,5.772403717041016,0.32309794425964355,-2.1423895359039307,0.44731056690216064,7.200227737426758,19.78394889831543,5.77109956741333
1180,0.8130066990852356,0.5439456105232239,3.7151477336883545,19.009624481201172,236.0636749267578,8.249420166015625,16.04181671142578,5.997746467590332,-0.7944885492324829,-1.2985159158706665,0.669417679309845,8.233977317810059,16.033777236938477,5.976897716522217
1181,0.9032845497131348,0.498027503490448,2.2566421031951904,7.241078853607178,71.76054382324219,5.72514533996582,3.8417232036590576,2.212938070297241,-0.644767165184021,0.3655377924442291,-0.3921140432357788,5.704590797424316,3.834960699081421,2.1839964389801025
1182,0.8070007562637329,0.5328987240791321,2.253913164138794,6.501429557800293,41.032344818115234,4.8884501457214355,3.935469150543213,1.6981533765792847,0.19498804211616516,-0.3017094135284424,0.15378600358963013,4.898184776306152,3.9348320960998535,1.6958928108215332
1183,0.8151390552520752,0.54427570104599,2.6496012210845947,11.99154281616211,145.88442993164062,4.513314723968506,10.851099967956543,2.383430004119873,-0.26113155484199524,-0.8678138852119446,0.2736494839191437,4.518321990966797,10.846512794494629,2.3742730617523193
1184,0.8496540188789368,0.5552974939346313,2.069814682006836,7.175302028656006,57.05024337768555,4.588712215423584,4.962343215942383,2.4091131687164307,0.4335854649543762,0.6091955304145813,-0.40949589014053345,4.580924034118652,4.938544750213623,2.3806777000427246
1185,0.8149302005767822,0.541000247001648,3.5233876705169678,15.238920211791992,146.9974822998047,6.175665855407715,13.644749641418457,2.811873435974121,0.2976227402687073,0.9543647766113281,-0.20784278213977814,6.185697078704834,13.649300575256348,2.8120033740997314
1186,0.8305314183235168,0.5107083916664124,3.015617847442627,11.003364562988281,114.50701904296875,7.417992115020752,7.616487503051758,2.834876537322998,-0.9677457213401794,0.3050612509250641,-0.14375844597816467,7.375110149383545,7.631603717803955,2.8391265869140625
1187,0.8505098819732666,0.5175151824951172,7.999547958374023,32.238548278808594,235.9571990966797,18.82185173034668,24.67731475830078,8.72307300567627,2.0277719497680664,-2.8223960399627686,0.7076391577720642,18.76449966430664,24.583763122558594,8.718575477600098
1188,0.8363147377967834,0.527557373046875,3.7273776531219482,14.644454002380371,141.96495056152344,8.837971687316895,9.849828720092773,6.271457195281982,0.3584214150905609,0.5192720890045166,-0.12032255530357361,8.85533332824707,9.863568305969238,6.2877936363220215
1189,0.8463006615638733,0.5193058252334595,2.7958099842071533,9.35053825378418,90.69861602783203,7.684360980987549,4.721020698547363,2.46882963180542,0.10879222303628922,-0.1310669630765915,-0.30907660722732544,7.705023765563965,4.732365131378174,2.4562387466430664
1190,0.8195892572402954,0.5225683450698853,4.134065628051758,21.60249137878418,252.5166778564453,14.437594413757324,14.48381519317627,6.960073947906494,-1.2988018989562988,0.5695247054100037,0.2723293900489807,14.419163703918457,14.512984275817871,6.974143981933594
1191,0.8661916255950928,0.5213703513145447,3.966524124145508,20.64992904663086,210.15194702148438,8.94421100616455,18.473369598388672,2.270505428314209,-0.8155817985534668,-1.9661105871200562,-0.1795162409543991,8.931793212890625,18.4196834564209,2.2697110176086426
1192,0.6994689702987671,0.5215396881103516,3.4626364707946777,16.454072952270508,197.40353393554688,6.223082065582275,14.85308837890625,3.3757264614105225,0.1559118777513504,-1.5759949684143066,0.3374098837375641,6.238481521606445,14.810437202453613,3.3681907653808594
1193,0.8185977935791016,0.5111707448959351,4.057232856750488,17.267362594604492,164.08116149902344,10.64051628112793,11.502472877502441,7.254951000213623,-1.34126615524292,-0.28926751017570496,0.596110463142395,10.585087776184082,11.53091049194336,7.250586986541748
1194,0.802723228931427,0.5384966135025024,3.4073498249053955,22.36427116394043,288.9350280761719,5.813158988952637,19.498130798339844,9.28388786315918,-0.03054894506931305,-1.3614206314086914,0.6401596069335938,5.829294681549072,19.504798889160156,9.287626266479492
1195,0.924429714679718,0.5110966563224792,1.833510398864746,5.001587867736816,37.75177764892578,2.4026901721954346,3.8033342361450195,2.1857752799987793,0.0379980206489563,0.14974208176136017,-0.08270452171564102,2.409090757369995,3.810986042022705,2.190302848815918
1196,0.9193623065948486,0.5046983957290649,5.083972454071045,23.027576446533203,204.88099670410156,15.611639976501465,14.75053596496582,8.304678916931152,-2.266636610031128,-0.8018699288368225,0.6661692261695862,15.48930549621582,14.769807815551758,8.301007270812988
1197,0.8573350310325623,0.5074337124824524,2.9636001586914062,13.132390022277832,140.1041259765625,10.348384857177734,6.991006374359131,4.061578750610352,-0.7969952821731567,-0.9022069573402405,0.2907751500606537,10.346428871154785,6.951883316040039,4.0624566078186035
1198,0.8104351758956909,0.47596514225006104,1.5012761354446411,5.565649509429932,69.0640640258789,3.877578020095825,3.8940911293029785,0.8814199566841125,0.030570730566978455,0.345436692237854,0.020357295870780945,3.888273000717163,3.8895583152770996,0.8836427927017212
1199,0.820112943649292,0.47244352102279663,4.072021007537842,16.629867553710938,166.27659606933594,9.251368522644043,12.190069198608398,6.5089874267578125,-1.0334982872009277,-1.349243402481079,0.6748228669166565,9.219103813171387,12.148963928222656,6.491970062255859
1200,0.9161593914031982,0.5009543299674988,3.813196897506714,17.730018615722656,176.5308837890625,6.228943824768066,16.203657150268555,3.6049039363861084,0.07810255885124207,-1.1154632568359375,0.18473482131958008,6.245828151702881,16.21030616760254,3.6102099418640137
1201,0.9263970851898193,0.47408995032310486,3.448961019515991,16.780126571655273,205.34243774414062,2.9016621112823486,15.98415756225586,4.2023491859436035,-0.36847373843193054,-0.9299331903457642,-0.06154298037290573,2.886199712753296,16.00159454345703,4.213619709014893
1202,0.8771195411682129,0.49211403727531433,3.5182318687438965,20.238645553588867,251.36679077148438,14.06745719909668,12.864972114562988,6.797200679779053,-1.7476894855499268,-1.3634239435195923,0.7441821694374084,13.997406959533691,12.828205108642578,6.775187015533447
1203,0.8568636178970337,0.542546272277832,1.9279958009719849,6.4311676025390625,48.60810089111328,3.4832277297973633,3.8917396068573,3.7525200843811035,-0.08286114037036896,0.15274903178215027,0.02087777480483055,3.491955041885376,3.899588108062744,3.7629292011260986
1204,0.8497021794319153,0.5123648047447205,3.7631070613861084,18.06624984741211,205.75860595703125,7.386335849761963,16.137096405029297,3.380171775817871,0.8021576404571533,-1.3961557149887085,0.21089036762714386,7.363131523132324,16.121429443359375,3.3829970359802246
1205,0.8631534576416016,0.5213477611541748,4.999164581298828,23.58756446838379,245.864990234375,6.680052280426025,21.12160873413086,8.101090431213379,-0.22706890106201172,-1.0824083089828491,0.4688674211502075,6.694814205169678,21.152694702148438,8.11007022857666
1206,0.8530656695365906,0.5416579842567444,5.12656307220459,16.948596954345703,115.82811737060547,12.75380802154541,10.142711639404297,4.660548210144043,-1.1293128728866577,0.6709667444229126,0.09069904685020447,12.73914623260498,10.148724555969238,4.67266321182251
1207,0.7737333178520203,0.49563997983932495,3.2556276321411133,15.38331413269043,168.47604370117188,11.031769752502441,9.010974884033203,5.8093671798706055,0.3527558743953705,0.5310457944869995,-0.3352017104625702,11.056884765625,9.020404815673828,5.815865993499756
1208,0.7735258936882019,0.5229982733726501,2.6663713455200195,10.506025314331055,110.41484069824219,7.541725158691406,5.832202434539795,4.414106369018555,0.6810625195503235,0.7454679608345032,0.2734695076942444,7.531862735748291,5.8004984855651855,4.417916297912598
1209,0.8628219962120056,0.5193835496902466,1.590088129043579,3.5922155380249023,30.653579711914062,2.058173894882202,2.730975866317749,1.0998649597167969,-0.1713872104883194,-0.048415377736091614,-0.03306502848863602,2.0567469596862793,2.7381632328033447,1.1024343967437744
1210,0.870541512966156,0.4989565312862396,2.1997108459472656,5.1535797119140625,40.04728317260742,2.8764901161193848,4.073164463043213,1.3017349243164062,-0.06286653876304626,0.4214940369129181,-0.05538931116461754,2.8838250637054443,4.062598705291748,1.3041837215423584
1211,0.8902007937431335,0.4950132966041565,3.764159679412842,14.924527168273926,114.09847259521484,5.735021591186523,11.694596290588379,7.28611421585083,0.8576334714889526,0.8902004957199097,0.07471875101327896,5.686349391937256,11.693192481994629,7.30605411529541
1212,0.7916130423545837,0.522685706615448,3.36000657081604,13.507436752319336,145.6430206298828,5.70249080657959,11.698153495788574,3.61741042137146,-0.6744836568832397,0.7674232721328735,-0.33661088347435,5.678256511688232,11.705513954162598,3.6117615699768066
1213,0.8583117127418518,0.5033568143844604,4.158353328704834,21.75285530090332,241.90611267089844,5.233370780944824,19.221162796020508,8.737588882446289,0.5851977467536926,-2.1765952110290527,0.9148386120796204,5.215055465698242,19.15079689025879,8.713802337646484
1214,0.791778564453125,0.5453904271125793,5.709792137145996,24.791034698486328,268.37908935546875,7.710090160369873,22.515613555908203,6.942407608032227,-0.08953255414962769,0.6733709573745728,-0.39456215500831604,7.731075286865234,22.56831932067871,6.950519561767578
1215,0.8853034377098083,0.5327211618423462,5.803516387939453,27.304948806762695,225.72264099121094,18.22209930419922,19.58376121520996,5.47645902633667,0.5930805206298828,0.4797573685646057,-0.1029297336935997,18.263246536254883,19.632495880126953,5.49076509475708
1216,0.8369420170783997,0.49962249398231506,5.287430286407471,22.257535934448242,207.533203125,12.944886207580566,17.686986923217773,3.8727564811706543,-1.5286777019500732,-2.438452959060669,0.3226565420627594,12.890162467956543,17.566957473754883,3.8700571060180664
1217,0.8333033919334412,0.48460492491722107,1.9379053115844727,3.8145956993103027,21.625202178955078,2.9381659030914307,2.2703237533569336,0.8740429878234863,-0.2971484065055847,-0.19544553756713867,-0.1060367301106453,2.9312548637390137,2.268204927444458,0.8700070381164551
1218,0.8375899195671082,0.5096637010574341,6.16247034072876,24.31844711303711,205.53549194335938,8.651886940002441,22.022602081298828,5.615756988525391,1.318126916885376,-1.3220363855361938,0.4708053171634674,8.574739456176758,22.04420280456543,5.611595630645752
1219,0.7695107460021973,0.5223382711410522,4.59990119934082,23.39763832092285,211.03033447265625,11.206223487854004,20.189382553100586,3.776097059249878,1.4073373079299927,-2.041288137435913,0.0694505050778389,11.148513793945312,20.141950607299805,3.785989284515381
1220,0.8304777145385742,0.5249411463737488,5.586767196655273,23.995471954345703,231.03866577148438,7.111454486846924,22.08456039428711,6.1222662925720215,-0.8570765256881714,-3.210519790649414,1.1169991493225098,7.079309940338135,21.910898208618164,6.036296844482422
1221,0.8888486623764038,0.5328654646873474,6.067620277404785,22.342138290405273,147.6058349609375,12.417540550231934,17.2357234954834,6.921383857727051,-0.4422687292098999,2.2473363876342773,-0.2632101774215698,12.444278717041016,17.13625144958496,6.935669898986816
1222,0.9121231436729431,0.5037899017333984,2.917095422744751,18.85988998413086,249.1457061767578,1.8127710819244385,16.916385650634766,8.13911247253418,-0.036025822162628174,-0.8730504512786865,0.485552579164505,1.8174686431884766,16.940967559814453,8.147278785705566
1223,0.8148595094680786,0.5340914130210876,4.301078796386719,23.730539321899414,262.6922302246094,6.854117393493652,21.826765060424805,6.304900169372559,-0.4576041102409363,-0.4944200813770294,0.17913678288459778,6.857901573181152,21.88203239440918,6.319934844970703
1224,0.8149768114089966,0.5385027527809143,2.8665995597839355,15.932937622070312,185.6497344970703,7.049717903137207,13.746809959411621,3.8968191146850586,0.39018869400024414,-1.2540156841278076,0.24867138266563416,7.0585455894470215,13.727679252624512,3.8997244834899902
1225,0.7889592051506042,0.54469233751297,3.3610405921936035,15.11352825164795,145.35232543945312,4.772639274597168,13.827756881713867,3.799184799194336,-0.022926924750208855,-1.7899820804595947,0.27776554226875305,4.7858967781066895,13.749658584594727,3.799586057662964
1226,0.8239327669143677,0.5438011884689331,3.0194621086120605,15.50013542175293,185.79835510253906,9.423542022705078,12.021825790405273,2.6318747997283936,1.3224782943725586,-1.0327540636062622,0.1531532108783722,9.356307983398438,12.010793685913086,2.6347439289093018
1227,0.8268195390701294,0.5057645440101624,2.7145838737487793,9.053229331970215,92.60182189941406,4.5019307136535645,7.419073581695557,2.5789384841918945,0.2269062101840973,-0.6491013169288635,0.12482193857431412,4.508750915527344,7.411239147186279,2.583101272583008
1228,0.8619919419288635,0.5269550085067749,3.7444567680358887,17.725553512573242,181.03314208984375,14.440695762634277,9.08452033996582,4.809680461883545,-0.2388867735862732,0.21350538730621338,-0.6466031670570374,14.478995323181152,9.107344627380371,4.779312610626221
1229,0.8197604417800903,0.5505537986755371,2.8687782287597656,11.79342269897461,105.99250030517578,5.942842483520508,9.855301856994629,2.576906442642212,-0.059721291065216064,-1.0109312534332275,0.21572187542915344,5.959118843078613,9.830659866333008,2.575023651123047
1230,0.8387011885643005,0.5189784169197083,4.220539569854736,20.966917037963867,204.5839385986328,15.551840782165527,13.132805824279785,5.0280537605285645,2.1295006275177,-1.427051305770874,0.3350133001804352,15.448328018188477,13.091456413269043,5.030875205993652
1231,0.8545379638671875,0.4824029803276062,5.16723108291626,24.09549903869629,199.2905731201172,12.41999626159668,19.434932708740234,6.972814559936523,0.2590235769748688,-2.671689033508301,0.8011139035224915,12.451931953430176,19.304119110107422,6.945962905883789
1232,0.8153136372566223,0.5197984576225281,4.977072715759277,19.001110076904297,168.32191467285156,10.979825019836426,15.149483680725098,3.3134193420410156,-0.16560311615467072,-1.9898878335952759,0.29261690378189087,11.009199142456055,15.060120582580566,3.3096795082092285
1233,0.8484529256820679,0.5173254609107971,3.026674509048462,16.412322998046875,198.6219940185547,7.920010566711426,13.328595161437988,5.383896350860596,-0.3241080939769745,-0.7859628796577454,0.4139659106731415,7.935449600219727,13.34251594543457,5.382931709289551
1234,0.9156785011291504,0.4782862365245819,6.142974376678467,28.138916015625,278.1344299316406,9.994573593139648,24.244821548461914,10.20273494720459,0.7158614993095398,-1.9027897119522095,0.5977456569671631,9.996711730957031,24.237459182739258,10.21362018585205
1235,0.8870989084243774,0.49265480041503906,4.2280473709106445,19.381244659423828,226.79946899414062,7.033694744110107,17.910785675048828,2.315932512283325,-0.03131534159183502,-1.4714173078536987,-0.042484767735004425,7.0532450675964355,17.900035858154297,2.3220016956329346
1236,0.8466641902923584,0.48194774985313416,3.1096432209014893,11.541080474853516,99.87285614013672,5.646210670471191,9.742802619934082,2.528764009475708,0.236039400100708,-1.0678209066390991,0.18152181804180145,5.657010555267334,9.711121559143066,2.529276132583618
1237,0.8879190683364868,0.5047128200531006,3.1322150230407715,9.907294273376465,101.78820037841797,3.9650440216064453,8.795334815979004,2.252776861190796,0.007202127482742071,0.08154597878456116,-0.2938975393772125,3.976097583770752,8.819488525390625,2.2397539615631104
1238,0.8896357417106628,0.5128282308578491,5.204051494598389,18.026466369628906,122.75511169433594,10.249226570129395,14.154158592224121,4.423417568206787,-0.24468831717967987,-0.734281599521637,0.11153609305620193,10.274887084960938,14.174528121948242,4.4343461990356445
1239,0.9087672233581543,0.4970704913139343,3.6793980598449707,16.685718536376953,180.4503936767578,11.18285083770752,11.671672821044922,4.138737678527832,0.5332245230674744,-1.1524347066879272,0.5243557691574097,11.201288223266602,11.647037506103516,4.116837978363037
1240,0.9772271513938904,0.4854221045970917,2.2529566287994385,9.372421264648438,114.73242950439453,8.451717376708984,3.0283775329589844,2.6906661987304688,0.6840793490409851,0.10760006308555603,-0.34702014923095703,8.44748592376709,3.034907579421997,2.6756372451782227
1241,0.9563301205635071,0.4540436267852783,5.493781566619873,21.168691635131836,209.15542602539062,5.734601020812988,19.35918426513672,6.360013961791992,-0.1266656219959259,-2.6080143451690674,0.479635626077652,5.749194145202637,19.236217498779297,6.359592914581299
1242,0.9769705533981323,0.5059314966201782,2.335057258605957,8.837665557861328,80.77775573730469,5.058258533477783,7.182989597320557,0.9607427716255188,-0.08963250368833542,-0.045279864221811295,-0.20528747141361237,5.0715718269348145,7.202882766723633,0.9411720633506775
1243,0.968905508518219,0.4831772744655609,1.5637527704238892,3.8825926780700684,41.62163162231445,1.8436990976333618,3.3348615169525146,0.7443122863769531,0.16968296468257904,0.3294817805290222,-0.07476422190666199,1.840995192527771,3.3278019428253174,0.7426135540008545
1244,1.008353352546692,0.47662830352783203,4.169451713562012,20.619773864746094,241.58802795410156,18.097179412841797,9.325318336486816,3.2719452381134033,-2.044783592224121,-0.8959985971450806,-0.09934920817613602,18.03144645690918,9.308065414428711,3.279559373855591
1245,0.9793925285339355,0.4787020683288574,2.1960811614990234,6.719876289367676,67.78714752197266,3.6423230171203613,5.151217460632324,2.31412672996521,0.043982040137052536,0.12697623670101166,0.19952312111854553,3.652216672897339,5.1640167236328125,2.3119404315948486
1246,0.9924484491348267,0.48591148853302,1.9162659645080566,6.204242706298828,71.1429672241211,2.272321939468384,4.595096111297607,3.4948925971984863,-0.09332269430160522,-0.34363099932670593,0.3771207332611084,2.276737928390503,4.595010757446289,3.484177589416504
1247,0.9746708273887634,0.48338234424591064,1.9844439029693604,9.612415313720703,110.18022918701172,6.705051898956299,5.029088020324707,4.706282615661621,-0.3952219784259796,-0.19453570246696472,0.3833470344543457,6.712064266204834,5.039342403411865,4.703728199005127
1248,0.9322107434272766,0.47940582036972046,3.899965286254883,20.306201934814453,199.59852600097656,12.243539810180664,14.624735832214355,6.9681220054626465,0.6432104706764221,-1.280571460723877,0.49637722969055176,12.260738372802734,14.609199523925781,6.969807147979736
1249,0.9786428213119507,0.499761164188385,3.4032793045043945,15.587645530700684,178.6361541748047,5.99440336227417,13.73169231414795,4.299124717712402,-0.7206953167915344,-0.6389836072921753,0.1304253488779068,5.967520713806152,13.75507926940918,4.309132099151611
1250,0.998742938041687,0.46912261843681335,1.8528116941452026,3.787132501602173,29.037479400634766,3.156838893890381,1.8487446308135986,0.9792267680168152,-0.08748722076416016,0.046715039759874344,-0.21609170734882355,3.1644287109375,1.8533095121383667,0.9577502012252808
1251,0.9644420742988586,0.468833863735199,4.744598865509033,23.569324493408203,226.16799926757812,13.670282363891602,18.914823532104492,3.296334981918335,1.0072863101959229,-1.039426326751709,-0.13496504724025726,13.671150207519531,18.93892478942871,3.302757740020752
1252,0.9658088684082031,0.5003131628036499,1.7635691165924072,3.804723024368286,34.23463821411133,3.4700586795806885,1.273600697517395,0.901416540145874,-0.02454700507223606,-0.012190384790301323,-0.1515868902206421,3.4796504974365234,1.277094841003418,0.8910578489303589
1253,0.9988915324211121,0.5076127648353577,1.518826961517334,3.3839404582977295,27.236711502075195,2.583301067352295,2.089219808578491,0.642471194267273,0.07275065779685974,0.11086006462574005,0.026213742792606354,2.589479446411133,2.0920958518981934,0.6437268257141113
1254,1.0368202924728394,0.4921206831932068,3.042464256286621,19.98381805419922,265.1111755371094,18.006526947021484,6.473870754241943,5.762539386749268,-1.3524863719940186,-0.34787917137145996,0.40506216883659363,18.005748748779297,6.482548713684082,5.764318943023682
1255,1.0284807682037354,0.4717487692832947,5.487603187561035,26.745532989501953,231.7478790283203,17.68204116821289,19.527090072631836,4.621872901916504,-1.970041275024414,-0.4672616720199585,0.3648402690887451,17.620967864990234,19.575950622558594,4.620302677154541
1256,0.9646787047386169,0.4897345304489136,1.9278266429901123,5.924405574798584,68.38414001464844,5.008786678314209,2.743908405303955,1.5753121376037598,-0.5814418196678162,0.2408408373594284,-0.06925489753484726,4.988801002502441,2.7409427165985107,1.5781790018081665
1257,0.9301036596298218,0.4700417220592499,1.5165605545043945,2.680612564086914,10.908799171447754,1.959844708442688,1.498141884803772,1.0489344596862793,-0.20421327650547028,0.07534458488225937,-0.024605199694633484,1.954613208770752,1.5004197359085083,1.051571011543274
1258,0.9444516897201538,0.4727726876735687,3.8291797637939453,16.567792892456055,145.6045684814453,12.416369438171387,9.073835372924805,6.163688659667969,-0.35769179463386536,-0.4919484257698059,0.5234234929084778,12.445836067199707,9.085762023925781,6.158554553985596
1259,0.9575544595718384,0.4726578891277313,2.8834643363952637,21.7402286529541,289.95416259765625,17.872528076171875,12.363160133361816,0.6020634174346924,-1.3059146404266357,0.8646985292434692,-0.007001524791121483,17.87447166442871,12.36728572845459,0.6037020087242126
1260,0.9457967877388,0.5007263422012329,3.404498338699341,14.456987380981445,140.40667724609375,12.733667373657227,6.57690954208374,1.8980134725570679,-1.2874314785003662,-0.1683415323495865,0.14789888262748718,12.703755378723145,6.593094348907471,1.8975204229354858
1261,1.0548280477523804,0.4757102429866791,6.705987930297852,30.403039932250977,268.759033203125,21.625198364257812,19.439552307128906,8.876908302307129,0.3108426034450531,-2.0093469619750977,0.7497808933258057,21.683279037475586,19.389358520507812,8.86985969543457
1262,1.0701780319213867,0.47324442863464355,1.8275138139724731,4.0043487548828125,38.39957046508789,3.24696683883667,2.2181169986724854,0.756284236907959,0.10766517370939255,-0.12331170588731766,-0.09206788241863251,3.2542333602905273,2.2208645343780518,0.7527531981468201
1263,0.9982583522796631,0.4717048108577728,1.5924931764602661,3.059936046600342,24.280941009521484,2.344369411468506,1.713337779045105,0.9652016758918762,-0.2541332244873047,0.24441014230251312,-0.011204889044165611,2.3370554447174072,1.7005459070205688,0.9678288102149963
1264,0.9688745141029358,0.47167152166366577,5.701423645019531,23.517677307128906,185.5191650390625,15.99038314819336,15.051495552062988,8.416728973388672,-1.090293288230896,-2.358569622039795,1.0409659147262573,15.997669219970703,14.907018661499023,8.375406265258789
1265,1.0918205976486206,0.47745373845100403,2.52321720123291,8.764181137084961,78.15998077392578,6.759096145629883,5.129576683044434,2.193840980529785,0.26243868470191956,0.05154777318239212,-0.12069395929574966,6.772838592529297,5.143625259399414,2.1966288089752197
1266,1.0302232503890991,0.4771273136138916,3.564610481262207,14.438508987426758,138.5904541015625,8.325322151184082,10.996862411499023,4.269491672515869,-1.1871223449707031,0.20459504425525665,-0.13194134831428528,8.263236045837402,11.025628089904785,4.279356002807617
1267,1.025145411491394,0.4503728449344635,4.238337993621826,14.973113059997559,112.37073516845703,11.353771209716797,9.13163948059082,3.4495186805725098,-1.2544431686401367,-1.0761520862579346,0.40933382511138916,11.315735816955566,9.093300819396973,3.4347000122070312
1268,1.0327961444854736,0.4625059962272644,2.4932668209075928,7.555689811706543,66.81138610839844,5.0973920822143555,3.1089987754821777,4.630245685577393,0.291635125875473,-0.14603601396083832,-0.2675514221191406,5.103238582611084,3.114229917526245,4.635403156280518
1269,0.9825670719146729,0.4621109068393707,2.9722375869750977,11.698471069335938,130.83741760253906,8.857390403747559,7.495450973510742,1.4896619319915771,0.6830798983573914,-0.3461483418941498,-0.14931677281856537,8.855644226074219,7.508338928222656,1.486293911933899
1270,1.066947340965271,0.4663304090499878,5.459048748016357,22.496665954589844,203.4284210205078,18.937744140625,9.848320960998535,7.104393482208252,-0.962826132774353,-1.0553845167160034,0.8426487445831299,18.96600914001465,9.818921089172363,7.073920726776123
1271,1.033320426940918,0.47390684485435486,2.0235164165496826,8.132343292236328,103.11699676513672,7.506979942321777,2.335460901260376,2.079871892929077,-0.5668646693229675,-0.04674963653087616,-0.3179479241371155,7.506428241729736,2.3415064811706543,2.061159372329712
1272,1.0713056325912476,0.4695484936237335,2.840303897857666,10.990504264831543,112.13550567626953,9.351205825805664,5.709142684936523,0.8670783042907715,-0.5320660471916199,-0.4711426794528961,0.021573437377810478,9.362098693847656,5.705540180206299,0.8692277073860168
1273,1.0729560852050781,0.46900972723960876,2.2191519737243652,8.656818389892578,108.54838562011719,6.334693431854248,4.956588268280029,3.2006847858428955,-0.8523045778274536,-0.2967831492424011,0.2789842486381531,6.2946038246154785,4.961496353149414,3.197396755218506
1274,1.104644536972046,0.4642939567565918,3.5904016494750977,21.54871940612793,275.59112548828125,10.6856107711792,18.58544158935547,2.178605556488037,-0.5597432851791382,-1.6814202070236206,0.17872969806194305,10.700706481933594,18.560855865478516,2.1773183345794678
1275,1.0482319593429565,0.4586680233478546,2.136582851409912,4.700310707092285,35.12322998046875,3.1675045490264893,2.5568583011627197,2.3499596118927,0.06994953751564026,-0.10787158459424973,-0.4732803404331207,3.175565481185913,2.5617074966430664,2.308227777481079
1276,0.9721518754959106,0.46277567744255066,3.5759317874908447,18.933040618896484,239.7538604736328,16.525646209716797,6.01381778717041,7.014063358306885,1.0912227630615234,-0.5735905766487122,0.41793328523635864,16.535573959350586,6.00309944152832,7.02113151550293
1277,1.110039472579956,0.4479556381702423,3.1039605140686035,14.730399131774902,166.88937377929688,13.574926376342773,4.614243507385254,3.3785767555236816,1.2898365259170532,0.4486212432384491,-0.5135801434516907,13.551204681396484,4.605193138122559,3.348628282546997
1278,1.0792851448059082,0.44556406140327454,4.080450534820557,14.385124206542969,117.48319244384766,10.832215309143066,9.313957214355469,1.6867467164993286,0.13181152939796448,-0.4373193681240082,-0.1394648551940918,10.861625671386719,9.329636573791504,1.6856601238250732
1279,1.102387547492981,0.44482290744781494,3.899573564529419,23.02665901184082,289.917724609375,18.001386642456055,13.982742309570312,3.26496958732605,1.1741416454315186,-0.8779764771461487,-0.13456758856773376,18.013158798217773,13.994077682495117,3.2712948322296143
1280,1.1092345714569092,0.44687363505363464,3.809014320373535,15.814894676208496,175.20730590820312,12.307905197143555,9.38062572479248,3.2603940963745117,-1.1997756958007812,1.0953283309936523,-0.44254016876220703,12.283456802368164,9.342445373535156,3.2392313480377197
1281,1.159253716468811,0.4430393576622009,4.729283809661865,26.741912841796875,279.4750671386719,17.792539596557617,18.244951248168945,8.104142189025879,-0.31410256028175354,-1.259111762046814,0.2524753510951996,17.83938980102539,18.252225875854492,8.122803688049316
1282,1.086575984954834,0.46681177616119385,2.474215507507324,8.141395568847656,86.13504791259766,6.126406669616699,4.938654899597168,2.0878608226776123,-0.8144821524620056,0.053999584168195724,0.1794932335615158,6.088961601257324,4.952134132385254,2.0859336853027344
1283,1.1432263851165771,0.4532380700111389,2.5089714527130127,10.620863914489746,136.2769775390625,8.879606246948242,4.244691848754883,3.992234945297241,-0.8067735433578491,-0.24118463695049286,0.2847650945186615,8.867546081542969,4.249655246734619,3.993173360824585
1284,1.1137471199035645,0.44510969519615173,2.013460397720337,4.3193559646606445,31.78752899169922,2.1543056964874268,3.534925937652588,1.2329237461090088,-0.24935641884803772,0.07467291504144669,-0.10580818355083466,2.145794630050659,3.5439953804016113,1.2318015098571777
1285,1.1273229122161865,0.45073044300079346,1.8469094038009644,4.935740947723389,48.99997329711914,3.88985276222229,2.7894132137298584,1.2040598392486572,-0.43864569067955017,0.36662498116493225,0.041751839220523834,3.8758223056793213,2.772928237915039,1.2066923379898071
1286,1.132264256477356,0.46015164256095886,2.461235761642456,8.786588668823242,92.2770767211914,4.803708553314209,7.096842288970947,1.9399334192276,-0.10103480517864227,0.6060019135475159,0.004069180693477392,4.816042423248291,7.090646266937256,1.9453403949737549
1287,1.1714599132537842,0.43909287452697754,3.389164924621582,20.017173767089844,252.5464630126953,8.73857593536377,17.21675682067871,5.282785415649414,-0.01929541677236557,-1.5103378295898438,0.41649702191352844,8.762929916381836,17.198219299316406,5.281031131744385
1288,1.1396602392196655,0.44775527715682983,1.465939998626709,2.4235854148864746,16.879756927490234,1.79452383518219,1.449296236038208,0.7436330318450928,-0.31395095586776733,-0.06069031357765198,-0.06271569430828094,1.7717761993408203,1.4520641565322876,0.7430505156517029
1289,1.0819497108459473,0.44957438111305237,2.044370651245117,6.1614251136779785,75.02193450927734,4.55905294418335,4.042985916137695,0.9123932123184204,0.05383658409118652,-0.37603744864463806,-0.01946295239031315,4.571451187133789,4.036688804626465,0.9147300124168396
1290,1.108581781387329,0.4526677429676056,2.9067437648773193,11.262642860412598,98.5816879272461,5.0423173904418945,8.019084930419922,6.092327117919922,-1.0242024660110474,0.9653714895248413,-0.12357231229543686,4.95097541809082,7.982970237731934,6.1080641746521
1291,1.122293472290039,0.4554763436317444,1.8290880918502808,3.353783369064331,28.364463806152344,1.8410357236862183,2.651118755340576,0.9110541343688965,-0.47887691855430603,-0.16246160864830017,0.03435198962688446,1.7826226949691772,2.653517484664917,0.9129457473754883
1292,1.1369165182113647,0.4314996600151062,3.322313070297241,19.730722427368164,261.06011962890625,2.7823939323425293,18.896455764770508,4.948091983795166,-0.40835097432136536,-1.4101917743682861,0.24476878345012665,2.7599427700042725,18.896326065063477,4.955819606781006
1293,1.160197138786316,0.4416801631450653,2.4886817932128906,9.209986686706543,100.3604507446289,6.553421497344971,6.408065319061279,0.9017918705940247,-0.3756137490272522,1.181531310081482,-0.06563475728034973,6.560898780822754,6.315764904022217,0.9019089937210083
1294,1.0811378955841064,0.4666895866394043,2.2508907318115234,4.6741437911987305,34.927223205566406,3.3526451587677,3.0236690044403076,1.2102960348129272,-0.8658938407897949,0.07077363133430481,-0.1204129233956337,3.247932195663452,3.0312726497650146,1.2076503038406372
1295,1.1185557842254639,0.46367573738098145,2.4947619438171387,7.317756175994873,80.76541137695312,5.128993034362793,4.956286907196045,1.6365224123001099,-1.009141445159912,-0.3622877299785614,0.1571512222290039,5.042764663696289,4.95681619644165,1.6335031986236572
1296,1.1328047513961792,0.4423285722732544,2.7199454307556152,10.513272285461426,112.3512191772461,6.982569694519043,7.403897762298584,2.637218713760376,0.05235859006643295,-0.29351988434791565,0.08849824219942093,7.001850605010986,7.418713092803955,2.6430859565734863
1297,1.0975091457366943,0.45714640617370605,2.3724663257598877,6.8736958503723145,62.74240493774414,3.137326717376709,5.367116928100586,2.9323933124542236,-0.6443235278129578,-0.21498633921146393,0.027004851028323174,3.0790152549743652,5.377768039703369,2.94044828414917
1298,1.1340036392211914,0.45413124561309814,2.119298219680786,4.617650508880615,35.47041320800781,2.4917774200439453,3.783276319503784,0.8947391510009766,-0.9492067098617554,0.16936753690242767,-0.2437480092048645,2.3103277683258057,3.7900259494781494,0.8632992506027222
1299,1.1688807010650635,0.44447171688079834,2.947321891784668,10.912702560424805,110.86878967285156,3.848017692565918,9.811019897460938,2.832620143890381,-0.38678982853889465,0.08437792956829071,-0.19596414268016815,3.8392086029052734,9.83802318572998,2.8337156772613525
1300,1.106380581855774,0.44863051176071167,2.337158679962158,4.079404830932617,25.683237075805664,3.0640318393707275,2.504103660583496,0.9913205504417419,-1.0538781881332397,-0.1384892463684082,-0.016318608075380325,2.885112762451172,2.5072453022003174,0.9939510226249695
1301,1.111384630203247,0.463484525680542,3.6968271732330322,16.90888214111328,198.1715850830078,15.756123542785645,2.879453182220459,5.418825149536133,-0.3335438370704651,0.07916921377182007,0.5230018496513367,15.79653263092041,2.8863935470581055,5.408572196960449
1302,1.0624085664749146,0.46678438782691956,3.6052701473236084,11.908480644226074,125.89642333984375,6.125265121459961,9.928791046142578,2.3900089263916016,-0.6455152630805969,-1.0351793766021729,0.17713113129138947,6.1081461906433105,9.90222454071045,2.3900845050811768
1303,1.105603575706482,0.4620564877986908,2.3043501377105713,7.5700531005859375,94.82492065429688,2.1296300888061523,7.201962471008301,0.9497978687286377,-1.1340659856796265,0.5301328897476196,-0.023341283202171326,1.8075871467590332,7.20245885848999,0.952159583568573
1304,1.1390626430511475,0.47027698159217834,3.5766046047210693,16.83854103088379,173.55699157714844,12.982829093933105,8.325626373291016,6.757701396942139,-1.4537990093231201,-0.5965039134025574,0.6677878499031067,12.937162399291992,8.327392578125,6.743383407592773
1305,1.1432445049285889,0.4560845196247101,1.7396824359893799,2.360663652420044,10.707975387573242,1.6874152421951294,1.5131187438964844,0.66017746925354,-0.9255527257919312,-0.021408511325716972,0.0052288612350821495,1.4148651361465454,1.517187476158142,0.6619981527328491
1306,1.1697416305541992,0.4489153325557709,2.7134127616882324,6.051695346832275,59.833831787109375,3.820834159851074,4.435269355773926,1.5338287353515625,-0.7690825462341309,-0.2535530626773834,-0.06848591566085815,3.75307035446167,4.440367698669434,1.5365731716156006
1307,1.1480252742767334,0.44650977849960327,3.103126049041748,11.381156921386719,118.71000671386719,8.021761894226074,7.487154483795166,3.020695924758911,-0.40278390049934387,0.2445332407951355,-0.38759222626686096,8.033990859985352,7.50403356552124,3.004082441329956
1308,1.0777370929718018,0.4852055609226227,2.915670394897461,7.489551544189453,77.10580444335938,2.6063528060913086,6.712854385375977,2.058616876602173,-1.3353979587554932,-0.7859926223754883,0.06439203023910522,2.2444987297058105,6.685276508331299,2.0633490085601807
1309,1.101729154586792,0.4607509672641754,2.3712351322174072,5.231778621673584,54.869117736816406,2.8366994857788086,4.333947658538818,0.7358967661857605,-1.3655911684036255,-0.40966781973838806,-0.03270548954606056,2.4933032989501953,4.326577186584473,0.7372203469276428
1310,1.0684232711791992,0.48283958435058594,3.9441959857940674,17.487045288085938,223.3744354248047,14.842303276062012,5.269220352172852,7.5985565185546875,-0.11131516098976135,-0.6907844543457031,0.6724362969398499,14.883288383483887,5.238314628601074,7.5898566246032715
1311,1.076819896697998,0.4737410843372345,2.541473865509033,6.456844806671143,76.5448989868164,3.369332790374756,4.318454265594482,3.4189748764038086,-1.0685702562332153,0.25686562061309814,-0.23062418401241302,3.2043097019195557,4.322833061218262,3.4207029342651367
1312,1.096450686454773,0.4636025130748749,3.4442620277404785,8.69155502319336,85.0071029663086,4.113733768463135,7.2278289794921875,2.5256314277648926,-1.825955867767334,-0.045812491327524185,0.1453039050102234,3.696566581726074,7.24784517288208,2.5284814834594727
1313,1.052131175994873,0.46005699038505554,3.463585138320923,10.78258991241455,96.73596954345703,5.725297927856445,8.949984550476074,1.8392956256866455,-0.9744745492935181,0.303291916847229,-0.20815467834472656,5.657495021820068,8.969794273376465,1.8325767517089844
1314,1.0649644136428833,0.4573648273944855,3.9201977252960205,20.7785587310791,274.4461364746094,10.655509948730469,16.308300018310547,7.228280067443848,-0.513964831829071,-1.3602136373519897,0.5899143218994141,10.672794342041016,16.29680824279785,7.224262714385986
1315,1.041228175163269,0.4698741137981415,2.2844536304473877,3.1220498085021973,11.825658798217773,2.2395153045654297,2.0261690616607666,0.7914573550224304,-1.4960349798202515,0.12700127065181732,0.03640536963939667,1.6711742877960205,2.0278255939483643,0.7928249835968018
1316,1.0509264469146729,0.4682712256908417,3.6521918773651123,15.821775436401367,205.92898559570312,6.704805374145508,14.137768745422363,2.344701051712036,-1.230090618133545,-0.9886718392372131,0.1260775327682495,6.6093854904174805,14.142496109008789,2.347839832305908
1317,1.0894443988800049,0.4766670763492584,2.9703056812286377,8.150532722473145,84.87000274658203,3.532597780227661,7.288155555725098,0.9136357307434082,-1.3896076679229736,-0.5239574909210205,-0.024243809282779694,3.256864547729492,7.289574146270752,0.9158616662025452
1318,1.1109404563903809,0.463623046875,2.970975399017334,9.3282470703125,119.32923126220703,8.784303665161133,2.1101088523864746,2.32371187210083,-0.9334730505943298,0.08835067600011826,0.13746319711208344,8.758929252624512,2.1141393184661865,2.326112747192383
1319,1.0634790658950806,0.4631417393684387,3.2742996215820312,10.004209518432617,119.44747924804688,9.322319030761719,3.431802749633789,1.1837706565856934,-2.427948474884033,0.28710058331489563,-0.038193296641111374,9.025700569152832,3.429311752319336,1.1864546537399292
1320,1.0351749658584595,0.4876129627227783,2.4436428546905518,3.2035164833068848,16.512575149536133,2.6445224285125732,1.6049445867538452,0.8325698375701904,-1.6420434713363647,-0.061660271137952805,-0.07376818358898163,2.078749418258667,1.6082332134246826,0.8316086530685425
1321,1.0681452751159668,0.48013049364089966,2.5722076892852783,3.7935755252838135,22.964136123657227,2.605684518814087,2.5017213821411133,1.1588852405548096,-1.6058393716812134,0.05964590981602669,-0.12732475996017456,2.057764768600464,2.507986545562744,1.1550825834274292
1322,1.0820012092590332,0.46145832538604736,2.749739646911621,3.8186187744140625,22.125396728515625,3.1116182804107666,2.0203440189361572,0.9043738842010498,-2.005065679550171,0.05548960343003273,-0.06554380059242249,2.3861076831817627,2.0252153873443604,0.904511570930481
1323,1.0944581031799316,0.46272456645965576,3.737016439437866,14.62964153289795,182.3521728515625,4.738231182098389,13.485526084899902,3.1170687675476074,-1.9202216863632202,-0.8970152139663696,0.2587689459323883,4.343777656555176,13.493193626403809,3.114973545074463
1324,1.0852471590042114,0.4650370478630066,2.749276876449585,3.8203556537628174,19.787405014038086,2.9964468479156494,2.248598098754883,0.7484844923019409,-1.682596206665039,-0.18961404263973236,-0.05171283334493637,2.486344337463379,2.2468390464782715,0.7487788200378418
1325,1.0523782968521118,0.4483472406864166,4.2124528884887695,18.66776466369629,226.9508819580078,14.011517524719238,12.150728225708008,2.126654863357544,-0.2674713134765625,-1.1506671905517578,0.10664467513561249,14.048041343688965,12.129862785339355,2.12990403175354
1326,1.0860259532928467,0.455886572599411,3.1799428462982178,9.085827827453613,114.2051773071289,8.4905366897583,2.327240228652954,2.246553659439087,-2.3628597259521484,-0.28954020142555237,-0.17280329763889313,8.177875518798828,2.3155996799468994,2.2461459636688232
1327,1.117706298828125,0.44556981325149536,2.3447816371917725,2.9460413455963135,12.908429145812988,2.456510543823242,1.3901365995407104,0.8439401984214783,-1.6603970527648926,-0.14486011862754822,-0.09016236662864685,1.815443515777588,1.3864248991012573,0.8414507508277893
1328,1.014844298362732,0.48126694560050964,3.9761741161346436,13.110151290893555,145.70603942871094,10.637392044067383,7.550282955169678,1.3096493482589722,-2.1607651710510254,0.018293434754014015,0.06266345083713531,10.444677352905273,7.5713210105896,1.3117982149124146
1329,1.0140562057495117,0.4731777310371399,2.9537551403045654,10.085582733154297,129.7060089111328,8.579720497131348,4.334622859954834,3.052607297897339,-0.7907118201255798,0.22976335883140564,0.19996652007102966,8.567037582397461,4.340602874755859,3.054547071456909
1330,1.0473860502243042,0.5098859667778015,5.084559440612793,21.35202980041504,231.42578125,19.058320999145508,8.823236465454102,3.8522891998291016,-1.6578712463378906,-0.7145649790763855,-0.13144570589065552,19.03903579711914,8.818784713745117,3.860785484313965
1331,1.0496821403503418,0.491131067276001,4.450123310089111,14.581499099731445,121.05289459228516,7.739173889160156,11.93124008178711,3.220374822616577,-1.5014044046401978,0.7629691362380981,-0.325528085231781,7.613317966461182,11.940033912658691,3.2128167152404785
1332,0.9823809862136841,0.4590449631214142,2.9170596599578857,3.864095687866211,22.86513900756836,2.760868549346924,2.5585079193115234,0.8734285235404968,-1.9319689273834229,-0.5520288348197937,-0.07407514750957489,1.9777822494506836,2.505213499069214,0.8727092742919922
1333,1.132206678390503,0.46420007944107056,3.5182533264160156,10.768951416015625,114.97996520996094,6.009382724761963,8.203585624694824,3.5438404083251953,-1.4740045070648193,-0.9739139080047607,0.3400757908821106,5.84205436706543,8.168292045593262,3.537325143814087
1334,1.0837663412094116,0.45693662762641907,3.965834379196167,10.304993629455566,118.44493103027344,5.834293842315674,8.251220703125,2.0177359580993652,-1.4328182935714722,-0.43356454372406006,-0.04501401633024216,5.671393871307373,8.262805938720703,2.0228607654571533
1335,1.0931869745254517,0.4569846987724304,2.695314884185791,4.6513495445251465,35.946964263916016,3.3545730113983154,3.1310970783233643,0.7603465914726257,-1.7869720458984375,-0.5808486938476562,0.044844966381788254,2.8469138145446777,3.0853309631347656,0.7611401081085205
1336,1.0595506429672241,0.44223299622535706,2.5109598636627197,3.1735997200012207,14.456830024719238,2.315993070602417,2.039637804031372,0.7401276230812073,-1.836623191833496,-0.12285219132900238,-0.025598736479878426,1.414835810661316,2.041613817214966,0.7417480945587158
1337,1.0039223432540894,0.4478608965873718,2.6675984859466553,3.8685953617095947,22.25054359436035,3.1196887493133545,2.1039340496063232,0.8983497619628906,-1.8271141052246094,0.06643961369991302,-0.10757934302091599,2.5357115268707275,2.108750343322754,0.8943729400634766
1338,1.0591939687728882,0.45413392782211304,3.2738442420959473,5.358597278594971,47.927276611328125,3.2682178020477295,4.0578203201293945,1.2519621849060059,-1.9278512001037598,-0.20554226636886597,0.09021341800689697,2.646421432495117,4.063915729522705,1.2521907091140747
1339,1.1106913089752197,0.45052024722099304,3.1044211387634277,6.073964595794678,62.41072463989258,4.10878849029541,4.252272129058838,1.3889155387878418,-1.840562343597412,0.06445042788982391,-0.18926025927066803,3.6837289333343506,4.263643741607666,1.379798412322998
1340,1.0584442615509033,0.4659862816333771,5.310431480407715,19.903657913208008,194.001220703125,13.248531341552734,13.707802772521973,5.720850944519043,-2.216311454772949,-0.31393131613731384,0.3530896306037903,13.098270416259766,13.74243450164795,5.725871562957764
1341,1.042095422744751,0.44781064987182617,3.4322285652160645,12.438825607299805,159.88768005371094,8.823266983032227,8.093037605285645,3.3729946613311768,-2.18611478805542,0.4062703549861908,-0.23845325410366058,8.571998596191406,8.105380058288574,3.3739402294158936
1342,1.0221925973892212,0.4811181128025055,5.4650421142578125,22.391876220703125,198.8769989013672,12.53706169128418,18.048789978027344,4.29643440246582,-2.3953568935394287,1.3969589471817017,-0.20844845473766327,12.34043025970459,18.044841766357422,4.303345203399658
1343,1.16402268409729,0.45909276604652405,3.33530592918396,12.994317054748535,160.47348022460938,11.923441886901855,3.920863151550293,3.3631370067596436,-1.9098092317581177,-0.42765486240386963,0.009426010772585869,11.802327156066895,3.9083423614501953,3.372504949569702
1344,1.0899428129196167,0.4437426030635834,5.497198104858398,22.514591217041016,244.65249633789062,20.65163803100586,5.838274002075195,6.806707382202148,-3.18947434425354,-0.6240730285644531,0.09578578174114227,20.460771560668945,5.82101583480835,6.825018405914307
1345,1.1724939346313477,0.4381934702396393,3.5933685302734375,10.390337944030762,104.97419738769531,6.569299221038818,6.978294372558594,4.013332843780518,-0.8564199805259705,-0.240982785820961,0.31721195578575134,6.531403064727783,6.993586540222168,4.011937141418457
1346,1.076802134513855,0.4378945827484131,2.974196434020996,9.040431022644043,114.08077239990234,8.46622085571289,2.760092258453369,1.5602548122406006,-0.8514713644981384,-0.1716994196176529,-0.20830465853214264,8.44679069519043,2.762430429458618,1.5506004095077515
1347,1.1074851751327515,0.4418446719646454,3.1073403358459473,9.970386505126953,106.928466796875,6.871049404144287,7.029571533203125,1.6680580377578735,-1.3622478246688843,0.2599736452102661,-0.12776333093643188,6.75344181060791,7.0443572998046875,1.6677970886230469
1348,1.0150467157363892,0.4819723069667816,3.9552249908447266,10.793458938598633,116.38187408447266,9.080931663513184,5.497435092926025,1.9528506994247437,-2.2184505462646484,-0.1708832085132599,-0.03504485264420509,8.830345153808594,5.510106086730957,1.9579826593399048
1349,1.0545403957366943,0.46563512086868286,2.465075969696045,4.377749919891357,26.337848663330078,3.1520988941192627,2.917214870452881,0.8478354215621948,-1.08355712890625,-0.4685803949832916,0.058559928089380264,2.968261957168579,2.8873672485351562,0.8481699228286743
1350,1.0149428844451904,0.4610999822616577,3.331590414047241,7.0064287185668945,58.461307525634766,4.704741954803467,5.038278102874756,1.2534739971160889,-1.1731696128845215,-0.2586236298084259,0.037219736725091934,4.568833351135254,5.045671463012695,1.2564162015914917
1351,1.0264594554901123,0.45754876732826233,3.6260130405426025,13.798993110656738,170.7633819580078,7.768206596374512,10.515892028808594,4.413977146148682,-1.8414744138717651,0.8718845844268799,-0.34866803884506226,7.567838668823242,10.508918762207031,4.412458896636963
1352,1.057153344154358,0.4341498017311096,7.04802942276001,22.499414443969727,177.13482666015625,18.31939125061035,12.686052322387695,3.112492322921753,-4.436334609985352,0.17552439868450165,0.10027560591697693,17.82369041442871,12.720220565795898,3.119553804397583
1353,0.9449238777160645,0.4794768691062927,6.046741008758545,26.0687313079834,275.1276550292969,17.077049255371094,18.460357666015625,6.867913722991943,0.38369742035865784,-1.1384608745574951,0.7359469532966614,17.120361328125,18.476613998413086,6.847415924072266
1354,1.0162352323532104,0.46240702271461487,1.9930357933044434,3.2239723205566406,13.830581665039062,2.2173585891723633,2.225432872772217,0.7244077324867249,-0.631342351436615,-0.22711771726608276,-0.12039164453744888,2.1315081119537354,2.2199885845184326,0.716326117515564
1355,0.9509034156799316,0.4914054870605469,3.0337953567504883,5.769096374511719,39.92914962768555,4.238162517547607,3.562756299972534,1.6208679676055908,-1.3356815576553345,-0.14961101114749908,-0.337813138961792,4.03340482711792,3.569542646408081,1.5896962881088257
1356,1.0012928247451782,0.4707352817058563,3.8922951221466064,18.053312301635742,179.68765258789062,15.024565696716309,9.334269523620605,3.61329984664917,0.9497002959251404,-1.0884884595870972,-0.11041733622550964,15.036345481872559,9.296445846557617,3.6216862201690674
1357,0.9736708998680115,0.4578306972980499,5.934593677520752,23.723543167114258,204.55743408203125,17.884824752807617,14.548918724060059,5.591826438903809,-0.3996719419956207,-1.1591567993164062,-0.4284875690937042,17.930233001708984,14.543121337890625,5.59093713760376
1358,0.9439898133277893,0.47766098380088806,3.12060284614563,11.409969329833984,125.4315185546875,10.183606147766113,4.898181438446045,1.5777720212936401,0.2777986526489258,-0.3130302429199219,-0.11701003462076187,10.208211898803711,4.901803493499756,1.577816128730774
1359,0.9152358174324036,0.49963343143463135,2.4783501625061035,5.820208549499512,63.54754638671875,3.816319704055786,4.101952075958252,1.5762357711791992,-0.8567464351654053,0.15953004360198975,-0.41191530227661133,3.7292823791503906,4.110281944274902,1.5257054567337036
1360,1.0313361883163452,0.4873730540275574,2.322092294692993,6.803320407867432,62.83024978637695,4.041224956512451,5.4152727127075195,0.7927725911140442,-0.9981353282928467,-0.582143247127533,-0.028406234458088875,3.9269449710845947,5.398910045623779,0.79447340965271
1361,0.9093817472457886,0.47225892543792725,2.9773099422454834,13.5612211227417,176.99017333984375,10.390849113464355,8.00349235534668,3.446892023086548,-1.3235121965408325,0.5199209451675415,-0.2941272556781769,10.334962844848633,8.008864402770996,3.4438998699188232
1362,0.9704577922821045,0.4770316779613495,2.3374969959259033,4.498126983642578,26.605327606201172,2.8436944484710693,3.3430466651916504,0.985182523727417,-0.9176347851753235,0.0714111328125,0.18519379198551178,2.6990771293640137,3.351606845855713,0.9703187942504883
1363,0.9848137497901917,0.4698883593082428,4.010159015655518,14.395304679870605,130.4159698486328,11.482433319091797,7.997348785400391,3.379485845565796,-1.2714385986328125,0.16022758185863495,0.24544276297092438,11.443655967712402,8.018047332763672,3.3799631595611572
1364,0.9949722290039062,0.4626320004463196,1.7805219888687134,2.567452907562256,10.66855525970459,1.6154735088348389,1.769944429397583,0.9216048121452332,-0.5373634696006775,0.10311219841241837,0.2819417417049408,1.527730941772461,1.771867036819458,0.8798665404319763
1365,1.0387150049209595,0.43708428740501404,3.664485454559326,12.709303855895996,116.14258575439453,8.81149673461914,7.899082660675049,4.635562419891357,-1.7719264030456543,-0.782420814037323,0.5463777780532837,8.655573844909668,7.882162094116211,4.616090297698975
1366,1.0105541944503784,0.47034499049186707,3.335622549057007,12.968414306640625,118.81448364257812,8.966763496398926,9.151525497436523,2.006606101989746,-0.032614391297101974,0.4780471622943878,0.12239059805870056,8.991716384887695,9.164525032043457,2.0084569454193115
1367,1.0115774869918823,0.4816240668296814,2.575763702392578,4.990073204040527,38.14284133911133,3.827291250228882,2.820071220397949,1.5165313482284546,-0.4561394155025482,0.09783803671598434,0.29421794414520264,3.810612201690674,2.826235294342041,1.4918673038482666
1368,0.9004831314086914,0.4744877517223358,2.4767162799835205,6.246763229370117,51.41032409667969,3.86285138130188,4.729560852050781,1.3159335851669312,-0.629518985748291,0.0412282831966877,0.13863536715507507,3.8218417167663574,4.742573261260986,1.3122607469558716
1369,0.9360096454620361,0.4952559173107147,3.1811740398406982,14.3340425491333,185.7821502685547,10.290802001953125,9.120280265808105,4.047799587249756,-1.349684715270996,0.7194179892539978,-0.17151513695716858,10.230365753173828,9.117222785949707,4.055444717407227
1370,0.9383871555328369,0.48952212929725647,1.7917976379394531,3.91921067237854,41.40827941894531,2.2632384300231934,3.0153017044067383,1.0704759359359741,0.2446417510509491,-0.4280950129032135,-0.06652015447616577,2.256253480911255,2.9930832386016846,1.071387529373169
1371,0.9871460795402527,0.4645354151725769,3.2445530891418457,11.357213020324707,137.60401916503906,10.640262603759766,3.6487462520599365,1.567722201347351,0.3011724352836609,-0.6075872778892517,0.036099255084991455,10.665667533874512,3.6078391075134277,1.5716785192489624
1372,0.9802353978157043,0.47799843549728394,1.9553507566452026,3.4756767749786377,23.557209014892578,2.058304786682129,2.5834238529205322,1.0814954042434692,-0.08310174942016602,-0.1595948189496994,-0.09149610996246338,2.062363386154175,2.585681915283203,1.080623984336853
1373,1.0080293416976929,0.4528201222419739,4.740469932556152,18.818408966064453,166.40550231933594,15.915294647216797,9.090391159057617,4.26623010635376,1.5458024740219116,0.7427202463150024,-0.6199113130569458,15.884231567382812,9.085269927978516,4.232725143432617
1374,0.9971191883087158,0.4502939283847809,2.536536455154419,8.889080047607422,111.78968811035156,4.000412464141846,6.9007134437561035,3.9233407974243164,0.1724250614643097,-0.5605298280715942,0.2556367814540863,4.007843494415283,6.897095203399658,3.925924062728882
1375,1.003705382347107,0.43561941385269165,3.461171865463257,10.517852783203125,97.77532958984375,6.807608604431152,7.314203262329102,3.283918857574463,-0.5602188110351562,-0.6735042333602905,0.13943664729595184,6.803442478179932,7.3034443855285645,3.290109157562256
1376,0.9879429340362549,0.4509211778640747,3.0131168365478516,9.247445106506348,106.78887939453125,6.499570369720459,6.433366298675537,1.3720879554748535,0.3335444927215576,-0.29805612564086914,0.04881804808974266,6.50911283493042,6.4443840980529785,1.3750441074371338
1377,1.0182621479034424,0.45473936200141907,2.4082541465759277,4.594153881072998,33.18950653076172,2.814460039138794,3.511690855026245,0.9236301183700562,-0.28454098105430603,0.0154026560485363,0.07370904088020325,2.807849884033203,3.5214526653289795,0.923252522945404
1378,0.9671882390975952,0.4578261077404022,2.4519526958465576,6.04365873336792,61.068382263183594,4.067760467529297,4.200845241546631,1.5270988941192627,0.37904563546180725,-0.3318726420402527,0.09425722062587738,4.061359405517578,4.199397087097168,1.5284388065338135
1379,1.0449572801589966,0.43904832005500793,2.764045000076294,7.259942054748535,73.94438934326172,6.143039226531982,3.335975170135498,1.9598733186721802,-0.12926772236824036,-0.0355151891708374,-0.02482869103550911,6.158810615539551,3.345090866088867,1.9651821851730347
1380,0.9911913275718689,0.45583489537239075,2.246288537979126,4.254965782165527,37.795555114746094,2.2421984672546387,3.1560215950012207,1.7654482126235962,0.0036688910331577063,0.03678405284881592,-0.22657343745231628,2.2484498023986816,3.1646101474761963,1.7557326555252075
1381,1.0232840776443481,0.4709645211696625,4.27951717376709,17.391809463500977,196.3630828857422,3.906472682952881,15.228423118591309,7.437047004699707,0.12948709726333618,-1.7069982290267944,0.7180163860321045,3.9152169227600098,15.17465877532959,7.422953128814697
1382,0.9726613163948059,0.4578302800655365,3.346121072769165,15.249027252197266,195.2176055908203,7.837918758392334,11.902620315551758,5.424709320068359,0.5982515215873718,-1.0852705240249634,0.16597765684127808,7.836853504180908,11.886104583740234,5.437293529510498
1383,1.0092601776123047,0.4579526484012604,1.7774540185928345,2.5130183696746826,10.993850708007812,1.5289770364761353,1.8430513143539429,0.7620056867599487,0.11951305717229843,-0.40378236770629883,-0.3224932551383972,1.5285509824752808,1.8032923936843872,0.6923247575759888
1384,0.9340896010398865,0.45792850852012634,3.466067314147949,11.369405746459961,102.84844207763672,9.15283203125,6.0952372550964355,2.88741135597229,-0.6820420026779175,-0.599287748336792,-0.12025287002325058,9.152844429016113,6.082624435424805,2.8929529190063477
1385,0.9705813527107239,0.4609498977661133,2.9273769855499268,7.116527557373047,61.57976150512695,4.4536824226379395,5.204249858856201,1.9301447868347168,-0.34153300523757935,0.31528210639953613,-0.6638014912605286,4.4529547691345215,5.20918083190918,1.8174645900726318
1386,1.0010958909988403,0.4542163908481598,2.0430798530578613,3.103914976119995,14.845733642578125,1.9894119501113892,2.188555955886841,0.9416754245758057,0.17736934125423431,-0.2394343912601471,-0.1586487889289856,1.9870165586471558,2.1814873218536377,0.9308041930198669
1387,1.0326107740402222,0.44168564677238464,2.3626456260681152,3.887640953063965,29.544435501098633,2.758124589920044,2.625032663345337,0.7846687436103821,0.4082581400871277,-0.34106335043907166,-0.2900644540786743,2.7353508472442627,2.610041856765747,0.7311205863952637
1388,1.0323373079299927,0.4481116235256195,2.714517593383789,10.392232894897461,131.76712036132812,9.830857276916504,3.2369279861450195,0.9354265332221985,1.2669413089752197,-0.2567530870437622,-0.13459379971027374,9.776071548461914,3.235729694366455,0.9282750487327576
1389,0.984908401966095,0.4620349407196045,2.0996270179748535,3.03387451171875,14.856882095336914,1.852233648300171,2.3096110820770264,0.6628135442733765,0.06935620307922363,0.19685319066047668,-0.2049122154712677,1.85609769821167,2.3076257705688477,0.6321016550064087
1390,1.0247142314910889,0.4483006000518799,3.3491592407226562,16.70982551574707,178.3761749267578,14.65251636505127,7.86081600189209,1.6521680355072021,0.08831753581762314,0.10863329470157623,-0.0881161317229271,14.693120002746582,7.881989479064941,1.6544188261032104
1391,1.003536581993103,0.44229236245155334,3.3179574012756348,13.301450729370117,137.70632934570312,10.972789764404297,7.25948429107666,1.9561192989349365,0.3083971440792084,0.8316364884376526,-0.44017404317855835,10.999051094055176,7.231807708740234,1.9112675189971924
1392,1.034825325012207,0.4623398780822754,2.1500871181488037,4.126147747039795,31.828327178955078,2.748479127883911,2.980102300643921,0.7680806517601013,0.04359796270728111,-0.02827034518122673,-0.19088082015514374,2.755798816680908,2.9882805347442627,0.7460594177246094
1393,1.025120735168457,0.4423592686653137,3.2070136070251465,11.80722427368164,137.54144287109375,10.64063835144043,4.962230682373047,1.250449538230896,1.3377882242202759,-0.30918583273887634,-0.08533673733472824,10.585651397705078,4.966403007507324,1.2510138750076294
1394,0.967092752456665,0.49401965737342834,2.322859525680542,4.118575572967529,30.208511352539062,2.389596939086914,2.711277723312378,1.9752122163772583,0.6338809132575989,0.08377783000469208,-0.2603174149990082,2.3104166984558105,2.7175426483154297,1.9634449481964111
1395,0.9853219389915466,0.47374245524406433,3.318262815475464,10.74686336517334,124.35313415527344,5.818610668182373,8.791581153869629,2.084935188293457,0.5112019181251526,-0.8597714304924011,0.0498933345079422,5.8122782707214355,8.773845672607422,2.0901520252227783
1396,0.925172746181488,0.48049497604370117,3.4611105918884277,15.892133712768555,190.78826904296875,12.357089042663574,9.510223388671875,3.0688531398773193,1.4159303903579712,-0.08838178217411041,-0.06369567662477493,12.309941291809082,9.536338806152344,3.0767505168914795
1397,0.8675524592399597,0.48385006189346313,3.369826316833496,10.036243438720703,106.06517791748047,6.964476108551025,6.734282493591309,2.6213886737823486,0.9532765746116638,-0.6755107641220093,0.23030230402946472,6.91817045211792,6.719006538391113,2.6185364723205566
1398,0.9533572793006897,0.45639047026634216,3.2085416316986084,16.122819900512695,200.25418090820312,13.249305725097656,8.631133079528809,3.147181510925293,1.043644666671753,-0.19238165020942688,0.16655489802360535,13.24498176574707,8.653059005737305,3.1515376567840576
1399,0.9502200484275818,0.4495716094970703,2.373364210128784,4.145956993103027,24.45601463317871,2.749011754989624,2.8137781620025635,1.309407114982605,0.19823715090751648,0.5302229523658752,-0.159392312169075,2.7495028972625732,2.771077871322632,1.3032948970794678
1400,0.9577027559280396,0.48032641410827637,2.6260011196136475,5.774862289428711,49.47872543334961,3.6555442810058594,4.245821952819824,1.3996522426605225,-0.0358671098947525,0.42588573694229126,0.11050495505332947,3.665564775466919,4.236192226409912,1.3991751670837402
1401,0.9652265906333923,0.4645735025405884,2.591660261154175,5.538174629211426,44.53190612792969,4.495380401611328,2.988128185272217,1.2385555505752563,0.2405974268913269,0.09127574414014816,-0.11516764014959335,4.501459121704102,2.995065212249756,1.2366293668746948
1402,1.0056273937225342,0.46281397342681885,2.3405511379241943,7.533502578735352,93.027587890625,5.855987071990967,2.3470587730407715,4.117327690124512,0.12077438086271286,-0.32080718874931335,0.3280735909938812,5.871072769165039,2.3315160274505615,4.115684509277344
1403,0.9486650824546814,0.46612489223480225,2.949434518814087,13.774442672729492,179.868896484375,11.656206130981445,7.267693042755127,1.0241076946258545,1.1604697704315186,0.6051927208900452,-0.1812685877084732,11.630647659301758,7.262653350830078,1.0107492208480835
1404,1.0627598762512207,0.4678240716457367,2.086277723312378,6.059859275817871,74.34446716308594,3.9376168251037598,4.493420600891113,1.0130326747894287,0.6015470623970032,-0.2231399416923523,-0.18312126398086548,3.9022514820098877,4.500394821166992,0.9991233944892883
1405,1.009494662284851,0.4713640809059143,2.9488918781280518,7.797484397888184,60.43012237548828,4.237020969390869,5.9276862144470215,2.7768590450286865,0.7635616660118103,-0.46423396468162537,-0.03217398375272751,4.179276943206787,5.925963878631592,2.7844181060791016
1406,1.012418270111084,0.4697601795196533,2.6083948612213135,7.911745548248291,77.05479431152344,5.734949111938477,5.147896766662598,1.7903181314468384,1.0980916023254395,-0.44134521484375,-0.16149429976940155,5.644540786743164,5.143249034881592,1.78799307346344
1407,0.9342780709266663,0.4867230951786041,4.326643466949463,24.030685424804688,306.29150390625,22.85074806213379,7.171000957489014,1.973330020904541,2.747570276260376,0.26829543709754944,-0.3247685730457306,22.748241424560547,7.18596887588501,1.9518508911132812
1408,0.927836537361145,0.4823477864265442,2.139726400375366,5.1856231689453125,49.71015167236328,3.1347556114196777,4.039310932159424,0.8648466467857361,0.16404598951339722,0.16071581840515137,-0.17895711958408356,3.1391921043395996,4.047370910644531,0.8484890460968018
1409,0.8624162077903748,0.5217947959899902,2.0246684551239014,2.9360435009002686,12.77362060546875,1.8921751976013184,2.10052752494812,0.7923433780670166,0.2825430929660797,-0.12881310284137726,-0.052021197974681854,1.8761801719665527,2.1024222373962402,0.7928391695022583
1410,0.9326492547988892,0.4795563220977783,1.8462992906570435,2.790213108062744,14.509610176086426,1.8233723640441895,1.8412598371505737,1.0345838069915771,0.3231332302093506,0.23110449314117432,-0.3384854197502136,1.799517273902893,1.8317941427230835,0.9803728461265564
1411,0.8902977705001831,0.4844551384449005,2.0307955741882324,5.164129734039307,59.628047943115234,2.3557488918304443,4.340452194213867,1.5096896886825562,0.560867428779602,-0.26222822070121765,-0.10985319316387177,2.2943902015686035,4.344608783721924,1.5098875761032104
1412,0.7731068134307861,0.4531981348991394,2.486142635345459,13.957404136657715,184.58233642578125,11.121408462524414,6.589233875274658,5.263591766357422,1.106568455696106,0.5176551342010498,-0.5571925640106201,11.097088813781738,6.587192535400391,5.248617172241211
1413,0.7278703451156616,0.513085126876831,1.6610009670257568,2.7400786876678467,18.591764450073242,2.0962941646575928,1.5431768894195557,0.8556790947914124,0.7541975975036621,-0.13022245466709137,-0.2741662859916687,1.961379051208496,1.5419617891311646,0.8128284215927124
1414,0.9374182224273682,0.5085501670837402,1.4585374593734741,2.097898483276367,8.376546859741211,1.4646263122558594,1.3726551532745361,0.609808087348938,0.43418291211128235,0.03421209380030632,-0.0953727439045906,1.402692437171936,1.376056432723999,0.6039838790893555
1415,0.6913933157920837,0.5720694065093994,5.122472763061523,23.671897888183594,282.3954772949219,22.499555587768555,6.464520454406738,3.5126631259918213,1.6383434534072876,-0.4198792576789856,0.1512208729982376,22.50242042541504,6.4688639640808105,3.519195556640625
1416,0.8963282108306885,0.5053610801696777,2.254634380340576,9.114095687866211,116.2563247680664,8.64887809753418,2.6919991970062256,1.0083580017089844,0.9429601430892944,-0.09496846050024033,-0.12635068595409393,8.621301651000977,2.6978278160095215,1.0032012462615967
1417,0.804136335849762,0.5117605924606323,2.8161966800689697,6.949184894561768,65.37957000732422,3.719762086868286,5.276189804077148,2.5722274780273438,0.29242029786109924,-0.12485310435295105,-0.028189903125166893,3.718594551086426,5.289425849914551,2.5792477130889893
1418,0.789024293422699,0.5006836652755737,1.7658779621124268,3.5831069946289062,35.86235046386719,2.8931941986083984,1.991778016090393,0.7077452540397644,0.7459662556648254,-0.10337206721305847,-0.11929061263799667,2.8031702041625977,1.9946421384811401,0.6995655298233032
1419,0.762627124786377,0.5511218905448914,3.4042813777923584,11.432198524475098,117.4013442993164,6.541074275970459,9.002405166625977,2.620347023010254,0.6131240725517273,0.2972891926765442,-0.4972047805786133,6.530440807342529,9.022592544555664,2.5799190998077393
1420,0.7791053056716919,0.5094571113586426,1.4067258834838867,4.313127040863037,54.445133209228516,1.2869623899459839,4.051937580108643,0.7270455360412598,0.4709763526916504,0.2680813670158386,-0.23128263652324677,1.201027512550354,4.054337501525879,0.6912002563476562
1421,0.7950668334960938,0.4952543079853058,2.3953640460968018,9.759955406188965,123.75576782226562,2.725032091140747,9.245014190673828,1.5364331007003784,0.4670015275478363,0.739427387714386,-0.2718465030193329,2.692206382751465,9.24110221862793,1.51641047000885
1422,0.7369005680084229,0.5168555378913879,1.9656668901443481,4.218528747558594,36.11053466796875,3.310041666030884,2.447019338607788,0.922878623008728,0.4031457304954529,0.24639083445072174,-0.12138783186674118,3.2945640087127686,2.4413743019104004,0.917412519454956
1423,0.6121445894241333,0.5065510869026184,2.4310858249664307,8.436628341674805,102.41022491455078,5.38836669921875,6.304275035858154,1.5486540794372559,-0.09762310981750488,0.17317917943000793,-0.03974410891532898,5.402510166168213,6.319474220275879,1.5524622201919556
1424,0.719731867313385,0.5425912141799927,2.840216875076294,13.91372013092041,176.5301971435547,13.686568260192871,2.283780097961426,1.0265592336654663,1.4222556352615356,0.0010369645897299051,-0.0989970937371254,13.650440216064453,2.2901504039764404,1.0246248245239258
1425,0.6093656420707703,0.5083348751068115,1.761725902557373,4.385197639465332,44.221099853515625,3.6579947471618652,2.177849769592285,1.051667332649231,0.5290926098823547,0.00916240457445383,0.14055988192558289,3.629624843597412,2.1839053630828857,1.045138955116272
1426,0.7073017954826355,0.5434778928756714,2.8700931072235107,11.390317916870117,126.67545318603516,5.340291976928711,9.4599027633667,3.425034761428833,0.17571885883808136,-0.7066139578819275,0.17878693342208862,5.352288246154785,9.459789276123047,3.429906129837036
1427,0.6534083485603333,0.5795220732688904,3.5053248405456543,14.58626651763916,141.29759216308594,11.14242935180664,8.538869857788086,3.9614572525024414,0.06486465036869049,-0.8112927675247192,0.17967966198921204,11.173321723937988,8.523951530456543,3.968419313430786
1428,0.645091712474823,0.5367726683616638,1.8820000886917114,4.3503875732421875,34.25734329223633,2.7396740913391113,2.797492504119873,1.8958101272583008,0.2734483480453491,-0.266094446182251,0.17594917118549347,2.7335970401763916,2.792576313018799,1.8928929567337036
1429,0.6278130412101746,0.5529738664627075,2.965601921081543,9.961586952209473,109.76856994628906,7.179678440093994,6.679744720458984,1.7511272430419922,-0.460242360830307,-0.6900680065155029,-0.0003629631537478417,7.184897422790527,6.66253662109375,1.756011724472046
1430,0.5441417098045349,0.5867847204208374,1.409881830215454,4.574587345123291,57.25635528564453,4.292020797729492,1.4747666120529175,0.5748670101165771,0.5945148468017578,0.08250168710947037,-0.008564130403101444,4.262503147125244,1.4765645265579224,0.5764065384864807
1431,0.6169484257698059,0.6078587174415588,1.425135850906372,2.699822187423706,23.726781845092773,1.2649953365325928,1.5653380155563354,1.7995953559875488,0.2879360318183899,0.030589276924729347,-0.14986415207386017,1.2352256774902344,1.5694047212600708,1.7983466386795044
1432,0.6836371421813965,0.5742086172103882,1.7612918615341187,9.2559232711792,122.37550354003906,1.2926435470581055,8.242677688598633,4.007425785064697,0.32674628496170044,-0.5466321706771851,0.3620489537715912,1.254154086112976,8.247474670410156,4.002170085906982
1433,0.6664890050888062,0.5968872308731079,2.662562370300293,8.30269718170166,66.2198486328125,5.061209201812744,6.408058166503906,1.5019078254699707,0.802092432975769,-0.11080913990736008,0.1908196657896042,5.0111870765686035,6.424971580505371,1.493891954421997
1434,0.6348937153816223,0.5656787157058716,2.813197374343872,11.482733726501465,108.75011444091797,4.787946701049805,8.326315879821777,6.29295015335083,-0.05727190524339676,0.1434803009033203,0.15674661099910736,4.800958633422852,8.348302841186523,6.308544635772705
1435,0.6073228120803833,0.5659634470939636,2.5492522716522217,7.320915222167969,52.463157653808594,3.9203336238861084,5.793105602264404,2.1602582931518555,0.7854882478713989,-0.9360397458076477,0.047027338296175,3.8515501022338867,5.7329301834106445,2.1657707691192627
1436,0.6058216691017151,0.5374574661254883,1.7357043027877808,8.765278816223145,115.2333984375,4.105104923248291,6.540609359741211,4.147125244140625,0.026647357270121574,-0.41808897256851196,0.21164043247699738,4.116469383239746,6.545440673828125,4.153275012969971
1437,0.5093215107917786,0.521819531917572,1.1467329263687134,2.370023012161255,18.736482620239258,1.351453423500061,1.869218111038208,0.5446161031723022,0.17669294774532318,0.1630081832408905,-0.1265217661857605,1.343590259552002,1.86729097366333,0.5311934947967529
1438,0.5991843342781067,0.5774015784263611,1.7330329418182373,6.091489791870117,63.49100112915039,3.8966808319091797,4.572841644287109,1.0056053400039673,0.45949503779411316,-0.46636927127838135,0.026630191132426262,3.8802878856658936,4.561686992645264,1.0080567598342896
1439,0.47919610142707825,0.5055519342422485,1.0927563905715942,1.9197078943252563,12.387443542480469,1.0465806722640991,1.5083694458007812,0.5610424876213074,0.34319308400154114,0.008959929458796978,-0.08432444930076599,0.9914690256118774,1.5125501155853271,0.5562164783477783
1440,0.5552929639816284,0.5634522438049316,2.5669443607330322,9.130577087402344,74.30854034423828,7.626659870147705,4.771240711212158,1.5610072612762451,1.328269600868225,-0.1870374083518982,-0.04591132327914238,7.531052112579346,4.780871868133545,1.5646840333938599
1441,0.6620963215827942,0.5991905927658081,1.1165727376937866,2.0225160121917725,11.682295799255371,1.412184715270996,1.1750123500823975,0.845961332321167,0.3918662369251251,0.07844440639019012,0.020356371998786926,1.3605109453201294,1.175661325454712,0.8480754494667053
1442,0.6308826208114624,0.5744892358779907,1.9401649236679077,6.084048271179199,66.02303314208984,5.360903739929199,2.290689468383789,1.740429162979126,0.7513453364372253,-0.03570792078971863,0.013700464740395546,5.3227972984313965,2.296800136566162,1.7452296018600464
1443,0.5507328510284424,0.5872626304626465,2.4202685356140137,11.288243293762207,123.5661392211914,6.176764965057373,9.136075973510742,2.4091744422912598,0.41431882977485657,-0.8686484694480896,0.24787555634975433,6.180044174194336,9.120055198669434,2.403073310852051
1444,0.6243171691894531,0.5941029191017151,1.7486510276794434,6.974085807800293,76.99410247802734,3.3290178775787354,5.573065757751465,2.5488154888153076,0.13631020486354828,0.5851901769638062,-0.3377188444137573,3.3355042934417725,5.557716369628906,2.5333893299102783
1445,0.6033971905708313,0.5671188235282898,1.745301365852356,5.4572601318359375,61.833518981933594,4.4181647300720215,3.0846590995788574,0.8639382123947144,0.8177439570426941,-0.3272513151168823,0.08988785743713379,4.353939533233643,3.0758063793182373,0.8616461157798767
1446,0.480593204498291,0.5467058420181274,1.4550158977508545,5.117103099822998,57.46489334106445,1.9899178743362427,4.417628765106201,1.646064281463623,0.26533740758895874,0.22478756308555603,-0.16691958904266357,1.977649450302124,4.42421293258667,1.6421469449996948
1447,0.5820063948631287,0.5864266753196716,1.1557531356811523,2.817309617996216,19.53990364074707,2.009981632232666,1.7606137990951538,0.8929985761642456,0.1335780769586563,0.021083567291498184,-0.1267191618680954,2.0111324787139893,1.7653981447219849,0.886427640914917
1448,0.5579379796981812,0.5732358694076538,1.6806355714797974,8.621143341064453,111.84642028808594,5.230250835418701,5.966971397399902,3.371025800704956,-0.2501690685749054,-0.5354917645454407,0.23134924471378326,5.238837242126465,5.959471702575684,3.3724586963653564
1449,0.6455586552619934,0.6215962767601013,2.4348349571228027,8.881587982177734,82.62318420410156,6.782444000244141,5.490969657897949,1.652368187904358,0.06737180799245834,-0.1784118115901947,0.015461275354027748,6.801027774810791,5.503378868103027,1.6569048166275024
1450,0.6108015179634094,0.5635719895362854,1.414632797241211,6.108377933502197,70.97071838378906,2.329617977142334,4.738047122955322,3.0718183517456055,0.32897165417671204,-0.680058479309082,0.27839580178260803,2.312706708908081,4.702067852020264,3.0677099227905273
1451,0.6349642276763916,0.6148840188980103,3.4061455726623535,15.089479446411133,132.15536499023438,11.542074203491211,8.965867042541504,3.753150224685669,1.4238810539245605,-0.30226412415504456,-0.14722536504268646,11.485857963562012,8.98576545715332,3.7607226371765137
1452,0.5546361207962036,0.5976137518882751,1.8639130592346191,7.682103157043457,84.38568878173828,3.363199472427368,6.42880916595459,2.5246798992156982,-0.14769238233566284,-0.26330578327178955,0.08935603499412537,3.3693273067474365,6.4413323402404785,2.5301361083984375
1453,0.6328731775283813,0.5819190740585327,2.0286505222320557,10.397068977355957,124.55517578125,2.9851605892181396,8.911919593811035,4.445846080780029,-0.28843212127685547,-0.8654487133026123,0.4369146227836609,2.9794814586639404,8.894539833068848,4.436666488647461
1454,0.6376630663871765,0.6132920980453491,3.4655606746673584,15.265059471130371,159.6173553466797,5.949697017669678,13.530052185058594,3.8158657550811768,0.782799482345581,-1.0532824993133545,0.10311015695333481,5.9144287109375,13.526617050170898,3.8251125812530518
1455,0.6145938038825989,0.582245945930481,3.3236188888549805,13.347281455993652,125.56890869140625,3.21315336227417,12.153264999389648,4.48594856262207,0.17944179475307465,1.1517515182495117,-0.24887318909168243,3.217087507247925,12.13231372833252,4.491534233093262
1456,0.6378322243690491,0.566238284111023,1.024946928024292,3.0675714015960693,33.2625732421875,1.0359302759170532,1.7227047681808472,2.317138433456421,0.05055709183216095,0.19732975959777832,0.15973049402236938,1.0375820398330688,1.716139554977417,2.3180744647979736
1457,0.5364875793457031,0.5762994885444641,1.9931056499481201,9.74205493927002,94.02622985839844,6.284405708312988,7.151054859161377,2.067920684814453,0.3672768473625183,0.4606812596321106,-0.047728318721055984,6.291164398193359,7.156106948852539,2.073136568069458
1458,0.60235595703125,0.5997892618179321,0.9461840391159058,2.557663917541504,22.54107666015625,1.632955551147461,1.7858842611312866,0.8280810117721558,0.2257835865020752,0.10914041846990585,-0.0899491235613823,1.6217823028564453,1.7875183820724487,0.8254774212837219
1459,0.5908107161521912,0.6278257369995117,2.808511734008789,12.834259033203125,119.71823120117188,11.130373001098633,6.016639709472656,2.152458906173706,0.1517239511013031,-0.9432883858680725,0.19631284475326538,11.160383224487305,5.958810806274414,2.1494669914245605
1460,0.6572261452674866,0.5718013644218445,2.3814001083374023,11.595221519470215,115.67125701904297,8.776514053344727,7.346627712249756,1.8571616411209106,0.43189650774002075,-0.2990585267543793,0.08997389674186707,8.790331840515137,7.361014366149902,1.8601551055908203
1461,0.6517190337181091,0.5875048041343689,2.8261845111846924,10.534072875976562,94.47747802734375,8.03114128112793,6.118875026702881,3.004467248916626,-0.01995324157178402,0.26342979073524475,-0.07057690620422363,8.053518295288086,6.130253791809082,3.0120162963867188
1462,0.6114571690559387,0.5542231798171997,2.4145803451538086,12.079225540161133,143.70103454589844,3.9911136627197266,10.170140266418457,5.152372360229492,0.36265885829925537,-0.8627732992172241,0.46367475390434265,3.9856889247894287,10.1617431640625,5.145779609680176
1463,0.4551544487476349,0.5855517983436584,0.8890627026557922,2.0712075233459473,17.192909240722656,0.9150184392929077,1.711897611618042,0.722529411315918,0.08709894865751266,0.012994284741580486,-0.0317242294549942,0.9134043455123901,1.716623306274414,0.7238461375236511
1464,0.42175570130348206,0.575923502445221,1.3225699663162231,8.7421236038208,116.15354919433594,0.938269317150116,8.519538879394531,1.7209997177124023,-0.08072325587272644,-0.6102091073989868,0.14277932047843933,0.9373979568481445,8.521360397338867,1.7198508977890015
1465,0.5842230319976807,0.606742799282074,2.1101651191711426,10.837217330932617,136.88829040527344,5.087366104125977,8.261460304260254,4.828278064727783,-0.11651507765054703,0.38290995359420776,-0.2494816780090332,5.100218772888184,8.275601387023926,4.835278511047363
1466,0.5540599226951599,0.5868478417396545,1.5464997291564941,5.843644142150879,69.19325256347656,2.0692033767700195,4.771134853363037,2.66511607170105,0.17960336804389954,-0.3604172170162201,0.16722340881824493,2.0671439170837402,4.770772457122803,2.667283773422241
1467,0.6298452019691467,0.591653048992157,3.3363780975341797,13.29721736907959,93.82460021972656,9.456768989562988,8.731375694274902,3.338951349258423,1.4588111639022827,0.7452470660209656,-0.27259179949760437,9.369635581970215,8.723779678344727,3.337087869644165
1468,0.435892254114151,0.6101608276367188,1.4018161296844482,9.652397155761719,127.69931030273438,1.2904874086380005,8.662425994873047,4.057803630828857,-0.09988763928413391,-0.601139485836029,0.23730728030204773,1.290204644203186,8.66564655303955,4.062158584594727
1469,0.5783262252807617,0.6314637064933777,2.083953857421875,8.57038402557373,72.15546417236328,7.006711006164551,4.7422966957092285,1.3667864799499512,-0.05796707794070244,-0.33958443999290466,0.1692381501197815,7.026014804840088,4.743317127227783,1.3600516319274902
1470,0.4717445969581604,0.5285627245903015,0.8171716928482056,2.1062262058258057,22.749876022338867,1.8332372903823853,0.9569069147109985,0.39969947934150696,-0.2058204859495163,-0.005783852189779282,0.0441536083817482,1.8267278671264648,0.9595585465431213,0.39836132526397705
1471,0.3467489778995514,0.5455780625343323,1.1277168989181519,4.836720943450928,55.17097473144531,1.956372857093811,4.082309722900391,1.7032970190048218,-0.3162223696708679,0.4698600769042969,-0.14769920706748962,1.9360322952270508,4.06649112701416,1.701614499092102
1472,0.5528426766395569,0.6127451062202454,1.1928128004074097,5.001564025878906,58.461334228515625,4.053250312805176,2.303439140319824,1.811346173286438,0.14278113842010498,-0.0317804254591465,0.2556813955307007,4.0620341300964355,2.3096442222595215,1.7982118129730225
1473,0.40805739164352417,0.5625452399253845,1.7293025255203247,8.708708763122559,96.92609405517578,3.8960812091827393,6.664411544799805,4.030852794647217,0.3560655415058136,-0.9394528269767761,0.5633293986320496,3.890599012374878,6.616268157958984,4.0024285316467285
1474,0.4064052999019623,0.6071112155914307,1.7827204465866089,8.790793418884277,83.57737731933594,3.5917623043060303,7.409863471984863,3.077533483505249,-0.47071412205696106,1.0357087850570679,-0.3551478683948517,3.5707168579101562,7.357590198516846,3.065500020980835
1475,0.5134808421134949,0.628082811832428,1.6756092309951782,5.939100742340088,56.470008850097656,3.281712770462036,4.091728687286377,2.785863161087036,0.17289671301841736,-0.05755104497075081,0.2823472023010254,3.2862966060638428,4.102736473083496,2.779249429702759
1476,0.5324723124504089,0.6368042826652527,1.9849305152893066,11.210747718811035,113.73365020751953,5.493124485015869,9.507536888122559,2.2612369060516357,-0.6507574319839478,-0.13791772723197937,0.028940677642822266,5.469656467437744,9.53305435180664,2.2673585414886475
1477,0.4939000606536865,0.6038625836372375,1.8926178216934204,6.959878921508789,48.80352020263672,3.7226438522338867,5.701055526733398,1.4421508312225342,0.21223227679729462,0.8399627208709717,-0.18411573767662048,3.726956367492676,5.654567241668701,1.4343396425247192
1478,0.4944382309913635,0.6385530233383179,2.3971948623657227,10.697931289672852,114.06927490234375,8.425902366638184,6.477090358734131,1.2236040830612183,-1.2050271034240723,-0.0016811795067042112,0.01709510013461113,8.362550735473633,6.495157718658447,1.2268973588943481
1479,0.506386399269104,0.6516231894493103,1.665380597114563,10.204322814941406,131.0283660888672,5.677040100097656,8.409401893615723,1.086913824081421,0.1895192563533783,0.7985783815383911,0.014561285264790058,5.689702987670898,8.394749641418457,1.0898478031158447
1480,0.599526047706604,0.6346631050109863,2.06596302986145,12.526123046875,139.2813720703125,7.174386501312256,9.465302467346191,3.9799509048461914,-0.8694804310798645,-1.0118762254714966,0.43019163608551025,7.141369342803955,9.437311172485352,3.9676692485809326
1481,0.6152569055557251,0.6033767461776733,2.462822914123535,12.248266220092773,130.42445373535156,2.067563533782959,11.135505676269531,4.66323184967041,0.16207602620124817,-0.9389129877090454,0.25668010115623474,2.066950559616089,11.126802444458008,4.669150352478027
1482,0.37883540987968445,0.5719202160835266,1.4710532426834106,9.8497953414917,129.7866668701172,1.4610515832901,9.20488452911377,3.1865177154541016,-0.14491261541843414,-0.7303703427314758,0.15960663557052612,1.4579027891159058,9.201457977294922,3.1913952827453613
1483,0.41461506485939026,0.5611523985862732,0.5919068455696106,1.0112251043319702,5.501821994781494,0.68905109167099,0.6272556185722351,0.392855167388916,-0.045473869889974594,-0.04424965754151344,0.007517840713262558,0.6894667744636536,0.6274381279945374,0.39387884736061096
1484,0.40792450308799744,0.5586280822753906,0.9153520464897156,3.324686288833618,36.333030700683594,1.4924321174621582,2.9353322982788086,0.4582701325416565,-0.04629500210285187,0.03861980512738228,-0.03961334377527237,1.4958747625350952,2.943265199661255,0.4578283429145813
1485,0.5424455404281616,0.5515782833099365,1.2845573425292969,6.344202041625977,81.34979248046875,1.8420966863632202,5.9519782066345215,1.1956310272216797,-0.30933651328086853,0.4642163813114166,-0.07759607583284378,1.8210033178329468,5.950399398803711,1.1964384317398071
1486,0.36552172899246216,0.5778071284294128,1.0041441917419434,5.59942626953125,73.01317596435547,1.2497906684875488,5.329566955566406,1.1778417825698853,-0.059925612062215805,0.43265461921691895,-0.06856776028871536,1.2518353462219238,5.326793670654297,1.179124116897583
1487,0.5086784362792969,0.6260138154029846,1.4030848741531372,5.587216377258301,56.084014892578125,3.9310009479522705,3.9079909324645996,0.7013016939163208,0.17233753204345703,0.35436558723449707,0.015416370704770088,3.938176155090332,3.902747631072998,0.7030879259109497
1488,0.48621830344200134,0.6379717588424683,0.7411851286888123,1.6374510526657104,12.709453582763672,0.979265034198761,1.2186871767044067,0.4869164526462555,-0.035763636231422424,0.04669182002544403,0.007377861998975277,0.9813414812088013,1.2211891412734985,0.48821860551834106
1489,0.48184865713119507,0.5974987149238586,1.9965366125106812,10.714958190917969,119.02607727050781,4.88913631439209,8.947925567626953,3.292611837387085,0.47537440061569214,0.26454034447669983,-0.23559001088142395,4.879544258117676,8.968963623046875,3.2933335304260254
1490,0.44206032156944275,0.5523987412452698,0.7566445469856262,2.3668599128723145,23.65861701965332,1.1687190532684326,1.9662811756134033,0.6081615090370178,-0.14264661073684692,0.2116885483264923,-0.05640893802046776,1.1632167100906372,1.9603055715560913,0.6072288751602173
1491,0.5144015550613403,0.6372356414794922,1.6421383619308472,7.855123043060303,85.308349609375,2.5724434852600098,7.255151748657227,1.564693808555603,0.11715124547481537,0.7040624022483826,0.04965721815824509,2.5769426822662354,7.241049766540527,1.5682679414749146
1492,0.39820531010627747,0.5983917117118835,1.1980862617492676,4.835615634918213,51.86574172973633,0.9828189611434937,4.280279159545898,2.0239686965942383,-0.052987053990364075,0.026753781363368034,-0.08875978738069534,0.9841270446777344,4.292134761810303,2.0276618003845215
1493,0.5570308566093445,0.6037747263908386,1.523364782333374,6.068845748901367,69.53369903564453,1.5255062580108643,5.501111030578613,2.0594887733459473,-0.06260976195335388,-0.12026944011449814,0.057175491005182266,1.5284725427627563,5.515137672424316,2.0644376277923584
1494,0.5496125221252441,0.5983799695968628,1.477178692817688,6.5582475662231445,56.38280487060547,5.018624305725098,3.8426477909088135,1.748736023902893,-0.5158239006996155,0.3080926835536957,-0.17767596244812012,5.005970478057861,3.840960741043091,1.7445390224456787
1495,0.5578466057777405,0.6264604926109314,2.8129639625549316,19.702512741088867,219.51979064941406,11.519968032836914,15.161188125610352,5.061391830444336,-1.0430155992507935,0.022029098123311996,0.037252482026815414,11.504655838012695,15.203463554382324,5.07537317276001
1496,0.48027706146240234,0.6371793150901794,0.6163272857666016,1.1648938655853271,7.234969139099121,0.8308138847351074,0.714410126209259,0.39540407061576843,-0.07804732769727707,0.07374672591686249,-0.04448001831769943,0.8294470310211182,0.7125757336616516,0.3939901888370514
1497,0.5515425801277161,0.6603696346282959,0.8368443250656128,1.7106053829193115,15.311305046081543,1.2741860151290894,1.0014578104019165,0.5474509596824646,-0.061165764927864075,0.0013990428997203708,0.040064405649900436,1.276267170906067,1.0042502880096436,0.5475059747695923
1498,0.4246997833251953,0.573075532913208,0.6863632202148438,1.4159595966339111,11.156597137451172,0.9581786394119263,0.9245656132698059,0.4816778600215912,-0.12999582290649414,0.11436350643634796,-0.03451063483953476,0.9519674777984619,0.9200245141983032,0.48178017139434814
1499,0.49835821986198425,0.5835043787956238,1.1844631433486938,4.715267658233643,57.93053436279297,2.4916279315948486,3.8816826343536377,0.9788143634796143,-0.3354063630104065,0.2256750762462616,-0.048462990671396255,2.4758365154266357,3.8859264850616455,0.9803407788276672
1500,0.581942617893219,0.6158815026283264,2.209139823913574,9.948371887207031,110.54524230957031,7.7090959548950195,6.182780742645264,1.1459256410598755,-0.6688412427902222,-0.30923235416412354,0.23161756992340088,7.701449394226074,6.192267417907715,1.1254044771194458
1501,0.5378312468528748,0.6133632063865662,2.4167659282684326,11.959036827087402,133.3355712890625,6.721409797668457,9.73735523223877,1.7392809391021729,-0.4864876866340637,-0.626220703125,0.0884433463215828,6.722480773925781,9.744303703308105,1.7418760061264038
1502,0.5549744367599487,0.5994294285774231,2.3822219371795654,12.2916259765625,111.9588851928711,9.631417274475098,7.114542007446289,2.7754552364349365,1.223134160041809,-0.18886154890060425,-0.12977243959903717,9.580084800720215,7.13187313079834,2.7801530361175537
1503,0.6026239991188049,0.5967785120010376,2.0175764560699463,7.355517387390137,54.701133728027344,2.5682642459869385,6.640548229217529,1.8468284606933594,-0.12071732431650162,0.07921072840690613,-0.06220046430826187,2.5725815296173096,6.658596992492676,1.8509294986724854
1504,0.4155175983905792,0.5637596845626831,1.464028239250183,6.743383884429932,86.92803955078125,4.48148250579834,4.992231845855713,0.6834974884986877,0.30765748023986816,-0.4820561707019806,-0.09537458419799805,4.483380317687988,4.982763290405273,0.6786984205245972
1505,0.321856826543808,0.6129398941993713,0.8018108010292053,2.116842031478882,18.05910301208496,1.17240309715271,1.6567505598068237,0.6013886332511902,-0.15049628913402557,0.15713900327682495,-0.10313430428504944,1.1659469604492188,1.6538821458816528,0.5941318869590759
1506,0.5097006559371948,0.6420729756355286,4.266942977905273,19.377670288085938,125.07759857177734,10.924844741821289,15.69580364227295,3.1278798580169678,-0.5792606472969055,-2.733492374420166,0.43973687291145325,10.939908027648926,15.499058723449707,3.1054534912109375
1507,0.571356475353241,0.601737916469574,5.030106544494629,24.594341278076172,221.6938018798828,15.273402214050293,17.916658401489258,7.113230228424072,-0.6491162776947021,-0.6236518621444702,0.37583762407302856,15.302166938781738,17.955747604370117,7.123108386993408
1508,0.5669413805007935,0.6074147820472717,2.0162274837493896,9.405427932739258,97.10820770263672,5.806351184844971,7.152249813079834,1.8957056999206543,-0.5135719776153564,-0.06388166546821594,0.026395421475172043,5.799725532531738,7.1719136238098145,1.900809407234192
1509,0.6221283674240112,0.5872939229011536,1.557908296585083,7.503678798675537,92.86273193359375,2.271174430847168,6.9199957847595215,1.8057175874710083,0.03395908325910568,0.5983129739761353,-0.1279762238264084,2.277255058288574,6.9133124351501465,1.8062012195587158
1510,0.4537455141544342,0.6348552703857422,1.109208583831787,4.509706020355225,45.36312484741211,1.277111530303955,4.231472015380859,0.89503014087677,-0.08828786015510559,-0.012083557434380054,-0.029038382694125175,1.2776100635528564,4.243258476257324,0.8970543146133423
1511,0.3698815703392029,0.5713230967521667,0.636755108833313,1.5861554145812988,12.911494255065918,1.166279673576355,0.9960692524909973,0.4043850302696228,0.05371760576963425,0.026076264679431915,-0.009561377577483654,1.168291687965393,0.9985053539276123,0.4053996503353119
1512,0.5230941772460938,0.6496626734733582,0.8715890049934387,2.004981756210327,14.261248588562012,1.4235602617263794,1.2283951044082642,0.6960417628288269,0.03529296815395355,0.020938560366630554,-0.1104537770152092,1.42709219455719,1.2316426038742065,0.6891390085220337
1513,0.5861273407936096,0.607292115688324,2.2160379886627197,11.135001182556152,117.43595123291016,8.347821235656738,6.512178421020508,3.448719024658203,-0.5805208683013916,-0.16621075570583344,-0.08216507732868195,8.35084056854248,6.5282158851623535,3.457357406616211
1514,0.5299546122550964,0.6320271492004395,1.1870864629745483,4.540560245513916,54.09308624267578,2.75909686088562,2.8215620517730713,2.245630979537964,0.26166200637817383,-0.2675052583217621,0.059564173221588135,2.7543230056762695,2.8166873455047607,2.2511026859283447
1515,0.5777090787887573,0.5931917428970337,4.239260673522949,18.848146438598633,198.27191162109375,10.125412940979004,14.742371559143066,5.949045181274414,-0.20817846059799194,0.35446667671203613,-0.5776664018630981,10.151510238647461,14.779219627380371,5.937448024749756
1516,0.5790155529975891,0.5961766839027405,2.4028422832489014,9.714144706726074,79.95423126220703,6.308231830596924,6.861499309539795,2.7369019985198975,0.7030242085456848,-0.1796703338623047,-0.2590084671974182,6.286421298980713,6.878279209136963,2.7322185039520264
1517,0.5043798685073853,0.6249456405639648,1.9849636554718018,13.234588623046875,167.20745849609375,3.8265464305877686,12.347772598266602,2.836263418197632,0.060951169580221176,-0.8217553496360779,0.20415394008159637,3.836733341217041,12.354764938354492,2.8367974758148193
1518,0.5300227999687195,0.6058811545372009,1.948242425918579,12.436561584472656,135.3656768798828,6.0455732345581055,10.618144035339355,2.3182122707366943,0.616431713104248,0.8940228819847107,-0.2113391011953354,6.030839920043945,10.609952926635742,2.3149986267089844
1519,0.5065011382102966,0.605176568031311,0.727342426776886,1.6501083374023438,16.495471954345703,0.8574494123458862,1.3110097646713257,0.5185474753379822,0.00675007002428174,0.06879982352256775,-0.02599402889609337,0.8598145246505737,1.3128551244735718,0.5193401575088501
1520,0.43174412846565247,0.5927222371101379,0.6549756526947021,1.647075891494751,18.8674259185791,0.9985162019729614,1.2260032892227173,0.4612375795841217,0.21154853701591492,0.1529470533132553,-0.04621388390660286,0.9785712957382202,1.2198185920715332,0.4601966142654419
1521,0.49642980098724365,0.5651169419288635,1.1238479614257812,5.299626350402832,67.18122100830078,1.2167497873306274,5.011256694793701,1.2218292951583862,0.20138150453567505,0.3756149411201477,-0.07907013595104218,1.2033162117004395,5.011099338531494,1.2226691246032715
1522,0.5482919216156006,0.595933198928833,1.4169334173202515,5.809895038604736,58.37005615234375,4.029961585998535,3.7257843017578125,1.90599524974823,-0.07955015450716019,0.4298214912414551,-0.2122034728527069,4.040414810180664,3.7112317085266113,1.8994293212890625
1523,0.43195366859436035,0.5837647318840027,0.9851051568984985,2.2375195026397705,15.345783233642578,1.3922297954559326,1.6317107677459717,0.6369543075561523,0.2535366415977478,0.11688896268606186,-0.05086579546332359,1.3727680444717407,1.6320583820343018,0.636691153049469
1524,0.6668905019760132,0.6338887214660645,2.3571622371673584,11.733217239379883,106.51599884033203,4.591924667358398,10.521851539611816,2.4234766960144043,-0.4162248373031616,1.2084604501724243,-0.2851219177246094,4.585777759552002,10.481379508972168,2.4133589267730713
1525,0.5057418942451477,0.6168860793113708,1.5885367393493652,7.623109340667725,88.18942260742188,2.368562698364258,7.052549839019775,1.6623002290725708,0.11354798823595047,-0.19802434742450714,0.008385244756937027,2.372438669204712,7.069433689117432,1.666916012763977
1526,0.5569308400154114,0.6119189858436584,1.4603358507156372,4.358758926391602,40.78321075439453,2.2464101314544678,3.4490506649017334,1.434039831161499,0.08881118148565292,0.12745647132396698,0.09608365595340729,2.250915050506592,3.4563095569610596,1.434808373451233
1527,0.5484923124313354,0.5777751803398132,0.905463695526123,1.3276710510253906,7.617619037628174,0.8982747793197632,0.8745462894439697,0.4370144307613373,0.4215826690196991,0.05008034408092499,0.07505618780851364,0.7954122424125671,0.8755466938018799,0.4317217171192169
1528,0.5155099034309387,0.6085262894630432,1.1758023500442505,2.7210543155670166,28.261905670166016,1.5341757535934448,2.1895525455474854,0.5062636733055115,0.6370712518692017,0.0218230988830328,0.07330508530139923,1.3995417356491089,2.1955509185791016,0.502325713634491
1529,0.3963160812854767,0.525904655456543,1.6129772663116455,10.423469543457031,138.97821044921875,7.5984368324279785,7.016912460327148,1.2943665981292725,-0.07962697744369507,0.6113948822021484,-0.24351762235164642,7.619214057922363,7.0097246170043945,1.274799108505249
1530,0.4238104522228241,0.5580412745475769,1.2403539419174194,4.9086012840271,62.79249572753906,2.216545581817627,4.187263488769531,1.283790946006775,0.5232890844345093,0.27949702739715576,-0.22863523662090302,2.159898281097412,4.189579010009766,1.2667913436889648
1531,0.5347886681556702,0.5795239806175232,1.8537758588790894,10.66822624206543,138.62847900390625,1.793022632598877,9.742469787597656,3.9598493576049805,0.1942148655653,-0.664909839630127,0.26870542764663696,1.787445306777954,9.746864318847656,3.961742401123047
1532,0.5447655320167542,0.572472870349884,1.1258708238601685,3.5049288272857666,31.903648376464844,1.4090102910995483,3.04455828666687,1.014830470085144,0.06852342188358307,0.3251705765724182,-0.03339463844895363,1.411268711090088,3.0355875492095947,1.0171102285385132
1533,0.5000986456871033,0.6293968558311462,2.484921932220459,11.104289054870605,93.17086029052734,7.945598125457764,7.286125183105469,2.661780834197998,0.5878016352653503,-0.45620062947273254,0.08485574275255203,7.945928573608398,7.292113304138184,2.667848825454712
1534,0.477168470621109,0.5756582021713257,1.9409546852111816,11.215250015258789,115.82290649414062,5.2895684242248535,9.654747009277344,2.1419990062713623,0.7215643525123596,0.6477974653244019,-0.16617190837860107,5.254739284515381,9.659860610961914,2.141500473022461
1535,0.570931077003479,0.6376047134399414,2.8753397464752197,13.807707786560059,129.2160186767578,8.605875015258789,10.339658737182617,3.11177396774292,-0.5978760719299316,0.6031240224838257,-0.350093811750412,8.609030723571777,10.350846290588379,3.100641965866089
1536,0.3532969355583191,0.5859948396682739,1.02226984500885,5.244538307189941,68.77127838134766,2.0982117652893066,4.721180438995361,0.9017432332038879,-0.13264435529708862,0.39210426807403564,-0.16376349329948425,2.099855661392212,4.717993259429932,0.8892217874526978
1537,0.5296515226364136,0.6276229619979858,1.8163700103759766,9.644705772399902,114.39498138427734,8.036458015441895,4.9089531898498535,2.0827550888061523,-0.23703818023204803,0.3132438361644745,-0.010625828988850117,8.055368423461914,4.912614345550537,2.0885376930236816
1538,0.641924262046814,0.605552613735199,1.168629765510559,3.919375419616699,37.096717834472656,3.372443675994873,1.7094258069992065,1.032468557357788,0.1514476090669632,0.09965218603610992,0.04914060980081558,3.378438711166382,1.7112789154052734,1.034175157546997
1539,0.6216297149658203,0.6073136925697327,2.4341773986816406,11.026256561279297,104.85932159423828,6.958734035491943,8.305811882019043,2.041522979736328,-0.6663079261779785,-0.994059681892395,0.20140211284160614,6.94608211517334,8.269113540649414,2.037231206893921
1540,0.534110963344574,0.6166983246803284,1.3400211334228516,4.236952304840088,44.96736145019531,3.2304320335388184,2.6210720539093018,0.8037732839584351,0.2836253046989441,-0.2430734932422638,-0.11324821412563324,3.226933479309082,2.617056131362915,0.7979748845100403
1541,0.5286521315574646,0.6255717873573303,1.6413460969924927,10.239376068115234,127.6112060546875,3.7804393768310547,9.32892894744873,1.877277135848999,0.24717815220355988,-0.6009681224822998,0.08261894434690475,3.7828729152679443,9.335519790649414,1.8806895017623901
1542,0.4070846140384674,0.5776360630989075,0.7927899956703186,3.3666250705718994,43.30329895019531,0.6537365913391113,3.2630410194396973,0.5092700123786926,0.04220091551542282,0.11724282801151276,-0.030686626210808754,0.6541928052902222,3.2700300216674805,0.5097625851631165
1543,0.4863550066947937,0.6294086575508118,3.039734363555908,16.178905487060547,128.65921020507812,9.07729434967041,12.778753280639648,4.007887840270996,0.6088272929191589,0.5517052412033081,-0.1409038007259369,9.08211612701416,12.802449226379395,4.01658296585083
1544,0.6253321766853333,0.6265929341316223,0.7290676832199097,1.6949610710144043,14.168999671936035,1.2685155868530273,1.0661994218826294,0.3563425540924072,-0.0013565991539508104,-0.055315226316452026,0.05608248710632324,1.2720533609390259,1.0677335262298584,0.3528831899166107
1545,0.351276695728302,0.6165652871131897,0.6402657628059387,1.2971556186676025,8.528803825378418,0.6905695199966431,1.0145649909973145,0.4199813902378082,-0.024975955486297607,-0.039428550750017166,0.03894851729273796,0.6920427680015564,1.0166264772415161,0.4193378984928131
1546,0.5176945924758911,0.6578541994094849,0.9003393650054932,1.9802911281585693,11.495523452758789,0.9178913831710815,1.6639734506607056,0.5569745898246765,-0.005672183353453875,-0.03502223640680313,0.08085718005895615,0.9204341769218445,1.6682453155517578,0.5526114106178284
1547,0.5535297393798828,0.6347782015800476,2.392829418182373,12.617691040039062,123.09046173095703,10.396411895751953,5.947282791137695,3.968700408935547,0.9374560117721558,-0.31799963116645813,-0.24082528054714203,10.382941246032715,5.95534086227417,3.9724364280700684
1548,0.45831823348999023,0.6552896499633789,0.9076896905899048,2.4102957248687744,20.86774444580078,1.1322077512741089,2.048661947250366,0.5749909281730652,-0.10025526583194733,0.030902288854122162,-0.03227663412690163,1.1309058666229248,2.054142951965332,0.5756856799125671
1549,0.5032818913459778,0.6440225839614868,2.0567479133605957,9.145172119140625,104.42684173583984,7.32241678237915,5.292903900146484,1.4147639274597168,0.41948598623275757,0.2826026976108551,-0.07812444120645523,7.330783367156982,5.300097465515137,1.4165455102920532
1550,0.4835456907749176,0.6370129585266113,1.286476492881775,5.358516216278076,59.52825927734375,4.828848361968994,2.1655006408691406,0.8405510187149048,0.046658750623464584,0.3119480311870575,-0.1255047619342804,4.8420915603637695,2.1488914489746094,0.8334468007087708
1551,0.5444072484970093,0.6285213232040405,1.772299885749817,6.75445556640625,54.48148727416992,5.1116132736206055,4.190053939819336,1.3919522762298584,0.7289559245109558,-0.013020430691540241,-0.04062458872795105,5.073481559753418,4.20172119140625,1.3952404260635376
1552,0.48229119181632996,0.6438612937927246,0.9972728490829468,3.7239785194396973,34.605926513671875,1.058194637298584,3.414440393447876,1.0439530611038208,0.030362514778971672,-0.43891140818595886,0.14137043058872223,1.0607094764709473,3.3955578804016113,1.0372217893600464
1553,0.5789783596992493,0.6575567126274109,0.7682396769523621,2.015411376953125,16.09560203552246,1.324144721031189,1.4557746648788452,0.43502163887023926,-0.04430890828371048,-0.05807936564087868,0.0359916165471077,1.3270947933197021,1.4586732387542725,0.43473947048187256
1554,0.5204670429229736,0.615731954574585,0.6354642510414124,1.5978622436523438,12.74344539642334,0.7832833528518677,1.3118197917938232,0.4677177369594574,-0.03503909334540367,0.02860218472778797,-0.061536937952041626,0.7846818566322327,1.3151662349700928,0.4649451971054077
1555,0.5133129358291626,0.6333658695220947,3.1647915840148926,12.736645698547363,83.49268341064453,8.359909057617188,9.16292667388916,2.893934726715088,0.15914811193943024,-0.9499285817146301,0.24422955513000488,8.381708145141602,9.138975143432617,2.8916542530059814
1556,0.5557698607444763,0.6456132531166077,2.463742256164551,10.826858520507812,82.85492706298828,7.069293975830078,7.7561187744140625,2.6624395847320557,-0.6805315017700195,0.23183594644069672,-0.25786328315734863,7.056088924407959,7.774277687072754,2.6573143005371094
1557,0.5440167784690857,0.6438760757446289,2.1217198371887207,9.42875862121582,91.6768569946289,8.803425788879395,2.95088267326355,1.6411736011505127,0.48391056060791016,0.3000796139240265,-0.2406197488307953,8.814635276794434,2.9437737464904785,1.6279672384262085
1558,0.44636639952659607,0.6125410199165344,0.95913165807724,2.0381968021392822,13.20316219329834,1.1236326694488525,1.5663597583770752,0.6619767546653748,-0.25994861125946045,-0.09540160000324249,0.003048194805160165,1.0961993932724,1.5678129196166992,0.6638162136077881
1559,0.5358021259307861,0.6240708827972412,1.9342193603515625,7.835158824920654,75.96896362304688,3.7564191818237305,6.649553298950195,1.7499942779541016,0.009092235937714577,-0.7709032297134399,0.19552797079086304,3.7668864727020264,6.623138904571533,1.7438876628875732
1560,0.5330163836479187,0.6083819270133972,1.5503370761871338,7.317166805267334,70.46826934814453,3.6859424114227295,5.841728210449219,2.4143259525299072,-0.1333918273448944,0.18099509179592133,0.19214458763599396,3.693803071975708,5.855210304260254,2.4133808612823486
1561,0.5106597542762756,0.6220031380653381,1.9142056703567505,7.719653129577637,67.17729949951172,6.103734493255615,4.351908206939697,1.8434643745422363,-0.07594860345125198,0.024770567193627357,0.05192427709698677,6.120286464691162,4.36397647857666,1.8478728532791138
1562,0.5134134888648987,0.6214863061904907,1.2837259769439697,5.61448335647583,60.054466247558594,4.8896026611328125,2.563164234161377,1.0219566822052002,-0.2457088977098465,-0.22412194311618805,0.08153245598077774,4.89704704284668,2.560469150543213,1.021540641784668
1563,0.4236704111099243,0.6030983924865723,1.4024455547332764,8.791482925415039,116.82324981689453,6.134016036987305,5.2611470222473145,3.461843252182007,0.21490201354026794,-0.455108642578125,0.2669615149497986,6.147350311279297,5.256045341491699,3.4611618518829346
1564,0.5848531723022461,0.6189397573471069,1.3548088073730469,7.130381107330322,92.11454010009766,6.411120414733887,2.783102512359619,1.4121649265289307,0.34449103474617004,-0.09709570556879044,0.07653481513261795,6.41971492767334,2.7891669273376465,1.4140228033065796
1565,0.5597601532936096,0.6133332252502441,1.3299610614776611,7.210076332092285,94.50912475585938,1.623969554901123,6.987173557281494,0.7261786460876465,-0.24189957976341248,-0.6353383660316467,-0.08306429535150528,1.610331654548645,6.97763729095459,0.7234246134757996
1566,0.5331941246986389,0.6568039059638977,1.592384934425354,5.5590620040893555,59.639705657958984,3.7220406532287598,4.013452053070068,0.9704582095146179,0.08444589376449585,-0.38067755103111267,-0.009755670092999935,3.731462001800537,4.006502151489258,0.9731160402297974
1567,0.5366765856742859,0.635572075843811,2.2659435272216797,10.65605640411377,97.92867279052734,9.104065895080566,4.680639266967773,2.9595847129821777,-0.006171205546706915,-0.002657127333804965,0.12324129045009613,9.1294584274292,4.693694591522217,2.9652655124664307
1568,0.5189983248710632,0.6449248194694519,0.9932463765144348,2.064126491546631,12.266433715820312,1.4366390705108643,1.347065806388855,0.6181418895721436,-0.1600765585899353,-0.05565587431192398,0.08519044518470764,1.4316755533218384,1.3496699333190918,0.6139512062072754
1569,0.5315671563148499,0.6254459023475647,1.7473677396774292,9.884329795837402,124.4913330078125,9.110040664672852,3.718639850616455,0.937477171421051,0.756718099117279,-0.4117984473705292,0.05096958950161934,9.1038818359375,3.7060770988464355,0.9387016892433167
1570,0.517515242099762,0.6285308599472046,1.697448492050171,6.871052265167236,69.38127899169922,4.800695419311523,4.179654598236084,2.5875043869018555,-0.7201250195503235,0.2676694393157959,-0.06885864585638046,4.759616374969482,4.182709217071533,2.5938029289245605
1571,0.5668709874153137,0.6195318102836609,1.137542963027954,5.690753936767578,73.57563781738281,2.8530173301696777,4.589165210723877,1.7845286130905151,0.1561618149280548,-0.23578636348247528,0.10216823220252991,2.856686592102051,4.595888137817383,1.7865710258483887
1572,0.6088791489601135,0.6110879182815552,2.2776403427124023,7.795651435852051,55.26109313964844,5.221919059753418,5.107812404632568,2.7228658199310303,-0.0916079729795456,0.03837626799941063,0.17768770456314087,5.2356791496276855,5.121915817260742,2.7246406078338623
1573,0.6078113913536072,0.612662672996521,1.2314906120300293,4.9689202308654785,62.30198287963867,4.650478839874268,1.5560790300369263,0.801143229007721,-0.4250040054321289,0.012972726486623287,-0.12023067474365234,4.6439361572265625,1.5603653192520142,0.7942795157432556
1574,0.609524130821228,0.6112855672836304,2.0921199321746826,9.191108703613281,84.49728393554688,3.849175453186035,8.042106628417969,2.232678174972534,0.32628652453422546,-0.5504275560379028,0.16788563132286072,3.8460195064544678,8.04562759399414,2.232567548751831
1575,0.5905998945236206,0.5897042155265808,1.8943949937820435,7.339306831359863,55.5963134765625,4.078810214996338,5.60155725479126,2.418942451477051,0.4183284342288971,0.021266132593154907,-0.14555178582668304,4.0686187744140625,5.617142200469971,2.421294689178467
1576,0.5598610043525696,0.6154401898384094,2.1047098636627197,8.299426078796387,75.71324920654297,5.726325511932373,5.365145206451416,2.7027556896209717,0.43888142704963684,0.09162679314613342,-0.06105614826083183,5.725408554077148,5.3793253898620605,2.7096030712127686
1577,0.6190652251243591,0.6056920886039734,2.0340585708618164,10.885941505432129,127.33201599121094,7.947214126586914,7.2678704261779785,1.588567852973938,0.8772220611572266,-0.8094348907470703,0.18029062449932098,7.920684337615967,7.24280309677124,1.582706332206726
1578,0.551231861114502,0.5857714414596558,2.8642354011535645,14.202066421508789,115.9928207397461,8.867132186889648,10.250798225402832,4.241909503936768,-0.29628270864486694,-0.3250276744365692,0.5138121247291565,8.886900901794434,10.274224281311035,4.222420692443848
1579,0.5321202278137207,0.5641424655914307,1.2805525064468384,3.8358426094055176,34.06908416748047,3.077549457550049,2.2058398723602295,0.6137162446975708,-0.23836132884025574,-0.06318872421979904,0.049763936549425125,3.0768632888793945,2.211085081100464,0.6134015917778015
1580,0.5288457870483398,0.6177944540977478,2.6966392993927,13.683650970458984,138.7060089111328,11.020736694335938,7.711400508880615,2.5139529705047607,-0.3600654602050781,-0.5921714901924133,0.01615544967353344,11.045578002929688,7.710076332092285,2.5209133625030518
1581,0.5520585179328918,0.6130511164665222,2.699239492416382,10.934782981872559,83.90702056884766,7.861455917358398,7.30433464050293,2.1008825302124023,0.764606773853302,-0.2231658548116684,0.11436693370342255,7.846008777618408,7.321290016174316,2.103618860244751
1582,0.5373849868774414,0.613726794719696,2.6441152095794678,9.423747062683105,55.64252471923828,7.48518705368042,4.979416370391846,2.8256704807281494,0.18824611604213715,-0.7081207633018494,0.3481946885585785,7.503692150115967,4.942556381225586,2.8119568824768066
1583,0.5117446780204773,0.6395313143730164,1.2503031492233276,4.574804306030273,52.905826568603516,1.8069671392440796,3.355422019958496,2.53078031539917,0.06686298549175262,0.035549096763134,-0.2394726723432541,1.8107664585113525,3.3645927906036377,2.5264525413513184
1584,0.47761136293411255,0.6112327575683594,0.7167484760284424,1.3746898174285889,10.740160942077637,0.7779424786567688,1.0148346424102783,0.5046662092208862,-0.12062214314937592,0.007368405815213919,-0.04863816499710083,0.770677924156189,1.0176386833190918,0.5037181377410889
1585,0.43358635902404785,0.6469792127609253,1.559029459953308,6.834680080413818,76.56976318359375,6.4204230308532715,2.232966661453247,0.7105430960655212,-0.14716729521751404,-0.028668595477938652,-0.05641136318445206,6.436641216278076,2.2390105724334717,0.7102760076522827
1586,0.4037414789199829,0.6019288897514343,1.1173365116119385,4.377305507659912,44.316162109375,2.026822328567505,3.495086669921875,1.6843881607055664,-0.13948769867420197,0.41655105352401733,-0.17186708748340607,2.0276570320129395,3.4798550605773926,1.680271029472351
1587,0.5509260296821594,0.6139757633209229,1.21700918674469,6.452229976654053,83.84446716308594,6.000128269195557,2.317697048187256,0.507944643497467,-0.4827101528644562,-0.052605874836444855,0.012929429300129414,5.9973626136779785,2.32356333732605,0.5091964602470398
1588,0.4808909296989441,0.6383281946182251,2.2270348072052,7.945868968963623,75.45580291748047,6.15017032623291,4.5401387214660645,2.1678059101104736,-0.9441350698471069,0.12767399847507477,0.06355111300945282,6.094221591949463,4.551002025604248,2.1729185581207275
1589,0.4952787160873413,0.6234617829322815,0.7678866386413574,2.7421224117279053,33.96681213378906,1.9899688959121704,1.803147315979004,0.5549030900001526,0.08431728184223175,-0.21733182668685913,0.015656180679798126,1.993727684020996,1.7949949502944946,0.5562294125556946
1590,0.4941835105419159,0.6181848049163818,1.4439491033554077,7.616466999053955,83.28045654296875,4.773858070373535,5.781230926513672,1.3409756422042847,-0.31192800402641296,0.5754725933074951,-0.09880727529525757,4.776944160461426,5.768564224243164,1.3410608768463135
1591,0.4703626334667206,0.6335216164588928,1.8178070783615112,8.52782154083252,98.09701538085938,1.6335982084274292,8.158195495605469,1.8705439567565918,-0.16293734312057495,0.2946728765964508,-0.004427374806255102,1.629986047744751,8.175613403320312,1.8757563829421997
1592,0.47165924310684204,0.6395301818847656,0.9645782113075256,2.9059407711029053,31.87357521057129,2.312553644180298,1.6561367511749268,0.5948090553283691,-0.3322264552116394,0.030923394486308098,-0.023488802835345268,2.2949488162994385,1.6604666709899902,0.596002995967865
1593,0.45332449674606323,0.622572660446167,1.6209341287612915,8.970565795898438,102.76921081542969,1.255128264427185,8.406876564025879,2.8670759201049805,-0.042808689177036285,-0.7681490778923035,0.2782004475593567,1.257897138595581,8.395061492919922,2.861506223678589
1594,0.5595080852508545,0.6282238364219666,1.978010892868042,8.529634475708008,86.445556640625,7.049874782562256,4.347704887390137,2.0374958515167236,-0.8966449499130249,0.12758125364780426,-0.10029952973127365,7.012126922607422,4.357954502105713,2.0407021045684814
1595,0.45867252349853516,0.6360298991203308,1.502200722694397,7.806964874267578,100.89289855957031,4.373424530029297,6.251092910766602,1.6570146083831787,-0.38452035188674927,-0.4504115879535675,0.08131576329469681,4.368639945983887,6.252236366271973,1.6596348285675049
1596,0.5246667861938477,0.6301161646842957,2.3260653018951416,9.146764755249023,86.67401123046875,6.996138572692871,5.757662296295166,1.2516685724258423,-0.0771467462182045,-0.8336061239242554,0.1368301808834076,7.0152268409729,5.712888717651367,1.2476375102996826
1597,0.4050990045070648,0.58842533826828,0.6485946178436279,2.034348249435425,24.84238624572754,1.3784964084625244,1.3749289512634277,0.589823305606842,-0.15659287571907043,0.04673759266734123,-0.01284225843846798,1.3733937740325928,1.3779672384262085,0.5913283228874207
1598,0.4827214777469635,0.6695821285247803,1.5504751205444336,6.656147480010986,65.52447509765625,3.959376573562622,4.861565113067627,2.234461545944214,0.38548770546913147,0.4138614237308502,-0.2977850139141083,3.9515581130981445,4.857428550720215,2.2207069396972656
1599,0.4025764465332031,0.6232592463493347,1.2024492025375366,8.67698860168457,115.59319305419922,1.0046666860580444,7.77777624130249,3.713083267211914,-0.015564610250294209,-0.5849515795707703,0.1894635409116745,1.0073482990264893,7.7773823738098145,3.718590497970581
1600,0.49001678824424744,0.6833553910255432,1.580489158630371,6.338446617126465,55.31749725341797,4.912145137786865,3.906972646713257,0.8844798803329468,0.14218275249004364,-0.40102922916412354,-0.05991378426551819,4.9237823486328125,3.89717698097229,0.8849097490310669
1601,0.40374690294265747,0.6080229878425598,0.5121653079986572,0.826586902141571,4.077487945556641,0.5533452033996582,0.5048375129699707,0.3495626747608185,-0.051760584115982056,-0.053724564611911774,-0.024266760796308517,0.5524557828903198,0.5033708810806274,0.34969207644462585
1602,0.5080367922782898,0.673407793045044,2.558793306350708,12.333247184753418,145.89547729492188,3.45833420753479,11.267455101013184,3.6322693824768066,-0.06674749404191971,-1.0687707662582397,0.3520866930484772,3.467334747314453,11.24793815612793,3.625249147415161
1603,0.48716282844543457,0.6431660652160645,2.3962721824645996,11.390042304992676,108.4301528930664,7.297436237335205,7.951895236968994,3.639760971069336,0.726489782333374,-0.9966030716896057,0.30183735489845276,7.281437873840332,7.911202907562256,3.6373417377471924
1604,0.456906259059906,0.6572979688644409,2.4421796798706055,12.333992004394531,110.24056243896484,10.109273910522461,6.707362651824951,2.222888469696045,0.11269092559814453,-0.510019838809967,-0.11847923696041107,10.136841773986816,6.706599712371826,2.2259204387664795
1605,0.5540056228637695,0.6028249263763428,2.7223339080810547,13.101250648498535,100.12881469726562,8.452991485595703,9.421770095825195,3.3793375492095947,0.7314320802688599,-1.1775996685028076,0.5513356924057007,8.444778442382812,9.373963356018066,3.3433589935302734
1606,0.5275573134422302,0.6343415975570679,1.6732313632965088,10.947846412658691,145.33050537109375,4.169347286224365,9.735786437988281,2.772426128387451,-0.22773124277591705,-0.7887484431266785,0.2216910570859909,4.174736022949219,9.730852127075195,2.771256685256958
1607,0.48617756366729736,0.6229889988899231,1.9527184963226318,10.556011199951172,128.86471557617188,3.2036855220794678,9.662125587463379,2.7944719791412354,0.20568396151065826,0.5221866369247437,-0.1798723191022873,3.20599365234375,9.67491626739502,2.7964558601379395
1608,0.43050286173820496,0.6090144515037537,1.8227970600128174,10.004646301269531,119.63638305664062,4.3664984703063965,8.475196838378906,3.0327651500701904,0.00892089493572712,-0.872508704662323,0.13319891691207886,4.378669738769531,8.453680038452148,3.038289785385132
1609,0.4835892915725708,0.6623308062553406,1.7329621315002441,10.144367218017578,109.17079162597656,4.479856967926025,8.424667358398438,3.444424867630005,-0.0543525405228138,-0.978845477104187,0.2642906606197357,4.492022514343262,8.390948295593262,3.443849802017212
1610,0.46090880036354065,0.6403223872184753,1.6927697658538818,10.171709060668945,127.23486328125,2.16748046875,9.171771049499512,3.8267900943756104,0.06580619513988495,-0.8069320321083069,0.279276967048645,2.1725244522094727,9.161689758300781,3.8272316455841064
1611,0.5511646270751953,0.6152894496917725,2.32259202003479,9.9137544631958,99.32951354980469,9.457993507385254,2.62711763381958,1.3882167339324951,1.0194616317749023,-0.00028075111913494766,-0.1882513165473938,9.429119110107422,2.6344454288482666,1.37923002243042
1612,0.5087271332740784,0.6013060212135315,1.6688120365142822,6.629953384399414,68.81800079345703,4.8336663246154785,4.2209882736206055,1.6658974885940552,0.6934522390365601,-0.4354255497455597,0.2074379175901413,4.797008991241455,4.21018123626709,1.6575424671173096
1613,0.5241203904151917,0.6313714385032654,1.7498440742492676,7.65059757232666,93.34224700927734,6.517026901245117,3.830850601196289,1.1766849756240845,0.4357652962207794,-0.25794678926467896,-0.07946982234716415,6.5205793380737305,3.832818031311035,1.177273154258728
1614,0.45908036828041077,0.6451168656349182,1.7094594240188599,9.373942375183105,108.5221939086914,3.4115262031555176,8.10525894165039,3.2460851669311523,0.524052083492279,-0.6264800429344177,0.008972194977104664,3.3804385662078857,8.10355281829834,3.255127191543579
1615,0.5943945050239563,0.6280640959739685,2.613251209259033,12.30627155303955,113.11125183105469,9.325960159301758,7.300024509429932,3.3437116146087646,0.0613965168595314,-0.024610424414277077,-0.13068297505378723,9.35177230834961,7.320345401763916,3.3504767417907715
1616,0.4871840476989746,0.639003336429596,2.280729293823242,12.516916275024414,112.97928619384766,8.949974060058594,8.513111114501953,2.024376392364502,1.2307298183441162,-0.7356265783309937,-0.005100891459733248,8.889678001403809,8.504925727844238,2.0300166606903076
1617,0.48933252692222595,0.6552614569664001,1.9618768692016602,9.036722183227539,94.86238861083984,2.7405202388763428,8.23913860321045,2.503695487976074,0.3925868272781372,0.3589530289173126,-0.13391149044036865,2.719820499420166,8.254277229309082,2.5070855617523193
1618,0.49873435497283936,0.6196098923683167,2.3682310581207275,14.542823791503906,149.2699432373047,11.424749374389648,8.50730037689209,2.931663751602173,1.284485936164856,-0.42326101660728455,0.21585889160633087,11.383977890014648,8.520465850830078,2.931861400604248
1619,0.5597313046455383,0.6202065348625183,1.6966300010681152,9.622777938842773,114.50684356689453,5.582352161407471,6.958273410797119,3.6079955101013184,0.5891928672790527,-0.7834540605545044,0.2831878662109375,5.566656112670898,6.933313369750977,3.6068978309631348
1620,0.4910486936569214,0.6374744772911072,1.7305705547332764,10.8076171875,141.72703552246094,1.8727338314056396,10.437505722045898,2.0870845317840576,0.04911033809185028,0.8817230463027954,-0.2466297149658203,1.8773117065429688,10.429206848144531,2.078242063522339
1621,0.6036049723625183,0.6389846205711365,2.2491776943206787,8.899591445922852,76.15369415283203,6.383260726928711,5.702547550201416,2.4367306232452393,0.05844198912382126,0.6260074973106384,-0.2082665115594864,6.400798320770264,5.683893203735352,2.434586524963379
1622,0.5158934593200684,0.6185239553451538,1.9416314363479614,9.590150833129883,101.72348022460938,3.9291791915893555,8.162516593933105,3.1473605632781982,0.41703084111213684,-0.7714534401893616,0.21148626506328583,3.9178833961486816,8.14864444732666,3.1490063667297363
1623,0.5845020413398743,0.6479508876800537,1.3001649379730225,4.912541389465332,48.28126907348633,4.090653896331787,2.616366147994995,0.7444751262664795,-0.4373804032802582,-0.11335799098014832,0.03879288211464882,4.078548908233643,2.6212005615234375,0.745537519454956
1624,0.5397211313247681,0.6070405840873718,1.22026789188385,4.14306640625,43.16500473022461,3.2341041564941406,2.3029580116271973,1.1840410232543945,0.25279495120048523,-0.015033208765089512,0.06803774833679199,3.2332026958465576,2.309332847595215,1.1853818893432617
1625,0.595720648765564,0.608731210231781,4.714318752288818,21.135337829589844,166.9722900390625,11.95189380645752,16.269285202026367,6.258199691772461,-0.8892852067947388,1.9046618938446045,-0.6896626353263855,11.952010154724121,16.20248031616211,6.237433433532715
1626,0.5128940343856812,0.640640377998352,1.5111753940582275,5.530938148498535,49.79544448852539,3.0389490127563477,4.3911051750183105,1.440228819847107,0.37983712553977966,-0.10513190180063248,-0.07135561853647232,3.0235276222229004,4.4020915031433105,1.4424724578857422
1627,0.552324116230011,0.6499947905540466,1.7298768758773804,7.497137069702148,72.65232849121094,2.4169301986694336,6.596898555755615,2.6165709495544434,0.4202365577220917,-0.23315587639808655,-0.03805520012974739,2.3867554664611816,6.611166477203369,2.6235921382904053
1628,0.5190833806991577,0.6178520917892456,2.983995199203491,11.70141887664795,100.6484375,9.648558616638184,6.132814407348633,2.493407964706421,-0.9293511509895325,-0.7153077125549316,-0.0540340431034565,9.630485534667969,6.107945919036865,2.4997758865356445
1629,0.6068673729896545,0.5983067154884338,2.591644048690796,11.21423053741455,99.58997344970703,4.075645923614502,9.694551467895508,3.8940651416778564,0.23928561806678772,1.3814278841018677,-0.539731502532959,4.079965114593506,9.62238883972168,3.867236614227295
1630,0.5095186829566956,0.6108282208442688,2.4612538814544678,10.939781188964844,116.7174301147461,5.596044063568115,8.955434799194336,2.8571465015411377,0.09777665138244629,0.5143185257911682,-0.11876993626356125,5.6107964515686035,8.965592384338379,2.862639904022217
1631,0.49363523721694946,0.5882987380027771,1.1885043382644653,3.2355451583862305,26.269296646118164,2.4306130409240723,1.8921951055526733,0.9901863932609558,0.12179449200630188,0.08603311330080032,-0.1206885278224945,2.434331178665161,1.8955110311508179,0.9855452179908752
1632,0.574621319770813,0.613365650177002,2.698885202407837,16.952693939208984,161.05015563964844,4.29676628112793,15.806168556213379,4.369976997375488,-0.3180729150772095,-1.6103132963180542,0.4721717834472656,4.296929359436035,15.76778793334961,4.35651159286499
1633,0.5867837071418762,0.6452715396881104,2.45577335357666,14.497209548950195,169.36981201171875,6.097219467163086,12.356867790222168,4.50564432144165,0.19243068993091583,1.3701376914978027,-0.45860832929611206,6.111181735992432,12.31492805480957,4.494746208190918
1634,0.53420090675354,0.6351706385612488,2.019771099090576,11.510689735412598,113.82207489013672,7.731657028198242,7.631426811218262,3.8050990104675293,-0.057023242115974426,0.10386433452367783,0.10672270506620407,7.7530131340026855,7.652005195617676,3.8142120838165283
1635,0.4723241627216339,0.612905740737915,1.1094247102737427,3.799384117126465,42.927650451660156,1.623702883720398,3.120603561401367,1.4355276823043823,0.08520305156707764,0.2829975485801697,-0.2894878387451172,1.625988483428955,3.1164140701293945,1.409957766532898
1636,0.6068135499954224,0.5962074995040894,0.7180638909339905,1.8652139902114868,21.501848220825195,1.217624545097351,1.3296865224838257,0.4778575003147125,0.058819983154535294,0.05453922599554062,-0.0852963924407959,1.219595193862915,1.3322733640670776,0.47149479389190674
1637,0.5114765167236328,0.6449491381645203,0.9172965288162231,2.2476062774658203,14.388016700744629,1.3620318174362183,1.693189263343811,0.5742071270942688,0.03233995661139488,0.027244187891483307,0.02188575640320778,1.3654459714889526,1.6976923942565918,0.5753904581069946
1638,0.487966924905777,0.6361538767814636,2.2218778133392334,12.410066604614258,146.94810485839844,3.9692025184631348,10.652082443237305,4.978787422180176,0.31672564148902893,-0.28538501262664795,0.10717063397169113,3.9675815105438232,10.677960395812988,4.991518497467041
1639,0.5412282347679138,0.6065290570259094,1.1392260789871216,3.2216455936431885,25.274734497070312,2.2344696521759033,1.6761256456375122,1.6052250862121582,0.3412879705429077,0.0633234903216362,-0.23926040530204773,2.214411735534668,1.6796011924743652,1.5917216539382935
1640,0.5334359407424927,0.6013731360435486,1.6653598546981812,7.477199554443359,78.2820816040039,4.477622032165527,5.822911262512207,1.3975411653518677,-0.0996837243437767,0.5623783469200134,-0.29642221331596375,4.488998889923096,5.811856746673584,1.3695529699325562
1641,0.5652682781219482,0.6145004630088806,1.2063571214675903,4.667586326599121,53.66565704345703,2.0271270275115967,4.132343769073486,0.7751489877700806,0.08692602068185806,-0.41278699040412903,0.02576197311282158,2.030911922454834,4.123144149780273,0.7768818140029907
1642,0.5639176368713379,0.6015928387641907,2.9745399951934814,11.717277526855469,80.81733703613281,5.6161956787109375,9.63537883758545,3.5933828353881836,0.4056415557861328,-0.48844414949417114,-0.03440181165933609,5.617152214050293,9.649832725524902,3.603241205215454
1643,0.5123497843742371,0.6377906203269958,1.4461222887039185,6.3338751792907715,65.40526580810547,5.959085941314697,1.9189623594284058,0.9616929888725281,0.6671082377433777,-0.013649527914822102,0.0013546785339713097,5.938145160675049,1.9242664575576782,0.9643746018409729
1644,0.561547577381134,0.6022403836250305,1.8343329429626465,6.425190448760986,53.35048294067383,4.830794334411621,3.996955394744873,1.403871774673462,-0.26915669441223145,-0.017117749899625778,0.022009477019309998,4.8367438316345215,4.008067607879639,1.4076145887374878
1645,0.5208677649497986,0.6191219687461853,2.5294296741485596,12.081897735595703,95.39473724365234,8.220904350280762,7.988606929779053,3.8172171115875244,-0.052038151770830154,-0.19236916303634644,-0.2726089656352997,8.243670463562012,8.008566856384277,3.8180909156799316
1646,0.5054223537445068,0.6320756077766418,1.4791603088378906,8.38668155670166,105.68750762939453,3.3012771606445312,7.589296817779541,1.3566749095916748,-0.40968209505081177,-0.5186780095100403,0.08027399331331253,3.284895181655884,7.592671871185303,1.358075499534607
1647,0.5219219326972961,0.6324188113212585,2.1186652183532715,11.771248817443848,118.2065200805664,3.5118229389190674,10.734694480895996,3.315983533859253,0.2684685289859772,0.9607493281364441,-0.37062883377075195,3.5113131999969482,10.721437454223633,3.3043975830078125
1648,0.4689844846725464,0.6025564670562744,1.6968852281570435,8.81119155883789,95.53516387939453,2.2711377143859863,8.448156356811523,1.0524662733078003,-0.17235040664672852,-1.0801706314086914,0.12534099817276,2.2709054946899414,8.402189254760742,1.0478910207748413
1649,0.5633748769760132,0.574865460395813,2.9959094524383545,13.184966087341309,117.87786865234375,7.4151740074157715,9.868936538696289,4.63277530670166,0.10071676224470139,0.8642817139625549,-0.5311856865882874,7.435171604156494,9.858441352844238,4.6150593757629395
1650,0.48172131180763245,0.6191146373748779,2.907890558242798,12.775230407714844,96.39033508300781,6.9772539138793945,10.183028221130371,3.290952682495117,-0.08262774348258972,-0.6514976024627686,0.14189092814922333,6.996225833892822,10.190511703491211,3.2970638275146484
1651,0.6086319088935852,0.5918764472007751,2.1428706645965576,6.513584613800049,67.84593963623047,2.9817724227905273,5.6232590675354,1.3837558031082153,-0.21085421741008759,-0.3079150319099426,-0.041794486343860626,2.982604503631592,5.630483627319336,1.3869826793670654
1652,0.5492659211158752,0.6242138147354126,2.6316373348236084,12.895149230957031,115.10012817382812,7.161301612854004,9.914024353027344,4.088127136230469,0.714972198009491,-0.36014121770858765,0.2330341786146164,7.145396709442139,9.935115814208984,4.092864513397217
1653,0.46467286348342896,0.6364859938621521,1.747780203819275,9.354718208312988,113.66635131835938,2.0151243209838867,8.129922866821289,4.165859222412109,-0.02859179861843586,0.682839572429657,-0.2957253158092499,2.0205416679382324,8.123793601989746,4.166940212249756
1654,0.5731332302093506,0.6191605925559998,3.473825216293335,13.489288330078125,105.46251678466797,8.589300155639648,9.906091690063477,3.1708309650421143,0.36181360483169556,0.7329522371292114,-0.3057776987552643,8.605613708496094,9.906496047973633,3.164856195449829
1655,0.5509133338928223,0.6235921382904053,3.1724889278411865,15.05040168762207,125.45576477050781,9.082186698913574,11.386874198913574,3.7904582023620605,0.3140953481197357,-0.6577922701835632,0.18418492376804352,9.102073669433594,11.399567604064941,3.7965409755706787
1656,0.5114312767982483,0.607266902923584,2.490528106689453,9.52897834777832,77.68543243408203,5.706231594085693,7.3764448165893555,1.9566318988800049,-0.47915446758270264,-1.172478437423706,0.04905854910612106,5.701939105987549,7.302980899810791,1.961472988128662
1657,0.48112791776657104,0.656195342540741,2.3953680992126465,14.268471717834473,177.42417907714844,13.65704345703125,3.9490177631378174,1.216434121131897,-0.7174593806266785,-0.49109819531440735,0.07314790785312653,13.676228523254395,3.9292922019958496,1.217619776725769
1658,0.5609702467918396,0.6216095089912415,2.9150774478912354,13.959426879882812,123.38539123535156,8.776426315307617,10.133172988891602,3.8934245109558105,-0.6230865120887756,-0.471845805644989,-0.053430404514074326,8.778698921203613,10.15041732788086,3.903916835784912
1659,0.5037486553192139,0.6455411911010742,2.8932406902313232,12.641822814941406,108.3572006225586,4.640291690826416,11.453640937805176,2.664111614227295,-0.13539932668209076,-0.6535754799842834,-0.017887957394123077,4.651254177093506,11.466873168945312,2.671482801437378
1660,0.5102561116218567,0.633814811706543,1.6256439685821533,5.75800085067749,62.18018341064453,4.495255470275879,3.3731462955474854,1.2526531219482422,0.25961560010910034,0.3504478335380554,-0.10548114776611328,4.500270843505859,3.3642501831054688,1.2516858577728271
1661,0.5724588632583618,0.5993092060089111,4.047101020812988,15.396361351013184,116.82084655761719,8.550424575805664,12.231554985046387,3.7851290702819824,-0.5087465047836304,0.061234887689352036,-0.2739604711532593,8.55908489227295,12.265520095825195,3.7857322692871094
1662,0.5468886494636536,0.6262858510017395,2.033921957015991,7.541867733001709,48.68903350830078,5.23380708694458,5.136315822601318,1.7621841430664062,0.24227549135684967,-0.1648435890674591,0.08082704991102219,5.2427802085876465,5.1479902267456055,1.7652397155761719
1663,0.4921453297138214,0.6276377439498901,3.7539584636688232,18.430662155151367,141.36383056640625,12.521018028259277,12.958138465881348,3.8729894161224365,0.028350401669740677,-1.7750190496444702,0.4534633457660675,12.55591106414795,12.871795654296875,3.8570802211761475
1664,0.42159563302993774,0.6456215381622314,3.341590166091919,12.71488094329834,101.51160430908203,8.767993927001953,8.582422256469727,3.3365442752838135,0.686062753200531,-0.07083657383918762,-0.3562955856323242,8.765493392944336,8.60606861114502,3.3267197608947754
1665,0.46210306882858276,0.6007214784622192,4.219079494476318,14.936575889587402,103.3070297241211,8.695999145507812,11.352411270141602,4.313192844390869,-0.16631698608398438,-1.0313490629196167,0.4662072956562042,8.718661308288574,11.337000846862793,4.2998833656311035
1666,0.5452709794044495,0.6000044345855713,3.5433292388916016,14.1949462890625,130.62823486328125,9.955578804016113,9.573761940002441,3.2750601768493652,-0.01084103062748909,-0.4739185869693756,0.2504849433898926,9.983343124389648,9.58869743347168,3.274576187133789
1667,0.4801581799983978,0.6121864914894104,1.7253416776657104,7.0221848487854,77.50128173828125,4.2178544998168945,5.415889739990234,1.4794979095458984,0.379568487405777,-0.4855714738368988,0.09575364738702774,4.21245813369751,5.409124851226807,1.4805142879486084
1668,0.512738823890686,0.6266281604766846,2.5973925590515137,10.41907787322998,98.8853530883789,7.6012139320373535,6.4685797691345215,2.989347219467163,0.4168393611907959,-0.6265142560005188,0.2404734343290329,7.610947132110596,6.456126689910889,2.9879708290100098
1669,0.5007182359695435,0.574962854385376,2.212615728378296,7.509467124938965,63.10758590698242,5.51259183883667,4.880241870880127,1.4787389039993286,-0.3248637020587921,0.6893854737281799,-0.06976453959941864,5.5183610916137695,4.844780921936035,1.4812123775482178
1670,0.5465519428253174,0.6504055261611938,3.1323647499084473,13.516722679138184,128.1108856201172,10.293148040771484,8.071942329406738,3.405379295349121,0.2563972473144531,0.4286366403102875,-0.13082319498062134,10.318656921386719,8.083037376403809,3.4123570919036865
1671,0.4872226119041443,0.655443012714386,2.1703145503997803,12.379400253295898,150.6306610107422,5.071078300476074,10.887138366699219,3.000652551651001,-0.03146464005112648,-1.086607575416565,0.14383473992347717,5.085125923156738,10.862994194030762,3.005563735961914
1672,0.43785005807876587,0.6527190804481506,2.054314613342285,6.761009216308594,63.75140380859375,5.327883243560791,3.868635654449463,1.5357614755630493,0.2665939927101135,-0.07736238837242126,-0.0177964698523283,5.336052417755127,3.8786509037017822,1.5399419069290161
1673,0.6197038888931274,0.6251464486122131,3.0762405395507812,14.182104110717773,129.73312377929688,9.932222366333008,9.658482551574707,3.0326170921325684,0.6473362445831299,-1.4771804809570312,0.3594321310520172,9.938750267028809,9.571476936340332,3.0196409225463867
1674,0.5891156792640686,0.5774422287940979,3.009779930114746,13.843647003173828,125.79119110107422,9.985381126403809,9.334933280944824,2.1903693675994873,-0.44845736026763916,-1.0344879627227783,0.28880053758621216,10.003130912780762,9.303314208984375,2.1773033142089844
1675,0.5282039642333984,0.5872337222099304,1.9938548803329468,9.971738815307617,108.65818786621094,2.088094472885132,8.709735870361328,4.383598327636719,0.05014745891094208,-0.8836544752120972,0.4084797501564026,2.0933151245117188,8.688963890075684,4.376699447631836
1676,0.5281132459640503,0.5819956064224243,1.995847463607788,8.974045753479004,85.43651580810547,5.513278484344482,6.466826438903809,2.883993148803711,0.09241214394569397,0.2379358410835266,-0.2734423279762268,5.5278801918029785,6.480473518371582,2.8790090084075928
1677,0.5460876226425171,0.6164761781692505,1.3431880474090576,6.219717502593994,76.31586456298828,4.911962985992432,3.0360000133514404,2.3108890056610107,0.4237411618232727,-0.37277594208717346,0.1405688226222992,4.907301425933838,3.0214319229125977,2.3130435943603516
1678,0.46544283628463745,0.6603273153305054,1.5489554405212402,5.674635410308838,59.481685638427734,5.039760589599609,2.4704692363739014,0.8361092805862427,0.3722739517688751,-0.18374566733837128,-0.04160979762673378,5.040011882781982,2.470498561859131,0.8374026417732239
1679,0.38157889246940613,0.6494321823120117,1.5942529439926147,10.517178535461426,135.56317138671875,9.843404769897461,3.194567918777466,1.8743414878845215,0.823302149772644,0.3015953302383423,-0.182217076420784,9.836275100708008,3.1891708374023438,1.8706668615341187
1680,0.4695724546909332,0.6260614395141602,2.2684805393218994,10.43053913116455,101.48114776611328,7.239415168762207,7.363888263702393,1.4697465896606445,0.3231491446495056,-0.7862837910652161,0.1526367962360382,7.252372741699219,7.342212677001953,1.4658766984939575
1681,0.49671250581741333,0.6415085196495056,2.7154839038848877,13.124249458312988,112.53240203857422,9.899067878723145,8.26052474975586,2.453183889389038,0.5715978145599365,0.20047879219055176,-0.12780725955963135,9.910118103027344,8.281126976013184,2.456686019897461
1682,0.5058698058128357,0.5993344783782959,1.5805491209030151,7.868346691131592,96.64820861816406,1.6047112941741943,6.797379970550537,3.623727798461914,0.0019476785091683269,-0.28674939274787903,0.11558492481708527,1.6091862916946411,6.810273170471191,3.6319873332977295
1683,0.5451483726501465,0.6311243176460266,2.1282482147216797,9.7181396484375,96.64276885986328,5.9510579109191895,6.610104560852051,3.915822744369507,0.5109440088272095,0.4186383783817291,-0.2693530321121216,5.945621967315674,6.615235328674316,3.917444944381714
1684,0.5015245079994202,0.6172952055931091,2.98323917388916,11.909428596496582,115.31536865234375,4.854338645935059,10.452751159667969,3.0016467571258545,-0.37592265009880066,-0.7070181965827942,0.2767238914966583,4.8532609939575195,10.457902908325195,2.9972012042999268
1685,0.528700590133667,0.624283492565155,3.5508246421813965,15.351025581359863,142.74964904785156,10.036922454833984,11.215536117553711,3.0209038257598877,1.4195683002471924,0.8919167518615723,-0.22124318778514862,9.963743209838867,11.211199760437012,3.02119517326355
1686,0.5358547568321228,0.603295087814331,1.6862856149673462,8.130607604980469,83.46082305908203,5.0779128074646,5.817111968994141,2.5461313724517822,-0.27636876702308655,0.6801747679710388,-0.31485217809677124,5.084529876708984,5.7933244705200195,2.5336365699768066
1687,0.546771764755249,0.6147432327270508,3.694176435470581,16.596939086914062,124.06790924072266,12.649731636047363,10.537251472473145,2.0997543334960938,1.2658405303955078,-1.3215954303741455,0.15314386785030365,12.621345520019531,10.483205795288086,2.100003480911255
1688,0.572632908821106,0.6210814118385315,2.096755027770996,9.444668769836426,87.90744018554688,4.325850009918213,8.208988189697266,1.7610489130020142,-0.13035108149051666,-0.886578381061554,0.024224547669291496,4.335947036743164,8.183736801147461,1.765794038772583
1689,0.5974572896957397,0.5968213081359863,1.2744725942611694,7.2126617431640625,95.2091064453125,6.566733360290527,2.8881635665893555,0.7476686835289001,-0.5030741691589355,-0.19906871020793915,0.017743337899446487,6.565698146820068,2.889331817626953,0.7495430707931519
1690,0.5262767672538757,0.5839614272117615,2.7571170330047607,13.159899711608887,137.1082763671875,8.294635772705078,9.995782852172852,2.1133573055267334,-0.060150761157274246,-0.6548501253128052,0.026621071621775627,8.317553520202637,10.002131462097168,2.119084119796753
1691,0.5639870166778564,0.610109806060791,2.1990604400634766,10.996500015258789,101.06302642822266,7.4041314125061035,7.9211812019348145,1.8321409225463867,-0.562620222568512,-0.8354728817939758,0.01403898186981678,7.403317451477051,7.898969650268555,1.8371975421905518
1692,0.6097142696380615,0.581371009349823,2.120164394378662,10.230255126953125,117.52142333984375,3.9440653324127197,8.749991416931152,3.5412023067474365,-0.18516378104686737,-0.4437107741832733,0.19183920323848724,3.9507060050964355,8.763110160827637,3.545865535736084
1693,0.5728428363800049,0.6052676439285278,2.3053860664367676,8.63565444946289,68.09485626220703,5.931464195251465,5.938124656677246,2.0324718952178955,-0.43260449171066284,-0.128242626786232,-0.04902764409780502,5.932168006896973,5.953299522399902,2.037548065185547
1694,0.5547357201576233,0.5824210047721863,3.48098087310791,14.70421028137207,99.79629516601562,7.58357048034668,12.002823829650879,3.8256335258483887,-0.1328476220369339,-0.5117281675338745,0.19493243098258972,7.603557109832764,12.025360107421875,3.8313214778900146
1695,0.5252330303192139,0.5952350497245789,2.563769817352295,12.050457954406738,105.80695343017578,8.003789901733398,8.147263526916504,3.8438258171081543,0.047164637595415115,-0.20395538210868835,-0.08512815088033676,8.025976181030273,8.167428970336914,3.853602409362793
1696,0.5492793917655945,0.6083856821060181,1.6400880813598633,5.831338405609131,43.87582778930664,4.455741882324219,3.355679750442505,1.7000843286514282,0.3057045340538025,-0.1320556104183197,-0.005683030001819134,4.4576416015625,3.362433671951294,1.7048169374465942
1697,0.5725328326225281,0.6089248061180115,1.7300846576690674,5.934777736663818,50.605690002441406,4.585492134094238,3.3629941940307617,1.6985636949539185,0.45784202218055725,-0.41874992847442627,-0.030389420688152313,4.5753045082092285,3.3461291790008545,1.703028917312622
1698,0.5336877703666687,0.6099460124969482,1.5583877563476562,8.109657287597656,104.1728515625,6.0019659996032715,5.193502902984619,1.664471983909607,0.47893720865249634,-0.2964210510253906,0.12148991972208023,5.999514579772949,5.199500560760498,1.6646628379821777
1699,0.5928375124931335,0.6184617877006531,2.4363114833831787,11.714739799499512,111.66232299804688,10.880105018615723,4.187841415405273,1.149091362953186,-0.6937325596809387,-0.09306083619594574,-0.028831228613853455,10.888253211975098,4.198485851287842,1.1519337892532349
1700,0.5660194754600525,0.5990052223205566,1.16605544090271,3.894091844558716,38.47864532470703,2.7360353469848633,2.4467878341674805,1.3004966974258423,-0.06853657215833664,-0.25161707401275635,0.03357616439461708,2.7428061962127686,2.4406049251556396,1.3036895990371704
1701,0.6716701984405518,0.5689700841903687,3.7736854553222656,14.350532531738281,114.69467163085938,12.270973205566406,7.136793613433838,2.104092836380005,1.9880881309509277,-0.3010315001010895,-0.15136121213436127,12.14262866973877,7.150331497192383,2.1044955253601074
1702,0.5914990305900574,0.5992465019226074,3.4434332847595215,17.2918758392334,162.40821838378906,12.584590911865234,10.963536262512207,4.5208258628845215,1.0870954990386963,-0.9934685826301575,0.13524602353572845,12.572521209716797,10.948888778686523,4.531407356262207
1703,0.6084055304527283,0.5882062911987305,3.5162224769592285,14.990952491760254,131.5224151611328,12.713159561157227,7.575095176696777,2.3921058177948,-1.342986822128296,-0.5569748282432556,-0.04079277068376541,12.677289009094238,7.575662612915039,2.3984293937683105
1704,0.5559858083724976,0.5848975777626038,2.5692763328552246,14.096985816955566,130.1407928466797,9.27211856842041,9.845162391662598,3.9781434535980225,0.7849327921867371,-1.1336731910705566,0.3025375008583069,9.264604568481445,9.806953430175781,3.977687358856201
1705,0.573959469795227,0.5963389277458191,2.6357662677764893,12.32144832611084,109.52222442626953,7.5035719871521,9.213454246520996,3.259870767593384,0.1719384640455246,-0.5193884968757629,-0.09833128750324249,7.522526264190674,9.22446060180664,3.2674760818481445
1706,0.536507248878479,0.6089541912078857,1.7307745218276978,9.20769214630127,110.7844467163086,4.458338260650635,7.835884094238281,1.8718301057815552,-0.5529389977455139,-0.9131011962890625,0.10172970592975616,4.436256408691406,7.804209232330322,1.8742775917053223
1707,0.577201247215271,0.5797916054725647,2.7570998668670654,12.64783763885498,134.6919708251953,5.357383728027344,11.1582670211792,2.599867820739746,0.5203381180763245,-0.29406678676605225,-0.10447237640619278,5.346928119659424,11.185505867004395,2.6050140857696533
1708,0.4785729944705963,0.5944153070449829,1.7149180173873901,8.091571807861328,99.7264175415039,2.7362325191497803,7.487959861755371,1.3845638036727905,-0.004000046756118536,-0.6273105144500732,0.13861915469169617,2.743861675262451,7.482450008392334,1.381449818611145
1709,0.660966694355011,0.5727025866508484,2.374002695083618,12.417771339416504,146.4164581298828,6.087216854095459,10.454891204833984,2.8003740310668945,-0.7782632112503052,-0.9900335073471069,0.25012436509132385,6.05410099029541,10.436941146850586,2.796961784362793
1710,0.6131463646888733,0.637643575668335,2.0748283863067627,6.987377643585205,46.95278549194336,4.635900974273682,4.734048366546631,2.2182557582855225,0.39689773321151733,0.6438565850257874,-0.32304829359054565,4.631763935089111,4.703142166137695,2.200728416442871
1711,0.5236389636993408,0.5804184079170227,3.1469523906707764,14.035411834716797,130.08123779296875,10.819670677185059,8.400856971740723,3.05828857421875,-1.3118363618850708,-0.1963559091091156,-0.1237153485417366,10.769806861877441,8.421988487243652,3.0643086433410645
1712,0.632559597492218,0.5749316811561584,2.3618526458740234,10.208700180053711,99.78372955322266,6.4975056648254395,7.123960018157959,3.353977680206299,-0.3805104196071625,-0.7374871969223022,0.226140096783638,6.5044474601745605,7.105449199676514,3.355679512023926
1713,0.5990713834762573,0.5903287529945374,3.1881818771362305,15.581887245178223,138.90914916992188,9.258644104003906,12.074735641479492,3.3576033115386963,0.26830410957336426,-0.8031628131866455,0.4885265827178955,9.280570983886719,12.081600189208984,3.331139087677002
1714,0.654835045337677,0.5885711908340454,2.8706889152526855,16.784875869750977,183.18275451660156,7.774662017822266,14.55920124053955,3.0522754192352295,-0.5866273641586304,-1.515397548675537,0.11589529365301132,7.7741241455078125,14.520513534545898,3.058582305908203
1715,0.6059589385986328,0.5938124656677246,2.4369442462921143,9.922021865844727,88.77668762207031,7.069913864135742,6.680779457092285,1.957043170928955,-1.0116143226623535,0.6737444996833801,-0.12024213373661041,7.0166826248168945,6.665259838104248,1.958794355392456
1716,0.5495280623435974,0.6197419166564941,2.524193286895752,13.675507545471191,156.9729766845703,6.8976850509643555,11.163411140441895,3.8496310710906982,0.6275107860565186,-0.7187138795852661,0.1396331638097763,6.888242721557617,11.171327590942383,3.8578286170959473
1717,0.6304545998573303,0.6093525886535645,3.8989875316619873,16.395423889160156,144.62635803222656,11.94189167022705,10.740320205688477,3.293428421020508,-0.08095834404230118,0.31118735671043396,-0.13480144739151,11.974926948547363,10.765756607055664,3.299847364425659
1718,0.5785709023475647,0.6065165996551514,2.885256767272949,14.908990859985352,133.53599548339844,8.741792678833008,11.347179412841797,4.1352858543396,0.7711697816848755,0.7993470430374146,-0.24856169521808624,8.732000350952148,11.35056209564209,4.139322757720947
1719,0.5907704830169678,0.5901333689689636,4.24530553817749,18.64095115661621,144.8440704345703,14.792004585266113,10.915515899658203,3.0875866413116455,0.6628538370132446,-0.788334310054779,0.18926382064819336,14.818364143371582,10.917379379272461,3.090376377105713
1720,0.6556825041770935,0.5572232604026794,2.9510397911071777,13.525372505187988,121.52822875976562,4.781404495239258,12.006794929504395,3.988830089569092,0.056912340223789215,-1.3150616884231567,0.4019886255264282,4.794402122497559,11.967850685119629,3.9795923233032227
1721,0.5251113176345825,0.6304139494895935,2.188944101333618,8.908555030822754,73.26437377929688,6.971616744995117,4.959399700164795,2.4825937747955322,-0.6560356020927429,0.17571726441383362,0.041343264281749725,6.960041522979736,4.970110893249512,2.4891738891601562
1722,0.6072989702224731,0.6047780513763428,2.732919454574585,13.002213478088379,137.84568786621094,6.591346263885498,10.889154434204102,2.6529297828674316,-0.40635064244270325,0.36007800698280334,-0.2810705602169037,6.597159385681152,10.913557052612305,2.6453566551208496
1723,0.7162821888923645,0.5657566785812378,3.0782957077026367,11.721966743469238,93.12462615966797,6.105254650115967,9.57719898223877,2.8995909690856934,-0.06725700199604034,0.6365544199943542,-0.2046140730381012,6.121912956237793,9.582676887512207,2.900430202484131
1724,0.6944741010665894,0.5599820017814636,5.762489318847656,21.61452865600586,190.56253051757812,18.193870544433594,11.378378868103027,2.5891096591949463,-0.3916613459587097,-0.6533561944961548,0.01627517305314541,18.24039077758789,11.391291618347168,2.596280336380005
1725,0.6947340369224548,0.5820900797843933,2.8774116039276123,11.431966781616211,96.9917984008789,8.121492385864258,7.437516689300537,3.0683181285858154,-0.7702595591545105,0.6990753412246704,-0.050193071365356445,8.10743522644043,7.4252448081970215,3.076465368270874
1726,0.6059462428092957,0.5491743087768555,3.3854618072509766,14.137629508972168,99.38218688964844,8.74647331237793,9.91718864440918,5.00211238861084,0.42899200320243835,-1.2183375358581543,0.24388398230075836,8.76031494140625,9.86952018737793,5.0100998878479
1727,0.6171824932098389,0.6241466999053955,3.0214552879333496,11.661057472229004,91.52294158935547,8.42389965057373,7.610979080200195,2.6629228591918945,-0.15613415837287903,-0.2953484058380127,-0.26708120107650757,8.44594669342041,7.626460552215576,2.656885862350464
1728,0.7118952870368958,0.5921193361282349,3.11718487739563,11.953550338745117,89.65843963623047,8.340709686279297,8.188593864440918,2.5033674240112305,-0.19432519376277924,0.7686534523963928,0.008865436539053917,8.36170482635498,8.175177574157715,2.5103344917297363
1729,0.71253901720047,0.5704942941665649,5.877701759338379,23.92987632751465,202.5086669921875,13.269731521606445,19.280942916870117,4.979806900024414,0.24706332385540009,-0.1847275197505951,-0.02846917137503624,13.304439544677734,19.33383560180664,4.993616104125977
1730,0.5906556844711304,0.5877225995063782,4.470162391662598,18.225624084472656,143.63926696777344,15.248458862304688,9.295857429504395,3.6393489837646484,0.49047303199768066,-1.3267170190811157,0.1520402729511261,15.283080101013184,9.226360321044922,3.6463146209716797
1731,0.6607627272605896,0.6060425639152527,3.1290628910064697,13.036237716674805,108.50454711914062,10.890862464904785,6.8466057777404785,2.1110634803771973,-0.44667088985443115,0.2726866602897644,0.08821485936641693,10.912052154541016,6.860256195068359,2.115103006362915
1732,0.49806225299835205,0.6192778944969177,3.315699577331543,12.108226776123047,83.6646728515625,8.575539588928223,8.236936569213867,2.285198926925659,-0.5874966979026794,0.4721493721008301,-0.3963223993778229,8.579256057739258,8.246331214904785,2.2568471431732178
1733,0.6113848686218262,0.595099925994873,3.557553768157959,14.062517166137695,107.33392333984375,10.810914039611816,8.738004684448242,2.127394914627075,-0.023280493915081024,-0.012338744476437569,-0.08406384289264679,10.841045379638672,8.762370109558105,2.1316630840301514
1734,0.613095760345459,0.6333218812942505,3.938654899597168,13.347002029418945,92.0889663696289,9.389936447143555,9.072566032409668,2.767688274383545,0.40901491045951843,0.2556871175765991,-0.05676672235131264,9.40719223022461,9.094260215759277,2.774824857711792
1735,0.6527164578437805,0.6087008118629456,3.4598701000213623,19.87738037109375,208.38690185546875,9.613326072692871,16.896867752075195,4.146091461181641,0.11812181025743484,-1.971379280090332,0.26799073815345764,9.639412879943848,16.82828140258789,4.148962497711182
1736,0.6642439961433411,0.5651805996894836,5.404958724975586,23.47311019897461,203.06813049316406,12.793402671813965,18.901016235351562,5.483371734619141,1.1007938385009766,-1.593877911567688,0.21638493239879608,12.781509399414062,18.886228561401367,5.494383811950684
1737,0.6825789213180542,0.5868517756462097,2.61736798286438,12.141705513000488,132.45252990722656,10.560476303100586,5.840850830078125,1.3348548412322998,-0.52735835313797,0.3968973457813263,-0.07706504315137863,10.57672119140625,5.8436055183410645,1.3363455533981323
1738,0.5845311880111694,0.5761667490005493,1.9436774253845215,9.435736656188965,99.82006072998047,8.675810813903809,2.9024837017059326,2.3106300830841064,-0.16143979132175446,-0.35485681891441345,-0.1255544126033783,8.698505401611328,2.888745069503784,2.3136520385742188
1739,0.6044130921363831,0.5916459560394287,4.749924659729004,17.958925247192383,136.3525848388672,12.651985168457031,11.840877532958984,4.716346263885498,0.3750039041042328,0.959716796875,-0.4543468952178955,12.681702613830566,11.834839820861816,4.707505226135254
1740,0.6230258941650391,0.5655096769332886,6.202085494995117,20.83243751525879,151.20338439941406,13.4828462600708,14.965720176696777,5.313238620758057,2.057469606399536,-1.5328946113586426,0.1869002878665924,13.362105369567871,14.928533554077148,5.324762344360352
1741,0.6616125106811523,0.6136941313743591,6.122626781463623,20.342479705810547,136.6238250732422,16.302282333374023,11.517704010009766,3.923581123352051,-2.5129997730255127,1.467382550239563,-0.6396994590759277,16.152359008789062,11.455714225769043,3.8818798065185547
1742,0.5691408514976501,0.5305367708206177,4.332294940948486,19.14864158630371,141.013671875,16.53150749206543,9.414278030395508,2.179711103439331,-0.35619404911994934,-0.1349751353263855,0.2312719225883484,16.573772430419922,9.439567565917969,2.173452854156494
1743,0.6667184829711914,0.5579545497894287,4.915865421295166,20.202075958251953,150.07351684570312,15.906851768493652,11.28773307800293,5.2614641189575195,1.1443750858306885,-0.03195919468998909,0.12711310386657715,15.90988826751709,11.319172859191895,5.274600505828857
1744,0.661190390586853,0.5952200293540955,3.739137887954712,15.936506271362305,127.9774169921875,9.940094947814941,11.073278427124023,5.705194473266602,1.5093679428100586,1.1511846780776978,-0.46243131160736084,9.852235794067383,11.043996810913086,5.702284336090088
1745,0.5997883081436157,0.5642942786216736,2.7407684326171875,11.849737167358398,111.46424865722656,10.084371566772461,5.829629421234131,2.176494598388672,-0.27797389030456543,0.031477633863687515,-0.2129422128200531,10.108658790588379,5.845804691314697,2.1720948219299316
1746,0.6750590801239014,0.5643420219421387,5.741260051727295,21.775318145751953,161.24270629882812,17.73448944091797,12.21009635925293,3.250528335571289,1.3340988159179688,-0.3248744308948517,0.050128642469644547,17.733566284179688,12.239821434020996,3.2592077255249023
1747,0.6314921379089355,0.6394553184509277,4.354430675506592,14.544549942016602,105.89335632324219,8.835680961608887,11.043402671813965,3.393810749053955,-0.2416139394044876,-0.7589650750160217,0.10457499325275421,8.857013702392578,11.048022270202637,3.4016613960266113
1748,0.6059426069259644,0.5813339948654175,3.595597743988037,13.214997291564941,101.69178771972656,10.78122615814209,6.853684425354004,3.380585193634033,-0.8364617228507996,-0.3796561360359192,-0.13839969038963318,10.77871036529541,6.862249374389648,3.3871726989746094
1749,0.6569709777832031,0.5828427076339722,5.76153564453125,20.314098358154297,168.2332305908203,8.93932819366455,17.851024627685547,3.7539265155792236,-0.507807195186615,1.3385956287384033,-0.13725584745407104,8.949788093566895,17.850418090820312,3.761880397796631
1750,0.6093401312828064,0.5897203683853149,1.9447040557861328,10.810505867004395,133.9093780517578,9.84434986114502,3.9584438800811768,2.070392370223999,0.9709895253181458,0.3717343807220459,-0.1660604327917099,9.8236722946167,3.9519436359405518,2.0694785118103027
1751,0.5535454154014587,0.5855723023414612,2.4046683311462402,10.841998100280762,103.36096954345703,8.919975280761719,5.667809963226318,2.420517921447754,-1.1577221155166626,-0.006779395509511232,-0.08495407551527023,8.869195938110352,5.683615684509277,2.425774335861206
1752,0.5870713591575623,0.6116199493408203,2.226901054382324,9.77358341217041,98.01399230957031,6.182547569274902,7.120610237121582,2.568258762359619,0.5596611499786377,-0.8433052897453308,0.28682446479797363,6.1743388175964355,7.090219974517822,2.5593111515045166
1753,0.5942225456237793,0.6195183992385864,2.2882180213928223,8.396512985229492,63.53273010253906,4.606135368347168,6.743711471557617,1.9512301683425903,0.48351332545280457,0.5113281607627869,-0.2602628171443939,4.593465328216553,6.743054389953613,1.9391889572143555
1754,0.6608598828315735,0.5748496651649475,3.7612833976745605,15.347166061401367,98.39273834228516,7.773719787597656,12.326000213623047,4.813990116119385,0.679438054561615,0.481142520904541,-0.597176730632782,7.765571594238281,12.350961685180664,4.790130615234375
1755,0.6076672077178955,0.6208739280700684,5.189345836639404,18.520429611206055,123.56265258789062,13.414854049682617,11.992596626281738,4.384708881378174,0.7238064408302307,0.43529316782951355,-0.3749871551990509,13.43267822265625,12.018123626708984,4.380830764770508
1756,0.645532488822937,0.5710476040840149,4.100318431854248,15.967494010925293,154.81546020507812,10.750951766967773,11.173413276672363,3.812188148498535,-0.9462196826934814,-0.3113468885421753,-0.0816868469119072,10.739103317260742,11.200228691101074,3.821943759918213
1757,0.6553083658218384,0.5775849223136902,4.137414455413818,14.399935722351074,117.6890640258789,8.136341094970703,10.58727741241455,5.391442775726318,0.14045864343643188,0.5051871538162231,-0.5978017449378967,8.157819747924805,10.604716300964355,5.373144626617432
1758,0.7585000991821289,0.5675880908966064,3.3348193168640137,13.508076667785645,107.91273498535156,8.78342056274414,9.493104934692383,3.8987972736358643,-0.880629301071167,-0.6696887016296387,0.40968412160873413,8.763540267944336,9.495867729187012,3.8880276679992676
1759,0.5572096705436707,0.5985400676727295,4.028906345367432,17.087228775024414,139.19924926757812,12.626405715942383,10.619077682495117,4.447744846343994,0.800714373588562,0.7074165344238281,-0.36127039790153503,12.636141777038574,10.625042915344238,4.445414066314697
1760,0.6284046173095703,0.5438749194145203,4.4256463050842285,15.39646053314209,111.64202880859375,13.278883934020996,7.47119665145874,2.2143759727478027,1.9038041830062866,0.44800999760627747,-0.2939692735671997,13.178357124328613,7.478555202484131,2.2008984088897705
1761,0.6368900537490845,0.5749132633209229,4.7634429931640625,15.993191719055176,110.02124786376953,13.60300064086914,7.685765266418457,3.41607928276062,-1.3769581317901611,1.3838043212890625,-0.8705381751060486,13.570879936218262,7.581252098083496,3.312509775161743
1762,0.6921002268791199,0.5807875990867615,3.82269287109375,15.33375072479248,131.20933532714844,9.227545738220215,11.423761367797852,4.412936687469482,0.18790662288665771,-0.30376148223876953,0.1446394920349121,9.25136661529541,11.451576232910156,4.422868251800537
1763,0.5853862762451172,0.6138242483139038,4.019049644470215,19.020305633544922,182.6656494140625,13.253106117248535,13.155959129333496,3.612194299697876,-0.0880509540438652,1.956006407737732,-0.6695553660392761,13.28978157043457,13.046027183532715,3.5594985485076904
1764,0.6021941304206848,0.5876831412315369,3.7992963790893555,16.27768325805664,136.55117797851562,11.959549903869629,10.624048233032227,3.010272979736328,0.6056747436523438,-1.1580196619033813,0.08439566940069199,11.977520942687988,10.590205192565918,3.0174832344055176
1765,0.5794965624809265,0.6084268093109131,2.0315301418304443,6.629811763763428,57.20529556274414,5.039210319519043,3.975461483001709,1.6602617502212524,0.5144010186195374,0.33117613196372986,-0.2283845990896225,5.026869297027588,3.97269344329834,1.649065613746643
1766,0.583706796169281,0.6173520684242249,5.0789995193481445,20.228578567504883,159.66761779785156,7.627311706542969,18.330928802490234,3.872530937194824,-0.5077587962150574,0.7493183016777039,-0.6473052501678467,7.631620407104492,18.366697311401367,3.8286983966827393
1767,0.6389862298965454,0.6055309176445007,2.532154083251953,11.930367469787598,102.26544189453125,11.19149112701416,4.064648628234863,0.7502033114433289,1.0656596422195435,0.19809778034687042,-0.1738348752260208,11.171714782714844,4.07114315032959,0.7318208813667297
1768,0.5413450002670288,0.5873162746429443,3.9365286827087402,14.627281188964844,99.75330352783203,12.071659088134766,7.8351335525512695,2.6159346103668213,-0.8440427184104919,-0.575448215007782,0.03175237402319908,12.075704574584961,7.8357696533203125,2.6230382919311523
1769,0.487677663564682,0.5478763580322266,1.2296048402786255,2.9161336421966553,23.430978775024414,1.7374186515808105,2.2199201583862305,0.7464359998703003,-0.4113774299621582,0.21056224405765533,-0.22290097177028656,1.6927227973937988,2.216075897216797,0.7143647074699402
1770,0.6076253056526184,0.5943702459335327,1.726233959197998,5.808526992797852,47.28536605834961,4.867771148681641,2.903040885925293,1.271277666091919,-0.11712004989385605,-0.3325691819190979,-0.020885849371552467,4.879936218261719,2.8919730186462402,1.2746517658233643
1771,0.6081835031509399,0.6218509078025818,1.6703696250915527,6.994001865386963,85.11642456054688,6.35305118560791,2.7729804515838623,0.9302533268928528,-0.6387547850608826,0.2941921353340149,0.04286792501807213,6.338490009307861,2.765022039413452,0.9318571090698242
1772,0.6484301090240479,0.59876948595047,2.6920993328094482,11.144235610961914,85.50176239013672,8.152286529541016,7.083103179931641,2.750244617462158,1.0634700059890747,-0.398750901222229,-0.02163168601691723,8.105169296264648,7.0915961265563965,2.757830858230591
1773,0.5093777775764465,0.6177072525024414,2.627220630645752,10.238497734069824,92.99360656738281,8.848052978515625,4.973647594451904,1.3422467708587646,-1.3205002546310425,0.3658822476863861,-0.0402035154402256,8.773364067077637,4.974006652832031,1.3453869819641113
1774,0.5476843118667603,0.5927674174308777,1.8168898820877075,8.252603530883789,86.54712677001953,4.967716693878174,6.50354528427124,1.0635628700256348,-0.1980789452791214,-0.6092944741249084,-0.0026292218826711178,4.977611541748047,6.493001461029053,1.0665264129638672
1775,0.5947388410568237,0.6015799045562744,3.984772205352783,13.785627365112305,85.81649017333984,11.372884750366211,7.184412479400635,3.014171838760376,0.6962029933929443,1.113268256187439,-0.5446421504020691,11.383219718933105,7.117432594299316,2.9728260040283203
1776,0.5761858224868774,0.5903676748275757,2.9983551502227783,12.724417686462402,106.908203125,8.566807746887207,9.161210060119629,2.1430859565734863,0.20330850780010223,-0.6817215085029602,0.1342075765132904,8.588284492492676,9.161293029785156,2.144845724105835
1777,0.5987669229507446,0.593909740447998,2.5410757064819336,11.073894500732422,100.16446685791016,7.304878234863281,8.209264755249023,1.370358943939209,0.12094760686159134,-0.7241358757019043,-0.0013468319084495306,7.3242506980896,8.2000732421875,1.3741806745529175
1778,0.5703578591346741,0.5991935133934021,3.0428152084350586,11.555853843688965,81.70997619628906,8.113631248474121,7.944451808929443,2.142995834350586,0.8863621950149536,-0.8157705068588257,0.21748661994934082,8.087567329406738,7.924500465393066,2.137877941131592
1779,0.5720878839492798,0.5946952104568481,3.198653221130371,12.911221504211426,121.28244018554688,9.62818717956543,8.406438827514648,1.8246736526489258,-0.25980743765830994,0.8854068517684937,0.07031795382499695,9.651528358459473,8.383000373840332,1.828404188156128
1780,0.5646171569824219,0.5762237906455994,3.5164647102355957,13.341060638427734,91.56422424316406,11.776078224182129,5.875659942626953,2.187345504760742,-0.28582125902175903,-0.3785139322280884,0.22057899832725525,11.805447578430176,5.879810810089111,2.182265281677246
1781,0.577303946018219,0.578705370426178,2.599637508392334,10.896798133850098,93.97673797607422,8.567300796508789,6.519229412078857,1.6855947971343994,-0.7710984349250793,-0.39574694633483887,0.14349910616874695,8.556329727172852,6.525357246398926,1.6841601133346558
1782,0.5916120409965515,0.5814939737319946,2.3095998764038086,8.569713592529297,80.90288543701172,6.7096147537231445,4.478274345397949,2.892425060272217,0.5130143761634827,0.40809446573257446,-0.20493312180042267,6.708633899688721,4.472080707550049,2.8932037353515625
1783,0.578721284866333,0.6251705884933472,3.3668227195739746,13.53783130645752,150.27383422851562,10.909482955932617,7.690457344055176,2.2611780166625977,0.6389250755310059,0.705725908279419,-0.14043468236923218,10.921135902404785,7.67936897277832,2.2631077766418457
1784,0.5768126249313354,0.5903041362762451,3.1495273113250732,11.867518424987793,94.30084228515625,9.914227485656738,5.580830097198486,3.3764522075653076,0.3499361574649811,-1.058613657951355,0.06374824792146683,9.935688018798828,5.494792461395264,3.3852667808532715
1785,0.6252793669700623,0.5799655318260193,5.194415092468262,19.197589874267578,112.4361343383789,14.341009140014648,12.258131980895996,3.5526199340820312,1.8930643796920776,1.1599667072296143,-0.07564912736415863,14.255167007446289,12.237166404724121,3.5617215633392334
1786,0.5542611479759216,0.6057731509208679,3.3534951210021973,13.621133804321289,120.61402130126953,11.54530143737793,7.0560622215271,1.5662989616394043,-0.21109932661056519,0.13740131258964539,0.010652356781065464,11.575570106506348,7.074403285980225,1.5706318616867065
1787,0.6278702616691589,0.6091455221176147,4.720003128051758,16.661949157714844,129.27276611328125,9.241280555725098,13.200352668762207,4.239104270935059,-0.330413818359375,1.5286016464233398,-0.2873559892177582,9.261133193969727,13.148120880126953,4.241150856018066
1788,0.6670709848403931,0.607343852519989,3.627448320388794,16.136783599853516,137.21397399902344,15.214057922363281,4.937216281890869,2.1335737705230713,2.4950144290924072,0.05589856207370758,0.09412240236997604,15.049942970275879,4.950671195983887,2.1374423503875732
1789,0.5961040258407593,0.6331795454025269,3.202129602432251,12.011938095092773,114.09947967529297,8.037760734558105,8.208535194396973,3.507279396057129,0.6313033699989319,-0.5868105888366699,0.21510256826877594,8.03528118133545,8.210371971130371,3.510441780090332
1790,0.5986068248748779,0.5770876407623291,2.3963265419006348,10.635201454162598,88.02091217041016,8.302945137023926,6.3183274269104,2.060910701751709,0.9009296298027039,-0.2618653178215027,0.24678923189640045,8.276945114135742,6.330507755279541,2.051788568496704
1791,0.573809027671814,0.5946940183639526,1.9764518737792969,6.527947902679443,61.023372650146484,4.5243353843688965,3.8839645385742188,2.65693736076355,-0.33841627836227417,0.17684683203697205,-0.035388652235269547,4.524245738983154,3.890758991241455,2.664112091064453
1792,0.5664655566215515,0.5906985998153687,1.5667511224746704,5.685731887817383,54.04478454589844,3.254879951477051,4.514106273651123,1.1645346879959106,-0.42169389128685,-0.5163736343383789,0.12081719934940338,3.236450672149658,4.496984004974365,1.1614813804626465
1793,0.48870956897735596,0.6090161204338074,2.1526198387145996,7.583232402801514,73.88227081298828,4.20168399810791,5.64433479309082,2.827146053314209,-0.07945599406957626,0.9572096467018127,-0.3957322835922241,4.212650775909424,5.5780930519104,2.8071210384368896
1794,0.6533932685852051,0.5663014650344849,3.536388874053955,14.714944839477539,102.5431900024414,10.978300094604492,9.408312797546387,2.7368197441101074,1.1416869163513184,0.36519211530685425,0.0349392332136631,10.949233055114746,9.427446365356445,2.744230270385742
1795,0.6553183197975159,0.5904321670532227,4.0177998542785645,13.101564407348633,79.65294647216797,10.794719696044922,6.6008148193359375,3.3991572856903076,-1.101082682609558,-0.7072056531906128,-0.05134565755724907,10.768369674682617,6.581127643585205,3.4082493782043457
1796,0.7627860307693481,0.5672441720962524,1.72650146484375,8.870113372802734,114.86412048339844,5.633179664611816,6.003063678741455,3.3029425144195557,0.086336649954319,-0.3089344799518585,0.30940788984298706,5.648229598999023,6.011832237243652,3.297590970993042
1797,0.6019637584686279,0.565339207649231,2.8247134685516357,11.670159339904785,113.67351531982422,5.750089168548584,9.171818733215332,4.359683036804199,0.575072705745697,0.08237659186124802,0.11488716304302216,5.737218856811523,9.197031021118164,4.370326042175293
1798,0.6745262145996094,0.5511536598205566,3.1898016929626465,11.137271881103516,75.21463012695312,5.86454439163208,8.729217529296875,3.666975736618042,-0.2761577367782593,-0.6738430857658386,0.08472278714179993,5.874379634857178,8.727446556091309,3.676222801208496
1799,0.7228758335113525,0.6153957843780518,2.2448596954345703,10.682611465454102,137.572509765625,10.21681022644043,2.9345898628234863,1.0597809553146362,0.49231424927711487,0.38408395648002625,0.07343032956123352,10.233407020568848,2.91746187210083,1.060183048248291
1800,0.5625841021537781,0.5761468410491943,2.6936194896698,8.933623313903809,72.94552612304688,6.699246406555176,5.089835166931152,3.003880262374878,-0.39225274324417114,0.10652822256088257,0.265334814786911,6.7064080238342285,5.102914810180664,3.0004851818084717
1801,0.664425253868103,0.5489213466644287,1.4666762351989746,4.879921913146973,57.090492248535156,4.32820463180542,2.0876083374023438,0.8498080372810364,-0.6977242827415466,0.0941854938864708,0.011568699963390827,4.283511638641357,2.0913000106811523,0.8520995378494263
1802,0.5978994965553284,0.5585349798202515,2.380324363708496,9.151711463928223,93.19037628173828,8.650723457336426,2.612359046936035,1.447206974029541,-0.2568051218986511,-0.13952893018722534,-0.024704083800315857,8.67103099822998,2.6159067153930664,1.4510324001312256
1803,0.7247958183288574,0.5514346361160278,4.2260823249816895,15.126203536987305,95.99662017822266,6.81519079208374,12.443021774291992,5.246566295623779,-0.04582316055893898,0.12355740368366241,0.008103879168629646,6.834046840667725,12.477115631103516,5.261194705963135
1804,0.587269127368927,0.5642343163490295,2.8030147552490234,8.571993827819824,71.53280639648438,6.647961616516113,5.0802531242370605,1.8640581369400024,0.1653728038072586,-0.10462278127670288,0.3958403468132019,6.664442539215088,5.093343734741211,1.8266253471374512
1805,0.6673510670661926,0.5510131120681763,4.3714118003845215,15.93487548828125,111.07124328613281,9.882442474365234,11.610522270202637,4.63177490234375,0.18436601758003235,-0.22569839656352997,-0.3286845088005066,9.908283233642578,11.64070987701416,4.6329851150512695
1806,0.6988287568092346,0.549752414226532,4.991631507873535,17.0511417388916,133.6791229248047,14.047762870788574,9.26884651184082,2.7368409633636475,1.5473158359527588,1.5590288639068604,0.026291100308299065,14.00123119354248,9.162276268005371,2.7443485260009766
1807,0.6289098858833313,0.5705675482749939,3.2674784660339355,13.445663452148438,152.20286560058594,7.987254619598389,10.320627212524414,3.2364022731781006,-0.13425850868225098,-1.0506067276000977,0.44049420952796936,8.008402824401855,10.295652389526367,3.21522855758667
1808,0.5413710474967957,0.5909532904624939,2.8806519508361816,10.777530670166016,94.29507446289062,6.858694553375244,7.27754545211792,4.018805503845215,0.06364540010690689,-0.9437713623046875,0.7542190551757812,6.877529621124268,7.2362189292907715,3.958409070968628
1809,0.5962770581245422,0.6152446866035461,3.6144680976867676,16.073043823242188,161.94737243652344,5.4308180809021,14.429831504821777,4.541906833648682,0.25450679659843445,1.2531163692474365,-0.2609427571296692,5.439982891082764,14.41541576385498,4.547053337097168
1810,0.6749451160430908,0.5664044618606567,3.794182062149048,15.408629417419434,126.15848541259766,6.973250865936279,13.229118347167969,3.713493585586548,-0.8024470806121826,-1.098472237586975,0.2676086127758026,6.946247577667236,13.220207214355469,3.714169979095459
1811,0.7387588620185852,0.5716007947921753,1.5411295890808105,4.371536731719971,43.24456787109375,2.903026580810547,3.1519105434417725,0.865003764629364,-0.21078059077262878,-0.17915694415569305,0.36505961418151855,2.9034407138824463,3.155592679977417,0.7863831520080566
1812,0.650911808013916,0.5693800449371338,2.322089195251465,10.353882789611816,105.34652709960938,8.033162117004395,5.583515167236328,3.390510320663452,0.46935001015663147,-0.1332537978887558,0.5428974032402039,8.041808128356934,5.597494602203369,3.3560986518859863
1813,0.6763765811920166,0.5894182324409485,5.268671989440918,19.07267189025879,184.55526733398438,16.11248207092285,9.117131233215332,4.586129665374756,-1.510825514793396,0.7167848348617554,-0.29533183574676514,16.086238861083984,9.114263534545898,4.589376449584961
1814,0.7232539057731628,0.5608214139938354,3.5529019832611084,13.183270454406738,95.3244857788086,10.623337745666504,6.811885833740234,3.813335657119751,-0.7111920118331909,-0.7314229607582092,0.7356561422348022,10.629071235656738,6.79139518737793,3.7521398067474365
1815,0.6834248900413513,0.5672945976257324,3.0741055011749268,9.550468444824219,78.10270690917969,5.653341293334961,6.664578914642334,3.851564645767212,0.5422502160072327,0.5949984192848206,0.2233840525150299,5.642972469329834,6.656481742858887,3.855806827545166
1816,0.6706367135047913,0.57771235704422,2.8451857566833496,12.327884674072266,105.41117095947266,8.65092658996582,8.381584167480469,2.624361038208008,0.5447395443916321,0.1318681687116623,0.20819321274757385,8.657840728759766,8.403923988342285,2.623387336730957
1817,0.6835751533508301,0.6113624572753906,1.9099830389022827,6.220418930053711,64.28170776367188,3.5803334712982178,4.249345302581787,2.796048879623413,-0.4383319616317749,0.13567954301834106,-0.12231004983186722,3.563312292098999,4.259026050567627,2.801164150238037
1818,0.6873329877853394,0.5715826749801636,3.0034306049346924,14.00089168548584,118.9703369140625,5.692599773406982,12.482475280761719,2.794112205505371,0.3138083517551422,0.34200140833854675,0.11143086850643158,5.699798583984375,12.512595176696777,2.7996768951416016
1819,0.6496171355247498,0.5963875651359558,2.5304372310638428,9.219099044799805,70.2911376953125,7.035844326019287,5.510630130767822,2.263101577758789,-0.028858991339802742,0.25870996713638306,-0.15144148468971252,7.055410385131836,5.519908428192139,2.2643275260925293
1820,0.5982307195663452,0.6088059544563293,3.487482786178589,14.886816024780273,133.68209838867188,8.378213882446289,11.396525382995605,4.641334533691406,-1.0831218957901,0.29513490200042725,0.010686683468520641,8.331079483032227,11.424482345581055,4.654268741607666
1821,0.6311387419700623,0.6055792570114136,2.1741249561309814,5.871109485626221,42.785057067871094,2.9058961868286133,4.794362545013428,1.7434988021850586,-0.5670619010925293,0.5322551727294922,-0.18235507607460022,2.8579800128936768,4.778017044067383,1.7387727499008179
1822,0.6811752915382385,0.5806503891944885,3.6346755027770996,18.06893539428711,190.47483825683594,11.407435417175293,13.079824447631836,5.027429103851318,0.6712443232536316,-0.932579755783081,0.2861621379852295,11.41943359375,13.082927703857422,5.0332794189453125
1823,0.6441524624824524,0.5614965558052063,3.328507900238037,12.519468307495117,77.09165954589844,11.90234375,3.6711273193359375,1.2625832557678223,-1.9655072689056396,-0.11366687715053558,0.07460195571184158,11.77167797088623,3.67960262298584,1.2638930082321167
1824,0.7510587573051453,0.5706327557563782,3.0163414478302,13.497509956359863,97.77146911621094,10.212882995605469,7.889298915863037,3.9545865058898926,0.9345607757568359,-0.4469587504863739,0.04861303046345711,10.198402404785156,7.898598670959473,3.9653172492980957
1825,0.6080222725868225,0.5768665075302124,2.4562125205993652,7.711207389831543,71.70368194580078,4.253089904785156,5.909899711608887,2.5391011238098145,-0.850223958492279,0.03584037348628044,-0.17697620391845703,4.178864002227783,5.926275730133057,2.5399913787841797
1826,0.5908769369125366,0.6054660677909851,5.967423439025879,22.511272430419922,177.8693084716797,13.633548736572266,16.185871124267578,7.674720764160156,0.4754486083984375,0.4404779374599457,-0.433157354593277,13.663260459899902,16.225008010864258,7.683860778808594
1827,0.6979236602783203,0.5784817934036255,6.353245735168457,21.025253295898438,195.527587890625,17.12789535522461,11.686678886413574,3.481088161468506,-1.0235551595687866,-1.6705642938613892,0.26471224427223206,17.144975662231445,11.598926544189453,3.4806909561157227
1828,0.6262254118919373,0.606741726398468,2.7932815551757812,11.672109603881836,115.90371704101562,8.151301383972168,7.575828552246094,3.5215401649475098,-1.4558213949203491,0.7557030916213989,-0.12292364984750748,8.042613983154297,7.55906867980957,3.5292110443115234
1829,0.5846517086029053,0.6034383773803711,4.848504543304443,21.366714477539062,178.42726135253906,16.577762603759766,13.205194473266602,2.7086946964263916,0.35693588852882385,-0.4366700053215027,0.10605455189943314,16.62015151977539,13.234787940979004,2.714167594909668
1830,0.6384424567222595,0.5883544087409973,4.836404323577881,19.219587326049805,173.3775177001953,15.198271751403809,11.309333801269531,3.2410037517547607,0.6428656578063965,0.6205383539199829,-0.2938370704650879,15.22702407836914,11.323795318603516,3.236659288406372
1831,0.6155340671539307,0.5957618355751038,7.718028545379639,26.787729263305664,188.5652618408203,19.420576095581055,17.478534698486328,5.909697532653809,-2.1537208557128906,-0.6213607788085938,0.3312305808067322,19.3546199798584,17.516210556030273,5.916865825653076
1832,0.5843603014945984,0.6406744122505188,5.080428123474121,19.460962295532227,127.39806365966797,14.076708793640137,12.42667007446289,5.114015579223633,-0.9999391436576843,1.8247618675231934,-0.44986480474472046,14.080315589904785,12.326251029968262,5.108400344848633
1833,0.5933434367179871,0.6030120849609375,3.0849921703338623,11.527053833007812,96.81708526611328,7.998156547546387,7.9590959548950195,2.356956958770752,-1.0829330682754517,1.0955795049667358,-0.11085148900747299,7.946608066558838,7.90532112121582,2.3609158992767334
1834,0.5613998174667358,0.6232054233551025,5.651248931884766,17.852691650390625,115.21184539794922,14.015521049499512,10.186774253845215,4.302715301513672,0.451947957277298,0.7683354020118713,-0.4563366770744324,14.047307014465332,10.186091423034668,4.290382385253906
1835,0.5773810744285583,0.6020222902297974,4.994504451751709,18.96149444580078,164.16990661621094,15.134709358215332,10.903841018676758,3.4036917686462402,0.8128689527511597,-0.6612224578857422,0.082163006067276,15.155020713806152,10.914132118225098,3.412191152572632
1836,0.5428873896598816,0.6369311213493347,5.315380096435547,18.545621871948242,122.42748260498047,11.757442474365234,13.70052719116211,4.242430210113525,-0.27330416440963745,-1.081268310546875,0.22544743120670319,11.787053108215332,13.69588851928711,4.248252868652344
1837,0.6389672756195068,0.6037304401397705,4.170713901519775,13.838659286499023,98.73599243164062,10.562309265136719,8.607439994812012,2.420351505279541,-0.9798728227615356,0.7067954540252686,-0.5146477818489075,10.54609489440918,8.602300643920898,2.3715999126434326
1838,0.5700262784957886,0.602841854095459,4.512503623962402,17.132795333862305,121.71387481689453,10.346495628356934,12.999202728271484,4.183708190917969,0.7677651643753052,-1.5085234642028809,0.576822817325592,10.34675121307373,12.947389602661133,4.1553120613098145
1839,0.6016936302185059,0.5958201885223389,4.549785137176514,16.91222381591797,128.33302307128906,13.173885345458984,9.974218368530273,3.6037559509277344,-1.0758774280548096,0.4582626521587372,-0.30230697989463806,13.166502952575684,9.99147891998291,3.6010701656341553
1840,0.6391074061393738,0.6123794317245483,4.008208274841309,13.665422439575195,86.21383666992188,10.634239196777344,8.215261459350586,2.4831795692443848,-1.2115709781646729,-0.33996284008026123,-0.17006339132785797,10.594466209411621,8.231120109558105,2.484259843826294
1841,0.5856247544288635,0.6236265897750854,3.5103414058685303,11.752351760864258,89.73886108398438,9.340786933898926,6.826850891113281,2.0643651485443115,0.33234935998916626,-0.3155335485935211,0.09661079198122025,9.360910415649414,6.8385772705078125,2.0678553581237793
1842,0.4916023313999176,0.6139687299728394,4.093148231506348,13.725887298583984,107.90725708007812,6.881178855895996,11.389287948608398,3.366520881652832,0.01485290564596653,-0.5863251686096191,-0.176555335521698,6.900357246398926,11.405913352966309,3.3712656497955322
1843,0.5955286622047424,0.630431056022644,5.307916164398193,15.981614112854004,92.26212310791016,11.755958557128906,10.11171817779541,3.8681528568267822,0.5345864295959473,1.3807381391525269,-0.4256344437599182,11.776554107666016,10.044947624206543,3.855388641357422
1844,0.566627025604248,0.6047960519790649,8.043221473693848,26.432764053344727,245.400634765625,17.67380142211914,18.745010375976562,5.912048816680908,-0.686237633228302,-0.6753453016281128,0.07477075606584549,17.709735870361328,18.78509521484375,5.928065299987793
1845,0.6302487254142761,0.6225714683532715,7.3362884521484375,19.436819076538086,119.98068237304688,14.13026237487793,12.588852882385254,4.432427406311035,-2.3409719467163086,1.4643858671188354,-0.8215532302856445,13.973869323730469,12.538268089294434,4.36777400970459
1846,0.5564448833465576,0.5581309795379639,5.785088539123535,15.906933784484863,93.24746704101562,11.636091232299805,10.301423072814941,3.393024444580078,-0.628752589225769,1.732903242111206,-0.40499141812324524,11.651501655578613,10.182947158813477,3.378164768218994
1847,0.4791406989097595,0.5840117931365967,8.781277656555176,25.252079010009766,178.215087890625,14.686653137207031,19.804664611816406,5.453887939453125,-1.2862069606781006,-0.4868585169315338,-0.5352193713188171,14.671034812927246,19.853906631469727,5.442701816558838
1848,0.5157732367515564,0.6169577240943909,8.642370223999023,29.419979095458984,237.90145874023438,16.759483337402344,23.20439338684082,6.797874927520752,0.3957263231277466,2.2497658729553223,-0.7583665251731873,16.801546096801758,23.159494400024414,6.774284362792969
1849,0.48136013746261597,0.6328336000442505,10.626193046569824,30.996374130249023,238.7184600830078,21.511215209960938,21.270841598510742,6.752340793609619,-4.442646503448486,-3.212790012359619,0.68414705991745,21.106163024902344,21.085460662841797,6.736330986022949
1850,0.6001331210136414,0.5638084411621094,10.103147506713867,25.451786041259766,195.46534729003906,15.378925323486328,19.431324005126953,5.805659770965576,-0.5512288808822632,0.7136514782905579,-0.5401665568351746,15.411913871765137,19.47237777709961,5.796599864959717
1851,0.42124348878860474,0.6183298826217651,5.295567512512207,17.49894142150879,118.09255981445312,14.87926959991455,8.402379035949707,3.7709898948669434,-2.1075408458709717,0.00547714252024889,-0.008294635452330112,14.770339965820312,8.425814628601074,3.781499147415161
1852,0.5131980180740356,0.6608244180679321,9.843575477600098,23.075044631958008,110.88500213623047,16.21443748474121,15.675683975219727,4.880847454071045,-0.5336993932723999,2.22173810005188,-0.9539813995361328,16.2508544921875,15.560724258422852,4.80006217956543
1853,0.5799461007118225,0.6247848272323608,9.099534034729004,23.827411651611328,124.35206604003906,18.856595993041992,13.70927906036377,4.922393798828125,0.10341839492321014,-1.6734987497329712,1.1000670194625854,18.908910751342773,13.644707679748535,4.811279773712158
1854,0.5190569162368774,0.6822621822357178,10.739267349243164,27.154766082763672,168.0447540283203,22.55245590209961,13.9998779296875,5.724632263183594,0.7177916169166565,-0.320953369140625,0.1760857254266739,22.603906631469727,14.035237312316895,5.737884521484375
1855,0.5339958667755127,0.5970916748046875,12.38676929473877,30.783292770385742,193.1087646484375,20.38735008239746,21.802875518798828,7.523411273956299,-0.3382793068885803,2.672960042953491,-0.8671513795852661,20.441402435302734,21.698766708374023,7.494115829467773
1856,0.4855143427848816,0.6248055696487427,10.012561798095703,26.431169509887695,171.7562255859375,16.1652889251709,19.733062744140625,6.920718193054199,0.25613632798194885,-0.05054202675819397,-0.2912217676639557,16.208345413208008,19.788040161132812,6.9338765144348145
1857,0.5759717226028442,0.6229262351989746,12.988356590270996,28.147268295288086,109.00446319580078,20.957155227661133,17.986839294433594,5.435068607330322,-3.265289783477783,4.251967430114746,-1.4249407052993774,20.75895881652832,17.525794982910156,5.259581565856934
1858,0.5431957840919495,0.5961644053459167,11.843130111694336,27.58966636657715,117.7058334350586,20.09099006652832,18.234975814819336,5.002744197845459,-0.38827842473983765,1.3951750993728638,-0.18648797273635864,20.14327049255371,18.23223876953125,5.01321268081665
1859,0.6134005784988403,0.7187853455543518,14.119184494018555,29.668577194213867,104.36649322509766,20.355772018432617,20.78104591369629,5.832261085510254,-1.4010258913040161,5.118593215942383,-1.5928845405578613,20.385456085205078,20.218116760253906,5.632062911987305
1860,0.5061237215995789,0.6509124636650085,9.972417831420898,22.5825138092041,91.53128814697266,16.389049530029297,14.789710998535156,4.757458686828613,-0.028836840763688087,-1.1077778339385986,0.2422410249710083,16.45193862915039,14.804780006408691,4.769526481628418
1861,0.5795997381210327,0.6392124891281128,11.80550479888916,26.146743774414062,112.74569702148438,15.783910751342773,20.140661239624023,5.373453140258789,-2.194486379623413,1.1131352186203003,-0.14902172982692719,15.682284355163574,20.17635726928711,5.3891425132751465
1862,0.40150466561317444,0.666750967502594,11.54455280303955,26.2650203704834,119.16934204101562,16.65262222290039,19.31009292602539,6.297754764556885,1.4102188348770142,-0.1424027979373932,0.32538461685180664,16.6495304107666,19.37558364868164,6.310845851898193
1863,0.48135343194007874,0.6842105984687805,8.831871032714844,20.511709213256836,81.67285919189453,13.855825424194336,14.592628479003906,3.9751172065734863,-0.8931739330291748,-2.184063673019409,0.5649675726890564,13.874279022216797,14.477585792541504,3.948216438293457
1864,0.47202301025390625,0.6103290319442749,10.412052154541016,23.19819450378418,120.8363265991211,12.935546875,18.4047794342041,5.664970397949219,2.4752442836761475,-1.8542263507843018,0.21946407854557037,12.731931686401367,18.362213134765625,5.676506996154785
1865,0.5382494926452637,0.6148535013198853,9.21817684173584,22.80523681640625,111.97106170654297,14.24292278289795,17.199670791625977,4.624853610992432,-0.15063875913619995,0.23999503254890442,-0.013441530987620354,14.281852722167969,17.2459659576416,4.637734889984131
1866,0.5538563132286072,0.6780961155891418,11.647762298583984,26.93254280090332,102.76899719238281,16.681259155273438,20.51934814453125,5.104287624359131,0.39176270365715027,3.644216537475586,-0.7778093814849854,16.724512100219727,20.251094818115234,5.059152603149414
1867,0.5360069274902344,0.6607018113136292,9.874616622924805,23.37464714050293,112.3394775390625,13.404577255249023,18.29460906982422,5.656736850738525,-1.8520622253417969,-2.567783832550049,0.48811474442481995,13.314109802246094,18.165485382080078,5.651809215545654
1868,0.5521188378334045,0.5964270234107971,8.584936141967773,21.03252410888672,98.12028503417969,13.138188362121582,15.694767951965332,4.840381622314453,-0.022616460919380188,-1.0591483116149902,0.7291280031204224,13.174817085266113,15.702667236328125,4.798498630523682
1869,0.6219416260719299,0.6098282337188721,9.063748359680176,22.034921646118164,97.58930969238281,16.38927459716797,13.804373741149902,5.1350507736206055,-1.4207141399383545,0.17449147999286652,-0.41986554861068726,16.373125076293945,13.841773986816406,5.132132530212402
1870,0.5290067791938782,0.6156438589096069,8.737203598022461,22.154821395874023,118.93359375,11.327996253967285,18.17840576171875,5.6619977951049805,-0.5466935038566589,-0.4246646463871002,0.08835671097040176,11.346357345581055,18.224136352539062,5.677099704742432
1871,0.6323314905166626,0.589755654335022,10.762911796569824,26.79114532470703,124.65576934814453,21.16974639892578,15.996737480163574,3.702935218811035,0.559974193572998,0.8377735018730164,0.010298602283000946,21.22136878967285,16.019344329833984,3.713249921798706
1872,0.5373367667198181,0.5938467979431152,8.390745162963867,22.225208282470703,122.53211975097656,17.379314422607422,13.171746253967285,4.292367935180664,-1.5667997598648071,0.6900736093521118,-0.17090356349945068,17.35682487487793,13.190346717834473,4.300928115844727
1873,0.5453824400901794,0.5864124298095703,9.548998832702637,24.138141632080078,121.46874237060547,19.401519775390625,13.683218955993652,4.358957767486572,-0.741729736328125,0.005882814526557922,0.297711580991745,19.44141387939453,13.721384048461914,4.360909938812256
1874,0.6558240056037903,0.5651281476020813,11.234402656555176,26.02396583557129,105.2735595703125,19.62013816833496,16.368553161621094,4.936333179473877,1.957291841506958,-0.510960578918457,0.054256800562143326,19.576719284057617,16.406211853027344,4.949803352355957
1875,0.566714882850647,0.6315209865570068,10.46307373046875,25.498233795166016,117.56477355957031,18.18790054321289,17.255874633789062,4.64703893661499,-0.7500646114349365,4.004525661468506,-1.223326325416565,18.223119735717773,16.83160400390625,4.495634078979492
1876,0.5098821520805359,0.6236246824264526,9.036829948425293,24.36539077758789,135.73956298828125,16.652063369750977,17.24640464782715,4.352313995361328,0.0366579070687294,-2.911308526992798,0.531425416469574,16.698471069335938,17.04631996154785,4.3317975997924805
1877,0.6481324434280396,0.6174333095550537,5.198596477508545,20.123687744140625,137.61167907714844,18.22725486755371,7.992501735687256,2.974865436553955,-1.9278455972671509,-0.7963663339614868,-0.17299747467041016,18.175575256347656,7.974911689758301,2.9781153202056885
1878,0.6862484812736511,0.5707433819770813,2.9100756645202637,9.21663761138916,76.82276916503906,6.8304338455200195,5.871745586395264,1.952993631362915,-0.47359129786491394,0.5129711031913757,0.02007809840142727,6.83300256729126,5.865611553192139,1.9583377838134766
1879,0.6657634973526001,0.575579047203064,5.920215606689453,21.239154815673828,174.47801208496094,18.323837280273438,9.260869979858398,5.438290596008301,-1.065636157989502,-1.5185579061508179,0.8626258969306946,18.34385108947754,9.161001205444336,5.3844170570373535
1880,0.6368968486785889,0.580371618270874,6.045642375946045,17.723379135131836,111.05945587158203,13.05038833618164,11.448652267456055,3.5684597492218018,-0.3020857870578766,0.4743029475212097,-0.15118634700775146,13.083283424377441,11.47072982788086,3.5752007961273193
1881,0.7196523547172546,0.5809306502342224,6.381008148193359,22.6710205078125,183.88101196289062,17.684051513671875,13.514212608337402,4.314572334289551,-2.5909461975097656,-2.2706615924835205,0.6410635709762573,17.542015075683594,13.35925006866455,4.27858304977417
1882,0.538169801235199,0.6153175830841064,3.2147862911224365,11.862754821777344,89.05455017089844,7.574722766876221,8.575242042541504,3.1326913833618164,0.00778791680932045,-0.37088873982429504,0.033636365085840225,7.5958476066589355,8.59111499786377,3.1412487030029297
1883,0.5736382603645325,0.585431694984436,2.916898012161255,11.848432540893555,82.28785705566406,8.498222351074219,7.67511510848999,3.042726755142212,0.22652359306812286,-0.6281904578208923,0.3546288311481476,8.518898963928223,7.670701026916504,3.0304198265075684
1884,0.4899666905403137,0.5589216351509094,1.8275011777877808,6.20839262008667,45.295921325683594,3.8334879875183105,4.272672176361084,2.3649063110351562,0.13914477825164795,-0.2532286047935486,0.3118211030960083,3.8416481018066406,4.2770586013793945,2.3507981300354004
1885,0.5649330615997314,0.5645006895065308,4.551881790161133,17.203052520751953,158.45925903320312,14.86413860321045,8.208758354187012,2.7601966857910156,-0.13456383347511292,-0.5140732526779175,0.16191235184669495,14.904990196228027,8.215498924255371,2.763129949569702
1886,0.6731463074684143,0.5887094736099243,4.788244724273682,17.706554412841797,137.35191345214844,16.048446655273438,7.120384216308594,2.2955679893493652,-0.02583584375679493,-0.06481753289699554,-0.021888399496674538,16.093191146850586,7.139949321746826,2.3018665313720703
1887,0.60483717918396,0.5937966108322144,3.885028839111328,14.876558303833008,105.21062469482422,11.008740425109863,9.346996307373047,3.571171760559082,-1.021811842918396,-0.9563127756118774,0.24904485046863556,10.991790771484375,9.323883056640625,3.5724143981933594
1888,0.6212016344070435,0.6030070185661316,5.016722202301025,17.774770736694336,133.5802764892578,13.827421188354492,10.525331497192383,3.736611843109131,-1.1079432964324951,-0.07874472439289093,-0.019873857498168945,13.821407318115234,10.55439567565918,3.746981620788574
1889,0.6185522675514221,0.5791337490081787,3.5816304683685303,15.656400680541992,162.48452758789062,13.949687004089355,6.524621486663818,2.8210628032684326,-0.6499298214912415,-0.36051398515701294,-0.10033878684043884,13.973406791687012,6.5328264236450195,2.8271420001983643
1890,0.638188898563385,0.551628053188324,4.624231338500977,15.179380416870117,105.48674011230469,12.527395248413086,7.9394731521606445,3.2315237522125244,0.11632228642702103,-0.7772790193557739,0.3425135016441345,12.561797142028809,7.923373222351074,3.2222840785980225
1891,0.7713450789451599,0.5386465191841125,4.828297138214111,15.348999977111816,101.3188247680664,11.546902656555176,9.160865783691406,4.282449245452881,-0.46704041957855225,0.36725059151649475,-0.1240418329834938,11.569636344909668,9.179034233093262,4.292593002319336
1892,0.7390180230140686,0.5470974445343018,6.630936622619629,24.769485473632812,159.671630859375,21.77503776550293,11.25485897064209,3.564168691635132,-4.38310432434082,-1.6813409328460693,0.3286503851413727,21.38883399963379,11.159605979919434,3.5588834285736084
1893,0.6687132120132446,0.5857987999916077,2.4965760707855225,7.584152698516846,47.288818359375,5.388862133026123,4.926551342010498,2.0514934062957764,0.24233271181583405,0.24408544600009918,0.15996654331684113,5.398427486419678,4.934226036071777,2.0509519577026367
1894,0.6323798894882202,0.5777995586395264,3.9307668209075928,14.039036750793457,126.52327728271484,12.24355697631836,6.634704113006592,1.7806062698364258,-1.058610439300537,1.2098461389541626,-0.2655191421508789,12.231730461120605,6.541659355163574,1.765609622001648
1895,0.723207414150238,0.5642459392547607,4.057568550109863,16.740501403808594,164.41061401367188,9.420980453491211,13.480794906616211,3.1237387657165527,0.4461056590080261,-0.2611522376537323,0.12084925919771194,9.436660766601562,13.515861511230469,3.1301071643829346
1896,0.7656533718109131,0.5732095241546631,3.8203790187835693,15.437607765197754,132.1053009033203,13.354578018188477,7.481142997741699,2.0018765926361084,-1.5181554555892944,-0.9239681959152222,0.11233411729335785,13.30501651763916,7.444574356079102,2.0042977333068848
1897,0.6739900708198547,0.5751228928565979,6.368010997772217,20.760787963867188,128.13536071777344,14.818704605102539,13.79404354095459,4.597904205322266,-0.12731705605983734,-1.07368004322052,-0.13255202770233154,14.859491348266602,13.790555953979492,4.608813285827637
1898,0.738010585308075,0.5847205519676208,2.623591899871826,8.800740242004395,83.54483795166016,6.186384201049805,5.225048065185547,3.4468166828155518,0.16179446876049042,0.32550716400146484,0.18919134140014648,6.201518535614014,5.229445457458496,3.451220989227295
1899,0.7979235649108887,0.5714072585105896,4.554675579071045,17.415451049804688,144.4473876953125,11.720629692077637,12.016317367553711,4.640352725982666,-1.0597615242004395,0.02020297572016716,-0.16173109412193298,11.705180168151855,12.049818992614746,4.650469779968262
1900,0.7407657504081726,0.559851348400116,4.395952224731445,17.315088272094727,151.33251953125,12.22230339050293,11.929171562194824,2.8499855995178223,0.5417779684066772,0.11653832346200943,0.11570023000240326,12.244348526000977,11.961875915527344,2.855579376220703
1901,0.715122401714325,0.5930833220481873,3.9471471309661865,12.288156509399414,79.57827758789062,8.3760347366333,7.890087604522705,4.311306953430176,0.46821117401123047,0.4870516061782837,-0.013857905752956867,8.38626480102539,7.897006988525391,4.323310375213623
1902,0.7444397211074829,0.5600212812423706,2.4137444496154785,13.390936851501465,150.20785522460938,8.724888801574707,9.525762557983398,3.5289320945739746,0.0074140336364507675,-0.8901738524436951,0.3684863746166229,8.749222755432129,9.510533332824707,3.519430637359619
1903,0.6794350147247314,0.6512870788574219,3.739534616470337,14.045737266540527,122.34373474121094,11.26888656616211,7.472012519836426,3.8031575679779053,0.3616628646850586,0.46756744384765625,-0.2373519092798233,11.294498443603516,7.478170871734619,3.8063313961029053
1904,0.7606123089790344,0.5875539183616638,4.152334213256836,17.259946823120117,158.447021484375,13.289151191711426,10.276183128356934,3.9628634452819824,-1.4375561475753784,-0.9577704668045044,0.01137993112206459,13.248021125793457,10.259991645812988,3.97390079498291
1905,0.6675958633422852,0.567487895488739,3.6941909790039062,12.143973350524902,78.8921890258789,10.12242317199707,6.022151947021484,2.9574155807495117,0.41813820600509644,-0.3782709836959839,0.3384791314601898,10.141995429992676,6.027024745941162,2.9461774826049805
1906,0.762799859046936,0.5420055389404297,5.535552978515625,20.047775268554688,161.691162109375,12.847603797912598,13.746423721313477,6.920130252838135,-1.0400543212890625,-0.6337695121765137,0.3329705595970154,12.841156005859375,13.770110130310059,6.931395530700684
1907,0.8994103670120239,0.5406771302223206,5.801959991455078,20.060558319091797,117.22635650634766,14.865157127380371,12.323749542236328,5.438597679138184,1.4557603597640991,-0.18070924282073975,-0.11257020384073257,14.834968566894531,12.356795310974121,5.45259952545166
1908,0.7588083744049072,0.5341996550559998,2.746756076812744,9.531618118286133,99.30719757080078,6.5576910972595215,6.11030387878418,3.2423179149627686,0.11029046773910522,-0.40343335270881653,0.2773906886577606,6.5750532150268555,6.113978385925293,3.239441156387329
1909,0.7967312932014465,0.5559217929840088,3.741621971130371,13.234026908874512,106.40170288085938,9.07299518585205,8.331331253051758,4.8383002281188965,1.248727560043335,0.6274634003639221,-0.4928031265735626,9.01171875,8.330842971801758,4.826564311981201
1910,0.7660483717918396,0.5542341470718384,3.403715133666992,14.029571533203125,130.7279815673828,11.191669464111328,7.900312900543213,3.0266284942626953,0.0035030790604650974,-1.0893293619155884,-0.13629648089408875,11.22288703918457,7.846678256988525,3.031991958618164
1911,0.760894775390625,0.540718138217926,3.7336068153381348,14.733065605163574,135.61337280273438,11.523542404174805,8.778191566467285,2.6859922409057617,0.011747566983103752,0.4146011471748352,0.06912469118833542,11.555679321289062,8.792853355407715,2.6925923824310303
1912,0.6992544531822205,0.5425317287445068,2.3686468601226807,10.461735725402832,117.47330474853516,7.547894477844238,5.926950931549072,4.165144443511963,0.36444973945617676,-0.01214472483843565,-0.2338959276676178,7.560120105743408,5.943471431732178,4.170172214508057
1913,0.6715919971466064,0.5530471801757812,2.194077968597412,9.293608665466309,93.77375030517578,6.527979373931885,6.49652624130249,1.245714545249939,0.04714837670326233,0.25534436106681824,-0.013691340573132038,6.546017169952393,6.509613513946533,1.249113917350769
1914,0.6499866247177124,0.5803778171539307,2.454179048538208,12.203640937805176,154.42721557617188,9.344788551330566,7.303204536437988,2.875236988067627,-0.33840706944465637,0.5041804909706116,-0.2812744379043579,9.364707946777344,7.306103229522705,2.869427442550659
1915,0.6906366944313049,0.5692644715309143,4.084853172302246,13.619318962097168,99.8954849243164,9.92147445678711,9.0767240524292,2.1594536304473877,-0.281183123588562,-0.3365381956100464,0.31064701080322266,9.94515323638916,9.095784187316895,2.142953634262085
1916,0.7195826768875122,0.5724393129348755,2.8533382415771484,12.53795337677002,147.0743865966797,6.5843353271484375,10.299003601074219,2.7887885570526123,-0.26955559849739075,-0.8554272055625916,0.21751241385936737,6.597165584564209,10.292045593261719,2.78804874420166
1917,0.7013247609138489,0.581043004989624,2.106837749481201,4.492012977600098,24.24820327758789,2.7010338306427,3.3871700763702393,1.1872974634170532,0.6308112740516663,-0.16991914808750153,0.010561005212366581,2.6336658000946045,3.3923416137695312,1.1905622482299805
1918,0.7714580297470093,0.6664932370185852,5.143906116485596,18.39695930480957,151.58987426757812,14.163350105285645,11.233133316040039,3.4153051376342773,0.052847970277071,1.0392017364501953,-0.5262153148651123,14.202756881713867,11.21615982055664,3.3839359283447266
1919,0.6616724729537964,0.5694580078125,3.8772027492523193,15.154570579528809,143.71327209472656,13.40019416809082,6.589117527008057,2.584437847137451,1.5751128196716309,0.23314546048641205,-0.23712246119976044,13.344419479370117,6.603359699249268,2.5807154178619385
1920,0.6168907880783081,0.5622062087059021,2.9419286251068115,12.753230094909668,116.9179916381836,11.493678092956543,5.327062606811523,1.47059166431427,0.42760586738586426,-0.3379330039024353,0.1884874850511551,11.517760276794434,5.331162452697754,1.462530493736267
1921,0.5841104388237,0.6158586740493774,4.134035587310791,16.89334487915039,165.30186462402344,13.345864295959473,9.878421783447266,3.112837791442871,-0.2929883301258087,-0.36968672275543213,0.1300605833530426,13.379865646362305,9.89903736114502,3.1187949180603027
1922,0.6160646080970764,0.5677472352981567,3.719386100769043,17.75041389465332,200.35873413085938,9.92566967010498,13.978809356689453,4.5990424156188965,-0.35289809107780457,-1.4699697494506836,0.6696401834487915,9.947063446044922,13.940081596374512,4.5627217292785645
1923,0.6242431998252869,0.587047815322876,3.990750551223755,14.336437225341797,101.78225708007812,10.563010215759277,9.348871231079102,2.5602431297302246,0.33769020438194275,0.04033563658595085,-0.0020427280105650425,10.587060928344727,9.374860763549805,2.5673837661743164
1924,0.51771080493927,0.5419924855232239,2.448866844177246,9.646490097045898,77.33418273925781,6.452098369598389,6.319684982299805,3.389213800430298,0.20039647817611694,0.31047385931015015,0.2127343714237213,6.466974258422852,6.329660892486572,3.3919663429260254
1925,0.6026213765144348,0.5839011073112488,4.49221658706665,16.25708770751953,133.30221557617188,11.971085548400879,10.497546195983887,3.28444242477417,-0.6777922511100769,0.16218622028827667,-0.32275527715682983,11.985219955444336,10.525571823120117,3.277662992477417
1926,0.4481172263622284,0.5388231873512268,2.45344877243042,9.672869682312012,87.61174774169922,7.5934271812438965,5.9153337478637695,0.9555698037147522,0.44340965151786804,0.7654585242271423,-0.1399238556623459,7.601613998413086,5.881960868835449,0.9479065537452698
1927,0.5104708671569824,0.5617576241493225,1.75169038772583,4.5435075759887695,44.7872428894043,3.3064064979553223,2.839308738708496,1.2843149900436401,0.3400675654411316,0.0008136537508107722,0.04623810574412346,3.298046112060547,2.847228765487671,1.287062406539917
1928,0.618312418460846,0.5796869993209839,3.0786092281341553,11.927879333496094,100.7176284790039,7.325742721557617,8.847649574279785,3.213550329208374,0.29449954628944397,-0.30277058482170105,0.22157122194766998,7.340238094329834,8.867133140563965,3.214845657348633
1929,0.6134770512580872,0.5673720836639404,2.3454999923706055,5.315947532653809,31.663497924804688,3.513982057571411,3.785338878631592,1.2579516172409058,0.5343818664550781,0.030384086072444916,-0.10216942429542542,3.482799530029297,3.7957754135131836,1.2572931051254272
1930,0.6039028167724609,0.5797920227050781,2.6792075634002686,10.64770221710205,115.78590393066406,8.641691207885742,6.110108852386475,1.1667513847351074,1.2018485069274902,0.42830997705459595,-0.0035001225769519806,8.581579208374023,6.112080097198486,1.170000433921814
1931,0.7070692777633667,0.560943603515625,3.1263129711151123,11.593124389648438,117.99254608154297,9.382601737976074,6.490155220031738,2.0603864192962646,1.16379714012146,0.5703411102294922,-0.028428396210074425,9.336114883422852,6.48307991027832,2.065937042236328
1932,0.5295911431312561,0.5719639658927917,1.6482961177825928,6.211015701293945,75.64801788330078,1.477107048034668,5.921149253845215,1.155357837677002,0.4996497333049774,0.3346630036830902,-0.08043630421161652,1.393911600112915,5.9281744956970215,1.1557694673538208
1933,0.5956248641014099,0.5791715979576111,4.146495819091797,17.29759407043457,129.34349060058594,12.234435081481934,11.339332580566406,4.576566219329834,1.1975945234298706,1.7910544872283936,-0.2889980375766754,12.209641456604004,11.228221893310547,4.580172538757324
1934,0.6736119985580444,0.5846574306488037,3.3379902839660645,16.111291885375977,189.1220245361328,7.425495624542236,14.162731170654297,1.962845802307129,-0.6038521528244019,-0.836613118648529,-0.08262629061937332,7.42154598236084,14.177435874938965,1.966576337814331
1935,0.6788540482521057,0.6169864535331726,2.9794068336486816,13.241333961486816,151.01214599609375,12.068602561950684,4.117530822753906,3.567591428756714,2.0167715549468994,-0.10591872036457062,0.09040440618991852,11.932089805603027,4.127650260925293,3.5763936042785645
1936,0.6044606566429138,0.5970537066459656,4.116186141967773,15.139470100402832,112.59672546386719,10.737371444702148,10.187789916992188,3.181408643722534,0.46192848682403564,0.2845446467399597,-0.2533123791217804,10.757352828979492,10.2122220993042,3.1801540851593018
1937,0.5613070726394653,0.5983504056930542,2.8731513023376465,11.505416870117188,103.4117431640625,10.518595695495605,4.101818561553955,2.215592861175537,-0.6452265381813049,-0.521856427192688,0.18615660071372986,10.528072357177734,4.079834938049316,2.213916778564453
1938,0.6343173384666443,0.5872922539710999,1.7783198356628418,5.137099742889404,57.92975616455078,3.7177631855010986,3.342400074005127,1.1816896200180054,0.1531493365764618,-0.14164070785045624,-0.023745564743876457,3.724968910217285,3.34871244430542,1.184746503829956
1939,0.586804211139679,0.5915864706039429,3.0641250610351562,13.667919158935547,118.63690185546875,10.865250587463379,7.937293529510498,2.399526357650757,0.46970242261886597,-0.49344855546951294,0.1478995382785797,10.88537311553955,7.944037437438965,2.401644706726074
1940,0.6161764860153198,0.5821896195411682,3.5313596725463867,13.275175094604492,123.51310729980469,7.248700141906738,10.814254760742188,2.5958712100982666,-0.04906103387475014,-1.0360761880874634,0.24017277359962463,7.268752098083496,10.794534683227539,2.591946601867676
1941,0.5506083369255066,0.6050087213516235,2.523437976837158,8.400033950805664,64.71302795410156,6.32512092590332,4.917529106140137,2.5241503715515137,0.43146300315856934,-0.21026739478111267,0.052301306277513504,6.3279900550842285,4.926735877990723,2.5306477546691895
1942,0.5767783522605896,0.5943597555160522,3.195408821105957,15.25568675994873,182.0739288330078,12.708385467529297,8.09817886352539,2.3774821758270264,1.3992403745651245,0.5886862277984619,-0.2313782274723053,12.666351318359375,8.099283218383789,2.3727967739105225
1943,0.6375934481620789,0.5785580277442932,2.5228662490844727,10.805078506469727,110.13538360595703,4.544200420379639,9.484170913696289,2.480012893676758,0.004760646726936102,-0.6969643831253052,0.17487365007400513,4.556872844696045,9.48491096496582,2.480740547180176
1944,0.5030146837234497,0.6316825151443481,2.1634433269500732,9.784736633300781,95.68841552734375,4.266351222991943,8.522007942199707,2.216909646987915,0.5097758769989014,-0.015770379453897476,-0.21836836636066437,4.247600555419922,8.545764923095703,2.212282419204712
1945,0.5351359844207764,0.6070142388343811,1.8328574895858765,5.897173881530762,59.63981246948242,4.772111892700195,3.347432851791382,0.8934809565544128,0.07035234570503235,-0.08932914584875107,0.056793782860040665,4.784902572631836,3.355574369430542,0.8941613435745239
1946,0.6354948878288269,0.6051973104476929,1.4032466411590576,3.1065502166748047,22.554443359375,1.7788054943084717,2.345914840698242,0.9915594458580017,0.4610149562358856,0.16076207160949707,-0.08652862906455994,1.7228184938430786,2.346928119659424,0.9905321002006531
1947,0.5084288120269775,0.6141602396965027,2.326310873031616,10.932476997375488,120.74038696289062,4.946573734283447,9.696375846862793,1.015272855758667,0.6963499188423157,-0.2830968201160431,-0.022763313725590706,4.910974979400635,9.719276428222656,1.0178489685058594
1948,0.6610201001167297,0.5870737433433533,2.11588978767395,8.761877059936523,78.44017791748047,6.867273807525635,5.077173709869385,1.957894206047058,0.11691625416278839,0.7041725516319275,-0.229033961892128,6.885430812835693,5.042129039764404,1.9498757123947144
1949,0.6307665109634399,0.6328798532485962,2.04526948928833,5.901114463806152,48.71328353881836,3.9208881855010986,4.138130187988281,1.52501380443573,0.6107881665229797,-0.203265979886055,-0.14963428676128387,3.88382625579834,4.1446638107299805,1.521888256072998
1950,0.5565931797027588,0.641792356967926,2.967712163925171,10.656274795532227,82.42168426513672,6.898823261260986,7.563806533813477,2.958254337310791,-0.22959116101264954,-0.1221451461315155,0.0740734338760376,6.9142351150512695,7.583915710449219,2.965575695037842
1951,0.6164343953132629,0.6102303266525269,2.159799337387085,9.708211898803711,104.68421936035156,5.737481117248535,7.536303520202637,2.129509449005127,0.42344632744789124,0.12380599975585938,-0.2633220851421356,5.737794399261475,7.556305885314941,2.119060516357422
1952,0.5068012475967407,0.6290047764778137,1.229909062385559,4.17613410949707,48.71535873413086,2.4776527881622314,3.218517303466797,0.9708133339881897,0.09876064211130142,0.3899741470813751,-0.07188939303159714,2.4825894832611084,3.2037160396575928,0.9708485007286072
1953,0.5282772183418274,0.617006242275238,1.7203342914581299,6.921774387359619,84.6364517211914,6.290366172790527,2.7037851810455322,1.0157748460769653,0.5867199301719666,-0.18055041134357452,-0.0806739330291748,6.2804131507873535,2.705275058746338,1.0153905153274536
1954,0.5024669170379639,0.6230865120887756,1.14803147315979,3.1378543376922607,33.68172836303711,1.3214492797851562,2.6664836406707764,0.9948704242706299,0.21435987949371338,0.23848453164100647,0.0513605959713459,1.307584285736084,2.66320538520813,0.9963151216506958
1955,0.5264313220977783,0.6612324118614197,1.6442179679870605,6.960611820220947,67.41555786132812,5.670161247253418,3.8404529094696045,1.2451151609420776,0.24097296595573425,-0.423704594373703,0.19443149864673615,5.680840492248535,3.827655792236328,1.2332712411880493
1956,0.5047897696495056,0.6566202044487,1.7940480709075928,5.949255466461182,58.58777618408203,4.737383842468262,3.504676342010498,0.8173599243164062,-0.2976483404636383,-0.46193790435791016,0.08573640137910843,4.741211891174316,3.483790397644043,0.8151182532310486
1957,0.5141191482543945,0.6609207987785339,2.1708762645721436,10.994332313537598,120.63804626464844,7.894837856292725,7.439331531524658,1.789747714996338,-0.5344354510307312,-0.17224667966365814,0.21197620034217834,7.898698806762695,7.458083152770996,1.7821073532104492
1958,0.4770222306251526,0.6470590829849243,1.6740305423736572,6.988868713378906,59.82665252685547,4.489492416381836,5.0535664558410645,1.7748814821243286,0.343369722366333,0.015210798010230064,0.016923829913139343,4.488828182220459,5.0676398277282715,1.7797513008117676
1959,0.5722203850746155,0.6383145451545715,2.721440076828003,12.531065940856934,124.92404174804688,9.992640495300293,7.082131385803223,2.649179458618164,1.1145074367523193,0.4904673397541046,-0.16970527172088623,9.95799446105957,7.084834575653076,2.6511127948760986
1960,0.5439202189445496,0.6177583932876587,2.490216016769409,13.692896842956543,129.66000366210938,8.093598365783691,10.861964225769043,2.0017144680023193,0.29470565915107727,0.17741115391254425,-0.07825861871242523,8.110791206359863,10.890810012817383,2.005763292312622
1961,0.5222101807594299,0.6306313872337341,0.914900541305542,1.9732913970947266,12.408333778381348,1.362167239189148,1.3015491962432861,0.586812436580658,0.09647922962903976,0.07192202657461166,-0.04850420355796814,1.3625363111495972,1.3031854629516602,0.5864356756210327
1962,0.5773938894271851,0.6157487630844116,2.7274227142333984,13.586173057556152,104.64805603027344,10.783820152282715,7.899990081787109,2.4255900382995605,0.7442915439605713,0.6392372250556946,-0.28203094005584717,10.788111686706543,7.896049976348877,2.4158577919006348
1963,0.5724344253540039,0.6582672595977783,2.6451416015625,13.640344619750977,113.01797485351562,11.200194358825684,7.249322891235352,2.8393545150756836,0.46975356340408325,0.0016597165958955884,-0.0049811736680567265,11.221553802490234,7.269543647766113,2.8472700119018555
1964,0.6055551767349243,0.624114990234375,2.1399343013763428,11.146392822265625,105.29684448242188,7.7556657791137695,7.00238037109375,3.880516767501831,0.0063571506179869175,-0.651433527469635,0.4164884090423584,7.777296543121338,6.99146032333374,3.8688628673553467
1965,0.5331865549087524,0.6042187809944153,2.4573123455047607,11.46955394744873,118.09932708740234,5.3730974197387695,9.730250358581543,2.828904867172241,-0.653599202632904,-0.7157861590385437,0.04756264388561249,5.3480730056762695,9.730955123901367,2.836395025253296
1966,0.5773288011550903,0.6600845456123352,4.626725196838379,20.32895851135254,148.97805786132812,16.571956634521484,10.530810356140137,5.266763210296631,-1.0771416425704956,0.24473553895950317,0.19706806540489197,16.58304214477539,10.557332992553711,5.2777557373046875
1967,0.5514841079711914,0.6427888870239258,2.1697490215301514,14.171584129333496,163.97422790527344,9.684531211853027,9.534886360168457,4.0161638259887695,0.8281086683273315,0.06748716533184052,0.28157490491867065,9.675975799560547,9.561244010925293,4.017456531524658
1968,0.49421122670173645,0.632936418056488,1.4894214868545532,8.091059684753418,93.23823547363281,2.9034531116485596,6.365429401397705,4.064050674438477,0.21910323202610016,0.7404162883758545,0.26208019256591797,2.903249740600586,6.339855670928955,4.066904544830322
1969,0.5746079087257385,0.6391403675079346,2.2469193935394287,11.40799617767334,109.22296905517578,8.29265308380127,7.139571189880371,3.22503399848938,0.3724476397037506,0.08666915446519852,-0.2149326354265213,8.307393074035645,7.158957481384277,3.226839542388916
1970,0.5676555037498474,0.6089169383049011,2.550419807434082,11.172952651977539,103.02189636230469,6.268966197967529,8.345605850219727,3.985701322555542,-0.17033737897872925,-0.36791738867759705,-0.4276716411113739,6.2841315269470215,8.360749244689941,3.973743200302124
1971,0.5181629657745361,0.6410423517227173,1.971954345703125,9.407340049743652,96.19673156738281,3.4323511123657227,7.121647357940674,5.098935604095459,-0.27566084265708923,0.06273426860570908,0.6550043225288391,3.430807113647461,7.141235828399658,5.07079553604126
1972,0.49853476881980896,0.6366128921508789,0.6270866394042969,1.2818840742111206,7.368624687194824,0.7880698442459106,0.8953102827072144,0.46967241168022156,-0.08023151010274887,0.07544366270303726,0.03477427363395691,0.7861618995666504,0.8946143984794617,0.46968984603881836
1973,0.5463573932647705,0.6324683427810669,1.8327620029449463,7.227766990661621,81.58816528320312,5.085926532745361,4.2636518478393555,2.8627326488494873,0.37937071919441223,0.27561596035957336,-0.04681028798222542,5.085905075073242,4.266602039337158,2.8703343868255615
1974,0.49426838755607605,0.6266674995422363,1.5215955972671509,7.634471416473389,82.55516052246094,5.638540744781494,4.470985412597656,2.549962282180786,0.5522359609603882,0.46852219104766846,-0.24424371123313904,5.627085208892822,4.458771705627441,2.545318126678467
1975,0.5559120178222656,0.622133195400238,2.0974552631378174,10.845690727233887,132.47860717773438,6.271420478820801,7.993312358856201,3.7954251766204834,0.5805278420448303,0.9831578135490417,-0.32149603962898254,6.2619123458862305,7.954746723175049,3.7923336029052734
1976,0.5108093023300171,0.6373788714408875,3.308112621307373,16.041339874267578,138.40167236328125,8.609360694885254,11.662991523742676,6.868630886077881,-0.5007800459861755,-1.1797319650650024,-0.06541741639375687,8.618757247924805,11.635538101196289,6.887478828430176
1977,0.5387770533561707,0.6115425229072571,3.321563482284546,14.788002967834473,135.5744171142578,6.514030933380127,12.719009399414062,3.8051607608795166,-0.1117696762084961,-0.19502416253089905,0.2647390067577362,6.531239032745361,12.7529878616333,3.8065285682678223
1978,0.5089404582977295,0.6329013109207153,2.1373062133789062,11.10352611541748,99.22369384765625,6.607910633087158,7.873586654663086,4.198861122131348,-0.250339537858963,-0.09550796449184418,-0.3934305012226105,6.621585369110107,7.894968032836914,4.192049026489258
1979,0.518555760383606,0.6466590762138367,2.7296459674835205,12.007023811340332,93.59481048583984,8.543100357055664,8.272980690002441,1.6558483839035034,0.003921752795577049,-0.5374348163604736,0.18773068487644196,8.566929817199707,8.278533935546875,1.6497610807418823
1980,0.5030346512794495,0.6568417549133301,0.5609079003334045,1.0419774055480957,6.287043571472168,0.6337132453918457,0.6822505593299866,0.4676094949245453,-0.03406711295247078,0.11589150130748749,-0.010011110454797745,0.6345620155334473,0.6742109060287476,0.4688063859939575
1981,0.5558393597602844,0.6466458439826965,2.0380618572235107,10.300395965576172,98.73316955566406,7.789484977722168,6.398678302764893,2.116360902786255,-0.6811308860778809,-0.535986065864563,0.21669422090053558,7.781292915344238,6.393976211547852,2.1111104488372803
1982,0.5626986622810364,0.6383286118507385,1.0350834131240845,3.0064592361450195,25.95100975036621,2.5033071041107178,1.5435346364974976,0.6243008971214294,-0.27214106917381287,-0.05439895763993263,-0.030967194586992264,2.4954118728637695,1.5468788146972656,0.6252716183662415
1983,0.5233778953552246,0.6044782996177673,4.042037487030029,21.357393264770508,180.9137725830078,7.296106815338135,19.269990921020508,5.618946552276611,-0.6233344078063965,-2.5308568477630615,0.6824630498886108,7.289708137512207,19.156354904174805,5.592905521392822
1984,0.5571660995483398,0.6463302969932556,1.0520715713500977,2.7602946758270264,27.734943389892578,1.0618706941604614,2.4530189037323,0.6887357831001282,0.05828329920768738,0.24089665710926056,-0.1220427006483078,1.0632274150848389,2.4479711055755615,0.6797273755073547
1985,0.5635187029838562,0.6374348998069763,2.496835947036743,12.708909034729004,134.8184051513672,4.799842834472656,11.52797794342041,2.3629677295684814,-0.050590284168720245,-0.36521053314208984,0.047985248267650604,4.812963962554932,11.554330825805664,2.369070529937744
1986,0.5705082416534424,0.6335387825965881,1.3153858184814453,5.123588562011719,59.26094055175781,2.358159065246582,4.199929714202881,1.7466646432876587,0.00457284739241004,0.34838786721229553,-0.1809210330247879,2.3647327423095703,4.19713020324707,1.7421152591705322
1987,0.5225673317909241,0.6225970387458801,2.363812208175659,11.243142127990723,109.35701751708984,8.662209510803223,7.085927963256836,1.0788930654525757,0.9457368850708008,0.28525203466415405,-0.09126072376966476,8.634445190429688,7.09993314743042,1.0780251026153564
1988,0.4710369408130646,0.650577962398529,1.3357316255569458,4.663577556610107,39.578590393066406,3.091569423675537,3.410612106323242,0.7475816011428833,0.061914339661598206,0.050997376441955566,-0.060114577412605286,3.0995712280273438,3.419743299484253,0.7472392320632935
1989,0.5147814154624939,0.6151915788650513,2.0096957683563232,11.150370597839355,142.5962371826172,10.12671947479248,4.596107006072998,0.8100120425224304,1.1237176656723022,0.4220583736896515,-0.028559528291225433,10.092251777648926,4.58945369720459,0.8117664456367493
1990,0.5706020593643188,0.6183570623397827,1.9714986085891724,10.41501522064209,127.06644439697266,9.571823120117188,4.002221584320068,0.9137704968452454,0.34403976798057556,-0.24194641411304474,-0.00926509965211153,9.592320442199707,4.006044864654541,0.9162722826004028
1991,0.6013632416725159,0.6205231547355652,2.2986109256744385,9.48987865447998,93.91085052490234,5.043704032897949,7.777919769287109,2.030474901199341,0.12621405720710754,0.5348036885261536,-0.1320033073425293,5.056189060211182,7.781155586242676,2.0318312644958496
1992,0.5817671418190002,0.6234591007232666,2.102365255355835,11.835890769958496,146.95004272460938,11.120033264160156,3.8005402088165283,1.4103325605392456,0.758484423160553,-0.635639488697052,0.03830764815211296,11.125081062316895,3.7574594020843506,1.4137448072433472
1993,0.6297430396080017,0.650269627571106,1.074324607849121,2.8649322986602783,20.175325393676758,1.470196008682251,2.3524584770202637,0.7157503962516785,0.21970446407794952,-0.021293487399816513,-0.058760613203048706,1.4577419757843018,2.35892391204834,0.7153240442276001
1994,0.4931066036224365,0.6245115995407104,0.9099945425987244,2.855067729949951,28.79766082763672,1.8114603757858276,1.9179960489273071,1.0914736986160278,-0.06644764542579651,-0.010736863128840923,0.054911401122808456,1.8152905702590942,1.9233158826828003,1.0931322574615479
1995,0.5127098560333252,0.629555344581604,1.0632846355438232,3.1859641075134277,28.216617584228516,1.770805835723877,2.42950177192688,1.0545785427093506,0.057386357337236404,-0.218283548951149,-0.004719383083283901,1.7748124599456787,2.4264252185821533,1.0575095415115356
1996,0.5087987184524536,0.6306928992271423,1.784034252166748,8.491573333740234,93.26978302001953,3.2922275066375732,6.680349349975586,4.079336643218994,0.29293522238731384,-0.05734163895249367,-0.3378521203994751,3.288316249847412,6.698736667633057,4.076662063598633
1997,0.49516260623931885,0.6644261479377747,0.7439495921134949,1.7456858158111572,12.27005386352539,0.9921481013298035,1.3700557947158813,0.4312867820262909,0.03259731084108353,0.14445047080516815,-0.042205292731523514,0.994378387928009,1.3662198781967163,0.43041399121284485
1998,0.5757866501808167,0.6107146739959717,2.8789925575256348,13.800701141357422,131.46250915527344,7.628006935119629,10.377579689025879,4.957691192626953,-0.9899376034736633,0.05698085576295853,0.5686139464378357,7.584596157073975,10.406370162963867,4.938713073730469
1999,0.5152925252914429,0.6405343413352966,3.3137412071228027,17.7758731842041,153.75721740722656,11.855278015136719,11.908892631530762,5.797616481781006,-0.3926096260547638,0.2777583599090576,-0.5833114385604858,11.881826400756836,11.938862800598145,5.784287452697754
2000,0.4666576087474823,0.660325288772583,0.7640133500099182,2.239199638366699,21.55921745300293,1.5270955562591553,1.559270977973938,0.5006681084632874,0.03825133666396141,-0.039871178567409515,0.0679793506860733,1.5308747291564941,1.5631091594696045,0.4974152147769928
2001,0.5343281030654907,0.6421836614608765,1.0460357666015625,3.702815532684326,39.24209213256836,2.091549873352051,2.842965602874756,1.1197354793548584,0.08169254660606384,-0.05335574224591255,0.1020536869764328,2.0957837104797363,2.8503940105438232,1.1181855201721191
2002,0.5370193123817444,0.6488242149353027,1.9084535837173462,7.30146598815918,62.85151290893555,2.589118242263794,6.543093681335449,1.948284387588501,0.2369670569896698,0.2714345455169678,-0.1663883924484253,2.5854430198669434,6.5556960105896,1.9465807676315308
2003,0.4730623662471771,0.7141880393028259,0.936373233795166,4.4953413009643555,52.21745681762695,2.0442891120910645,3.385683536529541,2.136847734451294,0.1876775175333023,0.3655664324760437,-0.2168983519077301,2.0413341522216797,3.3752787113189697,2.1317408084869385
2004,0.37258172035217285,0.7372389435768127,1.275712013244629,9.483104705810547,105.63035583496094,2.482541084289551,9.068556785583496,1.2359411716461182,-0.17055708169937134,0.19067247211933136,0.011503762565553188,2.4835832118988037,9.091841697692871,1.2393349409103394
2005,0.5208229422569275,0.6789624691009521,1.1493637561798096,5.744134426116943,58.548736572265625,4.1897759437561035,3.807589054107666,0.9711459875106812,0.36196061968803406,-0.36293870210647583,0.026845991611480713,4.185754776000977,3.8008244037628174,0.9734826683998108
2006,0.4804590046405792,0.6752507090568542,0.8935416340827942,2.525991201400757,17.08591651916504,1.2345247268676758,2.084972858428955,0.7137700319290161,0.05480850487947464,-0.16520874202251434,0.02806873433291912,1.2367477416992188,2.084214687347412,0.7152073979377747
2007,0.5333325862884521,0.6372032165527344,1.9217709302902222,8.557157516479492,95.59607696533203,3.1595919132232666,6.580216407775879,4.465721607208252,-0.17728157341480255,0.8288224935531616,-0.02170381508767605,3.1634137630462646,6.546018600463867,4.478125095367432
2008,0.4944520890712738,0.7020843625068665,0.6556919813156128,3.3487555980682373,40.34381866455078,2.029571533203125,2.5462000370025635,0.7822203040122986,0.0723259299993515,-0.1764255315065384,-0.008589718490839005,2.033939838409424,2.547165632247925,0.7843549847602844
2009,0.46030768752098083,0.6671972274780273,1.5844560861587524,8.866771697998047,101.37181091308594,7.451026916503906,2.992138147354126,3.761507511138916,0.5587128400802612,-0.18510085344314575,0.20040826499462128,7.450775146484375,2.994737386703491,3.7666425704956055
2010,0.4365594685077667,0.7001745700836182,2.0562338829040527,14.627483367919922,144.36495971679688,10.843929290771484,8.926661491394043,4.084991931915283,-1.0899776220321655,-0.8976475596427917,0.3433985710144043,10.819106101989746,8.906187057495117,4.0818867683410645
2011,0.3931777775287628,0.7353001236915588,0.8604918122291565,5.263062953948975,66.06298065185547,4.065906524658203,2.7031946182250977,1.9649361371994019,-0.39511287212371826,-0.32507625222206116,0.24174146354198456,4.057950973510742,2.6910629272460938,1.9554482698440552
2012,0.4386025071144104,0.7059389352798462,0.8617057800292969,4.856781482696533,62.077884674072266,1.5359922647476196,4.071861267089844,2.1561532020568848,-0.05866972357034683,-0.32005059719085693,0.10738547146320343,1.5391528606414795,4.070586681365967,2.159484386444092
2013,0.3940950930118561,0.7052283883094788,0.543862521648407,1.967097520828247,14.639087677001953,0.9394272565841675,1.646468997001648,0.5254417657852173,-0.11868876963853836,0.06533906608819962,-0.011848715133965015,0.9344988465309143,1.6497611999511719,0.5267734527587891
2014,0.3571103513240814,0.772233247756958,0.3016566038131714,0.9997137188911438,10.745443344116211,0.6773202419281006,0.36030155420303345,0.6409739255905151,-0.08807964622974396,-0.056903693825006485,0.06710455566644669,0.6734420657157898,0.3567720949649811,0.6392297148704529
2015,0.4081346392631531,0.7169246077537537,0.721042811870575,5.295214653015137,69.70926666259766,4.029638290405273,3.3190689086914062,0.8860554099082947,0.2890355885028839,0.3658229112625122,-0.017852727323770523,4.030470848083496,3.308048963546753,0.8883466720581055
2016,0.4273248612880707,0.7404177188873291,0.5228267312049866,3.806709051132202,50.43169403076172,2.6945536136627197,2.648404359817505,0.4651534855365753,0.21167293190956116,-0.19787411391735077,0.03770460560917854,2.6937196254730225,2.6483688354492188,0.46491605043411255
2017,0.38121140003204346,0.7397464513778687,0.7083318829536438,3.5576775074005127,44.509559631347656,2.094907760620117,2.760993242263794,0.8033354878425598,-0.2000076323747635,0.22036243975162506,-0.10128229111433029,2.0911550521850586,2.7598624229431152,0.7991481423377991
2018,0.41189834475517273,0.7041623592376709,0.5299887657165527,3.401010751724243,44.52764892578125,1.9866101741790771,2.65446400642395,0.7576776146888733,0.10972505062818527,-0.13302427530288696,0.07800959795713425,1.9891105890274048,2.6585240364074707,0.755753219127655
2019,0.43608155846595764,0.7317058444023132,0.7843160033226013,7.214722156524658,96.45661163330078,3.204761028289795,6.445586681365967,0.4859393537044525,-0.23407265543937683,-0.515019416809082,-0.030603816732764244,3.2051167488098145,6.442899227142334,0.48632749915122986
2020,0.3990124464035034,0.7629214525222778,0.2436719685792923,0.6134006381034851,4.215592861175537,0.347158282995224,0.4301622807979584,0.2658981382846832,0.011548223905265331,-0.005652528256177902,0.0007228056783787906,0.34793397784233093,0.43132492899894714,0.266638845205307
2021,0.3763589560985565,0.7513073086738586,0.2817259132862091,0.7860798239707947,6.947964191436768,0.36260321736335754,0.5657602548599243,0.4078674018383026,0.04778294637799263,0.03183656185865402,0.0430922769010067,0.360443651676178,0.5664394497871399,0.40671592950820923
2022,0.43076449632644653,0.7265398502349854,0.312146931886673,0.8437084555625916,5.612428665161133,0.5095970630645752,0.43615856766700745,0.5117817521095276,-0.016528964042663574,-0.07567761093378067,0.014270222745835781,0.5107496380805969,0.43074119091033936,0.5130096673965454
2023,0.43598702549934387,0.732657253742218,0.5480358004570007,4.076469421386719,53.9008674621582,1.5425587892532349,3.2798333168029785,1.8656926155090332,0.1323886215686798,0.24477073550224304,-0.13617826998233795,1.5411542654037476,3.279810667037964,1.8659064769744873
2024,0.4117604196071625,0.7495760917663574,0.32886531949043274,1.270328164100647,14.028607368469238,0.3869873583316803,1.163958191871643,0.3304174840450287,-0.022390905767679214,-0.09708665311336517,0.019357439130544662,0.3874167203903198,1.1631375551223755,0.33077001571655273
2025,0.41054752469062805,0.7542688846588135,0.32795020937919617,1.258906364440918,14.404974937438965,0.4951758086681366,1.088694453239441,0.3929259181022644,0.030204927548766136,-0.08099325001239777,-0.06853347271680832,0.4956324100494385,1.0887058973312378,0.38798224925994873
2026,0.4292685389518738,0.7437489628791809,0.3588882088661194,1.332686424255371,13.782413482666016,0.7815006375312805,1.0512040853500366,0.24551956355571747,0.02458883635699749,-0.10406860709190369,0.04592929035425186,0.7832925915718079,1.0489578247070312,0.2418580800294876
2027,0.37131670117378235,0.7343795299530029,0.4585513770580292,2.4938273429870605,31.669652938842773,2.1461520195007324,1.2047415971755981,0.4022495150566101,0.15371523797512054,-0.009096553549170494,0.0155616644769907,2.146611213684082,1.2080676555633545,0.4030695855617523
2028,0.38119837641716003,0.735703706741333,0.4490256607532501,1.7370882034301758,18.570106506347656,1.4032464027404785,0.8825656771659851,0.5190887451171875,-0.045642171055078506,-0.10130178183317184,0.03167179599404335,1.4064160585403442,0.8791782259941101,0.5195668339729309
2029,0.37549811601638794,0.7309643626213074,1.1962512731552124,7.700921058654785,91.53914642333984,2.695478677749634,7.148640155792236,0.9672262072563171,0.292937695980072,-0.608648419380188,0.040076252073049545,2.6869876384735107,7.142549991607666,0.9690912365913391
2030,0.3683779239654541,0.7432301044464111,0.28096088767051697,0.6186995506286621,4.1805100440979,0.32912495732307434,0.32787662744522095,0.40861085057258606,0.035378530621528625,-0.015382803976535797,-0.022764306515455246,0.32813069224357605,0.3284291625022888,0.40911421179771423
2031,0.36919668316841125,0.7384567260742188,0.2184123992919922,0.5802717804908752,4.834817409515381,0.3136555850505829,0.36951133608818054,0.3190561830997467,0.02888971008360386,0.0005753014120273292,-0.017841815948486328,0.3131934702396393,0.37054160237312317,0.31944552063941956
2032,0.3447129726409912,0.747485876083374,0.4779142141342163,2.242525815963745,26.819028854370117,1.1193946599960327,1.8865643739700317,0.46556738018989563,0.07327788323163986,0.11060605943202972,0.04483599215745926,1.1201093196868896,1.8885726928710938,0.4646959900856018
2033,0.3379978835582733,0.7549837231636047,0.5999361276626587,4.751092910766602,63.05338668823242,2.878960609436035,3.24619460105896,1.9356359243392944,-0.25547346472740173,-0.2632191777229309,0.1554938107728958,2.8756022453308105,3.244530439376831,1.9347621202468872
2034,0.3697792589664459,0.7551963925361633,0.4625190794467926,2.3106110095977783,28.171472549438477,1.8642385005950928,0.8332576155662537,1.0813050270080566,-0.15691013634204865,0.015199370682239532,-0.0922122374176979,1.862804889678955,0.8354429006576538,1.0803712606430054
2035,0.37661856412887573,0.7445341944694519,0.3995932638645172,1.7846858501434326,20.828041076660156,0.6476081013679504,1.5789786577224731,0.5220475792884827,-0.0008513874490745366,-0.09979837387800217,0.02312219701707363,0.6494139432907104,1.5802173614501953,0.5229901075363159
2036,0.33406832814216614,0.7601131200790405,0.4748792052268982,2.2883565425872803,26.090227127075195,0.9600299596786499,1.9737083911895752,0.6476059556007385,0.12257936596870422,0.15008544921875,-0.03540043905377388,0.9548282027244568,1.9734833240509033,0.6484413743019104
2037,0.422589510679245,0.7347519993782043,1.193482518196106,11.369747161865234,151.97955322265625,4.863138675689697,10.145461082458496,1.6403201818466187,-0.3207527995109558,0.8707529902458191,-0.1295793503522873,4.866085052490234,10.136220932006836,1.639755129814148
2038,0.40087389945983887,0.7238344550132751,0.25003689527511597,0.8182324171066284,8.284746170043945,0.330737829208374,0.6518068313598633,0.3677832782268524,0.009858988225460052,0.03615999594330788,-0.0029594129882752895,0.331512987613678,0.6526183485984802,0.368797242641449
2039,0.3446698486804962,0.7537047863006592,0.22981500625610352,0.7079517245292664,8.164772987365723,0.3376447558403015,0.5586439371109009,0.2740592658519745,-0.04121684655547142,0.037933897227048874,-0.01092708483338356,0.33605441451072693,0.5589092373847961,0.2746051549911499
2040,0.38683536648750305,0.7481737732887268,0.3991890847682953,1.4119815826416016,14.047045707702637,0.5781756043434143,1.1460349559783936,0.588225245475769,0.07890292257070541,-0.1850048154592514,-0.00017437670612707734,0.5743640661239624,1.1341586112976074,0.589866042137146
2041,0.3688325881958008,0.7640849947929382,1.0866179466247559,7.557900428771973,98.08654022216797,4.432774066925049,2.6466543674468994,5.519745349884033,0.17114757001399994,-0.03496355935931206,0.42590662837028503,4.441824436187744,2.6538054943084717,5.518640041351318
2042,0.34372755885124207,0.7440739870071411,0.34075355529785156,1.2983534336090088,15.117578506469727,1.136443853378296,0.5466667413711548,0.30882441997528076,-0.07122915983200073,0.054674722254276276,-0.013584469445049763,1.1373730897903442,0.5454429388046265,0.30938610434532166
2043,0.42919445037841797,0.7444252371788025,0.30890753865242004,1.2280991077423096,14.07620906829834,0.5716699957847595,1.0150285959243774,0.38876429200172424,0.0018247446278110147,-0.08864764124155045,-0.0011262866901233792,0.5732616782188416,1.0139706134796143,0.389847069978714
2044,0.35452717542648315,0.750188410282135,0.24974268674850464,0.7760900855064392,6.369718551635742,0.47063031792640686,0.585034966468811,0.19635926187038422,0.048863593488931656,-0.02472580410540104,0.00775672635063529,0.4693925082683563,0.5861426591873169,0.19675330817699432
2045,0.418954998254776,0.7453534007072449,0.7015551328659058,6.175497055053711,82.26961517333984,5.697693824768066,2.047961950302124,1.2161047458648682,-0.40865644812583923,0.1698182076215744,-0.10359569638967514,5.698872089385986,2.0466017723083496,1.2150640487670898
2046,0.3543628454208374,0.7532989382743835,0.47627750039100647,2.6678192615509033,28.9360408782959,1.19242525100708,2.2997684478759766,0.6375308632850647,0.10030500590801239,0.009082539938390255,-0.033314771950244904,1.1915134191513062,2.3061654567718506,0.6384357213973999
2047,0.4341071546077728,0.7487998604774475,0.4481181502342224,1.899522304534912,19.6099796295166,1.1925485134124756,1.4219977855682373,0.4048895239830017,-0.029453633353114128,-0.11775832623243332,0.043809663504362106,1.1955101490020752,1.421066403388977,0.403635174036026
2048,0.37080317735671997,0.7391327619552612,0.34026432037353516,1.2450509071350098,11.143316268920898,0.7308865189552307,0.8912199139595032,0.4708329737186432,0.07968783378601074,-0.018971316516399384,-0.022014347836375237,0.7285559177398682,0.8935033082962036,0.47162991762161255
2049,0.3602660000324249,0.760872483253479,0.8234888911247253,4.130752086639404,39.729373931884766,3.141376495361328,2.5649263858795166,0.784869372844696,-0.0008748902473598719,0.15650680661201477,-0.026381611824035645,3.1501388549804688,2.567288637161255,0.786613941192627
2050,0.4298322796821594,0.7485353350639343,0.42567551136016846,1.8732826709747314,20.299043655395508,0.674709677696228,1.7165858745574951,0.32754766941070557,0.04838723689317703,-0.19632068276405334,0.04696745425462723,0.6748495697975159,1.7100794315338135,0.32506704330444336
2051,0.35922321677207947,0.7703216671943665,0.2891814410686493,1.0429850816726685,10.922822952270508,0.593445897102356,0.7267695665359497,0.4554620385169983,0.03223421424627304,-0.09705859422683716,0.05020163953304291,0.5942227244377136,0.7222684621810913,0.4539496600627899
2052,0.3615400791168213,0.7455153465270996,1.4573231935501099,13.903608322143555,185.60386657714844,13.214916229248047,4.145410060882568,1.2214301824569702,-1.0095336437225342,-0.2783583998680115,0.055528674274683,13.213053703308105,4.147590637207031,1.2235709428787231
2053,0.4427158832550049,0.7502316832542419,0.2565152645111084,0.7342599034309387,4.770732402801514,0.45636042952537537,0.5071502327919006,0.271424800157547,0.015150423161685467,0.007419927977025509,0.007368148770183325,0.45738112926483154,0.508510410785675,0.272081583738327
2054,0.3961317241191864,0.7513520121574402,0.3743070065975189,1.533712387084961,15.027876853942871,0.41042569279670715,1.3504316806793213,0.6001319885253906,0.04060685634613037,0.11361580342054367,-0.06040406972169876,0.4095511734485626,1.3493973016738892,0.5987498760223389
2055,0.31644371151924133,0.7567747235298157,0.5965365171432495,3.2245395183563232,36.294498443603516,2.309284210205078,1.7209405899047852,1.450250267982483,-0.17671741545200348,-0.12530536949634552,-0.12464877218008041,2.3089351654052734,1.7211602926254272,1.448913812637329
2056,0.37089279294013977,0.736145555973053,1.1837974786758423,11.141694068908691,147.83607482910156,4.674452781677246,9.982809066772461,1.621835470199585,-0.3056439459323883,0.6202952861785889,-0.09762145578861237,4.677460193634033,9.991311073303223,1.6234105825424194
2057,0.3818371295928955,0.7502871155738831,0.25909385085105896,1.0129282474517822,12.091776847839355,0.45559731125831604,0.8606178760528564,0.2789115011692047,0.047698669135570526,-0.056812625378370285,-0.014833264984190464,0.454357385635376,0.8611359596252441,0.2792937159538269
2058,0.3654034733772278,0.7570958733558655,0.23477521538734436,0.7161396145820618,6.431552410125732,0.27560579776763916,0.5709705352783203,0.33300143480300903,-0.026138698682188988,-0.06024715676903725,-0.013990611769258976,0.2751288115978241,0.5693668127059937,0.3336354196071625
2059,0.3919459879398346,0.7400645613670349,0.3367898762226105,1.3004775047302246,14.926678657531738,0.5679598450660706,1.0491118431091309,0.5177139639854431,0.04512221738696098,0.10212043672800064,-0.03975895792245865,0.5677438974380493,1.0470422506332397,0.5176249146461487
2060,0.34552860260009766,0.7808704972267151,0.30915209650993347,1.2532846927642822,14.862530708312988,0.47924742102622986,1.026024580001831,0.536952555179596,-0.03321090713143349,-0.08133109658956528,0.06618288159370422,0.47942888736724854,1.0256489515304565,0.5343445539474487
2061,0.3288317322731018,0.7675154805183411,1.11997389793396,11.460618019104004,153.41348266601562,2.961566686630249,10.795174598693848,2.4574522972106934,-0.14873045682907104,-0.8500949740409851,0.17144562304019928,2.966080665588379,10.791670799255371,2.4583022594451904
2062,0.39824122190475464,0.7695423364639282,1.0155997276306152,10.946856498718262,146.69580078125,9.39198112487793,5.247431755065918,2.0220837593078613,-0.6287004947662354,-0.3956157863140106,0.13444830477237701,9.397054672241211,5.247093200683594,2.0232369899749756
2063,0.36411502957344055,0.7655124068260193,0.2555793523788452,0.6986418962478638,5.529419422149658,0.3644566237926483,0.5551384687423706,0.21700964868068695,-0.007187888491898775,-0.05973979830741882,0.01260677631944418,0.36540213227272034,0.5534542202949524,0.21724747121334076
2064,0.4077540636062622,0.759648859500885,0.3533613383769989,1.452296257019043,16.426517486572266,1.0215753316879272,0.8319092988967896,0.6111265420913696,-0.10768056660890579,-0.09210368245840073,0.031164435669779778,1.018717885017395,0.8291012644767761,0.6120339035987854
2065,0.3903270959854126,0.7551489472389221,1.0740669965744019,9.717098236083984,128.9468231201172,5.785721778869629,7.059037208557129,3.334277629852295,-0.40371841192245483,-0.526934802532196,0.26052501797676086,5.787718296051025,7.05897855758667,3.3333561420440674
2066,0.3999043405056,0.7393283843994141,0.2851421535015106,1.3004698753356934,15.178177833557129,0.9406735301017761,0.7477732300758362,0.4971823990345001,-0.001617864822037518,0.055677998811006546,-0.048724401742219925,0.9432961344718933,0.7477775812149048,0.4961692690849304
2067,0.32043394446372986,0.7606930136680603,0.32119300961494446,1.3171874284744263,13.98946762084961,0.4050605595111847,1.1959338188171387,0.37503471970558167,0.042235732078552246,-0.1002388745546341,-0.010755646042525768,0.40397632122039795,1.19504976272583,0.37592613697052
2068,0.42603394389152527,0.7377251982688904,0.3619410991668701,1.2051278352737427,11.424635887145996,0.5792468786239624,0.9986194372177124,0.34578245878219604,0.06023254618048668,0.028309551998972893,0.01602824218571186,0.5777137279510498,1.0010024309158325,0.3463742434978485
2069,0.35340505838394165,0.7719056010246277,0.4337266683578491,1.7862411737442017,19.774538040161133,0.7514426112174988,1.4882309436798096,0.6412180662155151,-0.009317221119999886,-0.10133294016122818,0.04254729673266411,0.7534807324409485,1.4889187812805176,0.6415895819664001
2070,0.3236801028251648,0.7825493812561035,0.49092718958854675,3.798971652984619,50.4585075378418,0.7646864652633667,3.5269546508789062,1.18660306930542,0.035817950963974,-0.2778302729129791,0.06697992980480194,0.7659778594970703,3.5258023738861084,1.1880158185958862
2071,0.35341089963912964,0.7809381484985352,0.6788742542266846,4.493692398071289,50.518524169921875,2.2722246646881104,3.6740100383758545,1.2377060651779175,-0.20755396783351898,0.18009918928146362,-0.10463254898786545,2.2690370082855225,3.6798295974731445,1.23671555519104
2072,0.36899620294570923,0.758880615234375,0.19905586540699005,0.6799895763397217,7.9157538414001465,0.3470020294189453,0.5547515749931335,0.18500277400016785,-0.03132643178105354,-0.030382800847291946,-0.013726308010518551,0.34654906392097473,0.5554640293121338,0.1850074827671051
2073,0.332898885011673,0.7639905214309692,0.28433239459991455,0.7489572763442993,4.482392311096191,0.5279266238212585,0.4274054765701294,0.3155234456062317,0.07058653235435486,-0.022960355505347252,-0.0013541539665311575,0.5246458053588867,0.4279788136482239,0.3164006471633911
2074,0.38912826776504517,0.753311276435852,0.3220497965812683,0.8907265067100525,6.323631286621094,0.5661961436271667,0.6392846703529358,0.2532404959201813,0.022259421646595,0.001911128987558186,-0.02795947901904583,0.5673365592956543,0.6410650014877319,0.2523943781852722
2075,0.3966255784034729,0.7342529296875,0.416700154542923,1.706288456916809,14.033265113830566,0.6248171329498291,1.4668474197387695,0.6077684164047241,0.007948259823024273,-0.12516285479068756,0.030023567378520966,0.6265093088150024,1.4655745029449463,0.6087196469306946
2076,0.36592966318130493,0.7807227373123169,0.18128402531147003,0.435546875,3.298855781555176,0.2600351870059967,0.2770715355873108,0.21287116408348083,0.016268106177449226,0.006132259964942932,-0.004563034512102604,0.2602497339248657,0.2777763605117798,0.21341589093208313
2077,0.29738497734069824,0.7930371165275574,0.27442002296447754,0.6690332889556885,3.944200277328491,0.41645923256874084,0.4539622962474823,0.26093199849128723,0.04419495537877083,-0.02109615132212639,-0.009015174582600594,0.41526269912719727,0.45473676919937134,0.2615036070346832
2078,0.3822920024394989,0.7496676445007324,0.4864131510257721,1.8253192901611328,20.295551300048828,0.6031597256660461,1.6928651332855225,0.31968188285827637,-0.01303788460791111,-0.13131365180015564,0.013301311992108822,0.6047008633613586,1.6924724578857422,0.3202959895133972
2079,0.3738694489002228,0.7471575736999512,0.15326601266860962,0.3171272873878479,2.243185520172119,0.19083991646766663,0.13213969767093658,0.21607623994350433,-0.012931437231600285,-0.017447879537940025,-0.02107272855937481,0.19093240797519684,0.13134807348251343,0.21564607322216034
2080,0.36934271454811096,0.7547541260719299,0.2731936573982239,0.6608005166053772,4.255441665649414,0.40601447224617004,0.4490724205970764,0.26484617590904236,-0.015513722784817219,-0.004790659993886948,-0.010662101209163666,0.4068497121334076,0.4502994418144226,0.26536962389945984
2081,0.3735301196575165,0.7616638541221619,0.4423186480998993,1.992186427116394,23.976408004760742,1.1665724515914917,1.5548980236053467,0.4361284375190735,-0.1128954142332077,0.06796026229858398,0.006271839141845703,1.1643354892730713,1.557745099067688,0.4372997283935547
2082,0.3545847237110138,0.7323445081710815,0.4393447935581207,1.70205557346344,14.315855026245117,0.9587453603744507,1.3719258308410645,0.3092251718044281,0.12705644965171814,-0.1444193571805954,0.0671934112906456,0.9529397487640381,1.3681087493896484,0.3026783764362335
2083,0.4309386610984802,0.7197090983390808,0.2875031530857086,0.7594301700592041,5.784231662750244,0.4032593071460724,0.3845236003398895,0.5160016417503357,-0.014031469821929932,0.014583807438611984,-0.03823450580239296,0.40413931012153625,0.3853187561035156,0.5160184502601624
2084,0.37298357486724854,0.7766489386558533,0.28241991996765137,0.8271806240081787,7.151166915893555,0.32772254943847656,0.7094082832336426,0.27122989296913147,0.029350323602557182,-0.08976129442453384,0.018953537568449974,0.3273160457611084,0.7056694626808167,0.2713215947151184
