frame_idx,mean_entropy,mean_confidence,mean_deviation,rmse_deviation,max_deviation,rmse_x,rmse_y,rmse_z,mean_x,mean_y,mean_z,std_x,std_y,std_z
0,0.5124841928482056,0.6878148317337036,0.400298148393631,1.2489500045776367,7.897895812988281,0.8400622606277466,0.8378642797470093,0.39007022976875305,0.016421837732195854,-0.05751832574605942,-0.006998409517109394,0.842244565486908,0.8382193446159363,0.3910953104496002
1,0.45063716173171997,0.7297055721282959,0.30877143144607544,1.0682817697525024,7.298479080200195,0.5496617555618286,0.8832978010177612,0.24265791475772858,0.0319814570248127,-0.04468485713005066,-0.018463220447301865,0.5502611398696899,0.8846274614334106,0.24262937903404236
2,0.48302996158599854,0.6980094313621521,0.16262641549110413,0.41199707984924316,3.2123773097991943,0.3378979563713074,0.16463997960090637,0.16870161890983582,-0.033068787306547165,0.015134048648178577,0.014187668450176716,0.3372139036655426,0.16440021991729736,0.16857287287712097
3,0.477385938167572,0.7172300815582275,0.9521369338035583,9.954681396484375,133.0291290283203,9.838908195495605,0.9978299140930176,1.1383789777755737,0.7244282364845276,-0.012444191612303257,0.10165263712406158,9.839570045471191,1.000535488128662,1.1369941234588623
4,0.46433067321777344,0.6948831081390381,1.1051605939865112,9.994626998901367,132.9760284423828,9.865830421447754,1.0503216981887817,1.206135630607605,-0.627449631690979,0.028096655383706093,-0.06296170502901077,9.873322486877441,1.0528745651245117,1.2078510522842407
5,0.47533783316612244,0.7104937434196472,0.3436145782470703,1.2263704538345337,11.26789665222168,1.0266774892807007,0.6160600185394287,0.2653070390224457,-0.00899716280400753,-0.11941062659025192,0.009411528706550598,1.0295017957687378,0.6060624122619629,0.26587963104248047
6,0.47882699966430664,0.7031609416007996,0.4035945534706116,3.1349198818206787,41.726863861083984,0.5317907929420471,2.9749057292938232,0.8335803747177124,-0.0024215434677898884,-0.2236362099647522,0.04380893334746361,0.5332686901092529,2.974762201309204,0.8347503542900085
7,0.49800658226013184,0.6909507513046265,0.3096029460430145,1.1859312057495117,11.29582405090332,0.7841382622718811,0.8373907208442688,0.3005605936050415,-0.03325142338871956,0.07155632972717285,-0.013128088787198067,0.785618245601654,0.8366550803184509,0.3011113107204437
8,0.4642281234264374,0.6925341486930847,0.20652452111244202,1.0802745819091797,14.08642292022705,0.3237898349761963,0.8777487874031067,0.5401024222373962,0.027574846521019936,-0.05926401913166046,0.026953406631946564,0.323513388633728,0.8781886100769043,0.540934145450592
9,0.5011134147644043,0.6921938061714172,0.3038827180862427,1.6677922010421753,21.42618179321289,0.6217665672302246,1.4560742378234863,0.5241995453834534,-0.02236899547278881,-0.11906194686889648,0.062201015651226044,0.62309730052948,1.455246090888977,0.5219479203224182
10,0.4930644929409027,0.6977028846740723,0.8367689251899719,6.050610542297363,79.57953643798828,5.1847100257873535,2.5639841556549072,1.7761338949203491,-0.34649908542633057,-0.1788615584373474,0.12919169664382935,5.187549591064453,2.5648722648620605,1.7763702869415283
11,0.5280172824859619,0.7032825350761414,0.3948383033275604,1.6436847448349,18.843791961669922,0.5592366456985474,1.4520213603973389,0.5297055840492249,0.02773444913327694,-0.17054861783981323,0.044825147837400436,0.5601064562797546,1.4459928274154663,0.5292778015136719
12,0.45925000309944153,0.6904978156089783,1.2935773134231567,12.589056015014648,167.57827758789062,10.444269180297852,5.944470405578613,3.7503137588500977,-0.7146387696266174,-0.467469722032547,0.32671257853507996,10.44885540008545,5.942592144012451,3.7464773654937744
13,0.47840386629104614,0.6969972848892212,1.1410572528839111,10.063286781311035,132.99972534179688,9.942201614379883,0.9614058136940002,1.223955512046814,-0.7837750911712646,-0.023961806669831276,-0.09547381103038788,9.938905715942383,0.9637880325317383,1.2236298322677612
14,0.5144592523574829,0.6810494661331177,0.27056974172592163,0.9115791320800781,7.191606521606445,0.7405487298965454,0.46436822414398193,0.25870102643966675,-0.05690542981028557,-0.02382848598062992,0.007755153812468052,0.7404187321662903,0.4650500416755676,0.25930604338645935
15,0.502297043800354,0.7015893459320068,1.6206014156341553,12.323948860168457,133.2015838623047,11.422050476074219,0.6659327149391174,4.57963228225708,1.1642428636550903,-0.044549912214279175,0.4160694181919098,11.394254684448242,0.6662942171096802,4.573414325714111
16,0.440512090921402,0.7165254354476929,2.302799940109253,18.799819946289062,213.6532440185547,17.752840042114258,4.898828983306885,3.7777578830718994,-1.7593635320663452,-0.3424191176891327,0.12407789379358292,17.714719772338867,4.900478839874268,3.7862517833709717
17,0.5271099209785461,0.7014820575714111,0.6104567646980286,2.2101101875305176,18.191640853881836,1.5902019739151,1.483404278755188,0.39415276050567627,0.21538737416267395,0.08920080959796906,-0.009875821880996227,1.5799424648284912,1.4848504066467285,0.39512813091278076
18,0.5304627418518066,0.6894630193710327,0.7381961345672607,5.257221221923828,68.3814697265625,2.8044192790985107,3.8935935497283936,2.1479151248931885,-0.3388422429561615,0.1705823391675949,-0.12462341785430908,2.7916388511657715,3.9007058143615723,2.150278091430664
19,0.5100305676460266,0.7083329558372498,0.2662929594516754,0.7934979796409607,6.3806281089782715,0.4385021924972534,0.6077007055282593,0.26087313890457153,0.00032869610004127026,0.028353633359074593,-0.03502347692847252,0.43972525000572205,0.6087321639060974,0.2592324912548065
20,0.4264536201953888,0.7289557456970215,0.5490202307701111,3.9021494388580322,50.59322738647461,1.2985306978225708,3.2592804431915283,1.7081218957901,0.1204298809170723,-0.23523806035518646,0.14447660744190216,1.29654061794281,3.259848117828369,1.7067482471466064
21,0.4238293766975403,0.7165422439575195,0.2582196295261383,0.6216338276863098,3.6202802658081055,0.3250272274017334,0.4579381048679352,0.2666057050228119,0.012006049044430256,-0.03121216595172882,0.010551047511398792,0.3257113993167877,0.4581475853919983,0.26713991165161133
22,0.49443185329437256,0.7012134790420532,0.23091565072536469,0.6693804264068604,5.184727191925049,0.4796851575374603,0.3407086431980133,0.3192020356655121,0.05097602307796478,0.026825647801160812,0.0189380906522274,0.4782993197441101,0.34059837460517883,0.31952857971191406
23,0.5096777081489563,0.693048357963562,0.34972861409187317,1.8095674514770508,22.44588279724121,1.1102337837219238,1.3531616926193237,0.45920416712760925,-0.10523933172225952,-0.1014610007405281,0.036643192172050476,1.1083176136016846,1.3531161546707153,0.4590166509151459
24,0.5166974663734436,0.7101476788520813,0.4413676857948303,2.999001979827881,39.106163024902344,2.7679319381713867,1.1075695753097534,0.32535314559936523,-0.24653132259845734,-0.08350977301597595,0.013482761569321156,2.7646212577819824,1.1074975728988647,0.32598045468330383
25,0.5176218748092651,0.7190453410148621,0.2699672281742096,0.7934037446975708,5.919111728668213,0.5149844288825989,0.5332736968994141,0.2826653718948364,0.027130497619509697,-0.016870759427547455,0.009486867114901543,0.5157037973403931,0.5344935059547424,0.283294141292572
26,0.4275965094566345,0.7147684097290039,2.2914764881134033,20.240283966064453,240.11849975585938,18.484174728393555,7.289263725280762,3.856287717819214,0.6696853041648865,0.7231724262237549,-0.36233335733413696,18.5235652923584,7.273533821105957,3.8499374389648438
27,0.49993202090263367,0.7001774907112122,0.30333495140075684,1.1635445356369019,12.321860313415527,0.5472079515457153,0.9720603823661804,0.3309045135974884,0.0525815449655056,0.09401092678308487,-0.004843020346015692,0.5461951494216919,0.9702024459838867,0.3317919969558716
28,0.48157575726509094,0.706994891166687,0.32746821641921997,1.175451397895813,12.21912670135498,0.6860604286193848,0.8079493641853333,0.5081585049629211,-0.0069572958163917065,-0.04676176980137825,0.022083621472120285,0.6879387497901917,0.8088449239730835,0.5090945363044739
29,0.4834133982658386,0.7093556523323059,0.2946636378765106,0.8875343799591064,6.3542938232421875,0.6053562164306641,0.5968611240386963,0.2549860179424286,-0.048729307949543,-0.021695783361792564,0.015957091003656387,0.6050748825073242,0.5981304049491882,0.25519609451293945
30,0.465574711561203,0.7091999053955078,0.979482889175415,9.95533275604248,132.9325408935547,9.850043296813965,0.8372599482536316,1.1765562295913696,0.674075186252594,-0.01959325559437275,0.07901369035243988,9.854361534118652,0.8393654227256775,1.1771745681762695
31,0.4535900056362152,0.7219807505607605,0.2833729684352875,1.0295838117599487,9.861105918884277,0.7749750018119812,0.6505672931671143,0.19031192362308502,-0.0038641956634819508,0.08690137416124344,0.015335887670516968,0.7771270871162415,0.6465355753898621,0.1902221441268921
32,0.49736616015434265,0.7016130089759827,0.24809511005878448,1.0575015544891357,13.183187484741211,0.22000904381275177,0.9812473654747009,0.3271988332271576,-0.002249815734103322,-0.08608122915029526,0.027169598266482353,0.22061119973659515,0.9801908135414124,0.3269783556461334
33,0.49539169669151306,0.6941817998886108,0.39199233055114746,1.657436490058899,13.409621238708496,1.0267078876495361,1.2225044965744019,0.44547632336616516,0.07359390705823898,-0.07211098819971085,0.035806432366371155,1.026923418045044,1.2237801551818848,0.44527357816696167
34,0.4608033299446106,0.7161252498626709,0.26350945234298706,0.7820248007774353,5.852025508880615,0.5523428320884705,0.4726789593696594,0.28819236159324646,0.007969360798597336,0.00046790839405730367,0.023968646302819252,0.553825855255127,0.47399717569351196,0.28799501061439514
35,0.4567711055278778,0.7004102468490601,0.5490909218788147,3.941134452819824,51.30104064941406,1.1467589139938354,2.378952741622925,2.925417423248291,-0.03786066919565201,-0.1352107971906662,0.21651925146579742,1.1493306159973145,2.381732225418091,2.9255318641662598
36,0.4778136610984802,0.712202787399292,0.1948559284210205,0.5690078139305115,4.883072853088379,0.339875191450119,0.40627071261405945,0.20784327387809753,0.03758595511317253,0.028408342972397804,-0.05051621422171593,0.3387327790260315,0.4064067602157593,0.20217323303222656
37,0.4873453974723816,0.7070602178573608,0.5411531925201416,5.302876949310303,70.97590637207031,2.0942435264587402,4.868794918060303,0.17171093821525574,0.16264371573925018,-0.35577672719955444,-0.003833310678601265,2.0937423706054688,4.86932373046875,0.1721470057964325
38,0.49089515209198,0.7011435627937317,0.6761335134506226,5.059453964233398,66.79610443115234,2.2922959327697754,4.502774715423584,0.26166394352912903,-0.22861668467521667,0.29244568943977356,0.03748976066708565,2.287229537963867,4.505800724029541,0.2596867084503174
39,0.4725513458251953,0.7187532782554626,0.26282623410224915,1.3233020305633545,17.02022933959961,1.1185513734817505,0.6381189823150635,0.30459073185920715,-0.08912011235952377,0.03287321701645851,0.003321664873510599,1.1181056499481201,0.639049232006073,0.30542221665382385
40,0.4542558491230011,0.7061484456062317,0.20047782361507416,0.835084080696106,10.205211639404297,0.740339994430542,0.3013871908187866,0.24171863496303558,0.0672086551785469,0.01850028894841671,-0.02201330102980137,0.7393397092819214,0.3016579747200012,0.24138562381267548
41,0.5260500907897949,0.6893812417984009,0.17737579345703125,0.40332087874412537,3.042221784591675,0.32936468720436096,0.1519007533788681,0.1763882040977478,0.028380440548062325,0.01331101730465889,-0.0012208196567371488,0.32905498147010803,0.1517384946346283,0.1768759936094284
42,0.4802776575088501,0.7145113945007324,0.24645082652568817,0.7192277312278748,6.171445369720459,0.4206472933292389,0.5401334762573242,0.22045452892780304,-0.027105767279863358,-0.03922645375132561,0.004094020463526249,0.4209439754486084,0.5402098894119263,0.2210313230752945
43,0.52118319272995,0.7057148814201355,1.117189645767212,11.238306999206543,150.45220947265625,9.645370483398438,5.659506320953369,1.1119109392166138,-0.7558491230010986,-0.41794952750205994,-0.06770459562540054,9.64253044128418,5.659796714782715,1.1129435300827026
44,0.4864255487918854,0.7104853987693787,0.5917470455169678,3.383484125137329,42.28308868408203,3.0591189861297607,1.227126955986023,0.7641433477401733,0.14794281125068665,0.13786208629608154,-0.09539462625980377,3.064063310623169,1.222759485244751,0.7602802515029907
45,0.4426339268684387,0.7107285261154175,0.2850196361541748,0.7344415783882141,4.759488582611084,0.521800696849823,0.43048208951950073,0.2860308289527893,0.06776473671197891,0.027184894308447838,-0.007602101657539606,0.5188249945640564,0.4308212101459503,0.2867273688316345
46,0.5123149752616882,0.7117075324058533,0.44079887866973877,1.4634814262390137,8.44003963470459,0.9765515923500061,0.9800304174423218,0.4771426320075989,-0.0033614477142691612,0.10168158262968063,-0.012122645042836666,0.979269802570343,0.9774602055549622,0.47831910848617554
47,0.4437854290008545,0.7065389156341553,0.2724447250366211,0.898701012134552,7.452762126922607,0.37760552763938904,0.7768913507461548,0.24802687764167786,-0.0036467129830271006,0.015988599509000778,-0.010855303145945072,0.37864118814468384,0.7788934707641602,0.2484804093837738
48,0.4867970645427704,0.6949449181556702,0.3957810401916504,1.1833527088165283,7.513580799102783,0.719096302986145,0.8715746998786926,0.3515414893627167,-0.010061131790280342,0.03239214047789574,0.009517929516732693,0.7210316061973572,0.8734019994735718,0.3523928225040436
49,0.4361521899700165,0.6853501200675964,0.9679216146469116,9.577909469604492,128.15855407714844,7.011129379272461,4.207456111907959,4.987757205963135,-0.5404068231582642,0.31956371665000916,-0.3678607940673828,7.009769916534424,4.207004547119141,4.9880475997924805
50,0.4999418556690216,0.7159556746482849,0.41456368565559387,1.3915961980819702,9.266661643981934,1.0758000612258911,0.7793089151382446,0.41457411646842957,-0.056424252688884735,-0.10325189679861069,0.03741259500384331,1.0773160457611084,0.7745932340621948,0.41403424739837646
51,0.42039546370506287,0.7148212790489197,0.2751035690307617,0.8949208855628967,8.428257942199707,0.4566252827644348,0.7312930226325989,0.2399737685918808,-0.05633161962032318,0.08193673938512802,-0.02173832431435585,0.45440128445625305,0.7287152409553528,0.2396537959575653
52,0.4801085591316223,0.6841050386428833,0.30180707573890686,1.1604214906692505,12.150991439819336,0.6402100324630737,0.8999559879302979,0.3560735285282135,-0.04280498996376991,-0.135348379611969,0.0280454121530056,0.6405592560768127,0.8922017812728882,0.3559574484825134
53,0.49660614132881165,0.7060162425041199,0.38733619451522827,2.2669503688812256,29.04090690612793,0.5204985737800598,1.9473057985305786,1.0373746156692505,0.010285894386470318,-0.09930577129125595,0.0578438974916935,0.5218485593795776,1.9501965045928955,1.0386497974395752
54,0.5425162315368652,0.6992539763450623,0.46292644739151,2.4662623405456543,26.082550048828125,0.9847285747528076,2.1638782024383545,0.6560422778129578,-0.0904383659362793,-0.02532343380153179,0.03219062462449074,0.9833020567893982,2.1697657108306885,0.6570797562599182
55,0.454794704914093,0.6981854438781738,0.2735053300857544,0.6611239314079285,3.5512399673461914,0.3620131313800812,0.51700359582901,0.19682151079177856,-0.004729086067527533,0.018310019746422768,0.007948687300086021,0.36299195885658264,0.5181204676628113,0.19720950722694397
56,0.4374803602695465,0.7196040153503418,0.49755558371543884,2.9538371562957764,37.428672790527344,2.322678804397583,0.9269457459449768,1.5719693899154663,-0.2074677050113678,-0.03888139873743057,0.10518065840005875,2.319847583770752,0.928713321685791,1.5728217363357544
57,0.4825257956981659,0.7075223922729492,0.28516891598701477,0.9124216437339783,7.363902568817139,0.4449551999568939,0.7260681986808777,0.3276475965976715,0.010774041526019573,-0.06937923282384872,0.002982105128467083,0.4460655450820923,0.7247618436813354,0.3285479247570038
58,0.4677112102508545,0.6954360604286194,0.9261708855628967,9.916641235351562,132.84982299804688,9.814199447631836,0.7639957070350647,1.1989953517913818,-0.7050963640213013,-0.011641385965049267,-0.06437592953443527,9.816142082214355,0.7660378813743591,1.2006055116653442
59,0.49858027696609497,0.6942899227142334,2.57918643951416,16.623136520385742,149.17523193359375,12.357752799987793,9.91247272491455,5.03562068939209,1.4152882099151611,-0.5756813287734985,0.5614892244338989,12.310685157775879,9.923345565795898,5.0181779861450195
60,0.47267845273017883,0.711993396282196,1.1548924446105957,12.39655590057373,165.97113037109375,10.837486267089844,4.914259910583496,3.474698781967163,-0.7968908548355103,-0.28683212399482727,0.24103420972824097,10.838295936584473,4.919566631317139,3.4759974479675293
61,0.4519687294960022,0.7038703560829163,1.2690969705581665,10.778424263000488,133.05047607421875,10.511175155639648,1.6518709659576416,1.7207412719726562,-0.45509424805641174,-0.19488267600536346,-0.15465670824050903,10.530611038208008,1.644910454750061,1.718557357788086
62,0.4797722399234772,0.6947250962257385,0.38441434502601624,1.416752815246582,12.411486625671387,0.7484229207038879,1.1262305974960327,0.42267757654190063,0.07355234771966934,0.009984210133552551,0.01524000708013773,0.7468774914741516,1.1293277740478516,0.42358100414276123
63,0.4530431032180786,0.694585919380188,0.33874890208244324,1.7232081890106201,16.935035705566406,0.8787631392478943,1.4467376470565796,0.3227572441101074,-0.01234515756368637,0.0397878959774971,-0.03442329913377762,0.8811272978782654,1.4502242803573608,0.3218114972114563
64,0.4517865478992462,0.7049011588096619,0.4120820164680481,2.4521243572235107,31.773719787597656,0.37921807169914246,1.4765664339065552,1.920640468597412,-0.05178077146410942,-0.10614068061113358,0.12522292137145996,0.3767140805721283,1.4768545627593994,1.9218999147415161
65,0.4532413184642792,0.7151409387588501,0.5479108691215515,3.564166307449341,45.46195602416992,2.430379629135132,2.5994341373443604,0.1986975520849228,-0.2386997491121292,0.1039004847407341,0.022865550592541695,2.4253756999969482,2.6046018600463867,0.19792808592319489
66,0.503012478351593,0.7057212591171265,1.0277328491210938,9.26687240600586,123.36714172363281,2.5307321548461914,8.704928398132324,1.9221246242523193,0.24601981043815613,-0.6148319244384766,0.14857634902000427,2.525771379470825,8.707408905029297,1.9217190742492676
67,0.465963751077652,0.7255319952964783,1.1947658061981201,9.825439453125,112.29773712158203,7.167379379272461,6.338898181915283,2.2330048084259033,0.3214379847049713,0.6951532959938049,-0.25196465849876404,7.180140018463135,6.318241119384766,2.224932909011841
68,0.4539037346839905,0.7167882323265076,0.335140585899353,1.546375036239624,18.232275009155273,1.1603416204452515,0.9996082186698914,0.2136969268321991,-0.0931856781244278,-0.05143528804183006,0.012532979249954224,1.1598199605941772,1.0010685920715332,0.21392413973808289
69,0.43622642755508423,0.7335548400878906,0.1907496452331543,0.41158315539360046,2.6245574951171875,0.21842552721500397,0.2774478793144226,0.21145601570606232,-0.01942102238535881,0.018917692825198174,0.01780269853770733,0.2181672602891922,0.2775742709636688,0.211293026804924
70,0.4642075002193451,0.7228965759277344,0.3865731954574585,1.5922086238861084,14.596980094909668,1.127447485923767,1.0895357131958008,0.27731287479400635,-0.06694306433200836,0.00832062866538763,-0.04036318510770798,1.128597617149353,1.0925430059432983,0.27512499690055847
71,0.5278375744819641,0.7091531753540039,0.20592819154262543,0.4883679747581482,3.0455503463745117,0.33384838700294495,0.2683399021625519,0.23461082577705383,-0.007389291189610958,0.007316016126424074,-0.0009127107332460582,0.3346976041793823,0.26898840069770813,0.23526348173618317
72,0.5372617840766907,0.6745132207870483,0.9080697298049927,9.874342918395996,132.38328552246094,9.770167350769043,0.7734308242797852,1.2034491300582886,0.7118353247642517,0.05629182606935501,0.08100573718547821,9.771382331848145,0.7735312581062317,1.204068899154663
73,0.5502334237098694,0.6820452213287354,2.124802589416504,15.513888359069824,181.97381591796875,10.796067237854004,8.634980201721191,7.040083885192871,0.727088451385498,-0.8645001649856567,0.6529271602630615,10.801602363586426,8.615561485290527,7.029294490814209
74,0.4254392087459564,0.6972245573997498,0.30607494711875916,1.1555367708206177,11.007269859313965,0.8299141526222229,0.5717319846153259,0.5653585195541382,0.07327362149953842,-0.013708941638469696,0.034174442291259766,0.8289790749549866,0.5731619596481323,0.5658988356590271
75,0.4485695958137512,0.7044022083282471,0.47946786880493164,1.9846446514129639,18.182538986206055,1.2995096445083618,1.3746675252914429,0.6003147959709167,-0.12309912592172623,-0.08473135530948639,0.030763493850827217,1.2972747087478638,1.3758808374404907,0.6011983752250671
76,0.4902332127094269,0.7266156077384949,0.585252046585083,5.469761371612549,73.2073974609375,5.134649753570557,0.3990356922149658,1.8423963785171509,-0.37792903184890747,0.03386852517724037,0.12390603125095367,5.135006904602051,0.39870485663414,1.8433526754379272
77,0.448788583278656,0.7147946357727051,0.44694820046424866,2.7646400928497314,35.72316360473633,2.2389345169067383,1.5495269298553467,0.4789288341999054,0.1884842962026596,0.1882794350385666,-0.03568185120820999,2.2372097969055176,1.5423357486724854,0.47892996668815613
78,0.4059511721134186,0.7323721647262573,0.18785566091537476,0.49563920497894287,3.407914161682129,0.3970497250556946,0.2388947308063507,0.17589503526687622,-0.01363325398415327,0.02014337293803692,-0.015144091099500656,0.39792245626449585,0.2387079894542694,0.17573069036006927
79,0.4340350329875946,0.7282559871673584,0.14735925197601318,0.3608812093734741,3.6179733276367188,0.2439538687467575,0.22893279790878296,0.13532017171382904,0.00757539551705122,0.013589409179985523,-0.01622479036450386,0.24451635777950287,0.22916656732559204,0.13471871614456177
80,0.48862752318382263,0.7079765796661377,1.1494569778442383,9.824366569519043,123.38920593261719,3.3662126064300537,9.041207313537598,1.8556300401687622,-0.0588788166642189,-0.49775636196136475,0.1424006223678589,3.3750860691070557,9.0526762008667,1.8553189039230347
81,0.4498061239719391,0.7223687767982483,0.6048941612243652,3.8845081329345703,50.460025787353516,1.1905620098114014,3.282733678817749,1.701654076576233,0.0878809243440628,-0.18192632496356964,0.10081757605075836,1.1906260251998901,3.2868316173553467,1.7034032344818115
82,0.46827542781829834,0.7131620049476624,0.7287718057632446,3.6963179111480713,39.15411376953125,3.0311529636383057,2.023592233657837,0.6164020299911499,-0.2554868459701538,-0.31055009365081787,0.039585012942552567,3.028791904449463,2.0051987171173096,0.616845428943634
83,0.49119189381599426,0.7140464782714844,0.567129373550415,3.6317670345306396,44.076297760009766,1.213331699371338,2.72048282623291,2.0776262283325195,-0.13409720361232758,-0.21277160942554474,-0.1628645658493042,1.2092626094818115,2.719714879989624,2.0770106315612793
84,0.47534120082855225,0.7046031355857849,1.3086050748825073,10.727675437927246,130.01515197753906,9.417776107788086,3.5050501823425293,3.7554147243499756,-0.44594624638557434,0.32285377383232117,-0.007696159649640322,9.433452606201172,3.4998843669891357,3.7658817768096924
85,0.4700995981693268,0.725496768951416,0.3302221894264221,0.9432435631752014,6.0716328620910645,0.47863465547561646,0.7425323724746704,0.33054956793785095,0.013970870524644852,-0.05064458027482033,-0.008052202872931957,0.47976523637771606,0.7428696155548096,0.3313732147216797
86,0.48947492241859436,0.7093437314033508,0.4838832914829254,3.2793915271759033,42.40225601196289,3.0435142517089844,0.9452277421951294,0.7732882499694824,-0.15789185464382172,-0.061002492904663086,0.02293352037668228,3.04789400100708,0.945888340473175,0.7751041054725647
87,0.47007742524147034,0.7008654475212097,0.22042666375637054,0.6764435768127441,6.480517387390137,0.470882385969162,0.4512481391429901,0.17950153350830078,-0.04857504367828369,0.038509551435709,0.0032625815365463495,0.46967676281929016,0.4508560001850128,0.17997249960899353
88,0.4712584614753723,0.6968196034431458,1.252386450767517,9.893204689025879,126.3394546508789,8.94997787475586,3.814319372177124,1.7956479787826538,0.49865469336509705,-0.27728182077407837,0.09391606599092484,8.961002349853516,3.8148388862609863,1.7981922626495361
89,0.50978022813797,0.6882244944572449,0.3182636797428131,1.123421549797058,8.580057144165039,0.7032364010810852,0.7621824741363525,0.43198660016059875,-0.04867034777998924,0.014336390420794487,-0.0008008771692402661,0.7035070657730103,0.7641733288764954,0.4331909120082855
90,0.5056840181350708,0.7104367017745972,1.009398341178894,9.158345222473145,121.74947357177734,7.151690483093262,4.6134467124938965,3.3830018043518066,-0.5062845349311829,0.4697335362434387,-0.25787949562072754,7.153646945953369,4.602272987365723,3.382567882537842
91,0.4521327316761017,0.708634078502655,1.6974947452545166,15.342819213867188,202.25137329101562,14.981553077697754,1.8302143812179565,2.757805347442627,-1.1656997203826904,-0.13308028876781464,0.2860791087150574,14.977795600891113,1.8304613828659058,2.7505781650543213
92,0.5073837637901306,0.710988461971283,0.36453935503959656,1.7150286436080933,20.8565731048584,1.4360415935516357,0.3758539855480194,0.8589772582054138,-0.04879625141620636,-0.0077349659986793995,0.07241428643465042,1.4392156600952148,0.3768225610256195,0.8583069443702698
93,0.4946169853210449,0.6997438073158264,0.35342875123023987,1.124297022819519,10.57205867767334,0.5449159741401672,0.937547504901886,0.29684188961982727,-0.001815110445022583,0.06778610497713089,-0.00286993314512074,0.5464329719543457,0.9377021193504333,0.29765599966049194
94,0.5021822452545166,0.699257493019104,0.5859495401382446,4.04121732711792,52.744384765625,2.4138221740722656,2.8602027893066406,1.5245121717453003,0.2113744616508484,-0.22429928183555603,0.1377977579832077,2.411256790161133,2.8593482971191406,1.522506594657898
95,0.4189065396785736,0.7180925607681274,0.2231837809085846,0.8583744764328003,8.214689254760742,0.7085318565368652,0.40282848477363586,0.2692927122116089,0.07522476464509964,1.7759535694494843e-05,-0.006649995222687721,0.7064924836158752,0.40395212173461914,0.26996153593063354
96,0.5190879702568054,0.6942169666290283,2.05613112449646,14.256304740905762,167.82057189941406,11.057011604309082,7.8545942306518555,4.392045497894287,-1.1180392503738403,-0.44721683859825134,0.0731007531285286,11.031024932861328,7.8637261390686035,4.4036865234375
97,0.4416569471359253,0.710964560508728,0.30993151664733887,0.819206714630127,4.449288845062256,0.5453346371650696,0.5247955322265625,0.31352725625038147,-0.04770052805542946,-0.007692526560276747,-0.006824958603829145,0.5447597503662109,0.5262028574943542,0.31432729959487915
98,0.47863394021987915,0.7028313875198364,0.21014052629470825,0.6254103779792786,4.666528224945068,0.32087475061416626,0.4217471778392792,0.3321247696876526,-0.006345755886286497,0.017764193937182426,0.007796721998602152,0.3217068314552307,0.4225482642650604,0.3329594135284424
99,0.48570939898490906,0.6921805143356323,0.4304601848125458,1.7629976272583008,18.265666961669922,1.2181254625320435,1.2331855297088623,0.32184505462646484,-0.042644307017326355,-0.19735409319400787,0.00845493096858263,1.2207746505737305,1.220686674118042,0.3226313889026642
100,0.4916918873786926,0.7006847262382507,1.1795846223831177,10.143696784973145,134.5301513671875,10.056717872619629,0.7841563820838928,1.068699836730957,-0.7471175193786621,-0.06806708872318268,-0.08848559111356735,10.056900978088379,0.7833756804466248,1.0680010318756104
101,0.4642675220966339,0.6982049345970154,0.5718299150466919,3.8445465564727783,49.770694732666016,3.199216365814209,1.994599461555481,0.7530772089958191,0.2542397081851959,0.1375388354063034,-0.04960673302412033,3.1979939937591553,1.995402216911316,0.7535375952720642
102,0.50307697057724,0.6836808919906616,0.4762445390224457,2.2827651500701904,25.819042205810547,1.2465475797653198,0.728411853313446,1.7682057619094849,-0.04286548122763634,-0.05103359371423721,0.10777036100625992,1.2492854595184326,0.7286487221717834,1.7698415517807007
103,0.4599542021751404,0.7059369087219238,1.138979196548462,11.333510398864746,151.33177185058594,8.954710006713867,6.866057872772217,1.0577589273452759,-0.6547629237174988,0.5250630378723145,0.09135566651821136,8.955652236938477,6.865047931671143,1.056746006011963
104,0.47328415513038635,0.6864949464797974,1.1246135234832764,9.537919998168945,122.21339416503906,7.250830173492432,4.715557098388672,4.020065784454346,0.6600289940834045,-0.44251328706741333,0.40032342076301575,7.24086856842041,4.70784330368042,4.011241436004639
105,0.4388098120689392,0.6964287161827087,0.33107322454452515,0.942028820514679,6.862588882446289,0.4760778546333313,0.5696511268615723,0.5798842310905457,0.05018632858991623,-0.015407766215503216,-0.06425072252750397,0.4747457802295685,0.5710310935974121,0.5779213905334473
106,0.5241761207580566,0.6988916397094727,0.29694247245788574,1.3088916540145874,16.15003204345703,0.7253490686416626,0.9612343311309814,0.5129271745681763,0.04729461669921875,-0.04111276566982269,0.020319847390055656,0.7258245944976807,0.9630335569381714,0.5139541625976562
107,0.5176726579666138,0.7029865980148315,1.4026645421981812,14.630271911621094,195.76148986816406,14.452057838439941,0.7475510239601135,2.1503524780273438,-1.0572254657745361,0.020956002175807953,0.1762111335992813,14.453540802001953,0.749341607093811,2.149099111557007
108,0.4786025285720825,0.6997645497322083,0.5372543334960938,2.83060622215271,33.12226104736328,2.498120069503784,1.1517884731292725,0.6671659350395203,0.12078382819890976,-0.1129157543182373,0.04138799011707306,2.5021586418151855,1.1494375467300415,0.6677381992340088
109,0.4828154742717743,0.7311358451843262,0.5222248435020447,2.798480987548828,29.033004760742188,0.7127062082290649,1.9945870637893677,1.8289803266525269,-0.0523693822324276,-0.2565515339374542,0.1778617948293686,0.7127621173858643,1.9835363626480103,1.82538902759552
110,0.5226452350616455,0.6911606788635254,0.6007823348045349,3.8322031497955322,41.699527740478516,2.2311854362487793,2.547961950302124,1.793176531791687,-0.2298050820827484,0.2996715307235718,-0.18747417628765106,2.2255096435546875,2.5373361110687256,1.788323998451233
111,0.5215137004852295,0.6787775158882141,1.3875415325164795,10.607913970947266,130.25320434570312,9.706704139709473,3.5390424728393555,2.404766798019409,-0.6060757040977478,-0.32494741678237915,0.1466958373785019,9.714788436889648,3.533923387527466,2.4069836139678955
112,0.5130652189254761,0.676293134689331,0.4390125870704651,2.431340456008911,27.43773078918457,1.6133418083190918,1.756328821182251,0.4731316566467285,0.11580466479063034,-0.12983441352844238,0.026576556265354156,1.6136687994003296,1.7564090490341187,0.4737022817134857
113,0.46289610862731934,0.7274582386016846,1.0346237421035767,7.265063762664795,68.96111297607422,5.334177494049072,3.935802936553955,2.9727373123168945,-0.11361442506313324,-0.2860030233860016,0.2700139880180359,5.347843170166016,3.936347484588623,2.9687068462371826
114,0.49511808156967163,0.6845196485519409,1.0609315633773804,10.01285457611084,133.36483764648438,9.86548900604248,1.2365598678588867,1.1833481788635254,0.7459134459495544,0.002994505688548088,0.07453995198011398,9.864688873291016,1.2400054931640625,1.1842924356460571
115,0.5245993137359619,0.6872077584266663,0.5826244354248047,2.18918776512146,20.64618492126465,1.1840101480484009,1.797560453414917,0.39929816126823425,0.022808514535427094,0.007810812909156084,0.011556167155504227,1.1870924234390259,1.8025574684143066,0.40024426579475403
116,0.5047682523727417,0.6818049550056458,2.826491355895996,17.74114227294922,154.3240203857422,11.955007553100586,11.545953750610352,6.206194877624512,-0.29031917452812195,0.8646973967552185,-0.49149399995803833,11.984819412231445,11.545645713806152,6.203958988189697
117,0.4862781763076782,0.6757702827453613,1.126077651977539,7.206393718719482,80.39161682128906,6.586546897888184,2.0734331607818604,2.061645746231079,0.26337191462516785,0.040894996374845505,-0.0388944037258625,6.599637031555176,2.07881236076355,2.067028522491455
118,0.46698257327079773,0.7139943242073059,2.7307143211364746,14.820334434509277,139.1846923828125,11.560728073120117,8.347846031188965,4.037985324859619,-1.3223185539245605,-0.015661312267184258,0.4741668105125427,11.516890525817871,8.371115684509277,4.021234035491943
119,0.5160039067268372,0.7082749009132385,0.39941778779029846,2.163484573364258,27.26622200012207,1.0871286392211914,1.4441624879837036,1.1887855529785156,0.06684896349906921,0.06270492076873779,0.06843447685241699,1.0880980491638184,1.4468250274658203,1.1901246309280396
120,0.4540780186653137,0.7146094441413879,0.4643087685108185,1.7784695625305176,18.059669494628906,1.159926176071167,1.3229275941848755,0.25959208607673645,-0.04639061540365219,-0.07286731898784637,-0.018952282145619392,1.1622310876846313,1.3246036767959595,0.2596215009689331
121,0.5329436659812927,0.6749812364578247,0.6799826622009277,5.535943031311035,73.25455474853516,3.509415864944458,4.155343532562256,1.031400203704834,0.3045104444026947,0.2443232238292694,-0.05181251838803291,3.505932092666626,4.159725189208984,1.0329712629318237
122,0.5016449093818665,0.6592287421226501,2.245379686355591,20.453805923461914,254.0664520263672,18.762439727783203,6.897303581237793,4.330851078033447,0.9171676635742188,0.8012060523033142,-0.46830910444259644,18.792282104492188,6.869719505310059,4.3174662590026855
123,0.4453412890434265,0.7293089032173157,0.31670117378234863,1.4759008884429932,18.281234741210938,1.1561062335968018,0.8951782584190369,0.20089158415794373,0.03190586343407631,0.055960919708013535,0.011062026023864746,1.1588895320892334,0.8959195017814636,0.20114630460739136
124,0.4344369173049927,0.7343358397483826,0.4482265114784241,2.577557325363159,32.53080368041992,2.1753499507904053,1.2887905836105347,0.5006723999977112,0.23439480364322662,0.11224356293678284,-0.03847231715917587,2.168717622756958,1.2874747514724731,0.5005844831466675
125,0.515108048915863,0.6841078400611877,0.7252703309059143,7.496440887451172,100.46370697021484,1.7614688873291016,7.278852939605713,0.3348847031593323,-0.13895544409751892,0.5420869588851929,-0.00040660699596628547,1.7608778476715088,7.278885841369629,0.3358185887336731
126,0.5215693116188049,0.673414945602417,1.72455894947052,13.749216079711914,169.3964080810547,12.636056900024414,3.8166005611419678,3.8476722240448,-1.108145833015442,0.34128236770629883,-0.09448651224374771,12.62248420715332,3.8119149208068848,3.85724139213562
127,0.48173797130584717,0.6918647885322571,0.5757299065589905,3.207632303237915,40.46730041503906,2.6901497840881348,1.1822874546051025,1.2861558198928833,0.18798783421516418,0.08770297467708588,-0.10945136100053787,2.691058874130249,1.182318925857544,1.285064697265625
128,0.4891185164451599,0.7098314762115479,1.7558817863464355,13.544038772583008,131.146484375,12.158973693847656,4.6606268882751465,3.725445508956909,0.24612702429294586,0.29234299063682556,-0.14804604649543762,12.190391540527344,4.66442346572876,3.7328858375549316
129,0.4643228352069855,0.7254084944725037,0.2231825590133667,0.6638026833534241,5.6024169921875,0.518673300743103,0.383164644241333,0.15747010707855225,0.06296364963054657,-0.018170122057199478,0.007256575394421816,0.5162734985351562,0.3838011622428894,0.15774159133434296
130,0.49770721793174744,0.695463240146637,0.37302619218826294,1.1325937509536743,8.216341972351074,0.7390157580375671,0.7978127002716064,0.31641626358032227,-0.08250228315591812,0.03489895910024643,-0.018124299123883247,0.7364446520805359,0.7992722988128662,0.31677791476249695
131,0.5229479074478149,0.6870104670524597,0.3894048035144806,1.1974550485610962,7.818534851074219,0.8254002928733826,0.7631868124008179,0.4125032424926758,0.061456140130758286,-0.02265177294611931,-0.03244416415691376,0.8254052400588989,0.7649784684181213,0.4123724102973938
132,0.48853600025177,0.7161985039710999,0.1870366483926773,0.7109971642494202,8.511129379272461,0.6472286581993103,0.2353152632713318,0.17674480378627777,-0.047584276646375656,0.02041889913380146,-0.002075407188385725,0.6472776532173157,0.23508159816265106,0.17722560465335846
133,0.459087610244751,0.7151817083358765,0.5101373791694641,2.636652946472168,31.900251388549805,1.124220848083496,2.365382432937622,0.3050132095813751,-0.005804361309856176,-0.0681435614824295,-0.023825617507100105,1.1273417472839355,2.3709957599639893,0.3049294352531433
134,0.4391685128211975,0.7015421390533447,0.39964112639427185,1.333787441253662,8.938177108764648,0.9579467177391052,0.8510750532150269,0.3701326847076416,-0.010250928811728954,0.024211177602410316,-0.003705837996676564,0.9605639576911926,0.8531036376953125,0.371146559715271
135,0.4640926122665405,0.7107213139533997,0.7823957800865173,6.987887859344482,93.05741882324219,0.5636699199676514,6.787948131561279,1.5609647035598755,0.03404780477285385,-0.46702995896339417,0.0970282182097435,0.564210057258606,6.790752410888672,1.5622919797897339
136,0.49862420558929443,0.7149243354797363,0.894980788230896,9.117693901062012,122.00991821289062,7.0965986251831055,4.437159061431885,3.616938829421997,-0.5254146456718445,0.3183205723762512,-0.27444252371788025,7.096861362457275,4.4380717277526855,3.6165716648101807
137,0.4655875861644745,0.7067817449569702,0.21548351645469666,0.5372529029846191,5.006241798400879,0.3310646116733551,0.3458475172519684,0.2437753826379776,0.012144637294113636,0.020362457260489464,-0.006209129933267832,0.3317646086215973,0.3462105691432953,0.2443760484457016
138,0.4724862277507782,0.6998392939567566,0.8252877593040466,5.685300827026367,68.15582275390625,2.7450079917907715,4.4614787101745605,2.209702253341675,-0.20495806634426117,0.16119106113910675,-0.11328280717134476,2.744980812072754,4.471002578735352,2.2129523754119873
139,0.4771926999092102,0.7057805061340332,0.44744399189949036,2.3552865982055664,22.20938491821289,0.9279680848121643,1.4076443910598755,1.644623875617981,-0.10844734311103821,0.09184668213129044,0.10691866278648376,0.9241801500320435,1.4085627794265747,1.645722508430481
140,0.45080605149269104,0.7050800919532776,1.4229443073272705,16.46832847595215,220.86489868164062,16.31767463684082,1.7872484922409058,1.3210219144821167,-1.1931991577148438,-0.15508539974689484,0.09191175550222397,16.319385528564453,1.7854735851287842,1.3214963674545288
141,0.45649248361587524,0.7073255181312561,1.4278008937835693,15.150001525878906,202.8252410888672,14.988663673400879,0.78863924741745,2.059267520904541,1.09585440158844,-0.03009115159511566,-0.17439879477024078,14.990246772766113,0.7902631163597107,2.0575928688049316
142,0.5035409927368164,0.6885672211647034,0.32463541626930237,1.9053394794464111,24.79087257385254,1.6729520559310913,0.7013483643531799,0.5828043222427368,0.09850529581308365,-0.02006467431783676,0.039120517671108246,1.6747077703475952,0.7030168175697327,0.5831118822097778
143,0.46777626872062683,0.7212502360343933,0.3342445194721222,1.2797783613204956,13.893254280090332,0.3791962265968323,1.1004277467727661,0.5320731401443481,0.03308560326695442,0.07420968264341354,-0.012819518335163593,0.3788037598133087,1.1009851694107056,0.5334023833274841
144,0.44382432103157043,0.7030797004699707,0.18804234266281128,0.7555095553398132,9.462409973144531,0.711354672908783,0.13370321691036224,0.2165471464395523,0.05456944555044174,0.0017502056434750557,-0.023701997473835945,0.7112368941307068,0.1340646743774414,0.21584650874137878
145,0.5010102987289429,0.6995607614517212,0.45023295283317566,3.0038228034973145,38.73391342163086,1.485909342765808,2.401827335357666,1.0228630304336548,-0.17570535838603973,0.1817001849412918,0.06463421881198883,1.479600191116333,2.401624917984009,1.023666262626648
146,0.4422960579395294,0.724855363368988,0.20994535088539124,0.619007408618927,4.998818874359131,0.4789222180843353,0.3526763617992401,0.1715315580368042,0.012835251167416573,0.026655197143554688,0.002773415995761752,0.4800856113433838,0.3526485860347748,0.17198754847049713
147,0.4501785933971405,0.726363480091095,0.39774036407470703,3.391803503036499,45.294281005859375,2.265145778656006,2.521467924118042,0.12508447468280792,0.1601075530052185,-0.19011226296424866,-0.005445173941552639,2.265782594680786,2.52130389213562,0.12531445920467377
148,0.45196443796157837,0.7064488530158997,0.6723571419715881,4.223080635070801,54.62725830078125,2.5195658206939697,1.0602914094924927,3.2190029621124268,-0.22750990092754364,-0.09142021834850311,0.31789863109588623,2.5162720680236816,1.0592894554138184,3.212202548980713
149,0.4606992304325104,0.7168092131614685,1.333024024963379,12.237527847290039,154.7503662109375,4.780088901519775,9.67481517791748,5.771115779876709,-0.11872194707393646,0.6550655961036682,-0.620754063129425,4.791943550109863,9.679537773132324,5.753637313842773
150,0.4427027702331543,0.7242723703384399,0.8951573967933655,8.009623527526855,106.56381225585938,1.2394260168075562,7.704655647277832,1.804492473602295,0.06587759405374527,0.6712208986282349,-0.13037654757499695,1.2411264181137085,7.696771144866943,1.8047964572906494
151,0.4583466649055481,0.7044137716293335,0.3879334330558777,1.1287753582000732,7.584968566894531,0.6086647510528564,0.8411509394645691,0.4428612291812897,-0.02358156442642212,-0.03060653805732727,-0.002691157627850771,0.6099042892456055,0.8429387211799622,0.44408828020095825
152,0.533068060874939,0.681862473487854,1.2579377889633179,10.462740898132324,132.86195373535156,9.962176322937012,2.7490200996398926,1.6330615282058716,0.5504472255706787,-0.17206695675849915,0.1501501053571701,9.974702835083008,2.7512826919555664,1.6306800842285156
153,0.5433136820793152,0.7007890939712524,0.3141937851905823,1.0793588161468506,9.781283378601074,0.7343435287475586,0.7060645222663879,0.3566904067993164,-0.019660605117678642,0.0033065371681004763,-0.01854085363447666,0.7361279726028442,0.7080262303352356,0.35720181465148926
154,0.5254192352294922,0.6743252277374268,1.7573171854019165,15.321863174438477,199.15045166015625,15.062150001525879,1.671929955482483,2.2573766708374023,-1.3931761980056763,-0.059071775525808334,0.24832051992416382,15.03941535949707,1.6755467653274536,2.2499356269836426
155,0.46167391538619995,0.7088499665260315,1.4874117374420166,12.344066619873047,153.49420166015625,10.370850563049316,4.777561187744141,4.690023899078369,1.0065367221832275,-0.18079860508441925,0.3670094609260559,10.350683212280273,4.787456035614014,4.688683986663818
156,0.46456265449523926,0.7176127433776855,0.5875121355056763,3.6775755882263184,45.126399993896484,2.57084059715271,2.617854356765747,0.2493627965450287,-0.3027178645133972,0.07119446247816086,0.039224594831466675,2.56007719039917,2.62418532371521,0.24694538116455078
157,0.4827995300292969,0.7195004820823669,0.9413013458251953,9.707791328430176,129.7070770263672,4.707917213439941,8.485879898071289,0.25797146558761597,0.39955246448516846,-0.5935109853744507,-0.0009649256826378405,4.704017162322998,8.4887113571167,0.2586892545223236
158,0.4560841917991638,0.6952809691429138,0.704240620136261,5.206916809082031,68.42839813232422,2.695911169052124,3.900428533554077,2.151904821395874,-0.1432381570339203,0.3573891222476959,-0.2070257067680359,2.699612855911255,3.8948543071746826,2.147897958755493
159,0.4675253927707672,0.7172818183898926,1.2167505025863647,11.529643058776855,153.80686950683594,9.434212684631348,4.732534408569336,4.640196800231934,0.6087589263916016,-0.35553234815597534,0.38369932770729065,9.440812110900879,4.732324123382568,4.637204647064209
160,0.4220826029777527,0.7259182333946228,0.32624927163124084,1.251099944114685,10.110865592956543,0.6964249610900879,0.9778034090995789,0.3523405194282532,0.02859491854906082,0.10152813047170639,-0.014767281711101532,0.6977786421775818,0.9752308130264282,0.3530128598213196
161,0.45922109484672546,0.706844687461853,1.0319768190383911,9.83916187286377,131.1252899169922,9.66513729095459,1.5418059825897217,1.008475422859192,0.7058343887329102,0.015520795248448849,0.09167825430631638,9.666216850280762,1.5460281372070312,1.007101058959961
162,0.4961584806442261,0.7154750823974609,0.27693596482276917,0.8673590421676636,8.866059303283691,0.5823171734809875,0.5779373049736023,0.2814370095729828,0.05957096070051193,0.006908492185175419,0.017510684207081795,0.580877959728241,0.5795080065727234,0.2816752791404724
163,0.4818097651004791,0.7065362930297852,0.46786415576934814,3.1957569122314453,42.04092788696289,2.9361417293548584,0.9501953721046448,0.8300977349281311,0.2265026569366455,0.05288955569267273,-0.058529432862997055,2.9355578422546387,0.9513686299324036,0.8303414583206177
164,0.5005564093589783,0.6922499537467957,0.3659578263759613,1.246975064277649,10.769084930419922,0.9706687331199646,0.7032670974731445,0.34375056624412537,0.025767480954527855,0.010445578023791313,0.07661803811788559,0.9730332493782043,0.7051510214805603,0.33603787422180176
165,0.475693017244339,0.684832751750946,0.5536633729934692,4.166618824005127,55.03575134277344,0.49557819962501526,4.118770122528076,0.3883969485759735,-0.0008053912315517664,0.3344193994998932,0.04378966987133026,0.496959924697876,4.116621494293213,0.3869970142841339
166,0.46128734946250916,0.7210655808448792,0.2974708676338196,1.097736120223999,11.386665344238281,0.9655004739761353,0.44955170154571533,0.2659635841846466,0.10598593205213547,-0.014897438697516918,0.05203725025057793,0.9623425006866455,0.4505581259727478,0.26155075430870056
167,0.46502718329429626,0.7254796624183655,0.5100575685501099,3.2563400268554688,42.52863693237305,3.0218749046325684,0.9560691118240356,0.746963381767273,0.19138124585151672,0.05119908228516579,-0.027854034677147865,3.0242209434509277,0.9573602080345154,0.7485259771347046
168,0.48780179023742676,0.7092260122299194,0.218401238322258,0.8470308184623718,10.303546905517578,0.7198500037193298,0.39363959431648254,0.21053476631641388,0.0643957257270813,0.05057411268353462,-0.008479878306388855,0.7189637422561646,0.3914662003517151,0.21095070242881775
169,0.4650985598564148,0.7071807980537415,0.30547770857810974,0.908806324005127,8.26911449432373,0.6871644854545593,0.549510657787323,0.2275344282388687,0.07600762695074081,-0.057435374706983566,-0.01025620847940445,0.6848529577255249,0.5480252504348755,0.22793720662593842
170,0.5114967226982117,0.7029492259025574,0.8950173258781433,5.485729694366455,61.18724060058594,5.211994171142578,1.5397182703018188,0.7467329502105713,0.5316134095191956,0.212576761841774,-0.056491851806640625,5.19927453994751,1.5292270183563232,0.7466700673103333
171,0.5164667963981628,0.6831062436103821,0.2750154435634613,1.11409330368042,13.14299201965332,0.31401246786117554,1.0066651105880737,0.35947954654693604,-0.004696103278547525,-0.11210751533508301,0.03509217128157616,0.3148531913757324,1.0031936168670654,0.3587605655193329
172,0.44432467222213745,0.6981883645057678,0.22291697561740875,0.7252629995346069,7.150688171386719,0.5610186457633972,0.39576226472854614,0.23374512791633606,0.0017548276809975505,0.012029455043375492,0.014416148886084557,0.5625808238983154,0.39668282866477966,0.2339509129524231
173,0.5498512387275696,0.6585961580276489,0.7845329642295837,5.515517234802246,72.07588195800781,2.236304998397827,4.921677112579346,1.0940616130828857,-0.23951463401317596,-0.3331504464149475,0.0247577466070652,2.2296435832977295,4.924086093902588,1.096832513809204
174,0.48258906602859497,0.7103152275085449,0.5677431225776672,3.472050666809082,44.095584869384766,1.770597219467163,2.744826555252075,1.1773053407669067,-0.10635779798030853,-0.22539475560188293,0.10596203804016113,1.7723299264907837,2.743187427520752,1.1757978200912476
175,0.4649391174316406,0.6911424398422241,0.725240170955658,6.046246528625488,80.09568786621094,5.0785627365112305,3.2373006343841553,0.5340195298194885,0.41209036111831665,0.1778997927904129,-0.026143275201320648,5.075935363769531,3.2414255142211914,0.5348670482635498
176,0.556505560874939,0.7085919380187988,1.7388449907302856,16.690135955810547,220.21560668945312,16.48885154724121,1.6682099103927612,1.9736956357955933,1.005856990814209,0.1147889718413353,0.005156750325113535,16.504053115844727,1.6688982248306274,1.979194164276123
177,0.5141355991363525,0.6806619167327881,1.5733826160430908,10.403669357299805,103.9986801147461,4.414651870727539,8.625723838806152,3.787355422973633,-0.20463094115257263,-0.8299967646598816,0.19282865524291992,4.422207355499268,8.609646797180176,3.792994260787964
178,0.5055267810821533,0.6872079968452454,0.31924402713775635,1.1592085361480713,12.135623931884766,0.9079910516738892,0.6909510493278503,0.20470309257507324,-0.058376844972372055,-0.0844312533736229,0.01675328239798546,0.9086400270462036,0.6876859664916992,0.204585462808609
179,0.46396419405937195,0.6985159516334534,0.24287517368793488,0.5784897804260254,4.15012788772583,0.3099574148654938,0.41838538646698,0.2520526051521301,0.011317879892885685,-0.023952484130859375,0.0073440647684037685,0.31061476469039917,0.41886430978775024,0.25264835357666016
180,0.48883140087127686,0.7206321358680725,0.9679496884346008,7.327803134918213,88.52572631835938,7.028820037841797,1.0321998596191406,1.7963716983795166,0.7112868428230286,-0.01357817929238081,0.09161344170570374,7.012243270874023,1.034989595413208,1.7990384101867676
181,0.47598809003829956,0.6935892701148987,0.47030848264694214,3.3853707313537598,45.004302978515625,2.2720487117767334,2.502605438232422,0.18840870261192322,0.18399010598659515,-0.25536954402923584,-0.0163457989692688,2.2709035873413086,2.496486186981201,0.18822188675403595
182,0.4903070330619812,0.7074877619743347,0.21094536781311035,0.41103121638298035,1.828606128692627,0.23806703090667725,0.22248782217502594,0.25053924322128296,0.003873068606480956,-0.04084813594818115,0.006055216304957867,0.2386995106935501,0.21931593120098114,0.2511647343635559
183,0.48508498072624207,0.7142027020454407,0.37656277418136597,1.3804762363433838,13.258040428161621,0.7341150045394897,1.1334980726242065,0.28630736470222473,0.04099368676543236,-0.014437972567975521,0.010902473703026772,0.7350140810012817,1.1365675926208496,0.286897748708725
184,0.4779913127422333,0.7125757336616516,0.7549837827682495,6.434025764465332,85.55781555175781,0.7390957474708557,6.2299113273620605,1.4278039932250977,0.00346906716004014,-0.6086546778678894,0.12214774638414383,0.7411492466926575,6.217402458190918,1.4265376329421997
185,0.4676361382007599,0.702308714389801,0.8352993726730347,5.564737319946289,68.47927856445312,1.7581708431243896,4.6212358474731445,2.5532944202423096,0.03230338543653488,-0.3347333073616028,-0.035110048949718475,1.7627770900726318,4.62195348739624,2.5601742267608643
186,0.49725186824798584,0.6695795059204102,1.4940416812896729,11.895423889160156,150.5409393310547,9.771943092346191,6.400340557098389,2.246299982070923,-0.608879029750824,-0.8042593598365784,0.060057636350393295,9.780159950256348,6.3673200607299805,2.251760721206665
187,0.4857993423938751,0.6914133429527283,0.29865947365760803,0.9572882652282715,7.544074058532715,0.5177646279335022,0.7756370306015015,0.21612006425857544,-0.04393049329519272,-0.025913620367646217,0.0107572041451931,0.5173366069793701,0.7773663401603699,0.21645428240299225
188,0.4450872838497162,0.7076112627983093,0.3204973638057709,1.533520221710205,19.618837356567383,0.9276201725006104,1.1399130821228027,0.437953382730484,0.06612157821655273,0.05230586230754852,-0.006670297589153051,0.9278414249420166,1.1418887376785278,0.43912404775619507
189,0.49040287733078003,0.7016410827636719,0.2970089912414551,0.936930239200592,8.402958869934082,0.6050204634666443,0.6552675366401672,0.2870766222476959,-0.08843330293893814,-0.06157858297228813,0.0028743231669068336,0.600192129611969,0.6541873812675476,0.28786295652389526
190,0.48773807287216187,0.6884883642196655,0.34256628155708313,1.6783881187438965,19.203556060791016,1.3385018110275269,0.850723147392273,0.5492448210716248,-0.08683694154024124,0.045769501477479935,-0.019314300268888474,1.3394076824188232,0.8518607020378113,0.5504361987113953
191,0.4855898320674896,0.6822565197944641,0.34171947836875916,0.8875393271446228,6.315963268280029,0.6011038422584534,0.602793276309967,0.25107869505882263,-0.012763208709657192,-0.11911220103502274,-0.002522195689380169,0.602644681930542,0.5925560593605042,0.2517663538455963
192,0.44742241501808167,0.7161879539489746,0.6492438316345215,4.274765968322754,54.7572135925293,2.494284152984619,1.2176958322525024,3.2510595321655273,0.22101424634456635,0.012297423556447029,-0.2349167764186859,2.4914028644561768,1.2210301160812378,3.251605987548828
193,0.48469749093055725,0.7253930568695068,0.5845559239387512,4.199088096618652,54.791481018066406,2.582698345184326,0.6727654337882996,3.2418196201324463,-0.1448519229888916,-0.05607679858803749,0.2507791221141815,2.5858259201049805,0.6722944378852844,3.2411210536956787
194,0.5109658241271973,0.7123715281486511,0.25379031896591187,0.6809464693069458,4.580667495727539,0.3551822006702423,0.5484463572502136,0.1916777640581131,0.02688283659517765,-0.0771784707903862,-0.0050455848686397076,0.3551512658596039,0.5445034503936768,0.19214580953121185
195,0.47132301330566406,0.6967445611953735,0.3227292597293854,1.118273138999939,10.845260620117188,0.6379958391189575,0.8860347867012024,0.2417406439781189,0.0521223284304142,0.018940167501568794,-0.028146948665380478,0.6376368403434753,0.888303279876709,0.24076612293720245
196,0.4894641041755676,0.6921891570091248,0.8478318452835083,6.205996036529541,80.33684539794922,1.2118479013442993,6.074773788452148,0.3780701756477356,0.12175282835960388,0.48662975430488586,-0.023741496726870537,1.209079384803772,6.072141647338867,0.3783765137195587
197,0.44576913118362427,0.6899829506874084,0.43565234541893005,1.6382883787155151,18.307308197021484,1.2801746129989624,1.0093268156051636,0.16248464584350586,-0.10361398011445999,-0.14631155133247375,0.004120050463825464,1.2795337438583374,1.0014516115188599,0.16288548707962036
198,0.5231337547302246,0.7117170095443726,0.3835209012031555,1.365197777748108,13.27833366394043,0.5748297572135925,1.1643750667572021,0.4213860034942627,0.014927812851965427,-0.17248106002807617,0.040193166583776474,0.576238751411438,1.1547414064407349,0.42063480615615845
199,0.4615684449672699,0.701362669467926,0.9794760346412659,5.537871837615967,54.553260803222656,3.529118776321411,2.7678122520446777,3.248469591140747,-0.4301740825176239,0.14763143658638,0.24021537601947784,3.512573719024658,2.7715816497802734,3.2486119270324707
200,0.43014463782310486,0.7101500630378723,2.677384376525879,22.145505905151367,244.72769165039062,17.195852279663086,13.64223861694336,2.9352002143859863,-1.2629363536834717,0.5015935897827148,-0.15414747595787048,17.197246551513672,13.671041488647461,2.939326047897339
201,0.5097047686576843,0.6963550448417664,2.668581962585449,22.048372268676758,259.38323974609375,19.764787673950195,9.441141128540039,2.519653797149658,0.8240213990211487,0.9929935336112976,-0.18260382115840912,19.80268669128418,9.41496467590332,2.520038604736328
202,0.5327714085578918,0.6501055359840393,1.0861899852752686,6.261528015136719,80.31623840332031,5.26487398147583,3.274322509765625,0.8755847811698914,0.27221792936325073,0.14774028956890106,-0.031258150935173035,5.272497177124023,3.280111789703369,0.8774674534797668
203,0.4793876111507416,0.6634095907211304,0.3743376135826111,0.9281413555145264,8.707342147827148,0.6243466734886169,0.6451472043991089,0.23541994392871857,-0.038704533129930496,-0.09085913002490997,-0.03164088353514671,0.6248840689659119,0.6404987573623657,0.233934685587883
204,0.5454190969467163,0.630057156085968,1.1223407983779907,5.3827033042907715,59.76540756225586,4.542093753814697,2.3786966800689697,1.6384989023208618,0.1267022043466568,0.11702440679073334,0.10759328305721283,4.5529913902282715,2.38244366645813,1.6395231485366821
205,0.5957481265068054,0.6526320576667786,0.6046462059020996,1.4598278999328613,10.54179573059082,1.0404280424118042,0.9086778163909912,0.4721352458000183,0.03407823294401169,-0.2168111503124237,0.012201898731291294,1.042770504951477,0.884894609451294,0.47329407930374146
206,0.5691901445388794,0.6223944425582886,1.3888620138168335,9.303115844726562,121.14105987548828,5.1618428230285645,7.493502140045166,1.936692476272583,-0.3684704303741455,0.4107758104801178,-0.1873929649591446,5.163036346435547,7.503105640411377,1.9329819679260254
207,0.5547683238983154,0.624322772026062,1.328362226486206,7.6759490966796875,100.73553466796875,7.424554824829102,1.7713900804519653,0.8113996386528015,0.5598378777503967,-0.016667654737830162,-0.02484365552663803,7.424068450927734,1.7762523889541626,0.8132815361022949
208,0.5751226544380188,0.6584872603416443,1.4417285919189453,7.09658145904541,77.15296173095703,2.53425931930542,6.1786065101623535,2.40079665184021,-0.2659604549407959,-0.7121515870094299,0.2023114711046219,2.5272951126098633,6.154547214508057,2.398930072784424
209,0.5813657641410828,0.6169618964195251,2.4793899059295654,14.401762962341309,122.9904556274414,9.581803321838379,10.51077651977539,2.263486623764038,0.29321804642677307,-1.2480416297912598,0.2893635630607605,9.60403060913086,10.465529441833496,2.251176357269287
210,0.5320484042167664,0.6209065318107605,1.6594913005828857,9.896265983581543,114.69223022460938,6.272606372833252,6.843358516693115,3.429128646850586,0.15455229580402374,0.48681408166885376,-0.16675542294979095,6.288193225860596,6.845062732696533,3.4346251487731934
211,0.5566255450248718,0.6249091625213623,1.001595139503479,3.6570017337799072,35.70969009399414,2.740628719329834,2.0840413570404053,1.2326339483261108,-0.05573754012584686,-0.21235217154026031,0.14374253153800964,2.7477049827575684,2.078977346420288,1.227638840675354
212,0.6300131678581238,0.5936025381088257,1.8922556638717651,11.889213562011719,150.7754669189453,7.943884372711182,8.74969482421875,1.3003686666488647,-0.4237613379955292,0.5657085180282593,-0.1024099588394165,7.9547014236450195,8.755743980407715,1.2999458312988281
213,0.5828902125358582,0.6354250311851501,2.104619026184082,14.60462474822998,189.96640014648438,14.113370895385742,3.067800760269165,2.167124032974243,-1.2161219120025635,0.25930866599082947,0.06995521485805511,14.10009765625,3.0653488636016846,2.1720364093780518
214,0.5720054507255554,0.6348932385444641,1.3873478174209595,9.457036972045898,124.05162048339844,7.393278121948242,5.8461408615112305,0.7730593681335449,0.4851883351802826,0.28343722224235535,0.022392040118575096,7.397919654846191,5.855554103851318,0.7748904824256897
215,0.603029191493988,0.5907236933708191,1.698620080947876,8.932600975036621,100.54777526855469,4.514395236968994,7.039065361022949,3.1405670642852783,-0.46048814058303833,-0.7042919993400574,0.14259544014930725,4.5033745765686035,7.023278713226318,3.1460797786712646
216,0.6394970417022705,0.6064957976341248,2.5424575805664062,8.750038146972656,58.73737716674805,6.6760573387146,4.660645961761475,3.2049660682678223,0.9988195896148682,-0.12935101985931396,-0.20633384585380554,6.61932897567749,4.67184591293335,3.2072386741638184
217,0.5904687643051147,0.5926507115364075,2.3987531661987305,10.949596405029297,85.28935241699219,5.163140296936035,9.183639526367188,2.9826860427856445,0.29852595925331116,-1.3861899375915527,0.16223026812076569,5.168880939483643,9.103742599487305,2.9865782260894775
218,0.6167115569114685,0.6061730980873108,2.4738082885742188,13.52381420135498,148.87074279785156,10.497968673706055,6.5815653800964355,5.419332981109619,0.6414903402328491,-0.45015284419059753,0.2696208655834198,10.50757884979248,6.584468841552734,5.4277191162109375
219,0.5140935778617859,0.6033226251602173,2.1696252822875977,10.809196472167969,82.21024322509766,7.343323230743408,7.526675224304199,2.502700090408325,-0.9519895911216736,-0.1878550499677658,0.0034472572151571512,7.301664352416992,7.545318603515625,2.509678840637207
220,0.6175627112388611,0.6092677116394043,3.0283420085906982,15.187891006469727,137.4829864501953,13.237114906311035,7.13395357131958,2.134831666946411,-0.03164151683449745,-0.21057523787021637,0.25849300622940063,13.27400016784668,7.150735855102539,2.125035285949707
221,0.5953924655914307,0.6284614205360413,1.0305932760238647,5.229663848876953,67.49614715576172,2.041931629180908,4.525146007537842,1.64406418800354,0.01637910306453705,0.2750881612300873,-0.056956853717565536,2.0475614070892334,4.529376029968262,1.6476603746414185
222,0.5629748106002808,0.6251590847969055,1.2278796434402466,5.373880386352539,62.24613952636719,2.2989258766174316,4.654166221618652,1.3900609016418457,0.09438574314117432,-0.07280165702104568,-0.07973909378051758,2.3033945560455322,4.666577339172363,1.3916429281234741
223,0.4909381866455078,0.6279758214950562,2.097536325454712,15.200188636779785,198.45294189453125,13.863411903381348,6.082649230957031,1.3612251281738281,-1.1121670007705688,0.41051459312438965,-0.048219893127679825,13.857274055480957,6.0857086181640625,1.3641655445098877
224,0.5936793684959412,0.5881767868995667,1.9091651439666748,8.950733184814453,96.56661224365234,8.23465347290039,3.2523751258850098,1.3145984411239624,-0.1634514033794403,-0.5587831735610962,-0.1638759821653366,8.255995750427246,3.212951183319092,1.3079824447631836
225,0.6191233992576599,0.6020897626876831,2.4664714336395264,18.41944694519043,230.9888458251953,16.615224838256836,7.586500644683838,2.378103256225586,-1.564949870109558,-0.9299474358558655,0.25499242544174194,16.587499618530273,7.550290584564209,2.370988130569458
226,0.6169818043708801,0.6000078320503235,2.1347873210906982,8.7315092086792,65.69608306884766,4.777035236358643,6.985315799713135,2.150479555130005,-0.5425954461097717,-0.7461436986923218,0.06491784006357193,4.759358882904053,6.964724063873291,2.1554954051971436
227,0.5927678346633911,0.6038523316383362,3.394212484359741,21.035188674926758,230.9297637939453,18.427690505981445,9.330229759216309,3.980740785598755,0.39677006006240845,1.2014843225479126,-0.4568340480327606,18.474807739257812,9.27835464477539,3.965471029281616
228,0.5963394045829773,0.5769072771072388,1.6971418857574463,6.6119232177734375,52.135379791259766,4.11245059967041,5.007408142089844,1.3157291412353516,0.25598904490470886,-0.04828370362520218,-0.18102379143238068,4.11592435836792,5.021142959594727,1.3068517446517944
229,0.6389801502227783,0.6002611517906189,3.085897445678711,19.492353439331055,239.05348205566406,18.35743522644043,5.885575294494629,2.8838372230529785,-1.3674107789993286,-0.6086435914039612,0.11991805583238602,18.357500076293945,5.870348930358887,2.8893802165985107
230,0.5836709141731262,0.5718857645988464,3.5612919330596924,16.7960205078125,162.40679931640625,9.429149627685547,11.848465919494629,7.267138481140137,0.7511759400367737,-0.10844583064317703,0.01956498995423317,9.425398826599121,11.881017684936523,7.287383079528809
231,0.6122415661811829,0.616858184337616,2.1789989471435547,9.27869701385498,100.55113983154297,7.427094459533691,5.2474799156188965,1.8429442644119263,-0.5763185024261475,0.2267717570066452,-0.12547938525676727,7.425354480743408,5.257201194763184,1.8437963724136353
232,0.629899799823761,0.5995272994041443,2.1424777507781982,11.791321754455566,138.34823608398438,5.641179084777832,10.02974796295166,2.572262763977051,-0.6414610147476196,-0.44515806436538696,0.1728864461183548,5.620223045349121,10.04781436920166,2.5736048221588135
233,0.634410560131073,0.5910947918891907,2.4969537258148193,12.276124000549316,129.02401733398438,7.904991626739502,9.105588912963867,2.302734375,0.5850411653518677,0.2137100249528885,-0.11095227301120758,7.905302047729492,9.128473281860352,2.3064756393432617
234,0.5444639325141907,0.5788539052009583,2.937405824661255,12.01952075958252,104.51140594482422,9.21122932434082,7.1279296875,2.968963861465454,-0.23452246189117432,0.6187491416931152,-0.08276790380477905,9.233929634094238,7.12083101272583,2.976088523864746
235,0.5914376974105835,0.6220594048500061,1.7758796215057373,8.028124809265137,82.14825439453125,5.1365647315979,5.791724681854248,2.126596450805664,0.2697543501853943,-0.14886032044887543,0.12932296097278595,5.143784046173096,5.805961608886719,2.1285815238952637
236,0.5645856261253357,0.6173177361488342,2.89482045173645,18.805103302001953,230.74951171875,17.743391036987305,5.265365123748779,3.3286545276641846,1.169156789779663,-0.20099572837352753,0.10304990410804749,17.754215240478516,5.2762041091918945,3.3363394737243652
237,0.5976459383964539,0.6041264533996582,3.418391227722168,19.85501480102539,228.66664123535156,17.59352684020996,8.87053108215332,2.4501099586486816,-1.3032821416854858,-1.0560410022735596,0.029134904965758324,17.59412956237793,8.832013130187988,2.456770420074463
238,0.5814530849456787,0.5911722779273987,2.2983808517456055,9.231718063354492,86.99456024169922,4.91154670715332,7.525524616241455,2.113718271255493,-0.08217624574899673,-0.15635564923286438,-0.04366765543818474,4.924557685852051,7.544886589050293,2.119162082672119
239,0.6914068460464478,0.5840116739273071,2.5826714038848877,14.831477165222168,165.14479064941406,1.440157175064087,14.113341331481934,4.325766086578369,-0.03158329799771309,-1.075212001800537,0.18373844027519226,1.4438270330429077,14.111576080322266,4.33391809463501
240,0.6019072532653809,0.612598717212677,1.9105597734451294,6.815573692321777,59.332176208496094,3.302339792251587,5.180382251739502,2.9513094425201416,-0.3508686125278473,-0.3351501226425171,0.1747867465019226,3.292806625366211,5.1839494705200195,2.9543471336364746
241,0.5959808230400085,0.5980967283248901,1.372240662574768,5.760488986968994,69.80213928222656,2.990678071975708,4.80778169631958,1.060337781906128,-0.3368206024169922,-0.12725910544395447,-0.029258059337735176,2.9799394607543945,4.819503307342529,1.0628905296325684
242,0.5964727997779846,0.595465362071991,2.0111992359161377,9.421771049499512,105.81436920166016,3.5291597843170166,8.579263687133789,1.646530032157898,-0.2395261973142624,-0.5782214999198914,0.061040010303258896,3.530843496322632,8.583632469177246,1.6499879360198975
243,0.6422325372695923,0.5758172273635864,1.0981327295303345,3.2464470863342285,35.106163024902344,2.4867045879364014,2.009337902069092,0.5641635656356812,0.0989585891366005,0.15659812092781067,-0.05808696895837784,2.491666078567505,2.0088140964508057,0.5627304911613464
244,0.623753547668457,0.5714846849441528,2.7012853622436523,11.252168655395508,110.61254119873047,4.542692184448242,9.927475929260254,2.7240538597106934,-0.5455087423324585,-1.3618206977844238,0.2210189402103424,4.522398948669434,9.861058235168457,2.7226459980010986
245,0.6268826127052307,0.5945239067077637,3.836735486984253,19.202287673950195,161.45706176757812,14.686046600341797,12.160018920898438,2.276353120803833,1.0295032262802124,-1.0202646255493164,0.10022744536399841,14.690784454345703,12.150941848754883,2.280488967895508
246,0.6335775256156921,0.5739292502403259,1.2156068086624146,3.403336763381958,29.279380798339844,2.7327184677124023,1.9401057958602905,0.5924033522605896,-0.2545989751815796,-0.005663861520588398,-0.010650521144270897,2.728421926498413,1.9455091953277588,0.5939597487449646
247,0.6367375254631042,0.5989270806312561,2.610433578491211,12.114042282104492,116.8541488647461,4.870406150817871,10.57336139678955,3.3515982627868652,-0.1977754384279251,-0.29995763301849365,0.17199194431304932,4.879963397979736,10.598587036132812,3.3565189838409424
248,0.6489941477775574,0.5588130354881287,3.3123526573181152,18.40521812438965,195.37509155273438,14.837553977966309,10.260442733764648,3.6499781608581543,0.8357388973236084,-0.7050614953041077,-0.007410511840134859,14.855320930480957,10.264742851257324,3.660151958465576
249,0.6420770883560181,0.5541079044342041,1.834502935409546,12.326592445373535,148.28854370117188,6.526102066040039,9.998790740966797,3.062520980834961,-0.8027582764625549,-0.9638420343399048,0.3241507411003113,6.494606971740723,9.979988098144531,3.053812026977539
250,0.623424768447876,0.5609965324401855,1.4198237657546997,5.687885761260986,64.52701568603516,3.04569673538208,4.600640296936035,1.3819856643676758,-0.5216113924980164,-0.4835403561592102,0.18530061841011047,3.009068489074707,4.587920665740967,1.3733264207839966
251,0.6084657311439514,0.6017601490020752,2.1738479137420654,10.919591903686523,120.34505462646484,8.155171394348145,6.750293731689453,2.6766035556793213,0.8474891781806946,0.6162003874778748,0.051006149500608444,8.13364028930664,6.740860462188721,2.6835825443267822
252,0.5860497951507568,0.5744966864585876,2.9377429485321045,13.654786109924316,130.58038330078125,8.024271965026855,10.53729248046875,3.321103096008301,-0.9769302010536194,-0.09240265190601349,0.1653284728527069,7.98679780960083,10.566278457641602,3.326237916946411
253,0.6992015242576599,0.5498848557472229,3.386013984680176,14.50438117980957,119.11066436767578,10.683627128601074,9.502923965454102,2.435486316680908,-0.8718883991241455,0.00724699255079031,-0.03790910542011261,10.677692413330078,9.52942943572998,2.441983938217163
254,0.7158065438270569,0.5498819947242737,3.1406965255737305,15.230066299438477,138.90982055664062,10.35722541809082,10.708843231201172,3.162825345993042,0.37035948038101196,-1.3400087356567383,0.13586920499801636,10.379473686218262,10.654309272766113,3.168720006942749
255,0.6682673096656799,0.574159562587738,2.1435914039611816,9.794487953186035,94.71224212646484,3.0483083724975586,9.064773559570312,2.114164113998413,0.37149474024772644,0.7216651439666748,-0.13647405803203583,3.0340263843536377,9.061205863952637,2.1156396865844727
256,0.6853876709938049,0.5828457474708557,1.9796820878982544,10.505659103393555,113.44774627685547,2.93942928314209,9.788534164428711,2.431711196899414,-0.38387197256088257,-0.030051041394472122,-0.01471592579036951,2.92238450050354,9.815792083740234,2.4384496212005615
257,0.7193799614906311,0.5757637619972229,1.8600132465362549,10.601946830749512,127.43585968017578,7.336024761199951,7.415034770965576,1.8977025747299194,0.29443779587745667,0.24917273223400116,-0.044203031808137894,7.350560665130615,7.431518077850342,1.902479648590088
258,0.6336063742637634,0.570205569267273,2.3098678588867188,11.578892707824707,99.2210464477539,6.120517730712891,9.538857460021973,2.3706986904144287,0.4357880651950836,-1.0353339910507202,0.22417736053466797,6.122013568878174,9.508955001831055,2.3666586875915527
259,0.6588640213012695,0.5481582283973694,3.258319854736328,16.423297882080078,195.3690643310547,9.240632057189941,13.48379135131836,1.5883420705795288,-0.7114909291267395,-1.4543837308883667,-0.02038619853556156,9.238900184631348,13.44251823425293,1.5926413536071777
260,0.5966840386390686,0.5748617649078369,2.7408621311187744,12.614699363708496,114.7550277709961,9.29063892364502,7.992208480834961,2.989863157272339,-0.026940664276480675,0.3282413184642792,-0.3061990439891815,9.31651496887207,8.007740020751953,2.982438564300537
261,0.6457465887069702,0.5769333839416504,2.188580274581909,11.254634857177734,106.27291870117188,9.617231369018555,5.677192687988281,1.3946887254714966,1.1495733261108398,0.5560354590415955,-0.13504892587661743,9.574912071228027,5.665657043457031,1.3920069932937622
262,0.6554359197616577,0.5993256568908691,2.625795364379883,12.073037147521973,132.19061279296875,10.093421936035156,6.222661018371582,2.271467924118042,-1.010445475578308,0.6264790892601013,-0.39634042978286743,10.070731163024902,6.208313941955566,2.242861747741699
263,0.6559399366378784,0.5864760875701904,1.2389878034591675,4.6121344566345215,32.69063186645508,3.1535627841949463,2.6032676696777344,2.1330313682556152,-0.21789520978927612,0.15704752504825592,0.12550008296966553,3.154801368713379,2.6057746410369873,2.1352758407592773
264,0.6758726239204407,0.5591821670532227,2.271596670150757,11.307808876037598,115.71614074707031,8.52596378326416,7.2318434715271,1.695552110671997,0.8230575919151306,-0.5067295432090759,0.18751022219657898,8.509815216064453,7.234191417694092,1.6898523569107056
265,0.632682740688324,0.585724949836731,3.2488439083099365,19.7550106048584,244.3216552734375,19.392534255981445,3.5645999908447266,1.2180817127227783,2.071040153503418,-0.1294596940279007,0.1718854159116745,19.335412979125977,3.5721848011016846,1.2092570066452026
266,0.6625421643257141,0.5846486687660217,1.2936367988586426,3.3556766510009766,29.45380401611328,2.6240766048431396,1.9957910776138306,0.6257845759391785,0.3615396320819855,0.0004656977253034711,0.0577021948993206,2.6063010692596436,2.0013580322265625,0.6248567700386047
267,0.6613780856132507,0.5719583630561829,3.146880865097046,20.648332595825195,218.7490234375,17.65688133239746,10.48784065246582,2.1432175636291504,0.32935982942581177,-0.2578846514225006,-0.231654554605484,17.70305061340332,10.513915061950684,2.1366045475006104
268,0.6833946108818054,0.5967259407043457,1.4968465566635132,4.5278143882751465,34.952369689941406,1.7159839868545532,4.114831447601318,0.7903571128845215,-0.02341519482433796,0.35725682973861694,0.01832389086484909,1.7206103801727295,4.110727787017822,0.7923487424850464
269,0.585067629814148,0.5664818286895752,1.035008430480957,4.783692836761475,61.90685272216797,1.0421497821807861,4.583577632904053,0.8879523277282715,0.014060599729418755,0.2998598515987396,0.002024576533585787,1.04496169090271,4.586516380310059,0.8904268741607666
270,0.6117891073226929,0.6073153614997864,1.1754456758499146,3.1326894760131836,27.276058197021484,1.7159125804901123,2.4137184619903564,1.0214450359344482,-0.10716398060321808,0.16929730772972107,-0.038991160690784454,1.7173398733139038,2.4144904613494873,1.0235477685928345
271,0.6149550676345825,0.5721004605293274,2.4808974266052246,13.411826133728027,120.93897247314453,8.044893264770508,9.141308784484863,5.62078857421875,-0.7015432119369507,-0.6542069315910339,0.2414785623550415,8.036600112915039,9.143301963806152,5.63126277923584
272,0.6114001870155334,0.582294225692749,2.142805576324463,7.826394557952881,56.60239791870117,4.766565322875977,5.428178787231445,3.011176824569702,0.05303720012307167,-0.32810795307159424,0.003172376425936818,4.779565334320068,5.433366775512695,3.0195744037628174
273,0.5984920263290405,0.6141868233680725,2.805462121963501,12.382246017456055,113.53031158447266,9.090219497680664,7.674805164337158,3.432966947555542,0.5465835332870483,0.2689024806022644,-0.2621646821498871,9.099082946777344,7.691487789154053,3.432490110397339
274,0.7847480773925781,0.5646161437034607,1.9674845933914185,10.450984001159668,119.93142700195312,9.855610847473145,3.343498945236206,0.9544873237609863,1.0036207437515259,-0.4007800221443176,-0.004667695611715317,9.831725120544434,3.328650712966919,0.9571382999420166
275,0.6154491901397705,0.6139057278633118,1.7325174808502197,8.851130485534668,109.00174713134766,5.891306400299072,6.426173686981201,1.5294787883758545,-0.2662888169288635,0.4023337960243225,-0.2114090919494629,5.9017014503479,6.431456565856934,1.519022822380066
276,0.6256694197654724,0.5888997316360474,1.938310980796814,8.36609935760498,73.80876159667969,4.317208290100098,6.979770660400391,1.6236166954040527,-0.4298703670501709,0.20525766909122467,-0.07661184668540955,4.307736396789551,6.996212482452393,1.62633216381073
277,0.6144370436668396,0.59068363904953,1.7585346698760986,6.764708042144775,75.47708892822266,4.96058988571167,4.5034942626953125,0.9340038299560547,-0.5610397458076477,-0.08690357208251953,0.11855959892272949,4.942508697509766,4.5152153968811035,0.9290326833724976
278,0.6503425240516663,0.5851476788520813,3.3727312088012695,16.571331024169922,161.04000854492188,7.774346828460693,14.337491989135742,2.9334123134613037,-0.8539801836013794,-1.1270235776901245,0.2237367033958435,7.748855113983154,14.332995414733887,2.9330263137817383
279,0.5963631868362427,0.5800259113311768,1.5207217931747437,7.612548828125,97.90512084960938,4.26186466217041,2.6994638442993164,5.70090389251709,0.31859126687049866,-0.12337642908096313,0.44906893372535706,4.261794567108154,2.70416522026062,5.699042320251465
280,0.7070071697235107,0.5827327370643616,3.7113142013549805,17.513429641723633,187.66754150390625,11.230300903320312,12.518762588500977,4.886830806732178,0.9717451333999634,-1.0054857730865479,0.029218018054962158,11.219388008117676,12.5131254196167,4.900374889373779
281,0.6187123656272888,0.6048343777656555,1.8812158107757568,11.87496566772461,152.5707244873047,1.3656742572784424,11.520583152770996,2.5349338054656982,-0.07279916852712631,-0.38163453340530396,0.053977660834789276,1.3675365447998047,11.546379089355469,2.541428804397583
282,0.6434928178787231,0.5859372615814209,1.9862746000289917,10.14925765991211,124.36180114746094,9.900364875793457,1.975757360458374,1.0423905849456787,0.46430104970932007,-0.12446605414152145,-0.11939942091703415,9.917057991027832,1.9773331880569458,1.0384182929992676
283,0.6341837644577026,0.5749408006668091,2.7209315299987793,11.830121994018555,87.8194351196289,6.542696952819824,9.235596656799316,3.4421896934509277,-0.41243430972099304,0.3660673499107361,-0.21865862607955933,6.547898292541504,9.254079818725586,3.444819688796997
284,0.63506680727005,0.5557280778884888,2.20585298538208,8.945590019226074,88.96868896484375,8.24294662475586,3.2078323364257812,1.3368732929229736,0.6792758703231812,-0.10234013199806213,0.11487403512001038,8.237824440002441,3.2151427268981934,1.335644006729126
285,0.6112217307090759,0.5734193325042725,2.483790636062622,20.719470977783203,275.9726867675781,19.46234893798828,6.6070170402526855,2.6193201541900635,1.253390908241272,0.367241770029068,-0.26109570264816284,19.476119995117188,6.615204334259033,2.613544464111328
286,0.614702582359314,0.5848302245140076,0.8025639057159424,1.5743664503097534,9.833866119384766,0.8057997822761536,1.2862482070922852,0.41818928718566895,-0.028259776532649994,-0.02822704426944256,-0.07553648948669434,0.8075503706932068,1.2895255088806152,0.41245803236961365
287,0.613670825958252,0.5753865242004395,2.511674404144287,15.857131004333496,164.4149932861328,8.782992362976074,12.878625869750977,2.906654119491577,-0.24945242702960968,1.1618518829345703,-0.3343837857246399,8.803938865661621,12.86188793182373,2.8954098224639893
288,0.644439697265625,0.588913083076477,4.729493618011475,22.123950958251953,160.98284912109375,15.774160385131836,14.492496490478516,5.532866954803467,-1.4479167461395264,-0.9596238136291504,-0.17739546298980713,15.751383781433105,14.50102710723877,5.545447826385498
289,0.6014124155044556,0.5869993567466736,2.6855618953704834,17.969579696655273,231.86337280273438,17.229604721069336,3.5790388584136963,3.6382639408111572,-1.2703642845153809,0.2097843587398529,-0.36886361241340637,17.230636596679688,3.5828516483306885,3.6296136379241943
290,0.6080905795097351,0.5711649060249329,1.9589530229568481,8.683201789855957,85.88286590576172,8.234231948852539,2.4271745681762695,1.3054627180099487,-1.0248606204986572,0.24514652788639069,-0.17714163661003113,8.192994117736816,2.4214985370635986,1.2969963550567627
291,0.6993586421012878,0.6109545230865479,3.220885992050171,17.49510383605957,181.68736267089844,13.625454902648926,10.437272071838379,3.3895373344421387,-1.023982048034668,-1.4006972312927246,0.399252712726593,13.624821662902832,10.371707916259766,3.3753302097320557
292,0.6149346232414246,0.5737065672874451,1.7580748796463013,7.2974677085876465,64.4106674194336,4.304543495178223,5.763759136199951,1.2259777784347534,0.5238656997680664,0.22429129481315613,-0.08085828274488449,4.2844648361206055,5.775458812713623,1.2267208099365234
293,0.6088840365409851,0.5763921737670898,1.4239287376403809,5.6077141761779785,61.55134582519531,4.2399373054504395,3.517615795135498,1.046792984008789,-0.4587981402873993,0.42616280913352966,-0.15871381759643555,4.2267985343933105,3.5014448165893555,1.0375771522521973
294,0.620925784111023,0.5784407258033752,1.5408821105957031,6.447146892547607,66.64183807373047,3.141037702560425,5.549208641052246,0.9517648816108704,-0.3635692596435547,-0.05560341104865074,0.057465340942144394,3.1286284923553467,5.564407825469971,0.9526785612106323
295,0.6820068359375,0.5589754581451416,2.485086679458618,11.098162651062012,118.90977478027344,9.15667724609375,5.762903213500977,2.4725332260131836,0.42277663946151733,-0.3993346393108368,0.3009551763534546,9.172426223754883,5.765087604522705,2.4609944820404053
296,0.6800245642662048,0.5716196894645691,2.951338768005371,15.58254623413086,182.136962890625,12.6579008102417,5.179540634155273,7.467641353607178,-0.9059339761734009,0.11439330130815506,-0.7059022784233093,12.660655975341797,5.192721366882324,7.454939365386963
297,0.631599485874176,0.5980206727981567,3.3020994663238525,14.701617240905762,127.71109008789062,11.396191596984863,8.317317008972168,4.1335930824279785,1.3185676336288452,-0.7064656615257263,0.16127875447273254,11.351228713989258,8.310375213623047,4.1419677734375
298,0.7169278264045715,0.571871817111969,4.469101905822754,21.529489517211914,225.54354858398438,19.216876983642578,9.467462539672852,2.1442432403564453,-0.9088224768638611,-1.0153484344482422,0.07076144963502884,19.248916625976562,9.439114570617676,2.1490533351898193
299,0.7316230535507202,0.5543006062507629,2.1522040367126465,11.461906433105469,121.4458236694336,5.933745384216309,9.071237564086914,3.7253994941711426,-0.15112586319446564,-0.7758808732032776,0.25440505146980286,5.948366165161133,9.06320571899414,3.7270700931549072
300,0.6530345678329468,0.5791741013526917,2.569995403289795,12.029280662536621,126.70124816894531,10.740230560302734,4.890162467956543,2.3318142890930176,0.023754438385367393,-0.6345842480659485,0.21904130280017853,10.770162582397461,4.862338542938232,2.327979326248169
301,0.6752635836601257,0.573479950428009,1.7941765785217285,7.4885454177856445,69.13611602783203,5.851160049438477,4.142518043518066,2.1637415885925293,0.5896870493888855,0.08820317685604095,-0.12856893241405487,5.837607383728027,4.153131008148193,2.1659433841705322
302,0.6178543567657471,0.5690852403640747,3.826291084289551,18.219158172607422,152.37168884277344,5.832486629486084,16.503978729248047,5.053568363189697,-0.19086506962776184,-0.5766863822937012,-0.12043511122465134,5.84562349319458,16.53990936279297,5.066226005554199
303,0.6378194093704224,0.5791550278663635,1.8677117824554443,9.422019958496094,104.00467681884766,5.586387634277344,7.51244592666626,1.062964677810669,-0.5025491714477539,0.2958281636238098,-0.024320419877767563,5.579257488250732,7.527556896209717,1.0656507015228271
304,0.5821773409843445,0.5820987820625305,4.263233184814453,17.313716888427734,133.59942626953125,12.967223167419434,11.084687232971191,2.9573066234588623,0.3979381322860718,-1.3064496517181396,0.23111353814601898,12.997268676757812,11.038131713867188,2.9564857482910156
305,0.6772913932800293,0.5782225131988525,1.718447208404541,6.365036964416504,67.69635772705078,5.422414302825928,3.1940581798553467,0.9534782767295837,-0.3915783166885376,0.12140951305627823,-0.20166043937206268,5.423342227935791,3.200653076171875,0.9345082640647888
306,0.652948796749115,0.5866196155548096,3.8472025394439697,17.61300277709961,193.2560272216797,16.76160430908203,4.964900970458984,2.148545265197754,1.4257690906524658,0.226327046751976,-0.19179236888885498,16.7474422454834,4.973574638366699,2.145936965942383
307,0.6060128211975098,0.59353107213974,2.9292681217193604,13.219794273376465,112.51441192626953,9.782234191894531,8.708150863647461,1.799709677696228,-0.4957245886325836,-1.3559167385101318,0.10632015764713287,9.796916961669922,8.625935554504395,1.8015776872634888
308,0.6531727910041809,0.5775867700576782,1.9997520446777344,9.111467361450195,104.70622253417969,5.480102062225342,3.6662025451660156,6.288583755493164,-0.6593664288520813,-0.3630678951740265,-0.49805936217308044,5.455464839935303,3.6583571434020996,6.286314964294434
309,0.6320367455482483,0.583187997341156,1.7416131496429443,8.456415176391602,103.58624267578125,4.9224443435668945,3.0116779804229736,6.181447505950928,0.3381710648536682,-0.2574639916419983,0.4586644172668457,4.9245123863220215,3.0090227127075195,6.181602954864502
310,0.6494643688201904,0.569572389125824,2.4281599521636963,11.931342124938965,132.38824462890625,9.817400932312012,6.544559478759766,1.7732187509536743,0.5332381725311279,-0.7789304852485657,0.09866290539503098,9.830253601074219,6.516165256500244,1.7754104137420654
311,0.5957226157188416,0.5914997458457947,2.7502758502960205,10.706270217895508,89.31411743164062,6.06376314163208,8.61093521118164,1.9253015518188477,-0.46950435638427734,-1.0884231328964233,0.13233083486557007,6.062422752380371,8.56569766998291,1.926106333732605
312,0.6945706009864807,0.5531086921691895,4.104192733764648,18.08829116821289,143.4219970703125,8.223687171936035,15.667078018188477,3.754979133605957,-0.9087358713150024,-0.5258023142814636,0.14295047521591187,8.196123123168945,15.70192813873291,3.762723684310913
313,0.6244215965270996,0.5678282380104065,4.430115699768066,21.134553909301758,156.13560485839844,14.170933723449707,15.27528190612793,3.5383338928222656,-0.5824134349822998,-0.7738644480705261,0.35924991965293884,14.198454856872559,15.29822063446045,3.5298678874969482
314,0.6599355340003967,0.5515463352203369,3.1039998531341553,15.663763999938965,172.9167022705078,13.30644702911377,7.342215061187744,3.792609453201294,-0.6381944417953491,0.8403333425521851,-0.19791796803474426,13.328207015991211,7.3143134117126465,3.798006296157837
315,0.599355936050415,0.6095340847969055,3.460578441619873,13.303760528564453,101.0057144165039,9.115671157836914,9.314818382263184,2.669966220855713,0.25703200697898865,-1.1859748363494873,-0.119838185608387,9.137463569641113,9.264781951904297,2.674715757369995
316,0.747424840927124,0.5535558462142944,4.022793769836426,16.914344787597656,149.61895751953125,13.540623664855957,9.970277786254883,1.827595591545105,-0.4085962176322937,0.25628116726875305,-0.055882226675748825,13.572211265563965,9.99478530883789,1.8318367004394531
317,0.6509909629821777,0.5621708631515503,2.156358003616333,10.84347915649414,112.58035278320312,10.21768569946289,3.405470132827759,1.2580617666244507,0.14922578632831573,-0.2740856111049652,0.10757215321063995,10.245094299316406,3.40389084815979,1.2569507360458374
318,0.6242976784706116,0.5702297687530518,3.453728199005127,20.932538986206055,225.56649780273438,20.74152374267578,2.298729658126831,1.6359184980392456,-0.4680849015712738,-0.3765324056148529,-0.12355216592550278,20.79408073425293,2.2740073204040527,1.6357965469360352
319,0.6531260013580322,0.5629088282585144,1.8193259239196777,8.896597862243652,108.10375213623047,2.954881191253662,8.12205696105957,2.1095778942108154,-0.31627213954925537,-0.6981098055839539,0.22482745349407196,2.946101427078247,8.114571571350098,2.1034140586853027
320,0.6414730548858643,0.568036675453186,1.0317851305007935,2.157073736190796,12.362889289855957,1.1806379556655884,1.688235878944397,0.6394694447517395,-0.03651599586009979,0.11383118480443954,-0.09045987576246262,1.183364748954773,1.6890925168991089,0.6348046660423279
321,0.6788820028305054,0.5411221385002136,0.9504808187484741,2.2757930755615234,19.49114227294922,1.8894312381744385,1.126845121383667,0.5826695561408997,0.08931490778923035,0.029628857970237732,0.00932497251778841,1.8925836086273193,1.1295976638793945,0.5842199921607971
322,0.6773658990859985,0.5718007683753967,2.2569169998168945,8.827681541442871,73.88981628417969,7.494103908538818,3.8635752201080322,2.6151742935180664,-0.9868133664131165,-0.406162828207016,0.2999766170978546,7.449571132659912,3.85288405418396,2.6051595211029053
323,0.7209089994430542,0.5689144730567932,1.9438177347183228,9.032393455505371,90.16251373291016,8.004609107971191,3.4917352199554443,2.3061094284057617,-0.9075917601585388,-0.421210914850235,0.07659770548343658,7.9751739501953125,3.475905418395996,2.3112661838531494
324,0.6344394683837891,0.569934070110321,2.828235626220703,12.53665828704834,127.90657806396484,7.549776554107666,9.152104377746582,4.050638675689697,0.26697206497192383,0.16897019743919373,-0.20436044037342072,7.566100120544434,9.176068305969238,4.056765079498291
325,0.6620163917541504,0.5633198022842407,1.294532060623169,4.520998001098633,51.094993591308594,2.281543493270874,3.5564544200897217,1.6079847812652588,-0.1137712225317955,-0.33855757117271423,0.1525724232196808,2.2850613594055176,3.5501785278320312,1.6051952838897705
326,0.6224057674407959,0.588142454624176,3.1198112964630127,18.15250015258789,179.70266723632812,16.854167938232422,6.433599472045898,2.0147101879119873,-0.1110415980219841,-0.9115576148033142,0.1811223030090332,16.900814056396484,6.3864593505859375,2.0121493339538574
327,0.5638895630836487,0.5693183541297913,1.3118011951446533,3.7399442195892334,31.999034881591797,2.837606906890869,2.3489110469818115,0.646365225315094,-0.2390625923871994,-0.014530002139508724,0.008493765257298946,2.8354060649871826,2.3554177284240723,0.6481121778488159
328,0.6068639159202576,0.5805148482322693,3.3952457904815674,16.680604934692383,151.41436767578125,7.7993597984313965,14.241049766540527,3.8216545581817627,-0.691615879535675,-0.4007025957107544,0.1336078643798828,7.790304183959961,14.275120735168457,3.8299717903137207
329,0.6580862998962402,0.5926588177680969,4.180080890655518,18.022396087646484,165.0926055908203,13.728747367858887,11.025607109069824,3.8424360752105713,0.31299546360969543,-0.10831557959318161,-0.22789181768894196,13.763463020324707,11.055828094482422,3.8463714122772217
330,0.6400028467178345,0.5628969669342041,3.552478075027466,14.75623893737793,109.76492309570312,11.454008102416992,8.79783821105957,3.0249507427215576,0.4897496998310089,0.1975865364074707,0.13849197328090668,11.475454330444336,8.82015323638916,3.030207633972168
331,0.6217951774597168,0.5610222816467285,2.1172256469726562,11.153026580810547,141.97845458984375,2.0078508853912354,10.734336853027344,2.2655136585235596,0.24128921329975128,-0.808270275592804,0.10176889598369598,1.9988601207733154,10.733718872070312,2.2695395946502686
332,0.7241619229316711,0.5589792728424072,1.7229411602020264,10.660914421081543,141.07142639160156,2.8135712146759033,10.02224063873291,2.300785541534424,-0.1884920448064804,0.7364447116851807,-0.13343021273612976,2.815080404281616,10.023026466369629,2.3033201694488525
333,0.6485006213188171,0.5556145310401917,1.5941951274871826,7.250159740447998,90.20423126220703,5.766655921936035,4.222260475158691,1.21779203414917,0.2953389286994934,0.19114729762077332,-0.06996961683034897,5.775152683258057,4.229696750640869,1.2191715240478516
334,0.7128799557685852,0.5580188632011414,2.0380303859710693,8.727538108825684,88.01709747314453,6.85437536239624,5.116417407989502,1.7348545789718628,0.7428385019302368,-0.28764405846595764,-0.04176992550492287,6.833011150360107,5.122574329376221,1.7391893863677979
335,0.6691774725914001,0.5390536785125732,2.67022442817688,9.917153358459473,72.23539733886719,6.4078755378723145,6.663737773895264,3.589383840560913,0.5038703083992004,-0.9066969156265259,-0.040307603776454926,6.405853271484375,6.620179176330566,3.5991687774658203
336,0.741093099117279,0.5661762952804565,1.988153338432312,9.152121543884277,113.80807495117188,6.767162799835205,5.229905605316162,3.2580528259277344,-0.527101993560791,-0.5997679829597473,0.2831733226776123,6.765422344207764,5.209893226623535,3.254777193069458
337,0.6915053129196167,0.547328531742096,1.772826910018921,7.9634504318237305,100.76558685302734,1.7326480150222778,7.601060390472412,1.6243016719818115,0.0003016644041053951,-0.45868566632270813,-0.006046660710126162,1.7374809980392456,7.608370780944824,1.6288211345672607
338,0.6612293124198914,0.5505375862121582,2.752223014831543,11.272106170654297,85.46295166015625,6.5075154304504395,8.593205451965332,3.296882390975952,0.42077189683914185,-0.2940250337123871,0.21138916909694672,6.512011528015137,8.612130165100098,3.299276113510132
339,0.7082880139350891,0.5652536749839783,1.0697141885757446,2.0305371284484863,12.019372940063477,1.3215751647949219,1.195178747177124,0.9736876487731934,0.1316877156496048,-0.04046223312616348,-0.059914480894804,1.3186659812927246,1.1978256702423096,0.9745533466339111
340,0.6375137567520142,0.5689578056335449,2.253129243850708,13.767234802246094,175.47738647460938,13.153636932373047,3.5247342586517334,2.023564100265503,-1.0698554515838623,-0.21943256258964539,0.2274898737668991,13.146624565124512,3.5277099609375,2.0163447856903076
341,0.6334802508354187,0.5789557099342346,1.6149519681930542,8.22812271118164,97.40137481689453,7.375881195068359,2.615421772003174,2.5412514209747314,0.3263062834739685,-0.07209623605012894,-0.15604428946971893,7.389214038848877,2.621720790863037,2.5435311794281006
342,0.6750577092170715,0.5762560963630676,2.319514274597168,16.850948333740234,223.6810760498047,16.576799392700195,2.542022228240967,1.64387047290802,-1.1883256435394287,-0.3301735520362854,0.03849383071064949,16.580272674560547,2.5275192260742188,1.6480039358139038
343,0.7905585169792175,0.550402820110321,1.6737349033355713,10.042559623718262,131.7582550048828,6.880125522613525,7.250947952270508,0.9698514938354492,0.48437991738319397,-0.3592202663421631,-0.10772184282541275,6.882197856903076,7.262244701385498,0.966539204120636
344,0.701475977897644,0.5626576542854309,2.393712282180786,11.423053741455078,109.83658599853516,5.888235092163086,9.020255088806152,3.801297664642334,-0.5452592968940735,-0.030320612713694572,-0.10178188979625702,5.879288673400879,9.045365333557129,3.810534715652466
345,0.5983477234840393,0.5851258635520935,2.2090365886688232,10.512582778930664,130.1761474609375,4.09870719909668,9.336956977844238,2.556602716445923,-0.16623283922672272,-0.9339081048965454,0.20209264755249023,4.106758117675781,9.316046714782715,2.5557117462158203
346,0.7067350149154663,0.5700183510780334,1.4808802604675293,4.274809837341309,32.07884979248047,2.696033239364624,3.2237935066223145,0.7826591730117798,0.3130417466163635,-0.055080171674489975,-0.033371612429618835,2.6852669715881348,3.2323145866394043,0.7841285467147827
347,0.7788041830062866,0.5526888370513916,3.2050933837890625,14.178674697875977,100.37947845458984,11.097553253173828,8.359750747680664,2.82731032371521,-0.6533383131027222,-0.39985838532447815,0.09441515803337097,11.109207153320312,8.373473167419434,2.83361554145813
348,0.652103066444397,0.5519258379936218,2.4847805500030518,15.348897933959961,164.13467407226562,9.377257347106934,7.551306247711182,9.520161628723145,0.5900017619132996,0.30726051330566406,-0.6756207346916199,9.384783744812012,7.566099166870117,9.5226469039917
349,0.6775745749473572,0.5516910552978516,1.4263877868652344,7.351796627044678,96.05931854248047,5.8743085861206055,4.092554569244385,1.6710505485534668,0.43573591113090515,0.32447677850723267,-0.1460006684064865,5.874466419219971,4.09105110168457,1.6693036556243896
350,0.6227467656135559,0.5556184649467468,1.8812685012817383,7.538261413574219,81.79998779296875,3.5923469066619873,6.5739030838012695,0.8391842246055603,0.0816240981221199,0.21939252316951752,0.023623673245310783,3.6014370918273926,6.588567733764648,0.8411915302276611
351,0.6993119716644287,0.5846316814422607,2.0004489421844482,7.571074962615967,67.220947265625,5.765227317810059,4.40906286239624,2.1548757553100586,-0.15630927681922913,-0.29529666900634766,-0.2253440022468567,5.779183864593506,4.411433696746826,2.149038791656494
352,0.6879125833511353,0.5547056198120117,1.611794114112854,5.987077236175537,59.499794006347656,3.0512757301330566,5.023723602294922,1.1388664245605469,-0.28730523586273193,0.3265576660633087,0.006234010215848684,3.0461928844451904,5.0270819664001465,1.1420260667800903
353,0.7327046990394592,0.5475136041641235,1.207874059677124,4.0689377784729,47.31056213378906,1.9873179197311401,3.3688297271728516,1.121521234512329,-0.23311658203601837,-0.1675499677658081,0.12734074890613556,1.9791030883789062,3.3740458488464355,1.117376685142517
354,0.6483070254325867,0.5473163723945618,2.124046802520752,10.307337760925293,99.26133728027344,6.621657848358154,7.666644096374512,1.9019495248794556,-0.7457825541496277,0.1543947011232376,-0.11639488488435745,6.597878456115723,7.6864705085754395,1.9036802053451538
355,0.6850133538246155,0.5658438801765442,2.5399422645568848,12.900153160095215,131.15652465820312,10.559679985046387,7.1801018714904785,1.831183671951294,-0.16657793521881104,-0.45088696479797363,0.06294329464435577,10.587818145751953,7.185919761657715,1.835206389427185
356,0.7076035141944885,0.5328735709190369,1.4856477975845337,5.012678623199463,52.669349670410156,3.851868152618408,2.9478485584259033,1.2650095224380493,-0.031441137194633484,-0.20741400122642517,0.023425696417689323,3.8624837398529053,2.948745012283325,1.2683205604553223
357,0.6694467067718506,0.5766233801841736,5.234382152557373,26.134197235107422,236.00909423828125,21.62590217590332,13.947240829467773,4.55971622467041,0.5170273184776306,0.6079229116439819,0.19163043797016144,21.680025100708008,13.97285270690918,4.568395614624023
358,0.7564670443534851,0.5608793497085571,3.5444107055664062,23.713266372680664,307.60699462890625,20.31743621826172,11.462498664855957,4.258164405822754,-1.2037906646728516,-0.9801602363586426,0.11221037060022354,20.338315963745117,11.452370643615723,4.268559455871582
359,0.6147380471229553,0.5770919322967529,3.1063272953033447,12.589272499084473,119.7445068359375,7.9800848960876465,9.573412895202637,1.7770158052444458,0.5551024675369263,-0.02386425994336605,-0.016245337203145027,7.982960224151611,9.60008716583252,1.7818981409072876
360,0.6260464787483215,0.5570070147514343,2.6526191234588623,10.623363494873047,94.81175231933594,6.108195781707764,7.99102258682251,3.418968915939331,-0.8543649911880493,0.24750633537769318,-0.27344831824302673,6.0650200843811035,8.009468078613281,3.41752290725708
361,0.6613365411758423,0.5499098300933838,3.5815844535827637,16.462963104248047,166.22665405273438,13.672696113586426,8.389908790588379,3.7008132934570312,-1.6322523355484009,0.29779744148254395,0.033727552741765976,13.61278247833252,8.408010482788086,3.710982322692871
362,0.7834835648536682,0.5444377660751343,3.364755392074585,13.55069637298584,130.2136993408203,5.478842258453369,12.176390647888184,2.310673236846924,-0.6596575379371643,1.1103092432022095,-0.30800071358680725,5.454156875610352,12.159485816955566,2.2964415550231934
363,0.7004070281982422,0.5480701923370361,4.427751064300537,19.333484649658203,160.29562377929688,14.791792869567871,11.671639442443848,4.331194877624512,-2.051548719406128,0.07294023782014847,0.4573213458061218,14.689693450927734,11.70396900177002,4.318997383117676
364,0.7078961133956909,0.5562962293624878,3.4154598712921143,18.865156173706055,165.09495544433594,16.967029571533203,7.989182949066162,2.0462148189544678,2.1337573528289795,-0.8824170827865601,-0.0450548492372036,16.8792781829834,7.96245002746582,2.0514252185821533
365,0.7723513245582581,0.5442978143692017,2.3276686668395996,12.856032371520996,158.080078125,11.76872444152832,4.711307525634766,2.1396877765655518,-0.8675421476364136,0.4789290726184845,-0.030759865418076515,11.769442558288574,4.69997501373291,2.1454343795776367
366,0.7167396545410156,0.5483066439628601,1.7800178527832031,7.504513263702393,85.48299407958984,3.600205421447754,6.301105976104736,1.9110996723175049,-0.15019838511943817,-0.44825559854507446,0.10903588682413101,3.607104778289795,6.30267333984375,1.9133086204528809
367,0.6841812133789062,0.5708160996437073,3.308515787124634,15.315896034240723,143.8265380859375,5.6386613845825195,13.206856727600098,5.3255157470703125,-0.14971879124641418,0.19153423607349396,-0.0756971463561058,5.652396202087402,13.242302894592285,5.33983039855957
368,0.7177677750587463,0.5546397566795349,2.292398691177368,11.294323921203613,113.89938354492188,4.620030403137207,9.883210182189941,2.922197103500366,-0.38171857595443726,-0.9614944458007812,0.35803401470184326,4.617077350616455,9.86376667022705,2.9082701206207275
369,0.775818407535553,0.5549222230911255,1.0860835313796997,2.518781900405884,21.106630325317383,1.3708957433700562,1.9738088846206665,0.754311203956604,-0.11310476809740067,-0.024078194051980972,-0.020144140347838402,1.3700329065322876,1.9791675806045532,0.7561454772949219
370,0.7443891167640686,0.5377525687217712,3.28899884223938,13.820548057556152,122.27692413330078,8.62873649597168,10.127613067626953,3.739504098892212,-0.09732742607593536,-0.24484777450561523,0.07013174146413803,8.652255058288574,10.152894973754883,3.7492756843566895
371,0.6864564418792725,0.5531545877456665,2.9996073246002197,11.40090274810791,79.02864074707031,7.443844318389893,8.005900382995605,3.236562728881836,-0.17248916625976562,-0.4853993058204651,-0.3824341893196106,7.46260404586792,8.01346206665039,3.222853899002075
372,0.6968771815299988,0.5278158187866211,2.906039237976074,11.70566177368164,107.36772918701172,9.275450706481934,6.998035907745361,1.419867992401123,0.1626397669315338,-0.26279887557029724,-0.002365491120144725,9.299893379211426,7.012606143951416,1.4238266944885254
373,0.7168022990226746,0.5487592816352844,2.0891590118408203,10.395210266113281,97.04766082763672,8.526540756225586,5.6449480056762695,1.8689736127853394,-0.24198053777217865,-0.35847410559654236,-0.1280822455883026,8.546880722045898,5.64926815032959,1.8697807788848877
374,0.7182686924934387,0.548677384853363,3.262089729309082,17.25059700012207,180.34580993652344,8.22512149810791,14.965738296508789,2.440714120864868,0.6178916096687317,-1.8462873697280884,0.1598420888185501,8.22475814819336,14.892843246459961,2.442267894744873
375,0.7334879636764526,0.520032525062561,3.498652458190918,14.877008438110352,125.52944946289062,11.949155807495117,8.530501365661621,2.402836561203003,-0.06797254830598831,-0.23071090877056122,-0.0709918811917305,11.982293128967285,8.551167488098145,2.40848708152771
376,0.7634274959564209,0.5692169666290283,2.969444751739502,16.299053192138672,173.8675537109375,13.495243072509766,9.089048385620117,0.9627056121826172,-0.6875399351119995,0.31045496463775635,-0.13420170545578003,13.515312194824219,9.10908317565918,0.955964982509613
377,0.7653875350952148,0.5584055781364441,2.4557647705078125,10.348224639892578,92.11627197265625,5.638785362243652,8.103913307189941,3.101036310195923,-0.7078880071640015,-0.853025496006012,0.20781758427619934,5.609779357910156,8.081372261047363,3.1026954650878906
378,0.7301274538040161,0.5545623898506165,3.8055014610290527,16.754180908203125,133.37066650390625,8.354165077209473,14.099061012268066,3.48238468170166,0.442884624004364,1.4988054037094116,-0.38618388772010803,8.365686416625977,14.058273315429688,3.4705588817596436
379,0.7148413062095642,0.556352436542511,1.6723042726516724,7.626583576202393,95.21355438232422,6.994739532470703,2.773362398147583,1.2437317371368408,-0.695462167263031,-0.25251510739326477,0.06811609119176865,6.979494571685791,2.7695465087890625,1.2453291416168213
380,0.7538897395133972,0.5394837260246277,3.165907621383667,24.232885360717773,316.63653564453125,23.629091262817383,5.2992753982543945,0.9035930037498474,-2.2474377155303955,-0.2703143060207367,-0.032775215804576874,23.58757781982422,5.307138919830322,0.9055172204971313
381,0.7289267778396606,0.5574740767478943,2.8703227043151855,14.11705207824707,131.78253173828125,4.741277694702148,13.035972595214844,2.6219987869262695,-0.2967391312122345,-0.9297155141830444,0.09010745584964752,4.745182514190674,13.039047241210938,2.6277594566345215
382,0.7220233678817749,0.561327338218689,2.068070888519287,9.633265495300293,100.16942596435547,6.669114112854004,6.402719497680664,2.7070047855377197,0.16252894699573517,-0.6220529675483704,-0.2743232250213623,6.685730934143066,6.3902058601379395,2.7005813121795654
383,0.7726906538009644,0.5484464168548584,2.574195623397827,9.339826583862305,74.70972442626953,2.8145697116851807,8.707659721374512,1.8674088716506958,-0.09964682161808014,-0.6278901696205139,-0.013326656073331833,2.820651054382324,8.70921802520752,1.8725701570510864
384,0.7332620620727539,0.5403411984443665,3.6985480785369873,14.537302017211914,118.2640151977539,11.700310707092285,7.605684280395508,4.073015213012695,0.7470154762268066,-1.025148868560791,0.2019786834716797,11.709009170532227,7.557301044464111,4.079351425170898
385,0.747733473777771,0.5443403720855713,1.335498571395874,3.308777093887329,26.021512985229492,1.4626225233078003,2.0889039039611816,2.108369827270508,-0.057134564965963364,0.023638756945729256,-0.01646176539361477,1.4655828475952148,2.0945963859558105,2.1141862869262695
386,0.68055260181427,0.561517596244812,2.6253368854522705,12.111452102661133,129.02601623535156,9.141014099121094,7.600914001464844,2.3141355514526367,-0.13165254890918732,0.5192817449569702,-0.10953925549983978,9.165562629699707,7.604307174682617,2.3179893493652344
387,0.734574556350708,0.5342072248458862,3.9193174839019775,17.299739837646484,147.17127990722656,11.075984954833984,12.951934814453125,2.9750523567199707,-0.1662508249282837,-1.085081696510315,-0.05961046367883682,11.10562801361084,12.942402839660645,2.9827518463134766
388,0.7871562838554382,0.5340246558189392,4.498418807983398,19.008563995361328,149.95449829101562,12.178813934326172,13.228531837463379,6.16505765914917,1.1287927627563477,-0.3297829031944275,0.12547118961811066,12.160215377807617,13.261307716369629,6.180974006652832
389,0.7551658749580383,0.5273236632347107,3.3561766147613525,14.41700553894043,99.20755004882812,11.528160095214844,8.413820266723633,2.039419174194336,0.31071826815605164,-0.5515081882476807,0.219007670879364,11.55611515045166,8.419144630432129,2.0332815647125244
390,0.7481895685195923,0.5502142310142517,2.867576837539673,12.117594718933105,108.53182220458984,6.888662338256836,9.833436012268066,1.6388912200927734,0.5560734272003174,-0.24745529890060425,-0.015555769205093384,6.885334014892578,9.857743263244629,1.6433886289596558
391,0.72696453332901,0.5343625545501709,3.753959894180298,20.156450271606445,194.74497985839844,19.68268394470215,3.9075212478637695,1.8988900184631348,-1.9589626789093018,-0.016332827508449554,-0.11900557577610016,19.639585494995117,3.918386459350586,1.90044367313385
392,0.7448346614837646,0.5473253130912781,2.8416337966918945,13.800705909729004,149.23680114746094,11.637198448181152,6.7075276374816895,3.169246196746826,-0.8991907835006714,0.7472642064094543,-0.39799726009368896,11.634771347045898,6.684366226196289,3.1529266834259033
393,0.6984736919403076,0.5448967218399048,1.8983120918273926,5.930189609527588,59.789154052734375,4.2526373863220215,3.9626102447509766,1.1747119426727295,-0.02690966986119747,0.09840214997529984,0.04345136508345604,4.264413833618164,3.972437858581543,1.1771825551986694
394,0.7389014959335327,0.5628334879875183,2.7214560508728027,11.457001686096191,105.23342895507812,8.785970687866211,7.110903739929199,1.872071385383606,-0.07232539355754852,0.8365983366966248,-0.29121875762939453,8.8101806640625,7.081216812133789,1.8544399738311768
395,0.7350198030471802,0.5375566482543945,3.575700521469116,13.339008331298828,88.86244201660156,9.233189582824707,8.735000610351562,4.046864986419678,-1.4210375547409058,0.6299570202827454,-0.18848580121994019,9.14863109588623,8.736557006835938,4.0537495613098145
396,0.688927948474884,0.5490301847457886,2.5222373008728027,12.305729866027832,122.75535583496094,9.433600425720215,7.66790246963501,1.9082520008087158,-0.2067163735628128,-0.8880828022956848,-0.062098823487758636,9.457643508911133,7.637546062469482,1.9125615358352661
397,0.7417865991592407,0.5688092112541199,3.710106611251831,13.945399284362793,113.39729309082031,6.15054178237915,12.208946228027344,2.7543840408325195,-0.1565096527338028,-0.8262314796447754,0.20840398967266083,6.165700912475586,12.214935302734375,2.7541494369506836
398,0.7311668992042542,0.5489132404327393,2.3619632720947266,8.734930992126465,86.9616470336914,6.659512519836426,5.037008285522461,2.5648505687713623,0.17784841358661652,-0.026573456823825836,0.02333950437605381,6.67570686340332,5.050988674163818,2.5718986988067627
399,0.6426631212234497,0.5766040086746216,2.527165651321411,10.319756507873535,95.2618179321289,8.131498336791992,5.178267478942871,3.6826162338256836,-0.19453032314777374,-0.704852283000946,0.45262202620506287,8.151845932006836,5.144381999969482,3.6648898124694824
400,0.6524673700332642,0.56781405210495,1.8221144676208496,5.795103549957275,64.61402893066406,4.818113803863525,3.048652410507202,1.0366876125335693,-0.034174367785453796,0.145913228392601,0.0228006262332201,4.831432342529297,3.0536530017852783,1.03932785987854
401,0.7070298790931702,0.5585736632347107,4.4876813888549805,20.45118522644043,159.72142028808594,13.683029174804688,14.385602951049805,4.90715217590332,-1.685497522354126,-1.4238991737365723,0.3055512607097626,13.61669635772705,14.354889869689941,4.911291599273682
402,0.749888002872467,0.5497168302536011,3.5423178672790527,15.895915985107422,134.17050170898438,11.429878234863281,10.449517250061035,3.584078073501587,-0.7265228629112244,0.5241330862045288,-0.07903538644313812,11.438582420349121,10.465474128723145,3.5932018756866455
403,0.7929754257202148,0.5287302732467651,3.0069329738616943,13.246416091918945,95.87104797363281,11.114480018615723,7.068482398986816,1.4044281244277954,0.2898296117782593,-1.0052837133407593,0.13502401113510132,11.141692161560059,7.016147613525391,1.4018216133117676
404,0.6918064951896667,0.5518742799758911,5.014597415924072,21.829124450683594,191.2814178466797,15.00511360168457,15.612519264221191,2.7579805850982666,-1.6632593870162964,-0.615946352481842,-0.1494670957326889,14.954242706298828,15.643880844116211,2.7616090774536133
405,0.8080375790596008,0.526947021484375,4.275259017944336,23.7900390625,273.3741149902344,20.3104190826416,11.852924346923828,3.600151777267456,-1.536316990852356,0.737500011920929,0.09706069529056549,20.30872344970703,11.862956047058105,3.6088814735412598
406,0.7056271433830261,0.5287264585494995,1.8241933584213257,5.31515645980835,40.49270248413086,4.435135364532471,2.739330291748047,1.037561297416687,0.18121151626110077,0.12075338512659073,-0.11502348631620407,4.443792819976807,2.7443010807037354,1.034042239189148
407,0.7194674015045166,0.5347052812576294,2.4110705852508545,9.24854850769043,95.21491241455078,7.341825485229492,5.452025890350342,1.3815423250198364,0.5547518730163574,0.10241851955652237,-0.06681627780199051,7.341257095336914,5.466269016265869,1.383774757385254
408,0.7544805407524109,0.5752441883087158,2.852938652038574,11.677913665771484,99.44108581542969,7.720121383666992,8.23828125,2.9839730262756348,-0.9005675911903381,0.7159970998764038,-0.07030791789293289,7.688803195953369,8.230002403259277,2.9914655685424805
409,0.7104474902153015,0.5445094108581543,2.8185737133026123,14.666595458984375,172.7352752685547,13.647765159606934,5.287564754486084,0.942970871925354,-0.9441388845443726,-0.5653934478759766,-0.2509216070175171,13.653048515319824,5.271914005279541,0.9115087389945984
410,0.7510728240013123,0.5159843564033508,3.200488328933716,12.021910667419434,108.9134750366211,5.280214309692383,10.219199180603027,3.4948008060455322,-0.3903537392616272,-1.2492276430130005,0.5266925692558289,5.280453681945801,10.17084789276123,3.4645211696624756
411,0.725624144077301,0.5502633452415466,2.350701093673706,9.936960220336914,111.12165832519531,4.028191566467285,9.017926216125488,1.0926424264907837,-0.5760247111320496,0.32198643684387207,-0.017887655645608902,3.9979140758514404,9.037315368652344,1.0955435037612915
412,0.7096474170684814,0.5452325344085693,2.477433443069458,10.535773277282715,108.6081771850586,5.721911430358887,8.508536338806152,2.4222004413604736,0.4840920567512512,-0.2281303107738495,0.19832684099674225,5.7173004150390625,8.529202461242676,2.4208014011383057
413,0.7198097705841064,0.5438318848609924,4.187284469604492,19.585617065429688,155.85643005371094,17.418163299560547,8.027629852294922,3.9700381755828857,-0.849675714969635,-0.30274567008018494,0.3268347978591919,17.445955276489258,8.044294357299805,3.9675984382629395
414,0.7301052808761597,0.5390971899032593,4.072369575500488,14.389716148376465,114.74382019042969,7.106101989746094,11.943127632141113,3.732151746749878,0.018673580139875412,0.0652790293097496,-0.4940231144428253,7.125899314880371,11.976263046264648,3.7096292972564697
415,0.7516713738441467,0.5387886762619019,3.3479397296905518,15.01241683959961,140.15374755859375,9.294990539550781,11.544181823730469,2.38908314704895,0.15941083431243896,1.1862916946411133,-0.039424993097782135,9.319546699523926,11.515098571777344,2.395421028137207
416,0.6891874670982361,0.5704363584518433,2.3402979373931885,13.459818840026855,164.3727264404297,4.281533241271973,12.447168350219727,2.811260938644409,0.13972368836402893,-1.3499009609222412,0.1520378142595291,4.291189670562744,12.408268928527832,2.814976692199707
417,0.6752258539199829,0.5608633160591125,1.269518256187439,3.1199796199798584,24.507274627685547,2.350632905960083,1.880582332611084,0.8198823928833008,0.13735058903694153,0.07336514443159103,0.022805219516158104,2.3531622886657715,1.884392499923706,0.8218512535095215
418,0.6778185367584229,0.5546672940254211,2.4183783531188965,10.4117431640625,120.81269836425781,6.49815034866333,7.135960578918457,3.905954599380493,-0.3851396441459656,0.3497058153152466,-0.3220311105251312,6.504820346832275,7.147268295288086,3.903514862060547
419,0.6784613728523254,0.5529810190200806,4.119906902313232,19.391212463378906,180.46946716308594,16.489965438842773,9.990798950195312,2.06980299949646,-1.364536166191101,-0.47931957244873047,-0.11980189383029938,16.479249954223633,10.007131576538086,2.072097063064575
420,0.6551418900489807,0.5482785701751709,2.2966983318328857,8.679607391357422,83.29287719726562,4.894108772277832,6.259363174438477,3.4933724403381348,0.13072721660137177,-0.4362310767173767,0.33180320262908936,4.906009674072266,6.261560916900635,3.4872796535491943
421,0.7248827219009399,0.5707942843437195,4.432811737060547,19.91695213317871,148.8179931640625,14.290433883666992,12.459887504577637,6.100796222686768,1.4635318517684937,-1.8677006959915161,0.8788935542106628,14.254945755004883,12.353473663330078,6.053997039794922
422,0.7275776267051697,0.5631505846977234,2.836211681365967,12.831093788146973,132.8927459716797,6.894594192504883,10.360429763793945,3.1245875358581543,-1.022573471069336,0.6285397410392761,-0.22612810134887695,6.83735990524292,10.370192527770996,3.125086784362793
423,0.622085690498352,0.5736701488494873,2.4186105728149414,7.75673246383667,65.1095962524414,6.4234209060668945,4.1344523429870605,1.3464291095733643,0.10859011113643646,-0.26484715938568115,-0.014156744815409184,6.440417766571045,4.137470245361328,1.3501100540161133
424,0.6812819242477417,0.5587464570999146,2.627856731414795,11.443570137023926,97.89558410644531,6.914534568786621,8.603211402893066,3.0214688777923584,-1.046394944190979,-0.18280546367168427,0.007121510338038206,6.853964328765869,8.625261306762695,3.029888391494751
425,0.6426535248756409,0.5628995299339294,1.8994392156600952,7.742120265960693,62.8031005859375,4.784823417663574,5.867873191833496,1.6167731285095215,-0.06693094223737717,-0.1648888885974884,0.35885825753211975,4.797700881958008,5.8819169998168945,1.5808415412902832
426,0.6974560022354126,0.5632596015930176,3.6669793128967285,16.59122657775879,143.5379638671875,6.453483581542969,14.230982780456543,5.576783657073975,0.26027676463127136,-1.9764912128448486,0.9038642048835754,6.466219425201416,14.132372856140137,5.518398761749268
427,0.5974729061126709,0.5912877917289734,1.4461959600448608,4.305330276489258,44.49049758911133,1.071779489517212,2.261345148086548,3.503352403640747,0.014355678111314774,0.03410515934228897,-0.30381688475608826,1.0746725797653198,2.26739501953125,3.499889373779297
428,0.6471889615058899,0.5704689621925354,2.4721133708953857,9.371678352355957,74.9505844116211,5.1421895027160645,7.680473804473877,1.5480855703353882,0.1543440818786621,0.2887476980686188,0.07287989556789398,5.154209613800049,7.696453094482422,1.5506824254989624
429,0.6780808568000793,0.5432140231132507,1.38994562625885,3.4588558673858643,34.081336975097656,1.8335908651351929,2.705965757369995,1.1310960054397583,0.03494000434875488,-0.20994806289672852,-0.0505787655711174,1.8383716344833374,2.705333948135376,1.133116364479065
430,0.6121711730957031,0.5564406514167786,1.822501301765442,8.892045974731445,108.30054473876953,3.4905552864074707,7.740579128265381,2.6396875381469727,0.3405933976173401,-0.7422639727592468,0.3202802836894989,3.4835891723632812,7.726400375366211,2.6274938583374023
431,0.5728685259819031,0.5735581517219543,1.905426025390625,8.263344764709473,94.15970611572266,4.247623443603516,7.027683258056641,0.9231660962104797,0.20877642929553986,0.44415169954299927,-0.029457980766892433,4.2543230056762695,7.03319787979126,0.9252697229385376
432,0.6341119408607483,0.548075795173645,2.3930461406707764,10.187967300415039,90.80191802978516,6.4826459884643555,7.383859157562256,2.6923258304595947,-0.1364012062549591,-0.7910645008087158,0.26501742005348206,6.499289035797119,7.361839771270752,2.6867241859436035
433,0.629134476184845,0.5681877136230469,1.764864444732666,6.993106365203857,80.87049865722656,4.877730369567871,4.792689800262451,1.4633584022521973,0.5399869084358215,-0.035174742341041565,-0.12067297101020813,4.861270904541016,4.805929183959961,1.462442398071289
434,0.6306851506233215,0.56537264585495,2.9605600833892822,14.785983085632324,174.2679901123047,12.180245399475098,8.058157920837402,2.3093276023864746,-1.0155527591705322,-0.08778680115938187,0.10782293230295181,12.171692848205566,8.080155372619629,2.3132436275482178
435,0.6661158204078674,0.5577106475830078,4.320292949676514,20.03150177001953,175.60565185546875,18.52330780029297,7.34976053237915,2.032041311264038,1.0942788124084473,-0.2510615885257721,-0.1535685956478119,18.54253387451172,7.365960121154785,2.0318820476531982
436,0.6638472676277161,0.5487815737724304,2.870924949645996,11.839743614196777,108.14946746826172,4.874654293060303,10.698837280273438,1.3971998691558838,0.04700387269258499,-0.042866602540016174,-0.1692132204771042,4.888023853302002,10.728594779968262,1.3907840251922607
437,0.6844576597213745,0.5503293871879578,3.2988898754119873,16.647247314453125,181.28195190429688,14.17578411102295,8.516139030456543,1.9113801717758179,-1.3786365985870361,-0.790802538394928,0.08015400171279907,14.147940635681152,8.502994537353516,1.9150259494781494
438,0.6241870522499084,0.541253924369812,1.7904348373413086,5.97146463394165,61.92727279663086,5.166549205780029,2.5042407512664795,1.6413217782974243,-0.1512601524591446,-0.20845215022563934,-0.1000765860080719,5.17874002456665,2.5025107860565186,1.6428377628326416
439,0.7054987549781799,0.5720778107643127,3.70747971534729,20.417625427246094,198.00631713867188,16.078447341918945,11.084867477416992,5.957239627838135,-1.6667295694351196,1.013073205947876,-0.5420758128166199,16.036434173583984,11.069267272949219,5.949073314666748
440,0.6432667970657349,0.565651535987854,2.3837332725524902,10.112508773803711,84.85678100585938,3.4164586067199707,9.14175033569336,2.649345874786377,-0.13229694962501526,-0.7749494910240173,0.3461173176765442,3.4234187602996826,9.134252548217773,2.6339664459228516
441,0.6763125658035278,0.5428246855735779,3.9780638217926025,20.778518676757812,164.43414306640625,11.639101028442383,16.433225631713867,5.121259689331055,-0.5689241886138916,-2.2746644020080566,0.4527069926261902,11.657615661621094,16.3204345703125,5.115440845489502
442,0.6258244514465332,0.5399670004844666,2.5327863693237305,9.221394538879395,86.54324340820312,6.227750778198242,5.427206516265869,4.098129749298096,-0.23310759663581848,0.5504134297370911,0.07482689619064331,6.24074649810791,5.414283752441406,4.108875751495361
443,0.6874843835830688,0.5611233711242676,1.9545880556106567,9.522383689880371,120.81005859375,8.997145652770996,2.583977460861206,1.7464872598648071,-0.8489083647727966,-0.1041860580444336,0.03787335380911827,8.9819917678833,2.589077949523926,1.7509469985961914
444,0.5799269676208496,0.5903911590576172,1.320640206336975,3.9327781200408936,28.39977264404297,3.1378798484802246,2.0401647090911865,1.2075519561767578,0.18422453105449677,-0.30726566910743713,-0.09968046098947525,3.141205072402954,2.022519588470459,1.2067875862121582
445,0.6319746375083923,0.5558019280433655,1.8760493993759155,8.427664756774902,97.3819808959961,7.397329807281494,3.9809577465057373,0.676032543182373,-0.2931484580039978,-0.013198807835578918,-0.04304753988981247,7.412137031555176,3.992039918899536,0.6765425205230713
446,0.6463901400566101,0.5691015124320984,2.4541015625,11.480156898498535,103.7755126953125,3.212176561355591,10.636270523071289,2.8888845443725586,-0.14705656468868256,-0.23574526607990265,-0.25446853041648865,3.217758893966675,10.66331958770752,2.8856821060180664
447,0.6222591996192932,0.5603176355361938,1.3828125,6.781044006347656,87.53329467773438,2.3014965057373047,6.338344573974609,0.7148821949958801,0.19246427714824677,-0.5588193535804749,0.009165655821561813,2.299832582473755,6.331274509429932,0.7168173789978027
448,0.5755492448806763,0.5682858824729919,2.017145872116089,8.236947059631348,89.88874053955078,6.0054473876953125,5.499355316162109,1.2405579090118408,0.13480904698371887,-0.6066643595695496,0.06726548820734024,6.020680904388428,5.48103666305542,1.2421882152557373
449,0.6999191641807556,0.5811744928359985,1.7442361116409302,6.9063401222229,86.68653106689453,2.6568763256073,6.342426776885986,0.6420032382011414,-0.18627220392227173,-0.553013265132904,-0.06697473675012589,2.657731294631958,6.335895538330078,0.6402812600135803
450,0.7092441320419312,0.5387706160545349,2.7074975967407227,8.731403350830078,56.932186126708984,4.442831993103027,6.762853145599365,3.280620813369751,0.48870813846588135,-0.6467621326446533,-0.17359565198421478,4.428189277648926,6.7506327629089355,3.2851622104644775
451,0.7047131061553955,0.5536825656890869,3.0446391105651855,15.773383140563965,174.2738494873047,13.855937004089355,6.747838497161865,3.358462333679199,-1.4156690835952759,0.5451169610023499,0.07417986541986465,13.82187557220459,6.744544982910156,3.367008924484253
452,0.6599684953689575,0.5603443384170532,2.111304998397827,10.237339973449707,126.98309326171875,9.12893295288086,3.6846096515655518,2.808800220489502,0.5393771529197693,-0.46155837178230286,0.028037654235959053,9.138404846191406,3.665783405303955,2.8164944648742676
453,0.6254063248634338,0.5526578426361084,1.9788496494293213,8.655882835388184,78.97669219970703,3.5828418731689453,7.529361724853516,2.322984457015991,-0.04385196045041084,0.17937926948070526,-0.030138302594423294,3.592566728591919,7.548221588134766,2.329268217086792
454,0.7013780474662781,0.5292588472366333,3.7903590202331543,16.044673919677734,137.9208221435547,7.468916893005371,13.576791763305664,4.161438941955566,-0.9655813574790955,-0.4326987564563751,-0.13840283453464508,7.426897048950195,13.607747077941895,4.170738697052002
455,0.6512525677680969,0.5437036156654358,3.7999086380004883,14.795855522155762,125.7296371459961,7.500176429748535,12.252728462219238,3.5405311584472656,-0.7180319428443909,1.1438140869140625,-0.06804856657981873,7.486551761627197,12.23324966430664,3.5497515201568604
456,0.6189590692520142,0.5668635368347168,1.5478577613830566,7.587135314941406,98.83911895751953,4.364967346191406,6.066278457641602,1.308412790298462,-0.5057536959648132,0.31985753774642944,-0.07657329738140106,4.347661972045898,6.074737548828125,1.3098134994506836
457,0.664341390132904,0.566943883895874,2.8305776119232178,12.236654281616211,112.1124038696289,7.0335259437561035,9.586389541625977,2.892462968826294,-0.3507371246814728,0.33562028408050537,-0.11842887103557587,7.044370174407959,9.6072359085083,2.898099184036255
458,0.6152111291885376,0.5456996560096741,3.193967819213867,14.756749153137207,141.55740356445312,13.088201522827148,6.576374530792236,1.792186975479126,-1.2791163921356201,0.7619385719299316,-0.14897482097148895,13.061880111694336,6.550306797027588,1.790966272354126
459,0.600791335105896,0.5615060925483704,2.6192712783813477,12.822846412658691,138.73121643066406,11.173258781433105,6.033670902252197,1.7828348875045776,-1.1764769554138184,-0.14809417724609375,-0.005234071984887123,11.142142295837402,6.048678874969482,1.7878001928329468
460,0.6250654458999634,0.5473835468292236,3.665536880493164,17.251789093017578,203.7576446533203,15.74929141998291,6.762711524963379,1.9620767831802368,1.0830007791519165,-0.16662196815013885,0.029853705316781998,15.755840301513672,6.779516220092773,1.9673219919204712
461,0.6071277260780334,0.5467365980148315,2.4143707752227783,8.574084281921387,68.91866302490234,5.493971824645996,6.354437351226807,1.7182302474975586,-0.8192182779312134,-0.23079028725624084,0.06771689653396606,5.447704315185547,6.367958068847656,1.7216843366622925
462,0.5997675657272339,0.5634846687316895,2.8410167694091797,13.866419792175293,122.99950408935547,5.543718338012695,11.637931823730469,5.109142780303955,0.3643704354763031,-0.15030111372470856,0.08796234428882599,5.547161102294922,11.669421195983887,5.122635364532471
463,0.6193097829818726,0.5616480112075806,3.3124635219573975,15.110761642456055,166.76173400878906,5.060211181640625,13.940595626831055,2.896409749984741,-0.5173715353012085,0.08636180311441422,-0.14648084342479706,5.047732830047607,13.97921371459961,2.9007720947265625
464,0.6531675457954407,0.5500914454460144,1.9704455137252808,8.161157608032227,78.50477600097656,5.03483247756958,5.783437252044678,2.7940680980682373,-0.3643878102302551,0.5768189430236816,-0.3639974594116211,5.035636901855469,5.7706522941589355,2.777984142303467
465,0.6321331262588501,0.5522227883338928,1.985457181930542,10.2708740234375,114.66874694824219,7.386707305908203,6.904974460601807,1.8024214506149292,-0.10298293828964233,0.7849437594413757,-0.2450043261051178,7.40659236907959,6.879350185394287,1.790673017501831
466,0.6436403393745422,0.5775089263916016,2.4585437774658203,9.5482177734375,88.5755386352539,3.5678088665008545,8.708023071289062,1.6154061555862427,-0.30122917890548706,0.8766513466835022,-0.15042591094970703,3.564986228942871,8.687950134277344,1.6128734350204468
467,0.6321865916252136,0.5355733036994934,2.66813063621521,12.134978294372559,140.0613555908203,5.232104301452637,10.363935470581055,3.5315210819244385,0.6764186024665833,-0.511717677116394,-0.015937520191073418,5.202667713165283,10.380168914794922,3.5413358211517334
468,0.5966606736183167,0.5675832629203796,2.5652740001678467,11.052216529846191,111.70642852783203,4.351952075958252,9.518046379089355,3.5522966384887695,0.5588579773902893,0.36372512578964233,-0.2999933063983917,4.327958583831787,9.53762435913086,3.5494797229766846
469,0.6082878112792969,0.5710917711257935,3.963772773742676,18.335281372070312,159.23080444335938,12.185608863830566,13.125798225402832,3.9251551628112793,-1.023870587348938,-1.2150540351867676,0.0034309441689401865,12.17638874053955,13.105894088745117,3.9361023902893066
470,0.6853359341621399,0.5674495697021484,3.4904630184173584,13.54394245147705,94.400634765625,10.720276832580566,7.519906997680664,3.4590535163879395,-0.9710191488265991,-0.6733636260032654,0.3355363607406616,10.705989837646484,7.510590076446533,3.4523444175720215
471,0.6205264329910278,0.5504494309425354,3.9327259063720703,15.488814353942871,107.63780212402344,7.841028690338135,12.168595314025879,5.5088043212890625,-0.8041770458221436,0.8530913591384888,-0.5895994305610657,7.821437835693359,12.172513961791992,5.4924397468566895
472,0.6896477341651917,0.5676540732383728,2.1677684783935547,8.861101150512695,104.95477294921875,7.338109970092773,4.7838263511657715,1.3365123271942139,-0.5723791718482971,-0.35097187757492065,-0.03056996688246727,7.3361592292785645,4.784242153167725,1.3398897647857666
473,0.6025121808052063,0.573183000087738,2.8962714672088623,12.547640800476074,110.04362487792969,5.537824630737305,10.984198570251465,2.474501371383667,-0.3373149633407593,-1.2054357528686523,0.2435346096754074,5.5429606437683105,10.948307991027832,2.4693572521209717
474,0.5563855767250061,0.5780609846115112,2.1650819778442383,8.473276138305664,78.5125732421875,5.6814165115356445,6.1697564125061035,1.204991102218628,-0.5441685914993286,0.4410901963710785,0.03359224647283554,5.6710710525512695,6.171134948730469,1.2078827619552612
475,0.6275671720504761,0.5761350989341736,1.5219272375106812,8.233821868896484,108.16889190673828,6.7658514976501465,4.57353401184082,1.0497043132781982,0.559338390827179,0.3524925410747528,0.003645232180133462,6.761499881744385,4.5726494789123535,1.052626132965088
476,0.6786608695983887,0.545154333114624,4.291004657745361,22.42143440246582,239.56253051757812,18.412429809570312,12.201696395874023,3.8498964309692383,0.6298975944519043,-0.5633062720298767,0.4514334797859192,18.45298194885254,12.222685813903809,3.8340024948120117
477,0.5915941596031189,0.5557971596717834,2.811760187149048,18.5736141204834,241.9085693359375,18.271453857421875,2.8580315113067627,1.7218685150146484,-1.6281977891921997,-0.4789023697376251,0.07874403148889542,18.249526977539062,2.82548189163208,1.7248650789260864
478,0.642395555973053,0.5450497269630432,1.7221870422363281,6.470770835876465,59.71308898925781,1.933947205543518,4.892505168914795,3.7675085067749023,-0.17090675234794617,0.555173397064209,-0.3952105641365051,1.931754231452942,4.874463081359863,3.7571732997894287
479,0.5676407217979431,0.5565298795700073,1.5802863836288452,6.381346702575684,78.28238677978516,3.830634832382202,4.69236421585083,2.007371664047241,-0.23467592895030975,-0.25256890058517456,0.027251921594142914,3.834104537963867,4.69863224029541,2.0127854347229004
480,0.6246214509010315,0.5529197454452515,1.5064351558685303,4.31097412109375,38.41041564941406,3.4954707622528076,2.421349287033081,0.7094012498855591,0.08069426566362381,-0.001324388780631125,0.061152491718530655,3.504286766052246,2.428102970123291,0.708732008934021
481,0.6515749096870422,0.5494690537452698,3.521059989929199,15.360703468322754,114.43028259277344,5.001596927642822,14.327445983886719,2.3789851665496826,0.11043646186590195,0.1852162778377533,0.03151889517903328,5.0143256187438965,14.366209030151367,2.3854117393493652
482,0.6500794887542725,0.560366153717041,2.4349305629730225,9.945725440979004,88.06768035888672,2.2751662731170654,9.569480895996094,1.4717720746994019,-0.09123305231332779,-0.08252835273742676,0.02009313367307186,2.279677391052246,9.595816612243652,1.47573983669281
483,0.6487495303153992,0.5746974349021912,2.77494740486145,15.462480545043945,189.1891632080078,13.890148162841797,5.953415870666504,3.272446393966675,1.4101731777191162,-0.09088174998760223,0.1760682314634323,13.856925964355469,5.969326019287109,3.2768218517303467
484,0.6731069087982178,0.546487033367157,2.3253421783447266,8.944595336914062,66.74632263183594,4.227616310119629,7.30903959274292,2.951436758041382,0.5195444226264954,0.41111400723457336,-0.24089907109737396,4.207273960113525,7.317823886871338,2.949794292449951
485,0.6956926584243774,0.5627845525741577,2.6200625896453857,15.067880630493164,187.6118927001953,14.738691329956055,3.063955545425415,0.6512743234634399,-1.2935223579406738,-0.3115563988685608,-0.006110318470746279,14.722773551940918,3.0565764904022217,0.6530622243881226
486,0.6330038905143738,0.5660833716392517,2.4600772857666016,11.914386749267578,139.0730438232422,3.9285171031951904,10.332003593444824,4.446242332458496,-0.3906702697277069,-1.1227704286575317,0.2717221975326538,3.919947624206543,10.299466133117676,4.450310707092285
487,0.6748443841934204,0.5720853805541992,2.9268300533294678,11.150008201599121,107.62297058105469,8.368490219116211,7.116740703582764,1.9086819887161255,0.059122808277606964,-0.4358842372894287,-0.1393764168024063,8.391624450683594,7.123193264007568,1.9088962078094482
488,0.5832716822624207,0.5724677443504333,1.9881157875061035,8.23634147644043,98.40182495117188,2.884733200073242,7.244235515594482,2.6526758670806885,-0.12310769408941269,-0.19778141379356384,0.1427587866783142,2.890144109725952,7.2617340087890625,2.6562201976776123
489,0.7420475482940674,0.5553068518638611,5.258806228637695,27.512887954711914,319.2466735839844,24.693246841430664,11.445375442504883,4.025669574737549,2.1007280349731445,-0.1313326507806778,-0.02401934564113617,24.672359466552734,11.476545333862305,4.036827087402344
490,0.6814268231391907,0.5624641180038452,4.2978291511535645,14.118745803833008,94.60022735595703,10.62311840057373,8.77087116241455,3.091949939727783,-1.36527419090271,-1.00947105884552,0.24398843944072723,10.564407348632812,8.736888885498047,3.0909059047698975
491,0.6445231437683105,0.5544728636741638,2.9219424724578857,12.609169006347656,117.56269836425781,8.118956565856934,9.478263854980469,1.7989404201507568,-0.09010963886976242,-1.0980778932571411,0.044825635850429535,8.141101837158203,9.440702438354492,1.8033984899520874
492,0.6338363289833069,0.5613571405410767,2.1042234897613525,10.697997093200684,131.37901306152344,10.063793182373047,3.0153400897979736,2.0186405181884766,-0.9656111001968384,0.22521422803401947,0.021813690662384033,10.045304298400879,3.015305519104004,2.024152994155884
493,0.7010725140571594,0.5579525232315063,2.264439821243286,9.667651176452637,91.16905975341797,5.108927249908447,8.06844711303711,1.5041602849960327,0.005410872865468264,-0.9882310628890991,0.15798421204090118,5.123175144195557,8.030035018920898,1.5000132322311401
494,0.6463070511817932,0.5519136190414429,2.4242541790008545,9.494025230407715,96.09207916259766,4.866232395172119,6.9334397315979,4.28762149810791,-0.05678443983197212,0.13072209060192108,-0.024124419316649437,4.879474639892578,6.951544284820557,4.299513339996338
495,0.7309674620628357,0.5457772612571716,3.7355809211730957,14.281508445739746,114.58350372314453,9.486528396606445,9.049532890319824,5.663321495056152,0.09462589770555496,-0.3535090982913971,-0.0387556292116642,9.512516975402832,9.067849159240723,5.678986072540283
496,0.6824202537536621,0.5337939262390137,2.262103319168091,6.76369571685791,48.4970703125,4.324630260467529,4.963046073913574,1.5534894466400146,-0.22203484177589417,-0.46786314249038696,-0.0867767333984375,4.3309736251831055,4.9547271728515625,1.555390477180481
497,0.6498632431030273,0.556047797203064,2.972820520401001,14.206747055053711,130.9452362060547,11.482538223266602,7.993834972381592,2.4660818576812744,-1.1912484169006348,0.34865328669548035,0.0032831882126629353,11.452436447143555,8.008504867553711,2.4729583263397217
498,0.635101854801178,0.588049054145813,1.8952254056930542,6.658188343048096,63.68660354614258,4.844428062438965,4.29301118850708,1.5598236322402954,0.32742196321487427,0.02392110973596573,0.1105877161026001,4.846832275390625,4.304919242858887,1.5602385997772217
499,0.6456729173660278,0.562221884727478,1.3557630777359009,6.098374843597412,77.97306823730469,5.570042610168457,2.4281787872314453,0.5184057354927063,-0.4559130370616913,-0.22960130870342255,0.037762027233839035,5.566838264465332,2.424041986465454,0.5184707641601562
500,0.6451214551925659,0.5482404828071594,4.175826072692871,19.259601593017578,195.08493041992188,13.725658416748047,13.024049758911133,3.5934195518493652,1.195157766342163,-0.615153431892395,0.2647489905357361,13.711666107177734,13.045802116394043,3.5936498641967773
501,0.7128612995147705,0.550532341003418,2.7059521675109863,10.94277286529541,104.12776947021484,5.143762111663818,9.5466947555542,1.465132236480713,-0.40778055787086487,0.2721462845802307,-0.11764892935752869,5.141875267028809,9.569433212280273,1.4644746780395508
502,0.6847532987594604,0.5494610071182251,1.9823081493377686,8.622774124145508,84.20313262939453,4.279256343841553,7.363158702850342,1.3505938053131104,-0.1969427615404129,1.064743161201477,-0.1293841004371643,4.286646366119385,7.30609130859375,1.3481322526931763
503,0.6033403873443604,0.5395014882087708,4.954372882843018,19.0682430267334,122.24059295654297,11.441052436828613,14.506305694580078,4.718817710876465,1.4391332864761353,1.9141849279403687,-0.5318734645843506,11.381839752197266,14.419567108154297,4.701826095581055
504,0.6476808190345764,0.5686157941818237,3.486755847930908,13.134378433227539,117.02106475830078,6.9866943359375,10.794170379638672,2.6802778244018555,-0.8470513224601746,-0.6798186302185059,0.19285215437412262,6.954502105712891,10.802790641784668,2.680788040161133
505,0.6894519329071045,0.5766794681549072,1.791137456893921,7.805212497711182,88.48927307128906,4.089186668395996,6.476032257080078,1.5036296844482422,0.35242900252342224,0.22344492375850677,-0.05865250900387764,4.085334777832031,6.490229606628418,1.5066763162612915
506,0.5993333458900452,0.6067119836807251,4.595839023590088,17.742048263549805,132.62796020507812,12.555570602416992,11.945524215698242,3.800307273864746,-0.14478392899036407,-1.2824444770812988,0.050305452197790146,12.58975601196289,11.909612655639648,3.8105738162994385
507,0.6717223525047302,0.5780687928199768,3.1729516983032227,15.542677879333496,162.72872924804688,5.634000778198242,13.465950965881348,5.3386359214782715,-0.5387364029884338,-1.1418190002441406,0.4181780517101288,5.62382698059082,13.45488166809082,5.337078094482422
508,0.6265182495117188,0.5895112156867981,1.8005578517913818,5.259677886962891,52.3648567199707,1.8421499729156494,4.559117317199707,1.8668545484542847,0.049069616943597794,0.17818178236484528,-0.022138744592666626,1.8466330766677856,4.568341255187988,1.8719301223754883
509,0.6433534622192383,0.565877377986908,4.57269287109375,22.357378005981445,216.89419555664062,18.50912094116211,12.19537353515625,2.9219207763671875,-0.44422972202301025,-0.9172890782356262,0.03400493413209915,18.555404663085938,12.194748878479004,2.929872989654541
510,0.6390334367752075,0.5796733498573303,4.472143650054932,16.336177825927734,113.4375228881836,9.622611045837402,12.730947494506836,3.492706775665283,-1.4954700469970703,-1.2323118448257446,0.24962925910949707,9.532208442687988,12.706510543823242,3.493492364883423
511,0.7286455631256104,0.5231407880783081,3.8684418201446533,15.991416931152344,113.9726333618164,12.262970924377441,9.819124221801758,2.9882724285125732,-1.8393609523773193,-0.7804825901985168,0.1619528979063034,12.158060073852539,9.81535816192627,2.9922034740448
512,0.6894254684448242,0.5674764513969421,2.807990550994873,11.43136215209961,110.90666198730469,9.343717575073242,6.170185089111328,2.302130699157715,-0.38230279088020325,-0.08562323451042175,-0.22175058722496033,9.361933708190918,6.186800003051758,2.2978174686431885
513,0.7031872272491455,0.5452274680137634,2.2614848613739014,6.685196876525879,48.358482360839844,3.7000184059143066,5.475424289703369,1.0106678009033203,0.1802874058485031,-0.0864272490143776,-0.06810882687568665,3.7059319019317627,5.490013122558594,1.0111830234527588
514,0.6171606183052063,0.5605498552322388,2.8967864513397217,10.109085083007812,70.28887176513672,8.52001667022705,4.582693576812744,2.9328908920288086,-1.4592185020446777,-0.6563723087310791,0.07447058707475662,8.41754150390625,4.548095226287842,2.940124273300171
515,0.7553523778915405,0.5402758717536926,2.386536121368408,10.224298477172852,98.13381958007812,7.490232944488525,6.723534107208252,1.7963203191757202,-0.0812373161315918,0.338050901889801,-0.15507154166698456,7.510684967041016,6.733761310577393,1.794606328010559
516,0.6397934556007385,0.5591216087341309,1.4153438806533813,2.800595283508301,18.678564071655273,1.4671512842178345,2.2619500160217285,0.7578805088996887,0.03842500224709511,-0.17612364888191223,-0.0719323605298996,1.4707390069961548,2.261373281478882,0.7565636038780212
517,0.7152248620986938,0.5368509292602539,4.516665458679199,17.558908462524414,130.20199584960938,8.16147232055664,15.028155326843262,3.9824798107147217,0.7218987345695496,-0.9679281115531921,0.024553468450903893,8.152158737182617,15.03878402709961,3.9935126304626465
518,0.680882453918457,0.5722450613975525,2.815114974975586,16.019641876220703,191.88995361328125,14.518539428710938,6.2900495529174805,2.5052378177642822,-0.9895932078361511,-0.23606419563293457,0.1283663958311081,14.525178909301758,6.303152084350586,2.5089261531829834
519,0.6484940648078918,0.5449965596199036,4.283163070678711,15.732455253601074,138.99459838867188,10.80477237701416,10.903264999389648,3.44758677482605,0.9386966228485107,-0.5869390964508057,0.10635581612586975,10.793943405151367,10.917824745178223,3.4555578231811523
520,0.745844304561615,0.5188059210777283,3.3522427082061768,13.765630722045898,106.12335968017578,7.80094575881958,10.830714225769043,3.3665225505828857,-0.47439321875572205,0.02975735254585743,-0.18009941279888153,7.8082275390625,10.860883712768555,3.3710787296295166
521,0.6797316670417786,0.534972071647644,2.140533208847046,8.208950996398926,77.90796661376953,7.576679706573486,2.914740562438965,1.2186366319656372,-0.7456182837486267,0.0321367047727108,0.07155361026525497,7.560935020446777,2.9226934909820557,1.219927430152893
522,0.7404489517211914,0.5250846743583679,3.9782698154449463,18.733503341674805,221.4796142578125,16.117151260375977,8.611139297485352,4.126719951629639,0.7412980794906616,-0.01997155137360096,-0.23854254186153412,16.145004272460938,8.635135650634766,4.131311893463135
523,0.7236202359199524,0.5348938703536987,2.240468740463257,9.247822761535645,106.72518920898438,3.5059399604797363,8.366434097290039,1.798160433769226,0.12636373937129974,-0.09811342507600784,0.07458094507455826,3.513434886932373,8.389195442199707,1.8016245365142822
524,0.660669207572937,0.5850790739059448,2.856297492980957,10.004286766052246,80.34579467773438,5.803777694702148,7.950943470001221,1.7844891548156738,-0.06496245414018631,-0.9600960612297058,0.17934666574001312,5.8196024894714355,7.914779186248779,1.7804062366485596
525,0.7061443328857422,0.5201778411865234,6.481926441192627,24.457462310791016,149.44102478027344,15.342129707336426,18.147695541381836,5.783404350280762,-1.942632794380188,-2.536743402481079,0.7213926911354065,15.26109504699707,18.0196475982666,5.754242897033691
526,0.7164008021354675,0.5608401298522949,2.5100739002227783,9.817671775817871,85.61164093017578,6.915950775146484,6.477164268493652,2.569561719894409,0.7895553112030029,-0.7202697992324829,0.06463808566331863,6.88989782333374,6.454947471618652,2.575913906097412
527,0.6768009066581726,0.5063508749008179,1.5981196165084839,7.025490760803223,89.44407653808594,4.054304122924805,5.533486843109131,1.5167938470840454,0.20190289616584778,-0.28933677077293396,0.029446206986904144,4.060568809509277,5.5413312911987305,1.520738124847412
528,0.6650305390357971,0.5336673259735107,1.9991563558578491,7.809256553649902,75.05889892578125,6.221434593200684,4.3546462059021,1.8207981586456299,-0.12714128196239471,0.018742943182587624,-0.07545199245214462,6.237485408782959,4.3667521476745605,1.8243086338043213
529,0.676250696182251,0.5348489880561829,1.6164168119430542,3.6342122554779053,32.59065246582031,1.900040626525879,2.9587626457214355,0.9181880354881287,-0.12389982491731644,-0.3129867911338806,-0.03206653520464897,1.901285171508789,2.950368642807007,0.9201875329017639
530,0.5914296507835388,0.5542046427726746,2.9808459281921387,10.8494234085083,94.60367584228516,8.247322082519531,6.6282958984375,2.399448871612549,-0.7152036428451538,0.33197399973869324,-0.18123625218868256,8.239171028137207,6.6384429931640625,2.399268388748169
531,0.6918569207191467,0.5602953433990479,1.9702777862548828,8.809741020202637,103.59947967529297,3.799686908721924,7.815888404846191,1.444230556488037,-0.4039199650287628,0.735013484954834,-0.1850525438785553,3.788695812225342,7.8029561042785645,1.4363213777542114
532,0.6665821671485901,0.5402745604515076,3.5421090126037598,18.86678695678711,214.291015625,18.465213775634766,3.303863286972046,2.018921375274658,-1.2538694143295288,0.10331377387046814,0.14661312103271484,18.473979949951172,3.3114588260650635,2.01920747756958
533,0.7162308692932129,0.540741503238678,2.4161245822906494,9.575586318969727,95.40089416503906,5.27062463760376,7.283975124359131,3.294855833053589,0.3516191840171814,-0.04494105651974678,-0.061884552240371704,5.273551940917969,7.304153919219971,3.3034634590148926
534,0.6516669988632202,0.5657203793525696,3.001646041870117,12.886367797851562,129.89968872070312,8.919120788574219,9.017154693603516,2.280062675476074,0.2469734102487564,0.24185827374458313,-0.10567281395196915,8.940569877624512,9.039053916931152,2.283965826034546
535,0.7766242623329163,0.5339151620864868,2.0732452869415283,8.080151557922363,89.34305572509766,4.674662113189697,6.310248851776123,1.901877999305725,0.005444134585559368,-0.7314017415046692,0.06055833771824837,4.6876983642578125,6.285201072692871,1.9062161445617676
536,0.6476092338562012,0.5750315189361572,2.693887710571289,9.042677879333496,72.58609008789062,4.340721130371094,7.443234920501709,2.7434327602386475,0.28265178203582764,0.49779295921325684,-0.2264397144317627,4.34359073638916,7.447286605834961,2.7416980266571045
537,0.6331819891929626,0.5421068072319031,3.5130133628845215,13.281153678894043,106.2744369506836,5.550205707550049,10.891921997070312,5.19136905670166,-0.6150693297386169,0.4615514576435089,0.04993303120136261,5.531405925750732,10.912492752075195,5.205609321594238
538,0.6541758179664612,0.5077539086341858,4.92663049697876,22.249736785888672,195.32925415039062,20.087736129760742,9.15591812133789,2.7753987312316895,-2.838740348815918,-0.8794358968734741,-0.10756313055753708,19.941614151000977,9.139005661010742,2.7810494899749756
539,0.7436997890472412,0.5112439393997192,3.274728775024414,14.351240158081055,141.48265075683594,10.847431182861328,8.934593200683594,2.909358024597168,0.7611794471740723,-0.6269734501838684,0.016797618940472603,10.850874900817871,8.937427520751953,2.9174249172210693
540,0.6797612309455872,0.5600696802139282,2.8606605529785156,10.51604175567627,95.75322723388672,4.761149883270264,8.597146034240723,3.7426834106445312,-0.35361871123313904,-0.6765614748001099,0.0301358662545681,4.76124382019043,8.594389915466309,3.7530014514923096
541,0.6712610721588135,0.5317329168319702,1.9687987565994263,6.62734317779541,75.1412124633789,6.179093360900879,2.218414306640625,0.9050529599189758,-0.7585971355438232,-0.09102872759103775,-0.0003896170237567276,6.149456024169922,2.222728729248047,0.907577395439148
542,0.6469075679779053,0.57166588306427,2.6214234828948975,10.443533897399902,111.8162841796875,6.775508880615234,7.910090446472168,0.7683253884315491,-1.08370041847229,-0.4094521403312683,0.036611706018447876,6.706938743591309,7.921521186828613,0.769593358039856
543,0.6807620525360107,0.5215664505958557,2.899831771850586,10.727065086364746,111.20977020263672,8.682522773742676,6.22625207901001,0.9578614234924316,0.7129373550415039,0.6362063884735107,-0.03468769043684006,8.67734146118164,6.210938930511475,0.9599031805992126
544,0.6248921155929565,0.571924090385437,2.2654025554656982,10.272747993469238,129.77464294433594,9.682838439941406,3.206955909729004,1.2196011543273926,-1.1472210884094238,-0.06472861766815186,0.16467100381851196,9.64145565032959,3.2152462005615234,1.2118037939071655
545,0.7577735781669617,0.5352499485015869,3.2108588218688965,14.817691802978516,144.52960205078125,7.949182033538818,11.87131404876709,3.930190086364746,0.5199706554412842,-0.6930481791496277,0.36322256922721863,7.954284191131592,11.884123802185059,3.924285650253296
546,0.6551350355148315,0.547916054725647,2.1772449016571045,6.9751434326171875,64.48016357421875,3.038870096206665,5.909579753875732,2.120084285736084,-0.40403059124946594,0.20954059064388275,0.10842282325029373,3.0202929973602295,5.922338008880615,2.123216152191162
547,0.6917224526405334,0.5349505543708801,3.119295358657837,12.774590492248535,132.11968994140625,11.234296798706055,5.55116605758667,2.483001232147217,1.0681860446929932,0.06311605870723724,-0.12223315984010696,11.214593887329102,5.566290378570557,2.486908435821533
548,0.6233310699462891,0.564939022064209,2.131169319152832,7.608654499053955,66.36434936523438,5.43975830078125,4.9329833984375,1.9915659427642822,-0.8067035675048828,-0.4595643877983093,0.1674416959285736,5.3946146965026855,4.925230026245117,1.9900500774383545
549,0.6323363184928894,0.5557869076728821,4.183488845825195,20.002769470214844,176.10931396484375,14.07979679107666,13.684843063354492,3.8203651905059814,-1.4990710020065308,-0.3833690881729126,-0.023016294464468956,14.038816452026367,13.717630386352539,3.8309524059295654
550,0.6919386386871338,0.5809814929962158,3.4524290561676025,14.814342498779297,149.65884399414062,8.640560150146484,11.745368003845215,2.6175920963287354,-1.278056025505066,0.7007766962051392,-0.01093348953872919,8.569355010986328,11.757147789001465,2.6248703002929688
551,0.6213629245758057,0.5097355246543884,3.2142975330352783,14.429715156555176,106.9848403930664,9.25694465637207,9.525607109069824,5.638129234313965,-0.6445585489273071,1.1391685009002686,-0.5614801049232483,9.260234832763672,9.483625411987305,5.625750541687012
552,0.6170146465301514,0.5769069194793701,2.665940284729004,8.648423194885254,57.986793518066406,4.910212993621826,6.942067623138428,1.5788414478302002,-0.7167635560035706,-0.3124764859676361,0.13314488530158997,4.871166706085205,6.954375743865967,1.5776056051254272
553,0.7085294723510742,0.5407515168190002,5.085071563720703,19.032833099365234,136.8533477783203,10.136388778686523,15.789504051208496,3.192791700363159,-1.4797108173370361,-1.4842033386230469,0.40792983770370483,10.05577564239502,15.763439178466797,3.17545747756958
554,0.705966591835022,0.5429826378822327,4.793491840362549,23.09393310546875,199.887451171875,16.93701171875,14.931884765625,4.848319053649902,-0.8711922764778137,-1.3344792127609253,0.4263284206390381,16.961772918701172,14.913616180419922,4.843009948730469
555,0.6493390798568726,0.5432397127151489,4.19859504699707,15.799352645874023,154.593994140625,6.9386444091796875,13.288488388061523,4.989071846008301,-1.0192677974700928,1.2887804508209229,-0.09147834777832031,6.882516860961914,13.262737274169922,5.002147197723389
556,0.5934414267539978,0.5628336668014526,3.396306037902832,12.917229652404785,127.3520278930664,9.94186782836914,6.901966571807861,4.514082431793213,0.2954612374305725,0.10566896200180054,-0.09702414274215698,9.96519660949707,6.920408248901367,4.525628566741943
557,0.6766920685768127,0.5451869964599609,2.2165467739105225,10.40206527709961,106.11465454101562,5.828876972198486,8.23349666595459,2.537057876586914,-0.0002226087817689404,-0.14199437201023102,0.04567640274763107,5.84513521194458,8.25523567199707,2.54372239112854
558,0.6796457171440125,0.5523271560668945,4.2105393409729,15.398446083068848,100.04258728027344,11.584915161132812,9.471689224243164,3.631667375564575,-0.703976035118103,-0.3344099223613739,-0.04239703342318535,11.5957612991333,9.4921875,3.6415491104125977
559,0.7277025580406189,0.5469706654548645,3.4117774963378906,13.347631454467773,135.5364227294922,11.227715492248535,7.067667484283447,1.4648386240005493,-0.7465293407440186,-0.14285938441753387,-0.09306099265813828,11.234119415283203,7.085933685302734,1.4659572839736938
560,0.6912766098976135,0.5714322328567505,7.28708028793335,31.4020938873291,331.92437744140625,28.097497940063477,13.287223815917969,4.480160236358643,-4.320279598236084,0.40616533160209656,-0.17264312505722046,27.840808868408203,13.318061828613281,4.489320278167725
561,0.5990633964538574,0.5313504934310913,2.398451566696167,9.697468757629395,88.16767883300781,5.465939044952393,7.606496810913086,2.5111029148101807,-0.7534371614456177,-0.322223424911499,-0.01934359408915043,5.428863048553467,7.620867729187012,2.5180327892303467
562,0.7127964496612549,0.5607632994651794,2.8644626140594482,10.159287452697754,108.08086395263672,8.776894569396973,4.532815933227539,2.372936725616455,-1.0737143754959106,-0.029891332611441612,-0.1658545285463333,8.735269546508789,4.545361042022705,2.3737363815307617
563,0.6670663952827454,0.5512304902076721,3.144418716430664,11.7818603515625,95.2933120727539,6.262378215789795,9.659385681152344,2.508207082748413,-0.09637154638767242,-0.24919137358665466,-0.0037807340268045664,6.2791032791137695,9.683106422424316,2.5152008533477783
564,0.619244396686554,0.5646200180053711,4.135623931884766,13.278670310974121,90.9920883178711,10.686768531799316,7.677026271820068,1.7830623388290405,-2.057931661605835,-0.6248230338096619,0.048525620251894,10.516003608703613,7.672900199890137,1.787373661994934
565,0.8119942545890808,0.5409526824951172,2.471745252609253,10.735092163085938,108.7624740600586,4.430027484893799,9.463996887207031,2.459641218185425,0.32023051381111145,-1.0129423141479492,0.08671252429485321,4.430762767791748,9.435879707336426,2.464968681335449
566,0.6710355281829834,0.5504460334777832,2.293485164642334,8.09891128540039,83.01238250732422,6.269575595855713,4.867710590362549,1.6094030141830444,-0.7047333121299744,0.4109664559364319,-0.1624339520931244,6.247219085693359,4.863861083984375,1.6056511402130127
567,0.7119892239570618,0.540744960308075,4.7933526039123535,20.772111892700195,209.27374267578125,19.05331802368164,7.863986492156982,2.570871591567993,-2.0023486614227295,-0.45298048853874207,0.08083204925060272,19.00066566467285,7.872829437255859,2.576768159866333
568,0.673916757106781,0.5240545272827148,4.235935688018799,17.986007690429688,132.84275817871094,14.74681568145752,9.67705249786377,3.518892288208008,1.2859537601470947,0.34993597865104675,0.2249581515789032,14.731616973876953,9.697698593139648,3.5214900970458984
569,0.6148000955581665,0.5473216772079468,1.2827484607696533,2.306454658508301,19.567291259765625,1.4161748886108398,1.707537055015564,0.631267786026001,-0.39996498823165894,-0.1540907919406891,-0.060275811702013016,1.3623104095458984,1.705313801765442,0.6301363706588745
570,0.6519539952278137,0.5445696115493774,4.604544639587402,15.776363372802734,114.82300567626953,13.042774200439453,8.527100563049316,2.463371753692627,-0.25581592321395874,0.8575860261917114,-0.2810785472393036,13.076639175415039,8.50753116607666,2.4541094303131104
571,0.7029291391372681,0.5290451645851135,5.558258056640625,23.100685119628906,242.9824676513672,22.501296997070312,5.011490821838379,1.489390254020691,0.20233561098575592,0.7133291363716125,-0.09493707120418549,22.563148498535156,4.974300861358643,1.4905073642730713
572,0.6174272298812866,0.5059372186660767,3.647859811782837,13.431138038635254,102.78677368164062,10.35477066040039,8.226872444152832,2.343656301498413,-2.0916318893432617,-0.6473091244697571,0.04698579013347626,10.169608116149902,8.224244117736816,2.3497214317321777
573,0.6385639905929565,0.5548372268676758,2.4951186180114746,11.491510391235352,139.79151916503906,4.9845404624938965,9.955918312072754,2.8440937995910645,-0.8887510895729065,-0.7553823590278625,0.3169121742248535,4.918348789215088,9.954910278320312,2.834265947341919
574,0.6430673599243164,0.541405975818634,6.47914457321167,29.041261672973633,301.2755126953125,26.308881759643555,12.08897876739502,2.257040023803711,-1.869019627571106,0.016635026782751083,0.09448332339525223,26.315608978271484,12.122688293457031,2.2613518238067627
575,0.641002893447876,0.5558704733848572,5.534219264984131,20.307720184326172,182.31179809570312,18.256759643554688,8.578299522399902,2.3466968536376953,-1.7960951328277588,0.974562406539917,-0.2932499349117279,18.218873977661133,8.546533584594727,2.33479642868042
576,0.6931902170181274,0.5315297245979309,2.7418079376220703,10.748276710510254,109.23524475097656,7.877274036407471,7.035067558288574,1.9954562187194824,-0.9250925779342651,-0.3223494589328766,0.19671781361103058,7.844585418701172,7.047281265258789,1.9912753105163574
577,0.7529271245002747,0.5454976558685303,3.909801959991455,15.032462120056152,107.73751068115234,10.081061363220215,10.731803894042969,3.0291144847869873,0.21372827887535095,-0.2775283455848694,0.06037548929452896,10.106908798217773,10.758139610290527,3.0369601249694824
578,0.7026607990264893,0.5433934926986694,4.27271842956543,14.1520357131958,115.13858795166016,11.023268699645996,8.486746788024902,2.5966956615448,0.873539924621582,1.590247631072998,-0.3072410523891449,11.019253730773926,8.359678268432617,2.5856475830078125
579,0.6471799612045288,0.5337821841239929,4.2542524337768555,16.88484764099121,122.5963134765625,12.609162330627441,10.88338565826416,2.767505407333374,-0.6007513999938965,-0.42397162318229675,0.11280377954244614,12.629974365234375,10.905460357666016,2.772918939590454
580,0.7058416604995728,0.5475643277168274,5.6428751945495605,20.58213996887207,185.23741149902344,13.731712341308594,14.95384407043457,3.3833577632904053,-2.560424566268921,1.1162848472595215,-0.09492562711238861,13.528523445129395,14.953717231750488,3.3914599418640137
581,0.682155966758728,0.5210816860198975,3.216994285583496,10.437729835510254,83.10340881347656,7.222929000854492,7.248361110687256,2.0583407878875732,-0.3490034341812134,-0.2094724476337433,0.07811716198921204,7.234616279602051,7.265543460845947,2.0625953674316406
582,0.6969884037971497,0.5218499302864075,3.6381094455718994,12.693792343139648,108.618408203125,6.069523334503174,10.701813697814941,3.1248080730438232,-0.8206897377967834,-0.18948885798454285,-0.04714738205075264,6.030558109283447,10.72998332977295,3.1331679821014404
583,0.7238782048225403,0.5483276844024658,4.712614059448242,17.964519500732422,135.79190063476562,9.123889923095703,14.94306755065918,4.022851943969727,-0.37645500898361206,0.8172051310539246,-0.228695809841156,9.141548156738281,14.962324142456055,4.0275492668151855
584,0.6989974975585938,0.5269151926040649,4.834322452545166,17.88661766052246,127.9726333618164,10.186305046081543,14.11329460144043,4.121309280395508,-0.9391493201255798,-0.8104685544967651,0.28118717670440674,10.171212196350098,14.129305839538574,4.123174667358398
585,0.7763774394989014,0.5357815027236938,7.7632365226745605,27.63351821899414,243.89358520507812,24.244796752929688,12.440746307373047,4.58573055267334,-2.840492010116577,0.764447808265686,-0.5802626013755798,24.14499282836914,12.451872825622559,4.561558723449707
586,0.7137200236320496,0.5503969192504883,6.744875907897949,27.89826202392578,261.5651550292969,25.834108352661133,9.566652297973633,4.403519630432129,-4.15226936340332,-0.6421830654144287,0.38668015599250793,25.569355010986328,9.571700096130371,4.398745059967041
587,0.7922261953353882,0.527812659740448,5.830113410949707,19.97319221496582,119.54196166992188,13.701760292053223,14.067193984985352,3.647491216659546,-0.8158669471740723,-1.0761830806732178,0.08564748615026474,13.715600967407227,14.065091133117676,3.6566569805145264
588,0.7528795003890991,0.5431405305862427,3.5595273971557617,12.641814231872559,116.3721694946289,8.981525421142578,8.763699531555176,1.531416416168213,-1.6069303750991821,0.5171110033988953,0.044030871242284775,8.861252784729004,8.772833824157715,1.5350533723831177
589,0.764232337474823,0.544653058052063,6.6328277587890625,28.17332649230957,279.18939208984375,22.89777183532715,15.661922454833984,4.912485122680664,-2.537921905517578,-0.7198267579078674,0.10736465454101562,22.82016372680664,15.68901252746582,4.925011157989502
590,0.6573017239570618,0.5614327788352966,4.5452561378479,13.2570219039917,73.86953735351562,8.73680305480957,9.6194429397583,2.6235876083374023,-0.1566014587879181,-0.9339901804924011,0.4198307991027832,8.759765625,9.600699424743652,2.5970027446746826
591,0.7238574028015137,0.5478894710540771,2.81014084815979,7.341389179229736,55.72072982788086,6.1455559730529785,3.863691806793213,1.095455288887024,-0.7720608115196228,0.17549796402454376,0.055811405181884766,6.113873481750488,3.8704705238342285,1.0970842838287354
592,0.7906692624092102,0.546294629573822,4.047067165374756,12.745682716369629,78.86181640625,8.614012718200684,8.503656387329102,3.992377281188965,-0.8372035026550293,-0.47680220007896423,0.20985859632492065,8.597145080566406,8.513960838317871,3.997978687286377
593,0.6702589392662048,0.5200137495994568,5.422536373138428,21.407306671142578,167.2264862060547,18.966354370117188,9.136792182922363,3.88191294670105,-1.628139615058899,0.8138238191604614,-0.014757676050066948,18.949050903320312,9.125862121582031,3.8927130699157715
594,0.7164706587791443,0.5530745983123779,4.169902801513672,13.820573806762695,112.08807373046875,8.164193153381348,10.913616180419922,2.2906734943389893,-1.7748662233352661,1.1526525020599365,-0.35178983211517334,7.991161346435547,10.882848739624023,2.269813060760498
595,0.6829718947410583,0.5206171274185181,3.827099084854126,17.17658042907715,139.4899139404297,14.293877601623535,9.212671279907227,2.417989492416382,-2.3007771968841553,-1.0544943809509277,0.2136511355638504,14.146842956542969,9.177652359008789,2.415250301361084
596,0.682043194770813,0.5699240565299988,5.707548141479492,17.652786254882812,130.71331787109375,8.911885261535645,14.627004623413086,4.271989822387695,-1.3099569082260132,-0.03198200836777687,-0.0957711786031723,8.839673042297363,14.667770385742188,4.282829284667969
597,0.8644980788230896,0.5371881127357483,3.322633981704712,12.88249683380127,111.77801513671875,6.31721830368042,10.856855392456055,2.8601016998291016,0.4467935860157013,-0.21525980532169342,0.0033656014129519463,6.318975925445557,10.88499927520752,2.868077516555786
598,0.6762300133705139,0.5812094211578369,4.464325904846191,18.328399658203125,191.9788818359375,15.593746185302734,9.011880874633789,3.398714780807495,0.6583489179611206,0.03320663422346115,-0.24998466670513153,15.623300552368164,9.036956787109375,3.398963451385498
599,0.8548782467842102,0.5414440631866455,1.5603954792022705,4.148828983306885,45.37184524536133,3.4901647567749023,2.0324134826660156,0.9491201639175415,-0.7156406044960022,0.0073113031685352325,0.009190110489726067,3.4255361557006836,2.038069248199463,0.951723039150238
600,0.5571760535240173,0.5706630349159241,5.956389904022217,26.081153869628906,215.01255798339844,25.24416732788086,6.10402774810791,2.3873648643493652,-4.103938102722168,-0.7005473971366882,0.09252003580331802,24.977825164794922,6.080608367919922,2.392225742340088
601,0.800200343132019,0.5417953133583069,3.6289985179901123,18.133249282836914,209.0891571044922,16.515050888061523,7.191899299621582,2.0843193531036377,0.15152508020401,1.0356347560882568,0.022855468094348907,16.560420989990234,7.136794567108154,2.0900075435638428
602,0.661230206489563,0.5624949336051941,2.7746505737304688,9.88989543914795,103.12779235839844,8.547805786132812,4.821888446807861,1.2224732637405396,-1.3173795938491821,-0.1383017897605896,0.05751801282167435,8.469237327575684,4.833348751068115,1.2245255708694458
603,0.741526186466217,0.5653837323188782,1.9282687902450562,5.5293169021606445,47.406715393066406,3.901254892349243,3.782656669616699,1.0222840309143066,-0.9176873564720154,-0.2713225781917572,0.09835559129714966,3.8023629188537598,3.783437490463257,1.020379900932312
604,0.706068217754364,0.5410075783729553,4.01744270324707,11.775256156921387,87.32490539550781,6.459846496582031,9.411182403564453,2.8907923698425293,-0.5630027651786804,1.4073060750961304,-0.2850586473941803,6.453215599060059,9.331323623657227,2.8847272396087646
605,0.6981803178787231,0.5351774096488953,2.6564459800720215,8.030094146728516,71.0502700805664,5.734663486480713,5.492451190948486,1.1954150199890137,-0.6513245701789856,-0.16887015104293823,0.04764121398329735,5.713449001312256,5.505168437957764,1.197797179222107
606,0.6928332448005676,0.5643377304077148,2.7726690769195557,11.906813621520996,138.33018493652344,10.38670539855957,5.3765740394592285,2.2318150997161865,0.2015794813632965,0.4849379360675812,-0.20341981947422028,10.413717269897461,5.369596481323242,2.228724956512451
607,0.679465115070343,0.522445797920227,2.8543241024017334,15.361167907714844,198.11837768554688,15.109642028808594,2.38919734954834,1.398554801940918,-1.8705077171325684,0.03976443037390709,-0.06018362566828728,15.035239219665527,2.3955299854278564,1.4011566638946533
608,0.7218772172927856,0.5387371182441711,4.883207321166992,16.001314163208008,120.3648910522461,10.8164701461792,11.463033676147461,2.764944553375244,0.4571932256221771,0.9697875380516052,-0.07819796353578568,10.836947441101074,11.453797340393066,2.77154803276062
609,0.6373143196105957,0.5210973620414734,1.8523739576339722,5.070146083831787,44.021846771240234,3.8169519901275635,2.951418876647949,1.5576860904693604,-0.5433909893035889,-0.17883555591106415,0.06589013338088989,3.7886128425598145,2.9542131423950195,1.5606331825256348
610,0.6770527958869934,0.5677334070205688,5.494349002838135,17.471858978271484,116.50238800048828,12.248359680175781,11.94063949584961,3.558746814727783,-1.1530382633209229,-0.08623097836971283,0.17021207511425018,12.227980613708496,11.973634719848633,3.564589262008667
611,0.7712867259979248,0.5234110355377197,4.760221481323242,20.45157241821289,209.76437377929688,18.02935028076172,8.9318208694458,3.664961338043213,-0.10830138623714447,-0.3203727900981903,-0.08129839599132538,18.079315185546875,8.950971603393555,3.6742804050445557
612,0.6615883708000183,0.528934121131897,5.151267051696777,15.728221893310547,88.49601745605469,11.142194747924805,10.691516876220703,2.9866209030151367,-1.4736990928649902,1.2692850828170776,-0.09423847496509552,11.075113296508789,10.645517349243164,2.9934604167938232
613,0.726881742477417,0.5342602729797363,3.9958510398864746,15.226705551147461,159.21273803710938,12.607107162475586,7.999622344970703,2.98655366897583,-1.859261393547058,-1.383164882659912,0.45781734585762024,12.504036903381348,7.901115417480469,2.959487199783325
614,0.7257435917854309,0.5405294895172119,5.99312162399292,20.944381713867188,156.5206298828125,18.771442413330078,8.841865539550781,2.8498122692108154,-0.02740292064845562,1.0642447471618652,-0.3416178822517395,18.82378578186035,8.802067756652832,2.8371541500091553
615,0.7712384462356567,0.5471166372299194,6.238380432128906,22.60123634338379,179.11508178710938,19.35987663269043,10.980853080749512,3.928354263305664,-3.4287500381469727,-1.867007851600647,0.6114087700843811,19.10698127746582,10.851154327392578,3.8913071155548096
616,0.7591262459754944,0.5389699935913086,7.245265007019043,27.24990463256836,287.7569580078125,22.879148483276367,14.127106666564941,4.418923854827881,1.0668681859970093,1.347753882408142,-0.5250260233879089,22.91800880432129,14.101897239685059,4.3998613357543945
617,0.7614949941635132,0.5227148532867432,5.195090293884277,21.25518798828125,221.04122924804688,19.415607452392578,8.398112297058105,2.0709712505340576,-2.430633783340454,0.339185506105423,-0.0856374129652977,19.316593170166016,8.414667129516602,2.0749716758728027
618,0.762981653213501,0.5008097887039185,4.151062965393066,12.701366424560547,123.04920196533203,10.381720542907715,6.8683366775512695,2.5239956378936768,-2.263827323913574,0.6261389851570129,-0.213933065533638,10.160152435302734,6.858815670013428,2.521928071975708
619,0.7719472646713257,0.5255802869796753,5.016729354858398,17.208663940429688,136.9406280517578,11.115797996520996,12.87841796875,2.592972993850708,-1.4607599973678589,-0.7333863973617554,0.3273412585258484,11.050135612487793,12.893383026123047,2.5794029235839844
620,0.6649180054664612,0.5439484715461731,3.452578067779541,12.727325439453125,127.31587219238281,11.44312858581543,5.27583122253418,1.7903215885162354,0.543673574924469,0.20459355413913727,-0.15500789880752563,11.462089538574219,5.2865681648254395,1.7885737419128418
621,0.777225911617279,0.46634069085121155,4.380184173583984,16.922527313232422,129.75555419921875,13.864371299743652,9.032106399536133,3.5457277297973633,-1.3697803020477295,0.3106493651866913,-0.11413972824811935,13.835022926330566,9.051941871643066,3.5537753105163574
622,0.8014920949935913,0.5471054911613464,6.982496738433838,20.10155487060547,123.09284973144531,16.232656478881836,11.32925796508789,3.49589204788208,-2.882337808609009,1.091505765914917,-0.4137277603149414,16.01926612854004,11.30801010131836,3.4810070991516113
623,0.807623565196991,0.48994505405426025,6.142189025878906,20.8641357421875,189.05445861816406,17.678607940673828,10.575850486755371,3.3060929775238037,-0.17061690986156464,-1.3620212078094482,0.36366644501686096,17.727096557617188,10.517034530639648,3.295196771621704
624,0.800386905670166,0.5087653398513794,3.983659029006958,12.16567611694336,81.05535125732422,5.8925700187683105,10.181629180908203,3.100918769836426,-0.6178882122039795,-0.37323951721191406,0.1058688536286354,5.876431465148926,10.203168869018555,3.107755422592163
625,0.837475061416626,0.5241276621818542,6.7970733642578125,19.278493881225586,106.59257507324219,11.701558113098145,14.875697135925293,3.667081594467163,0.43600744009017944,1.1690720319747925,-0.33524319529533386,11.726049423217773,14.871053695678711,3.661911725997925
626,0.8337149024009705,0.4889240264892578,5.061576843261719,15.778505325317383,81.54654693603516,10.072017669677734,11.68013858795166,3.3301756381988525,0.6899644136428833,0.06278203427791595,-0.14961817860603333,10.076386451721191,11.712550163269043,3.336092472076416
627,0.8499010801315308,0.4943871796131134,6.221238136291504,19.183164596557617,143.94467163085938,14.111861228942871,12.491660118103027,3.578770637512207,-0.1545594185590744,-0.9280575513839722,0.004492007661610842,14.15037727355957,12.4918851852417,3.5887506008148193
628,0.7735534310340881,0.5120252370834351,6.608497619628906,23.268129348754883,231.18966674804688,19.534469604492188,11.71375846862793,4.75375509262085,0.2486564666032791,0.6266531348228455,-0.13528665900230408,19.587371826171875,11.729610443115234,4.765084266662598
629,0.7541528940200806,0.4881919026374817,6.020141124725342,18.88522720336914,106.15823364257812,11.752209663391113,14.159175872802734,4.2491326332092285,-0.03546706214547157,2.794391393661499,-0.6781046390533447,11.784937858581543,13.919411659240723,4.206376075744629
630,0.8968681693077087,0.48819050192832947,7.371304035186768,24.783843994140625,225.84043884277344,20.465803146362305,13.38477611541748,4.029595851898193,-1.945893406867981,-1.0947978496551514,0.27968594431877136,20.429912567138672,13.377138137817383,4.031091213226318
631,0.8666993975639343,0.46781182289123535,5.463845729827881,17.566747665405273,149.10789489746094,14.123680114746094,9.683257102966309,3.917501449584961,-2.480393171310425,0.1749913990497589,-0.17277875542640686,13.942956924438477,9.7086820602417,3.9246063232421875
632,0.835048496723175,0.49607473611831665,5.6068620681762695,19.319284439086914,165.35491943359375,16.475683212280273,8.9743070602417,4.609603404998779,-1.6027882099151611,0.5114346742630005,0.4771532714366913,16.44327735900879,8.98471450805664,4.597630023956299
633,0.8902959227561951,0.5412799715995789,9.295602798461914,31.17611312866211,232.882568359375,27.509563446044922,13.516755104064941,5.698361396789551,1.5085062980651855,-0.00772060826420784,-0.09424847364425659,27.544790267944336,13.554457664489746,5.713474750518799
634,0.8071596026420593,0.49875786900520325,7.398589611053467,23.181928634643555,138.9119110107422,13.214582443237305,18.33694839477539,5.1510162353515625,-0.30451592803001404,-1.9261823892593384,0.5464442372322083,13.2479248046875,18.286367416381836,5.136236667633057
635,0.8270348310470581,0.4752978980541229,6.1890645027160645,20.44887924194336,151.39353942871094,16.398780822753906,11.82614517211914,3.062498092651367,-0.45480722188949585,-1.1799750328063965,0.4387928545475006,16.43819808959961,11.799954414367676,3.0393545627593994
636,0.8619821667671204,0.46396979689598083,5.660191059112549,20.242218017578125,149.12571716308594,16.024797439575195,11.619302749633789,4.236147880554199,0.6093542575836182,-0.039060212671756744,-0.19551952183246613,16.057876586914062,11.65164852142334,4.24343729019165
637,0.8886051774024963,0.43170323967933655,6.096672534942627,19.182052612304688,133.76507568359375,11.918808937072754,14.574134826660156,3.6725709438323975,-0.6220323443412781,-1.99931001663208,0.16432414948940277,11.935766220092773,14.476618766784668,3.6791269779205322
638,0.7800414562225342,0.5276365280151367,5.887306213378906,17.093494415283203,126.4901351928711,11.518869400024414,12.157190322875977,3.421394109725952,1.059719204902649,-0.4452672302722931,0.599328875541687,11.502015113830566,12.182921409606934,3.3778886795043945
639,0.8184935450553894,0.49783170223236084,4.779918670654297,18.745258331298828,150.11965942382812,14.496337890625,10.517058372497559,5.534654140472412,1.5940346717834473,-1.1509634256362915,0.686575174331665,14.448620796203613,10.483048439025879,5.507223129272461
640,0.8685717582702637,0.47562870383262634,5.4814534187316895,17.249910354614258,163.8169708251953,13.394140243530273,10.488776206970215,2.8534116744995117,-1.8053869009017944,0.7263891696929932,-0.3890480101108551,13.308928489685059,10.492780685424805,2.8346498012542725
641,0.77687007188797,0.480651319026947,4.7452826499938965,14.186966896057129,101.88362884521484,7.835172653198242,11.496162414550781,2.778188467025757,-0.19665591418743134,-0.30714356899261475,-0.04244318604469299,7.854552745819092,11.524115562438965,2.7856125831604004
642,0.8307608962059021,0.4756208062171936,3.4872777462005615,9.820002555847168,67.84638214111328,4.902971267700195,8.153959274291992,2.430283546447754,-0.1539490818977356,0.17779016494750977,-0.27573922276496887,4.9142231941223145,8.174759864807129,2.421325445175171
643,0.8398503661155701,0.45239880681037903,3.4353480339050293,13.950799942016602,143.68345642089844,9.789755821228027,9.681336402893066,2.2488296031951904,-1.1000609397888184,-0.4118005335330963,0.09609922766685486,9.754887580871582,9.699554443359375,2.253042459487915
644,0.8798765540122986,0.4844456911087036,4.716029167175293,15.5304594039917,107.78080749511719,9.483343124389648,11.648405075073242,3.9466445446014404,-0.8212446570396423,0.3017939031124115,-0.010041607543826103,9.47407054901123,11.676976203918457,3.9576404094696045
645,0.9035120606422424,0.48033082485198975,5.646710395812988,16.200439453125,90.20170593261719,9.954133033752441,11.78378677368164,4.950942516326904,2.7804904675576836e-05,1.5919867753982544,-0.4561629593372345,9.98189926147461,11.708321571350098,4.943634033203125
646,0.8925411105155945,0.48123884201049805,6.004440784454346,19.55270767211914,148.45115661621094,16.40693473815918,10.028144836425781,3.5436079502105713,-0.7427349090576172,-0.9095362424850464,0.12998701632022858,16.435832977294922,10.014671325683594,3.551100730895996
647,0.8638144731521606,0.4846935570240021,7.327232837677002,23.08132553100586,144.8603057861328,19.10053825378418,12.417935371398926,3.702951669692993,-1.2526228427886963,1.4146080017089844,-0.11572907119989395,19.112585067749023,12.37151050567627,3.7114663124084473
648,0.9426391124725342,0.44491046667099,7.303828239440918,24.286216735839844,213.8079376220703,18.73467254638672,14.166593551635742,6.175760746002197,-0.6607533097267151,-1.63652765750885,0.8882323503494263,18.77524185180664,14.111002922058105,6.128599166870117
649,0.8296077251434326,0.4920668303966522,4.601836681365967,16.999101638793945,139.73109436035156,14.06274127960205,9.097962379455566,2.9044530391693115,-0.06520763039588928,0.4933582842350006,-0.24721264839172363,14.10181713104248,9.109916687011719,2.9019854068756104
650,0.8941323757171631,0.4646179676055908,3.0223660469055176,9.443561553955078,98.4214096069336,6.208928108215332,6.736550807952881,2.2910609245300293,-0.0760975331068039,-0.46614882349967957,0.02513853833079338,6.2257795333862305,6.739149570465088,2.2973132133483887
651,0.9687104821205139,0.4708448052406311,5.0551066398620605,16.40135955810547,131.22740173339844,11.279401779174805,11.183934211730957,4.086478233337402,-0.7475932240486145,-0.5741851329803467,0.09556160122156143,11.285992622375488,11.200340270996094,4.096756458282471
652,0.8557831048965454,0.4968799948692322,5.6780500411987305,26.05740737915039,285.7475891113281,25.159759521484375,6.392683982849121,2.260251045227051,-3.059359550476074,1.088534951210022,-0.1451788693666458,25.0427188873291,6.316896438598633,2.2618753910064697
653,0.7943213582038879,0.4517907500267029,4.128427982330322,17.442720413208008,156.31112670898438,15.465234756469727,6.806819438934326,4.329230785369873,-0.7812834978103638,-0.4921058714389801,0.04493137076497078,15.488570213317871,6.8079447746276855,4.341073036193848
654,0.9695690870285034,0.47274351119995117,3.433135747909546,11.843384742736816,91.52143096923828,10.180171966552734,5.658000946044922,2.1486921310424805,-1.3016875982284546,-0.5627144575119019,0.3867557644844055,10.124772071838379,5.64565372467041,2.1194939613342285
655,0.9096726775169373,0.5128002166748047,4.330173969268799,15.360989570617676,105.22698211669922,13.135635375976562,7.4033522605896,2.9335126876831055,0.752301037311554,-0.43459969758987427,0.5426084995269775,13.150654792785645,7.411200523376465,2.890934705734253
656,0.953404426574707,0.4794239401817322,4.093743801116943,15.8269681930542,126.73466491699219,13.543732643127441,7.872125148773193,2.2560722827911377,-1.7477596998214722,-1.2758216857910156,-0.09571022540330887,13.467950820922852,7.789720058441162,2.2603282928466797
657,0.8890451788902283,0.4732527732849121,4.950893878936768,19.75174903869629,191.95484924316406,11.277444839477539,15.724957466125488,3.9593687057495117,-1.5180881023406982,-2.2059390544891357,0.25378280878067017,11.205971717834473,15.612890243530273,3.9622483253479004
658,1.0836678743362427,0.4409531056880951,3.7884774208068848,11.355685234069824,75.83173370361328,9.504071235656738,5.408799171447754,3.060899019241333,-1.26266610622406,0.0059521994553506374,-0.011986044235527515,9.446097373962402,5.423882961273193,3.069413423538208
659,0.9122268557548523,0.4326027035713196,3.6200544834136963,18.46135902404785,205.19505310058594,15.76305866241455,8.251242637634277,4.925926685333252,-1.1471079587936401,-1.2277040481567383,0.7102522253990173,15.765115737915039,8.18215560913086,4.888049602508545
660,0.9761512875556946,0.44524750113487244,5.72066593170166,16.6390323638916,105.68624114990234,13.30494213104248,9.13211441040039,4.054678916931152,-0.6909849643707275,-1.1269944906234741,0.5218176245689392,13.324049949645996,9.087584495544434,4.032177448272705
661,0.8719080686569214,0.45656102895736694,2.672560453414917,8.742920875549316,68.70539093017578,7.700075149536133,3.727374792098999,1.8039358854293823,-0.9659937620162964,-0.3638310134410858,0.1589532196521759,7.660550594329834,3.7199227809906006,1.801931381225586
662,0.7872815132141113,0.4750997722148895,4.264097213745117,15.583123207092285,126.55402374267578,11.65987777709961,10.07231330871582,2.3301315307617188,1.2343240976333618,0.6996298432350159,-0.20400765538215637,11.626701354980469,10.07601261138916,2.327658176422119
663,0.8808239698410034,0.48989900946617126,3.5100655555725098,10.53181266784668,65.9909439086914,10.02199935913086,2.846446990966797,1.5415451526641846,-0.037492625415325165,0.23929865658283234,-0.08656208217144012,10.049883842468262,2.8442821502685547,1.5434061288833618
664,0.9710108041763306,0.4251037538051605,2.1917941570281982,8.838415145874023,111.03117370605469,7.692438125610352,4.210951328277588,1.1008427143096924,-0.1503053903579712,-0.2022772878408432,0.11786631494760513,7.712423801422119,4.217822074890137,1.0975676774978638
665,0.8570193648338318,0.5073354244232178,5.2377610206604,28.001657485961914,279.974609375,27.14834213256836,5.936670303344727,3.4374756813049316,-2.535004138946533,-0.29801851511001587,0.4617953896522522,27.105125427246094,5.945724964141846,3.4158167839050293
666,0.8888046741485596,0.466564416885376,2.9976108074188232,11.539294242858887,136.04747009277344,8.112869262695312,7.978525161743164,1.9182844161987305,-0.19781145453453064,-0.7543293833732605,0.11824879050254822,8.13308048248291,7.964940547943115,1.919976830482483
667,0.7869920134544373,0.4696439802646637,3.242520809173584,15.428322792053223,190.65756225585938,14.76433277130127,4.239141464233398,1.4412956237792969,0.8676124215126038,-0.14620597660541534,-0.03499481454491615,14.779929161071777,4.24843692779541,1.444890022277832
668,0.8565437197685242,0.4770227372646332,4.430187225341797,18.834463119506836,195.7646942138672,18.434858322143555,3.4758827686309814,1.6766878366470337,0.8234258890151978,-0.1398524045944214,0.19990403950214386,18.46782875061035,3.4827558994293213,1.6693719625473022
669,0.9203248620033264,0.4814654290676117,4.6227498054504395,17.43687629699707,162.63844299316406,13.3775634765625,10.515423774719238,3.809380054473877,-1.5804857015609741,1.3116673231124878,-0.24555635452270508,13.32092571258545,10.462398529052734,3.812061309814453
670,0.8710384964942932,0.46859821677207947,5.070980072021484,17.39691925048828,125.11029052734375,13.49560260772705,10.582818031311035,2.9198355674743652,-0.1328970044851303,-1.668052315711975,0.2966482937335968,13.532590866088867,10.479681968688965,2.912829637527466
671,0.897846519947052,0.44147583842277527,2.4993605613708496,8.1666259765625,74.70746612548828,6.510049343109131,4.351880073547363,2.3182265758514404,0.28928717970848083,0.05146319791674614,-0.09353717416524887,6.521759510040283,4.363714218139648,2.3227999210357666
672,1.0104976892471313,0.4400913119316101,9.307085990905762,29.205476760864258,184.365966796875,21.396825790405273,19.067394256591797,5.618749141693115,0.240314319729805,-0.16935615241527557,0.337438702583313,21.455156326293945,19.11982536315918,5.624251842498779
673,0.9518146514892578,0.44327062368392944,6.218443393707275,23.869447708129883,197.931640625,16.584449768066406,16.475406646728516,4.823642730712891,-2.5000977516174316,-1.4743257761001587,0.26275694370269775,16.440654754638672,16.455080032348633,4.829915523529053
674,1.012947916984558,0.45074719190597534,4.742884635925293,16.209121704101562,160.9161376953125,8.936517715454102,12.74493408203125,4.52116584777832,0.12550769746303558,-1.8484392166137695,0.5593843460083008,8.96056079864502,12.645353317260742,4.498941898345947
675,0.921046793460846,0.4839420020580292,5.459564208984375,16.624073028564453,103.36341094970703,13.495367050170898,9.327027320861816,2.6910006999969482,-0.18496225774288177,0.02960544265806675,0.12266337126493454,13.531739234924316,9.352995872497559,2.695702314376831
676,0.9627308249473572,0.4572528302669525,5.3848652839660645,18.502443313598633,179.441162109375,11.464547157287598,13.69103717803955,4.843560218811035,-0.43370917439460754,-2.030200481414795,0.5261217951774597,11.488295555114746,13.577442169189453,4.828331470489502
677,0.9776408076286316,0.463836669921875,4.531783103942871,17.083908081054688,136.2757568359375,10.145289421081543,12.457602500915527,5.808712482452393,-1.1338852643966675,-1.6830077171325684,0.5776978731155396,10.109848976135254,12.377823829650879,5.796036720275879
678,1.0342421531677246,0.46022558212280273,3.4574742317199707,9.909141540527344,94.7502212524414,5.490501403808594,7.528563976287842,3.3713793754577637,1.3246008157730103,-0.38574305176734924,0.03285475820302963,5.343186855316162,7.539647579193115,3.3806231021881104
679,0.9523904919624329,0.4808124899864197,3.427906036376953,13.003966331481934,120.98967742919922,8.313119888305664,9.734562873840332,2.287679433822632,-0.5980343222618103,-0.9762998223304749,0.08347757160663605,8.314709663391113,9.71249771118164,2.2925329208374023
680,0.9938164949417114,0.47317448258399963,4.248612403869629,16.640050888061523,170.1006317138672,7.719463348388672,14.143013000488281,4.156486511230469,0.18738365173339844,-2.066931962966919,0.47315657138824463,7.738715648651123,14.030186653137207,4.140986442565918
681,0.9903663396835327,0.4758375585079193,4.099005699157715,14.184379577636719,100.73397827148438,10.887089729309082,8.861491203308105,2.0351674556732178,-1.0379115343093872,0.37879419326782227,-0.0782405436038971,10.867732048034668,8.87808609008789,2.0393357276916504
682,0.9457723498344421,0.46728476881980896,3.8671681880950928,13.79831314086914,109.71114349365234,7.8303093910217285,11.083852767944336,2.495577096939087,0.5088794231414795,-1.2607436180114746,-0.18430614471435547,7.835551738739014,11.042634010314941,2.495704174041748
683,0.9856017827987671,0.484867662191391,2.4075417518615723,5.981318950653076,52.89799880981445,2.598942518234253,5.029263496398926,1.9308499097824097,0.38464808464050293,-0.3673214614391327,0.019727950915694237,2.5774903297424316,5.029822826385498,1.9361348152160645
684,1.0045092105865479,0.4765084981918335,2.8890862464904785,9.091987609863281,97.7037353515625,4.319450378417969,7.489543437957764,2.81306529045105,0.928211510181427,0.30080875754356384,-0.2479839026927948,4.230306625366211,7.5043745040893555,2.809929609298706
685,0.9010378122329712,0.48932451009750366,2.6906542778015137,7.868289470672607,81.53377532958984,3.004253625869751,6.98547887802124,2.0217623710632324,0.2946607768535614,0.10645057260990143,0.03974803909659386,2.998108148574829,7.004151344299316,2.027010202407837
686,0.9232706427574158,0.4940791428089142,5.910543441772461,21.900239944458008,153.9501495361328,10.275823593139648,18.230175018310547,6.456679344177246,1.236090064048767,-2.5495190620422363,0.7016794681549072,10.229662895202637,18.101367950439453,6.436341762542725
687,0.8955849409103394,0.4925421476364136,3.50331974029541,12.346221923828125,106.02413177490234,3.8553943634033203,11.047727584838867,3.9386351108551025,0.3913031816482544,-0.2128783017396927,0.1531974822282791,3.846184253692627,11.07648754119873,3.9466326236724854
688,1.0063563585281372,0.4723174571990967,3.2575225830078125,10.586987495422363,85.95760345458984,4.813955783843994,9.206572532653809,2.0369467735290527,0.21701911091804504,-1.7982500791549683,0.2995873987674713,4.822475910186768,9.054431915283203,2.0204153060913086
689,1.0038360357284546,0.48724260926246643,2.9781742095947266,12.657022476196289,135.26512145996094,2.4199068546295166,11.623186111450195,4.3870086669921875,0.4416613280773163,-1.1612780094146729,0.2693556249141693,2.3858978748321533,11.59728717803955,4.3909454345703125
690,1.0231503248214722,0.46751391887664795,3.964175224304199,15.026664733886719,119.31645965576172,7.566563606262207,12.375664710998535,3.9230990409851074,0.3330635130405426,-1.2492181062698364,0.3103444576263428,7.580315589904785,12.346797943115234,3.921713352203369
691,0.910912811756134,0.49229007959365845,2.7870492935180664,14.320533752441406,167.33729553222656,5.184088230133057,12.823305130004883,3.7102231979370117,-0.1503310203552246,-1.3806556463241577,0.4240664839744568,5.1963629722595215,12.784324645996094,3.696190595626831
692,1.0107461214065552,0.4940759539604187,3.8743293285369873,12.536439895629883,110.96417236328125,5.123094081878662,11.114034652709961,2.7192788124084473,0.9572813510894775,0.29919955134391785,-0.2102215737104416,5.046901226043701,11.140996932983398,2.718703031539917
693,0.9559463262557983,0.4831770956516266,2.5799038410186768,10.615303039550781,122.27775573730469,10.371524810791016,2.0654492378234863,0.9219860434532166,0.4334487318992615,-0.32112565636634827,0.17087264358997345,10.391368865966797,2.0460243225097656,0.9085410237312317
694,1.0047123432159424,0.46811339259147644,4.246345520019531,14.913494110107422,108.82415771484375,8.266993522644043,11.94222354888916,3.384136915206909,0.01650848425924778,-0.9484313130378723,0.009104612283408642,8.290037155151367,11.93770980834961,3.393564224243164
695,0.9248498678207397,0.48556169867515564,3.764727830886841,12.164266586303711,80.65904235839844,6.377231121063232,10.036542892456055,2.5628349781036377,0.4752098321914673,0.03179294988512993,-0.27890992164611816,6.377240180969238,10.064488410949707,2.5547192096710205
696,0.9663424491882324,0.4861201345920563,3.7017667293548584,14.239402770996094,112.0832290649414,9.086387634277344,9.718402862548828,5.074524879455566,0.07545611262321472,-1.2652212381362915,0.25449007749557495,9.111419677734375,9.662569999694824,5.082276344299316
697,0.8987793922424316,0.4945485591888428,3.2366783618927,13.128927230834961,134.90859985351562,6.161291122436523,11.161078453063965,3.136493682861328,0.520835816860199,-1.0287996530532837,0.36389660835266113,6.156362533569336,11.144561767578125,3.124001979827881
698,0.8939867615699768,0.5163890719413757,1.7891783714294434,5.781571865081787,54.537662506103516,5.183896541595459,2.340388059616089,1.0374815464019775,-0.10283875465393066,-0.08720405399799347,-0.09179418534040451,5.197333335876465,2.3452866077423096,1.0362952947616577
699,0.9064207077026367,0.5093697309494019,2.773834705352783,13.383315086364746,125.14862823486328,9.195927619934082,8.433049201965332,4.840634822845459,-0.8558775186538696,0.3214256465435028,0.2806346118450165,9.181551933288574,8.450428009033203,4.845973014831543
700,0.9677990674972534,0.4750591814517975,3.3219645023345947,15.251652717590332,137.9313201904297,14.079732894897461,5.573627471923828,1.8189855813980103,2.028228998184204,-0.5048313736915588,0.03320373222231865,13.971745491027832,5.566201686859131,1.8237553834915161
701,0.9392198920249939,0.49727940559387207,2.83693528175354,9.242979049682617,54.823486328125,6.075972080230713,6.039948463439941,3.4690401554107666,1.151961326599121,0.402608722448349,-0.3980925679206848,5.982411861419678,6.043325901031494,3.455735445022583
702,1.0051255226135254,0.4934654235839844,4.990163803100586,26.944042205810547,300.0113220214844,24.529613494873047,10.90654468536377,2.307953119277954,0.933853030204773,-1.3661963939666748,-0.20193549990653992,24.5802059173584,10.850821495056152,2.3055150508880615
703,0.9634515643119812,0.5011735558509827,2.7233965396881104,12.04029655456543,101.48995971679688,6.044798851013184,9.887067794799805,3.2672712802886963,-0.4050634205341339,-0.6831371784210205,0.26447004079818726,6.048035144805908,9.890952110290527,3.2656335830688477
704,0.9006994366645813,0.5221955180168152,2.908503293991089,10.799256324768066,69.03175354003906,8.886874198913574,5.932905673980713,1.5646185874938965,-0.5452796816825867,-0.01012344378978014,-0.06070566177368164,8.894872665405273,5.949446201324463,1.567801594734192
705,0.8950796127319336,0.5210177302360535,2.361626148223877,9.089488983154297,80.77864074707031,3.7941033840179443,7.691603660583496,3.0104517936706543,0.15342772006988525,-0.581744909286499,0.04941319301724434,3.80157470703125,7.690965175628662,3.0184426307678223
706,0.9842157363891602,0.4855996072292328,3.5025482177734375,15.883318901062012,141.70423889160156,12.236953735351562,9.579744338989258,3.2810463905334473,0.27123647928237915,0.08468638360500336,0.3005169630050659,12.268074989318848,9.606091499328613,3.2763686180114746
707,0.9282733201980591,0.5136802196502686,1.2666196823120117,3.222313642501831,25.298919677734375,2.0129036903381348,2.27365779876709,1.0779622793197632,0.08112726360559464,-0.016108259558677673,0.014966599643230438,2.016878604888916,2.279942750930786,1.0808649063110352
708,1.0001596212387085,0.4926750063896179,2.491861581802368,12.196765899658203,148.80062866210938,2.7416481971740723,10.749507904052734,5.06878137588501,0.1860763132572174,-0.4155031144618988,0.5303998589515686,2.7429563999176025,10.771437644958496,5.055015563964844
709,0.8299486041069031,0.5266656875610352,3.671311855316162,21.474397659301758,233.27288818359375,18.103355407714844,10.693150520324707,4.367469787597656,-0.2533850073814392,0.46274110674858093,-0.0120285889133811,18.152076721191406,10.712932586669922,4.379635334014893
710,0.9876294136047363,0.5162276029586792,2.124037027359009,6.37619686126709,42.75969314575195,3.681243658065796,4.772218227386475,2.0809290409088135,-0.3305705189704895,0.18820656836032867,0.05358404666185379,3.676598310470581,4.781806468963623,2.0860416889190674
711,0.8890135288238525,0.5153047442436218,4.0458455085754395,25.462358474731445,288.51898193359375,23.650379180908203,8.887605667114258,3.1625595092773438,-1.724606990814209,-0.14184744656085968,-0.12102746963500977,23.653213500976562,8.911261558532715,3.169058084487915
712,0.8939954042434692,0.513165295124054,2.7989823818206787,9.624507904052734,62.95435333251953,7.3310418128967285,5.848268032073975,2.1644256114959717,1.04708993434906,0.3675162196159363,-0.15323032438755035,7.276118755340576,5.85299015045166,2.1650173664093018
713,0.8802644610404968,0.535223662853241,2.139481782913208,9.961990356445312,93.65962982177734,8.309517860412598,4.423802852630615,3.2593154907226562,0.9519990682601929,-0.26587486267089844,-0.14746640622615814,8.277830123901367,4.428123474121094,3.2650599479675293
714,0.8598436117172241,0.5237650275230408,2.1715691089630127,9.841700553894043,108.96173858642578,2.7635490894317627,9.257284164428711,1.8773775100708008,-0.32231536507606506,0.7646940350532532,-0.026986265555024147,2.752344846725464,9.25137996673584,1.8824197053909302
715,0.8459339141845703,0.5452307462692261,2.0525527000427246,10.158814430236816,111.9330825805664,6.017563819885254,7.765895366668701,2.5848255157470703,-0.02736649103462696,-0.6984995007514954,0.26122185587882996,6.0342864990234375,7.7559919357299805,2.578765392303467
716,0.8962933421134949,0.5262736082077026,1.271651029586792,7.774416446685791,102.9905776977539,4.920745849609375,5.978123664855957,0.6998902559280396,0.26316046714782715,0.3530840277671814,0.013589764013886452,4.92741060256958,5.984333038330078,0.7017101645469666
717,0.8561364412307739,0.5233920216560364,2.381706714630127,8.811220169067383,79.28839874267578,4.835575580596924,7.0115532875061035,2.2567522525787354,-0.5511645078659058,-0.25260841846466064,-0.04594160243868828,4.81746244430542,7.026546955108643,2.262578248977661
718,0.8372706770896912,0.5249792337417603,1.7614082098007202,6.494790554046631,54.01548767089844,3.5728437900543213,5.284018039703369,1.2232108116149902,-0.19883020222187042,0.18418066203594208,-0.057187143713235855,3.5772578716278076,5.29553747177124,1.2252814769744873
719,0.9565920829772949,0.5187427997589111,3.7162160873413086,17.743253707885742,155.78750610351562,8.552409172058105,14.933109283447266,4.3222198486328125,0.04712621867656708,-1.6994986534118652,0.2540377378463745,8.57613468170166,14.877469062805176,4.326783180236816
720,0.8569426536560059,0.5491623282432556,2.296370506286621,9.74437141418457,95.45568084716797,5.061645984649658,7.955206394195557,2.4591078758239746,-0.4752829670906067,0.019090715795755386,0.24221570789813995,5.053339004516602,7.977373123168945,2.4539761543273926
721,0.8202114701271057,0.5221896171569824,2.4008498191833496,9.561041831970215,96.83880615234375,6.60296106338501,6.599795341491699,2.063283681869507,-0.9855868816375732,-0.037463877350091934,-0.03853575512766838,6.547202110290527,6.618098258972168,2.068678379058838
722,0.8027642369270325,0.5349756479263306,2.2264668941497803,9.451546669006348,105.97590637207031,6.2364349365234375,6.582064628601074,2.6674015522003174,-0.4461008906364441,-0.21510162949562073,-0.022330544888973236,6.237811088562012,6.596899032592773,2.674748182296753
723,0.8020337224006653,0.5148981213569641,1.414201021194458,5.3145222663879395,50.92988204956055,3.0826377868652344,4.234170436859131,0.9018291234970093,0.04157917946577072,0.03295990824699402,-0.012648328207433224,3.0909547805786133,4.245852470397949,0.904255747795105
724,0.8917131423950195,0.5144792199134827,3.255094051361084,19.538116455078125,218.11842346191406,16.36149787902832,10.01116943359375,3.7169582843780518,1.6409790515899658,-0.7265202403068542,-0.36698296666145325,16.32440948486328,10.01262378692627,3.7091145515441895
725,0.8028500080108643,0.523478090763092,1.5214895009994507,6.673580646514893,80.8220443725586,3.7485218048095703,5.454216480255127,0.8583583831787109,-0.15343643724918365,0.03756856918334961,-0.09333375841379166,3.7558274269104004,5.469301223754883,0.8556491136550903
726,0.7820824980735779,0.5278648734092712,1.6656931638717651,7.438514232635498,83.52171325683594,5.175083637237549,4.9442853927612305,2.025843381881714,-0.19192753732204437,0.2332618087530136,0.1724478304386139,5.185948848724365,4.952556610107422,2.024120807647705
727,0.8516442775726318,0.5332754254341125,2.376769781112671,8.65998363494873,88.91062927246094,7.273675441741943,4.046814441680908,2.3900339603424072,-0.3376566767692566,0.2628108859062195,0.00010413594281999394,7.286101818084717,4.049535274505615,2.396700859069824
728,0.8501333594322205,0.520987868309021,3.1801066398620605,13.865472793579102,134.98008728027344,4.6052703857421875,12.572349548339844,3.6026175022125244,0.15483327209949493,0.310809850692749,-0.05365912243723869,4.615505218505859,12.60356616973877,3.6122658252716064
729,0.8645309209823608,0.5653943419456482,1.954592227935791,7.9129743576049805,78.85693359375,5.854836940765381,4.395408630371094,3.002736806869507,0.28827404975891113,-0.19577021896839142,0.1706550270318985,5.864047527313232,4.403295516967773,3.0062456130981445
730,0.7728655338287354,0.5394939184188843,2.3186843395233154,10.962231636047363,110.26632690429688,4.292911529541016,9.829692840576172,2.262425661087036,0.17583459615707397,-0.9036949276924133,0.0778697058558464,4.301273822784424,9.815367698669434,2.267392158508301
731,0.8177286982536316,0.5237132906913757,3.834745407104492,17.446670532226562,133.70579528808594,5.925180912017822,15.838805198669434,4.290782451629639,0.10918761789798737,0.7064817547798157,-0.2896265983581543,5.940698623657227,15.867177963256836,4.292937755584717
732,0.7346838116645813,0.5405834317207336,2.641749382019043,11.903006553649902,105.23533630371094,4.5870466232299805,10.720481872558594,2.389948844909668,-0.5629338622093201,-0.13436120748519897,0.00673469714820385,4.565072059631348,10.749541282653809,2.3966057300567627
733,0.7905415892601013,0.5409519076347351,1.7040883302688599,5.388308525085449,45.8660888671875,2.486884117126465,4.599693775177002,1.3008055686950684,0.05184224620461464,-0.06994010508060455,-0.1349700391292572,2.493278980255127,4.611990928649902,1.2973934412002563
734,0.7193454504013062,0.5505271553993225,1.593306064605713,6.824524879455566,67.14366912841797,3.9081029891967773,5.000380039215088,2.509397029876709,0.1940220296382904,-0.39408162236213684,-0.16485866904258728,3.9141716957092285,4.99873161315918,2.510960102081299
735,0.759589672088623,0.5420524477958679,1.9262971878051758,9.411616325378418,107.80172729492188,3.4004549980163574,8.479247093200684,2.2622578144073486,0.4573954939842224,-0.37763741612434387,-0.027184942737221718,3.3789515495300293,8.494461059570312,2.268404483795166
736,0.7446503639221191,0.5359985828399658,1.4122081995010376,4.98341178894043,48.60837173461914,4.406815052032471,2.045536994934082,1.1091240644454956,0.3344504237174988,0.10731425136327744,0.0003621048526838422,4.406362056732178,2.0484180450439453,1.1122177839279175
737,0.8078248500823975,0.5329329967498779,1.8959076404571533,7.98805046081543,85.7409439086914,2.5924904346466064,7.164139270782471,2.4006340503692627,-0.017728351056575775,0.5933558940887451,-0.3109074532985687,2.599661111831665,7.159440040588379,2.3870561122894287
738,0.7152236104011536,0.5345920324325562,2.0041253566741943,9.217236518859863,101.03054809570312,7.629486083984375,4.515359401702881,2.5218899250030518,-0.704011857509613,-0.3745230734348297,0.10469868034124374,7.618125915527344,4.512352466583252,2.5267443656921387
739,0.7968041300773621,0.5321013331413269,1.357102870941162,5.587550163269043,60.40462875366211,2.9400863647460938,3.6276659965515137,3.0686559677124023,-0.0800812840461731,-0.08085348457098007,-0.19872087240219116,2.9471936225891113,3.636881113052368,3.070756435394287
740,0.9047762751579285,0.5325470566749573,1.401841163635254,4.5711989402771,47.57564926147461,3.3736395835876465,1.9312067031860352,2.4051733016967773,-0.19072265923023224,-0.21182189881801605,-0.24439744651317596,3.3776395320892334,1.924909234046936,2.3993983268737793
741,0.8484514951705933,0.5231522917747498,3.941181182861328,17.714200973510742,150.44285583496094,5.809449195861816,16.309282302856445,3.748404026031494,0.39425063133239746,-0.5123562216758728,0.42307692766189575,5.812222957611084,16.346704483032227,3.734840154647827
742,0.8406791090965271,0.5126233100891113,1.6718288660049438,5.693755626678467,58.69280242919922,2.9651591777801514,4.501375198364258,1.8342044353485107,-0.05361582711338997,0.11896922439336777,0.08893170952796936,2.9729437828063965,4.512354373931885,1.8371574878692627
743,0.8581864237785339,0.5334911942481995,2.5468690395355225,12.501431465148926,127.51361083984375,6.158339023590088,10.644853591918945,2.2467217445373535,0.11563626676797867,-1.0849612951278687,-0.019105125218629837,6.174429416656494,10.6189546585083,2.2529075145721436
744,0.8658628463745117,0.5351719856262207,2.2684030532836914,8.675278663635254,78.4415283203125,4.489618301391602,7.24724006652832,1.6066397428512573,0.43342655897140503,0.6420496106147766,-0.20853528380393982,4.481113433837891,7.238879680633545,1.5974923372268677
745,0.8644853234291077,0.5342863202095032,1.9005426168441772,7.1854634284973145,57.81535339355469,3.970475912094116,5.253842353820801,2.8746039867401123,-0.01761101745069027,-0.16833585500717163,-0.048283979296684265,3.9815120697021484,5.265792369842529,2.8822154998779297
746,0.8223598599433899,0.5382747054100037,3.248243570327759,17.923377990722656,189.18551635742188,7.3602471351623535,15.644457817077637,4.724956035614014,0.4474862813949585,-0.3041479289531708,-0.06206327676773071,7.367123603820801,15.685132026672363,4.73772668838501
747,0.8619840145111084,0.5346750020980835,3.103964328765869,17.017366409301758,202.91098022460938,15.836758613586426,5.447973728179932,3.0178399085998535,1.1128326654434204,0.12592662870883942,-0.17798563838005066,15.84167766571045,5.4617109298706055,3.0209901332855225
748,0.8489540219306946,0.5226080417633057,1.3565866947174072,5.23933744430542,61.67647171020508,2.74946665763855,3.7258033752441406,2.4514238834381104,0.2086077779531479,0.2592552900314331,-0.14969229698181152,2.7491886615753174,3.727139949798584,2.453674554824829
749,0.9471022486686707,0.5262061953544617,2.284053325653076,9.648417472839355,104.7784423828125,7.752757549285889,5.294605731964111,2.2257256507873535,0.7225743532180786,-0.36649128794670105,0.17269529402256012,7.740541934967041,5.296639442443848,2.225205421447754
750,0.8491438031196594,0.5430201888084412,2.2115094661712646,9.110684394836426,84.64754486083984,6.944332122802734,5.840085506439209,0.8210989832878113,0.44318220019340515,-0.010362264700233936,-0.013039769604802132,6.949506759643555,5.8563666343688965,0.8232855796813965
751,0.904808521270752,0.531795859336853,3.5557258129119873,20.321935653686523,237.7423553466797,18.406063079833984,8.464350700378418,1.5976872444152832,-0.7092171907424927,-0.25980353355407715,-0.191628560423851,18.443700790405273,8.483962059020996,1.5905780792236328
752,0.9072679877281189,0.5056813955307007,1.6758915185928345,5.788259983062744,64.74417114257812,4.763438701629639,2.8349006175994873,1.666416049003601,-0.5532547831535339,-0.28892001509666443,-0.02059095725417137,4.74439811706543,2.828005790710449,1.6709367036819458
753,0.8367730379104614,0.5118427872657776,3.6019043922424316,19.005081176757812,226.62570190429688,15.908978462219238,9.480270385742188,4.268731594085693,0.9505512118339539,0.27235910296440125,0.03856987506151199,15.924851417541504,9.502790451049805,4.280463695526123
754,0.8604405522346497,0.5087280869483948,4.081368923187256,20.164358139038086,197.175537109375,14.484674453735352,13.610851287841797,3.397090435028076,1.0992823839187622,-1.2684977054595947,-0.01763756386935711,14.483187675476074,13.589411735534668,3.4065208435058594
755,0.9197234511375427,0.5260807275772095,2.1976444721221924,8.426095008850098,87.86680603027344,2.725541591644287,7.662304878234863,2.2044453620910645,-0.3073423206806183,-0.22218769788742065,0.09526538848876953,2.715711832046509,7.680446624755859,2.208529233932495
756,0.8100690245628357,0.5212619304656982,3.0083558559417725,12.651447296142578,104.83849334716797,7.68344259262085,8.228052139282227,5.772607326507568,0.9135725498199463,0.3555421531200409,-0.4581637978553772,7.650216579437256,8.243297576904297,5.770448207855225
757,0.9287410378456116,0.518068790435791,3.21647310256958,13.355622291564941,127.69278717041016,5.952414512634277,11.592377662658691,2.9254393577575684,0.4166713356971741,0.7669603228569031,-0.005881818477064371,5.954376220703125,11.5992431640625,2.933593511581421
758,0.9322779774665833,0.5026820302009583,2.2697629928588867,10.961043357849121,134.2738800048828,3.640636920928955,10.141664505004883,2.0091962814331055,-0.1203472837805748,-0.8787473440170288,0.15206682682037354,3.648797035217285,10.131705284118652,2.009021759033203
759,0.9738398194313049,0.5388299822807312,1.8137245178222656,7.5874223709106445,86.63208770751953,6.420497894287109,3.1478397846221924,2.537182331085205,0.3422411382198334,-0.025440163910388947,-0.32444438338279724,6.429253101348877,3.1565170288085938,2.523371696472168
760,0.9443756937980652,0.5191841721534729,1.6518757343292236,6.496865272521973,63.647247314453125,4.411813735961914,4.581099987030029,1.3261529207229614,0.6215633749961853,0.19785428047180176,-0.1693228781223297,4.379992485046387,4.589592456817627,1.3189678192138672
761,0.9700974822044373,0.5281546115875244,2.3733725547790527,9.360438346862793,83.1932373046875,3.592942714691162,8.201130867004395,2.7294728755950928,0.1528274565935135,-0.624296247959137,0.15358880162239075,3.5997042655944824,8.200143814086914,2.7327497005462646
762,0.901608943939209,0.5143583416938782,0.9430837035179138,3.890491485595703,49.250152587890625,3.6305766105651855,1.0747032165527344,0.8943427205085754,0.3393653333187103,-0.019857794046401978,-0.02656644582748413,3.6247634887695312,1.077517032623291,0.8964415788650513
763,0.9286760687828064,0.51056307554245,2.7709832191467285,11.170677185058594,91.04969787597656,6.069382190704346,9.096700668334961,2.2796151638031006,-0.0011324564693495631,-0.9219738841056824,0.09948142617940903,6.0863118171691895,9.075101852416992,2.2837960720062256
764,1.0176806449890137,0.5040823221206665,2.172625780105591,7.253315448760986,59.225318908691406,4.565386772155762,5.146326541900635,2.298511505126953,0.11661811918020248,-0.5197290182113647,0.09967822581529617,4.576627254486084,5.134296894073486,2.3027544021606445
765,0.9994670748710632,0.5022650957107544,1.5183072090148926,5.391364097595215,52.841339111328125,2.9424655437469482,3.434368371963501,2.9349303245544434,-0.22431990504264832,0.22974912822246552,0.12516486644744873,2.9420859813690186,3.4362332820892334,2.940439462661743
766,0.9746861457824707,0.5175725817680359,1.0806752443313599,2.8536722660064697,25.70858383178711,2.076885223388672,1.6585675477981567,1.038819670677185,-0.009266196750104427,0.10500122606754303,-0.15805046260356903,2.082657814025879,1.6598575115203857,1.029590129852295
767,0.9010833501815796,0.5091593861579895,1.6129273176193237,8.295336723327637,105.5350112915039,2.3477911949157715,7.029435157775879,3.726597785949707,0.020135395228862762,0.32793134450912476,-0.2605890929698944,2.3542537689208984,7.04136848449707,3.7278449535369873
768,0.9654577374458313,0.518506646156311,1.5080621242523193,4.505537033081055,40.72548294067383,3.3455801010131836,2.40739369392395,1.8197275400161743,-0.04417947307229042,0.1324329525232315,-0.14412222802639008,3.3546197414398193,2.4104533195495605,1.8190711736679077
769,0.8810976147651672,0.4948985278606415,1.0885695219039917,5.135031223297119,66.85189819335938,3.3057453632354736,3.8456146717071533,0.8073666095733643,-0.24358701705932617,-0.34442511200904846,-0.026062367483973503,3.3059544563293457,3.840843677520752,0.8091967105865479
770,0.9309647083282471,0.5272164344787598,1.4819822311401367,6.419061660766602,69.73957824707031,5.412234783172607,3.1668014526367188,1.3723835945129395,0.020947938784956932,0.34710273146629333,-0.14607883989810944,5.427290916442871,3.1565017700195312,1.3683934211730957
771,0.9640196561813354,0.5088585019111633,2.989489793777466,16.701387405395508,182.75,14.29571533203125,7.175196647644043,4.804734706878662,-0.8421893119812012,-0.13909852504730225,-0.3233300745487213,14.310693740844727,7.193859100341797,4.807215213775635
772,0.8314837217330933,0.5103658437728882,1.4658032655715942,5.9657721519470215,59.79792404174805,4.154562950134277,3.8382110595703125,1.8968859910964966,-0.10489753633737564,-0.09809054434299469,0.028711367398500443,4.164823055267334,3.8476603031158447,1.9019594192504883
773,0.9226260781288147,0.4958556294441223,3.5422182083129883,19.639949798583984,219.6717529296875,17.967668533325195,7.061858654022217,3.608414888381958,1.7744195461273193,-0.5899917483329773,-0.00016841889009810984,17.929710388183594,7.05679988861084,3.6184802055358887
774,0.8992443680763245,0.5138972997665405,2.4027597904205322,8.569896697998047,62.953330993652344,6.992008686065674,4.6684651374816895,1.6614395380020142,0.717405378818512,-0.23554445803165436,0.03316323459148407,6.9745073318481445,4.675524711608887,1.665742039680481
775,0.8730123043060303,0.513010561466217,2.6588990688323975,13.594131469726562,148.64743041992188,4.835291385650635,12.337479591369629,3.0342936515808105,0.4897918403148651,1.076794147491455,-0.3134162724018097,4.823838233947754,12.324682235717773,3.026482105255127
776,0.8936787247657776,0.5313006043434143,2.777050495147705,11.454305648803711,109.37482452392578,8.369112968444824,7.3263959884643555,2.7355096340179443,-0.6607937216758728,0.5367529988288879,-0.19954663515090942,8.366256713867188,7.327088832855225,2.7358317375183105
777,0.969717800617218,0.5093348622322083,3.1625471115112305,12.855751991271973,104.02727508544922,6.182005405426025,10.76370620727539,3.346015453338623,0.15933433175086975,0.3443228006362915,0.04452021047472954,6.197189807891846,10.78820514678955,3.3550519943237305
778,0.8064720034599304,0.5132612586021423,3.1301028728485107,15.487020492553711,151.42282104492188,8.987671852111816,12.256900787353516,2.9728574752807617,0.3625004291534424,0.6662562489509583,-0.2900351583957672,9.00540828704834,12.272918701171875,2.966928720474243
779,1.0206670761108398,0.5070176124572754,3.8291127681732178,20.203706741333008,209.31802368164062,14.786344528198242,12.987940788269043,4.5680623054504395,0.46336695551872253,-1.458443522453308,0.5029054284095764,14.820306777954102,12.941795349121094,4.55295991897583
780,0.9257866144180298,0.5154106020927429,1.5246813297271729,6.851345539093018,62.51378631591797,3.5202476978302,5.668233394622803,1.5556132793426514,-0.06296249479055405,-0.5181247591972351,0.06794949620962143,3.5295019149780273,5.660247802734375,1.558463454246521
781,0.8549006581306458,0.5187081098556519,1.5815969705581665,6.330178260803223,72.03189086914062,2.2044761180877686,5.775574684143066,1.361680269241333,0.28192445635795593,-0.3170408606529236,0.1480526626110077,2.1924731731414795,5.782952308654785,1.3573834896087646
782,0.8478794693946838,0.5178231596946716,3.0807814598083496,18.382863998413086,227.53347778320312,15.948062896728516,8.822226524353027,2.399434804916382,0.9743105173110962,-0.48083561658859253,-0.04557931795716286,15.962677001953125,8.833686828613281,2.405693531036377
783,0.9405345916748047,0.5162538290023804,1.6495537757873535,7.067083835601807,75.29497528076172,2.210482120513916,6.576789379119873,1.3428627252578735,0.2737937271595001,0.41546908020973206,0.016827847808599472,2.1995787620544434,6.5819621086120605,1.3465027809143066
784,0.8847934603691101,0.5221548080444336,2.698606491088867,12.44163703918457,110.20374298095703,4.858860492706299,11.273605346679688,2.022775173187256,-0.08662159740924835,-1.1155378818511963,-0.03641019016504288,4.871638774871826,11.249568939208984,2.0280888080596924
785,0.955703616142273,0.5029715299606323,1.5075629949569702,5.629095554351807,69.11660766601562,4.408925533294678,2.8068461418151855,2.090383529663086,-0.21523962914943695,-0.052882302552461624,0.09013757109642029,4.415952205657959,2.814175844192505,2.0942647457122803
786,0.8857727646827698,0.5117056369781494,3.636082649230957,12.41179370880127,90.68138122558594,8.599534034729004,8.385506629943848,3.127926826477051,0.04331955313682556,-0.4106729328632355,-0.26024898886680603,8.623411178588867,8.39880657196045,3.1257762908935547
787,0.876380205154419,0.5226178169250488,2.4073593616485596,8.83419132232666,82.50857543945312,5.6710381507873535,5.734579086303711,3.6051173210144043,-0.056520167738199234,-0.027931945398449898,-0.07445355504751205,5.6865739822387695,5.750506401062012,3.6144020557403564
788,0.8429203629493713,0.5398110747337341,1.1795568466186523,3.5575926303863525,32.476524353027344,2.0309886932373047,2.8448431491851807,0.662132978439331,-0.19033658504486084,-0.2214069813489914,0.03503778204321861,2.0276904106140137,2.844125747680664,0.6630496978759766
789,0.8624449968338013,0.5155192613601685,2.3468756675720215,10.216839790344238,89.79695892333984,7.331835746765137,6.925619125366211,1.6321110725402832,-0.02212505415081978,-0.8051681518554688,0.04686494916677475,7.3522539138793945,6.897842884063721,1.6359888315200806
790,0.8712040185928345,0.5088592767715454,1.9614261388778687,9.205626487731934,88.72093963623047,6.6188130378723145,6.24253511428833,1.40200936794281,0.07732092589139938,0.29685795307159424,-0.028643304482102394,6.636822700500488,6.252866744995117,1.405626654624939
791,0.8880411982536316,0.5122039318084717,1.44706392288208,6.575440883636475,83.59571075439453,1.3050262928009033,6.196056842803955,1.7726284265518188,0.26330116391181946,0.3851773738861084,-0.12346342206001282,1.2817538976669312,6.20132303237915,1.7732560634613037
792,0.8378987908363342,0.5225682854652405,1.4427293539047241,6.568429470062256,78.68331146240234,3.2292895317077637,5.58878231048584,1.217156171798706,0.19551672041416168,-0.2719687223434448,-0.07997815310955048,3.232356548309326,5.597731590270996,1.2179135084152222
793,0.9348902106285095,0.5356646776199341,1.8368778228759766,6.9958038330078125,57.17046356201172,5.401639938354492,3.744145393371582,2.396860361099243,-0.6549501419067383,-0.12638229131698608,0.015477010980248451,5.376742362976074,3.7524499893188477,2.403496026992798
794,0.8704328536987305,0.514167070388794,1.8707375526428223,7.473483562469482,61.81336975097656,4.458446025848389,5.913169860839844,1.0048116445541382,0.33446764945983887,0.44274187088012695,-0.03540376201272011,4.4582839012146,5.913019180297852,1.0069888830184937
795,0.8956080079078674,0.5130501389503479,2.4893665313720703,18.08057975769043,235.79342651367188,17.652416229248047,3.765869379043579,1.0572320222854614,-1.3720221519470215,-0.237813338637352,0.18486665189266205,17.64810562133789,3.768836259841919,1.0438473224639893
796,0.9240760803222656,0.5152088403701782,3.0190138816833496,12.626628875732422,107.33282470703125,7.428018569946289,10.097868919372559,1.5130516290664673,0.9375271201133728,1.3590213060379028,-0.1645471751689911,7.389170169830322,10.033909797668457,1.5082731246948242
797,0.8852745294570923,0.515880823135376,2.2243900299072266,12.695000648498535,152.82998657226562,10.710334777832031,6.4523701667785645,2.1951494216918945,-0.6874309182167053,-0.8005350828170776,0.254768967628479,10.718063354492188,6.420376777648926,2.186396837234497
798,0.916323721408844,0.5003438591957092,1.2691808938980103,3.471498489379883,35.46441650390625,2.9966838359832764,1.3312387466430664,1.1397327184677124,0.15855751931667328,0.08653067797422409,0.10015005618333817,3.000833511352539,1.3321290016174316,1.138490915298462
799,0.8797813057899475,0.5081087946891785,2.023416042327881,7.367951393127441,53.66366958618164,4.908105850219727,4.9915313720703125,2.2982194423675537,0.6209226250648499,0.15850003063678741,-0.0776890218257904,4.882251739501953,5.002930641174316,2.3033127784729004
800,0.9177894592285156,0.5238279104232788,3.0087883472442627,22.46478271484375,285.3956604003906,20.380565643310547,9.169899940490723,2.2829577922821045,1.7638272047042847,-1.064645528793335,0.22643861174583435,20.360736846923828,9.133292198181152,2.2780368328094482
801,0.8801126480102539,0.5145655870437622,1.9391112327575684,9.733918190002441,93.61819458007812,5.162540435791016,7.919205188751221,2.320242166519165,0.21122048795223236,0.1766824722290039,-0.009075170382857323,5.172606468200684,7.9393181800842285,2.3266963958740234
802,0.9238278269767761,0.5489673614501953,2.13704776763916,9.16736125946045,76.0434341430664,7.509341239929199,4.364670753479004,2.9325673580169678,-0.3435971736907959,0.17963539063930511,-0.055212829262018204,7.522400856018066,4.3731369972229,2.9402260780334473
803,1.0009610652923584,0.49236416816711426,1.7826106548309326,6.837273120880127,58.651885986328125,3.6100351810455322,5.526442050933838,1.7816801071166992,0.06497003138065338,0.1728573888540268,0.08390434086322784,3.619518756866455,5.5391459465026855,1.784667730331421
804,0.8671436309814453,0.5146512389183044,3.3632612228393555,15.326763153076172,123.5926284790039,11.116286277770996,10.41533374786377,1.690767526626587,0.6456718444824219,0.9222210645675659,-0.24754346907138824,11.128474235534668,10.403363227844238,1.677213430404663
805,0.9128625988960266,0.5182825922966003,1.259339451789856,6.625314712524414,85.74552917480469,5.3740434646606445,3.7938311100006104,0.7882261872291565,-0.35346147418022156,-0.3720596432685852,-0.06938672065734863,5.377364635467529,3.7860751152038574,0.7873563766479492
806,0.8711007237434387,0.5138842463493347,2.97540020942688,13.872654914855957,114.33775329589844,11.800081253051758,6.888813018798828,2.3985178470611572,1.6782952547073364,0.5638596415519714,0.032827164977788925,11.712702751159668,6.884848594665527,2.4049832820892334
807,0.9512462019920349,0.5055060386657715,1.6134589910507202,7.30940580368042,85.92029571533203,4.60849666595459,5.419801235198975,1.6777737140655518,0.23879587650299072,-0.4104916453361511,0.09679877012968063,4.615143299102783,5.419308185577393,1.6796510219573975
808,1.0058338642120361,0.5115736126899719,1.2674823999404907,6.31935977935791,73.9357681274414,4.658714294433594,3.9990129470825195,1.4961894750595093,0.20864400267601013,0.5666463971138,-0.2494511604309082,4.66702127456665,3.969705820083618,1.479363203048706
809,0.9186971187591553,0.507977306842804,1.7557600736618042,9.894200325012207,124.99300384521484,5.193620681762695,7.287415504455566,4.220791816711426,-0.10134103894233704,0.5281744003295898,-0.247272327542305,5.207116603851318,7.288524627685547,4.2252960205078125
810,0.9354962706565857,0.5201985836029053,1.8642162084579468,8.577239990234375,72.24842834472656,5.987139701843262,5.66033411026001,2.3840808868408203,0.012101888656616211,-0.06353611499071121,-0.14486664533615112,6.0038275718688965,5.675765514373779,2.3863131999969482
811,0.9884902238845825,0.4995003938674927,1.8378028869628906,7.085175037384033,69.33525848388672,2.503286600112915,5.934916019439697,2.9512760639190674,0.05659612640738487,-0.5906769633293152,0.3169828951358795,2.5096278190612793,5.921922206878662,2.9423885345458984
812,1.006278157234192,0.5009725093841553,1.2580437660217285,4.478180885314941,43.170169830322266,3.4941489696502686,2.682755470275879,0.8048903346061707,0.018575521185994148,0.15028692781925201,-0.026821479201316833,3.5038461685180664,2.686014413833618,0.8066872358322144
813,0.972571849822998,0.4912335276603699,2.5664010047912598,13.460206985473633,151.31044006347656,12.301656723022461,4.363367557525635,3.2874703407287598,-0.5379947423934937,-0.49026212096214294,0.03647762909531593,12.324167251586914,4.347831726074219,3.2964372634887695
814,0.9646305441856384,0.49101850390434265,1.6519854068756104,7.021678924560547,74.85636901855469,4.6838555335998535,5.061276435852051,1.3224806785583496,0.28670352697372437,0.12677305936813354,-0.11318130791187286,4.688113212585449,5.073801517486572,1.3213040828704834
815,0.9463057518005371,0.5054715275764465,1.5409765243530273,6.021972179412842,67.80915832519531,3.000784397125244,5.085999011993408,1.1798560619354248,0.3423134386539459,0.1625603437423706,-0.17210887372493744,2.989511489868164,5.0975799560546875,1.170491337776184
816,1.01405668258667,0.5162225365638733,2.807405948638916,13.23315143585205,103.3412094116211,9.679498672485352,8.491244316101074,3.0532565116882324,1.54636812210083,-0.44267162680625916,-0.013098844327032566,9.581831932067871,8.503351211547852,3.0617449283599854
817,1.0035922527313232,0.5215156674385071,1.9087194204330444,8.416787147521973,79.52440643310547,2.434626579284668,7.641170501708984,2.5548810958862305,-0.11299505829811096,0.029521921649575233,0.17694008350372314,2.438786745071411,7.6624274253845215,2.555856227874756
818,0.9349868297576904,0.5258615016937256,2.301359176635742,11.513479232788086,104.89842224121094,3.843658447265625,10.26201057434082,3.532370090484619,0.15283946692943573,-0.37225309014320374,-0.23556801676750183,3.8513317108154297,10.283863067626953,3.5343377590179443
819,0.9799219369888306,0.49499496817588806,1.2823123931884766,4.189770221710205,48.8366584777832,3.0468223094940186,2.6257853507995605,1.1731576919555664,-0.07419486343860626,0.27936071157455444,-0.13384392857551575,3.054415464401245,2.6181647777557373,1.1687487363815308
820,1.0179170370101929,0.4934954345226288,2.8889317512512207,13.301175117492676,107.5671157836914,8.041950225830078,10.14057445526123,3.068725824356079,0.7625282406806946,-0.5626460909843445,-0.03308631107211113,8.028048515319824,10.15319538116455,3.0771067142486572
821,0.9966648817062378,0.5013607740402222,0.8605111241340637,1.8075549602508545,10.653722763061523,0.9337983131408691,1.305935263633728,0.8305472135543823,-0.005541384220123291,0.008425985462963581,-0.04002031683921814,0.9363866448402405,1.3095508813858032,0.8318965435028076
822,0.9974378943443298,0.4924509525299072,1.2293753623962402,4.291601657867432,50.73955154418945,3.9805986881256104,1.3976845741271973,0.7868629097938538,0.4294072985649109,-0.018473900854587555,-0.03203088045120239,3.9684088230133057,1.4014607667922974,0.7884037494659424
823,1.0740160942077637,0.5070127248764038,3.0380008220672607,16.888500213623047,157.49559020996094,12.840632438659668,10.56503963470459,2.952885150909424,-0.6682784557342529,-1.3868262767791748,0.357713907957077,12.858999252319336,10.502838134765625,2.939314365386963
824,1.076049566268921,0.4903048574924469,2.3537752628326416,17.37537956237793,226.22012329101562,16.94023895263672,3.3294661045074463,1.961316466331482,1.5215898752212524,-0.19364742934703827,-0.15355394780635834,16.918827056884766,3.333101272583008,1.9607502222061157
825,1.0147271156311035,0.49150460958480835,1.1493515968322754,5.563493251800537,71.7822265625,3.008341073989868,4.463029384613037,1.408444881439209,-0.15844294428825378,-0.4599277973175049,-0.0033235761802643538,3.0125458240509033,4.451650619506836,1.412369728088379
826,1.0490669012069702,0.47075581550598145,2.6558749675750732,12.325695991516113,128.07298278808594,9.143538475036621,8.094377517700195,1.6731808185577393,-0.33127468824386597,0.6860920190811157,-0.03544580936431885,9.163022994995117,8.08774471282959,1.677471399307251
827,1.0342005491256714,0.4819839298725128,2.712803363800049,11.697358131408691,105.52941131591797,5.361555576324463,9.929865837097168,3.078908681869507,0.012882391922175884,-0.45916104316711426,0.21833959221839905,5.376495361328125,9.946911811828613,3.079723834991455
828,0.9632574915885925,0.5085869431495667,1.304079294204712,5.128707408905029,55.791751861572266,4.181918144226074,2.577954053878784,1.4728715419769287,0.40100085735321045,0.05345326289534569,-0.16529463231563568,4.174259185791016,2.5845894813537598,1.4676494598388672
829,1.0716607570648193,0.4868068993091583,1.3102203607559204,6.435121536254883,74.87954711914062,3.870783805847168,4.696779727935791,2.089993715286255,-0.269090861082077,0.06193532049655914,-0.1565319001674652,3.872189998626709,4.709471702575684,2.089937210083008
830,1.0488440990447998,0.4775441288948059,1.9084340333938599,10.125219345092773,105.53614807128906,5.846926212310791,7.535980701446533,3.3974273204803467,-0.07770697772502899,-0.4681323766708374,0.012350623495876789,5.862718105316162,7.542407035827637,3.4068820476531982
831,0.9892166256904602,0.5169925689697266,2.1203861236572266,12.955796241760254,164.9176025390625,3.47274112701416,12.245213508605957,2.4181535243988037,-0.2734543979167938,-0.9641973972320557,0.17296111583709717,3.4716148376464844,12.241244316101074,2.4186880588531494
832,0.995168149471283,0.49465852975845337,3.2897439002990723,18.233083724975586,220.2382354736328,16.503389358520508,7.284874439239502,2.6484262943267822,1.4891656637191772,0.20064477622509003,0.14999035000801086,16.481910705566406,7.302423000335693,2.6515512466430664
833,0.9988126754760742,0.49773865938186646,2.8700056076049805,16.716028213500977,196.21363830566406,13.637359619140625,9.207579612731934,2.94423770904541,0.38695603609085083,-0.47315648198127747,0.08866490423679352,13.669891357421875,9.221063613891602,2.9511115550994873
834,1.0070538520812988,0.5076221823692322,0.7690945267677307,1.5715214014053345,10.481353759765625,0.9257030487060547,1.1898726224899292,0.4437979459762573,-0.0645923838019371,-0.14731886982917786,-0.036345820873975754,0.9260225892066956,1.1840111017227173,0.44354090094566345
835,1.00758957862854,0.5027280449867249,1.85640549659729,7.991879940032959,74.11798095703125,3.843825578689575,6.8840837478637695,1.3055789470672607,0.46197614073753357,0.7559477090835571,-0.20232947170734406,3.8266072273254395,6.861537933349609,1.2934036254882812
836,1.0039920806884766,0.49885544180870056,3.003815174102783,13.797772407531738,104.36312103271484,10.139101028442383,9.016864776611328,2.504655599594116,-1.2625999450683594,0.6290748715400696,-0.2255648374557495,10.088242530822754,9.019984245300293,2.5014359951019287
837,0.9097365140914917,0.498808890581131,0.9243205189704895,1.630849838256836,8.395596504211426,0.9228423833847046,1.1768068075180054,0.6505066156387329,-0.12498455494642258,0.043655626475811005,-0.11970045417547226,0.9168900847434998,1.1792771816253662,0.6411821842193604
838,1.024429440498352,0.4933035671710968,2.907654285430908,13.866856575012207,101.8097152709961,9.686211585998535,9.470672607421875,2.961987257003784,-1.470768928527832,-0.735518753528595,-0.053647857159376144,9.600605010986328,9.468405723571777,2.969761848449707
839,1.0021928548812866,0.49169719219207764,1.9518970251083374,11.439175605773926,110.64568328857422,6.57103157043457,9.214330673217773,1.6650547981262207,0.34609830379486084,-1.1143146753311157,0.13290013372898102,6.58021354675293,9.17221736907959,1.664372205734253
840,1.055882453918457,0.5175772905349731,1.8555036783218384,8.583587646484375,86.64173126220703,6.095138072967529,5.563965320587158,2.3599917888641357,-0.6249439120292664,0.02190614677965641,-0.1952267736196518,6.07992696762085,5.579442024230957,2.3584635257720947
841,1.0083558559417725,0.5366848707199097,1.1123552322387695,3.5695254802703857,35.40125274658203,2.816132068634033,2.0016605854034424,0.8968091011047363,0.19992977380752563,0.2523569166660309,-0.0750485435128212,2.816861629486084,1.9912279844284058,0.8961561322212219
842,0.9163742661476135,0.5284571647644043,2.0535833835601807,11.441835403442383,142.07135009765625,10.63558292388916,4.004526138305664,1.328062653541565,0.4003460109233856,0.08124192804098129,0.029270410537719727,10.65769100189209,4.014869689941406,1.3314437866210938
843,1.0099700689315796,0.5086573958396912,1.5440735816955566,7.453551292419434,79.02101135253906,5.8391289710998535,4.411637783050537,1.4133108854293823,-0.2229001373052597,-0.3334347903728485,0.1750992387533188,5.851149082183838,4.411289215087891,1.4063341617584229
844,1.0298854112625122,0.5039821267127991,2.9524617195129395,11.929641723632812,77.6797103881836,5.653231143951416,10.323405265808105,1.9454166889190674,0.281073659658432,0.12563231587409973,0.23794470727443695,5.661989212036133,10.351435661315918,1.9361960887908936
845,1.0999178886413574,0.47571226954460144,2.906749963760376,12.291647911071777,129.0103759765625,4.841246604919434,11.128358840942383,1.9510424137115479,0.5035130381584167,0.4393210709095001,-0.08565052598714828,4.8284220695495605,11.150700569152832,1.9545984268188477
846,1.019747018814087,0.4927307963371277,2.894256353378296,12.213471412658691,92.16478729248047,7.610689163208008,9.103216171264648,2.8944332599639893,-0.15456423163414001,0.5517244338989258,-0.4876193404197693,7.630344390869141,9.111827850341797,2.8610217571258545
847,0.9619417786598206,0.4993841350078583,2.2887845039367676,10.21351146697998,107.48273468017578,3.809332847595215,9.259098052978516,2.0183961391448975,-0.06064871698617935,-0.44702234864234924,0.064267098903656,3.819474458694458,9.27409839630127,2.0230000019073486
848,0.9444428086280823,0.5056375861167908,1.9584907293319702,9.542695045471191,89.1028060913086,7.983604431152344,5.186156272888184,0.6548764705657959,0.3304482400417328,0.44912827014923096,-9.917948045767844e-05,7.9990129470825195,5.181084632873535,0.6567031741142273
849,0.8986039757728577,0.5367661118507385,1.303005576133728,6.958327770233154,90.99371337890625,5.377802848815918,4.3388495445251465,0.8197309970855713,0.34252458810806274,0.2710808217525482,-0.03049044869840145,5.3818535804748535,4.342452049255371,0.8214486837387085
850,0.9701946973800659,0.5160589218139648,0.9392312169075012,3.8658976554870605,48.58606719970703,3.6287636756896973,1.0496826171875,0.8218328356742859,-0.3657784163951874,0.06899788975715637,-0.1433658003807068,3.620351552963257,1.0503342151641846,0.811488687992096
851,0.9887403249740601,0.5043702125549316,2.9104604721069336,12.724812507629395,101.59854125976562,6.730854511260986,10.609546661376953,2.0134472846984863,-0.398156076669693,0.30908453464508057,-0.17422990500926971,6.737810134887695,10.634625434875488,2.0114903450012207
852,0.9874197840690613,0.53934246301651,2.411747694015503,13.25045108795166,104.00904846191406,6.850362777709961,10.810372352600098,3.4326159954071045,-0.6809046864509583,0.1511850357055664,-0.3401631712913513,6.835453033447266,10.83946704864502,3.4252476692199707
853,0.9962372779846191,0.5107853412628174,1.2252962589263916,6.547304630279541,84.755126953125,2.869499921798706,5.3998260498046875,2.339881420135498,0.09080781787633896,-0.4209789037704468,0.07767008990049362,2.8760628700256348,5.398406982421875,2.3451151847839355
854,0.9650560617446899,0.5026279091835022,3.8904149532318115,18.457435607910156,196.488525390625,16.060373306274414,9.004934310913086,1.2854963541030884,1.2378250360488892,-0.8174911141395569,-0.14079856872558594,16.057268142700195,8.992766380310059,1.2813265323638916
855,0.9461382627487183,0.5106879472732544,1.411931037902832,4.944187164306641,44.79500961303711,2.730943202972412,3.45013427734375,2.2546639442443848,-0.33958593010902405,-0.40118664503097534,0.08371558040380478,2.71730637550354,3.436288356781006,2.2593939304351807
856,0.9110580682754517,0.5074834227561951,1.541678547859192,8.20859432220459,101.28418731689453,2.4713399410247803,7.281946659088135,2.8717148303985596,0.07473067194223404,-0.46163859963417053,-0.15953052043914795,2.477099895477295,7.287570953369141,2.8752782344818115
857,1.009825587272644,0.5244222283363342,2.9783549308776855,13.975916862487793,134.25096130371094,7.218027114868164,11.759760856628418,2.2213499546051025,0.2850615978240967,0.28587111830711365,-0.3802092671394348,7.232513904571533,11.789078712463379,2.194674015045166
858,0.9580707550048828,0.49443405866622925,3.6272807121276855,15.349539756774902,103.24149322509766,7.226532936096191,12.688093185424805,4.732638359069824,-0.18883509933948517,-1.6449873447418213,0.5091614127159119,7.244215965270996,12.61609935760498,4.718294143676758
859,0.9768648147583008,0.501814603805542,3.3118245601654053,16.465129852294922,191.17788696289062,8.42380142211914,13.708114624023438,3.4967970848083496,-0.8234513998031616,-0.9481756687164307,0.2994043529033661,8.406842231750488,13.713430404663086,3.4936740398406982
860,0.9326581954956055,0.5043120980262756,1.790557861328125,9.576204299926758,92.83146667480469,8.322775840759277,4.6984710693359375,0.5995402336120605,-0.6299819350242615,-0.26195546984672546,0.057022836059331894,8.322047233581543,4.704248428344727,0.5984870791435242
861,0.9863808751106262,0.526731014251709,1.6113814115524292,5.280835151672363,46.29722595214844,2.4080493450164795,4.198395729064941,2.1123428344726562,0.06258321553468704,-0.25594761967658997,0.07695291191339493,2.4139506816864014,4.202276229858398,2.1168289184570312
862,0.9871388077735901,0.509831428527832,2.130066394805908,11.033778190612793,122.3624038696289,3.5140419006347656,10.117402076721191,2.6521615982055664,-0.20873360335826874,-1.0369070768356323,0.3645869791507721,3.5176215171813965,10.092199325561523,2.634310483932495
863,0.9407073855400085,0.5195565819740295,1.6787045001983643,9.08386516571045,114.18045806884766,4.624056339263916,7.444670677185059,2.3898978233337402,-0.392660915851593,0.4400094151496887,-0.10496873408555984,4.620205879211426,7.452386379241943,2.3942513465881348
864,0.9004994034767151,0.5320216417312622,1.9160784482955933,8.465683937072754,93.07862091064453,6.736497402191162,4.978396892547607,1.2259559631347656,0.5201955437660217,0.0017358330078423023,-0.08864133805036545,6.735117435455322,4.992282867431641,1.2261579036712646
865,0.8998640179634094,0.5257094502449036,2.4921622276306152,13.03126335144043,138.6944580078125,8.146183013916016,9.87598991394043,2.4327774047851562,-0.06802508234977722,-0.8246666193008423,-0.1063699722290039,8.168621063232422,9.868949890136719,2.437230348587036
866,0.8989030122756958,0.5179895162582397,1.2226271629333496,4.66130256652832,52.04886245727539,2.6614599227905273,3.3839757442474365,1.7869206666946411,-0.2516077756881714,-0.2231091409921646,0.05358400568366051,2.656930446624756,3.3860316276550293,1.791099190711975
867,0.9767054319381714,0.49696043133735657,2.241293430328369,12.724343299865723,134.19369506835938,2.2016539573669434,11.940960884094238,3.804612636566162,-0.1121411845088005,0.1823028028011322,0.11130551248788834,2.2049295902252197,11.972872734069824,3.813591957092285
868,0.9613721370697021,0.5167574286460876,2.462092161178589,14.29368782043457,179.6600341796875,13.321906089782715,4.356681823730469,2.8027937412261963,-0.734494149684906,0.22542810440063477,0.28240901231765747,13.338747024536133,4.362981796264648,2.7963080406188965
869,0.9637439846992493,0.5052366256713867,2.387871742248535,9.71932315826416,72.64530181884766,4.752118110656738,7.841510772705078,3.2238712310791016,-0.465404212474823,0.550267219543457,-0.00267791748046875,4.742464542388916,7.843998908996582,3.232862710952759
870,0.8730481863021851,0.5098686218261719,1.7880958318710327,9.499855041503906,115.61556243896484,7.301852226257324,5.7228240966796875,2.0443828105926514,-0.6201675534248352,0.42879703640937805,-0.16295595467090607,7.295762062072754,5.722655773162842,2.043562650680542
871,0.8938518762588501,0.5073285102844238,3.5010318756103516,14.188911437988281,110.88710021972656,6.997685432434082,11.445329666137695,4.6219072341918945,-0.24423232674598694,-1.4039843082427979,0.41860657930374146,7.012929916381836,11.390575408935547,4.615751266479492
872,0.9756847620010376,0.5029649138450623,2.3184502124786377,10.018125534057617,87.21894073486328,5.9168477058410645,7.396393775939941,3.2629921436309814,0.23888961970806122,0.038055822253227234,-0.09774734079837799,5.92851448059082,7.416927337646484,3.270625114440918
873,0.9510988593101501,0.4947635531425476,2.2627415657043457,9.2249174118042,82.20618438720703,5.441669464111328,6.875403881072998,2.866384267807007,-0.4777785539627075,-0.14185002446174622,0.13888227939605713,5.435774326324463,6.893113613128662,2.8710038661956787
874,0.8412875533103943,0.5710121989250183,3.8526053428649902,25.5764217376709,316.8287353515625,21.813316345214844,13.173379898071289,2.1896908283233643,-2.1012587547302246,-0.5364486575126648,0.0724179819226265,21.772436141967773,13.199169158935547,2.1945974826812744
875,0.9364327192306519,0.5075501203536987,2.6234548091888428,12.29133415222168,105.61553955078125,5.752191066741943,10.372254371643066,3.2257611751556396,-0.20197519659996033,1.4084467887878418,-0.32038000226020813,5.764678955078125,10.304847717285156,3.2187650203704834
876,0.8679932951927185,0.5157015919685364,3.092759609222412,20.43670082092285,225.70660400390625,18.547868728637695,8.273655891418457,2.276379346847534,0.13902248442173004,-0.8459206819534302,-0.14654229581356049,18.599084854125977,8.253255844116211,2.277994155883789
877,0.8838236927986145,0.5063798427581787,2.903348445892334,13.731553077697754,130.27256774902344,8.520798683166504,10.528047561645508,2.2609171867370605,0.15629161894321442,-0.8488906025886536,0.01863228529691696,8.543129920959473,10.523039817810059,2.2671470642089844
878,0.8963240385055542,0.5185624361038208,5.00531005859375,25.256120681762695,218.01760864257812,21.614530563354492,12.652539253234863,3.2553062438964844,0.265444815158844,0.3822556436061859,0.22870056331157684,21.673187255859375,12.682040214538574,3.2563207149505615
879,0.7696584463119507,0.5285332798957825,3.0782058238983154,12.543248176574707,111.50019073486328,6.877575874328613,9.536614418029785,4.3686394691467285,0.5493996739387512,-0.17953090369701385,-0.5524856448173523,6.874719619750977,9.561521530151367,4.345651626586914
880,0.7837492823600769,0.5337046980857849,3.8710062503814697,19.65079116821289,204.71510314941406,15.851846694946289,11.347319602966309,2.4720277786254883,1.6565991640090942,-1.2221612930297852,0.016457589343190193,15.80902099609375,11.312779426574707,2.478868007659912
881,0.8072584867477417,0.5241524577140808,2.850773811340332,11.85605525970459,114.57941436767578,8.494632720947266,7.750566482543945,2.8872079849243164,-1.1291459798812866,-0.6075497269630432,-0.18641141057014465,8.442736625671387,7.748270034790039,2.889220952987671
882,0.795802652835846,0.5362456440925598,2.5158090591430664,9.886094093322754,70.04287719726562,6.229511260986328,7.308335304260254,2.3486766815185547,-0.5129228234291077,0.0661199688911438,0.06353582441806793,6.225676536560059,7.328420162200928,2.3543660640716553
883,0.8387517929077148,0.5191157460212708,1.341692328453064,5.186140537261963,50.94689178466797,3.592902421951294,3.6246800422668457,0.921302855014801,0.14519774913787842,-0.36942338943481445,0.022563977167010307,3.5999815464019775,3.615863561630249,0.9235956072807312
884,0.8625473976135254,0.5255078077316284,2.100508451461792,8.686513900756836,82.0619125366211,5.092237949371338,6.477910041809082,2.7497870922088623,-0.3007458448410034,0.03572374954819679,-0.10664750635623932,5.097527980804443,6.495880603790283,2.755382537841797
885,0.7793034911155701,0.5197145342826843,3.0337836742401123,12.551002502441406,120.44607543945312,6.90981388092041,10.116693496704102,2.726656198501587,0.5142689943313599,0.48568394780158997,0.06022496894001961,6.909870624542236,10.133214950561523,2.7335948944091797
886,0.857559084892273,0.4892730712890625,4.144675254821777,16.512975692749023,110.59374237060547,10.858654022216797,12.069602012634277,3.0154120922088623,-1.2967103719711304,-2.076145887374878,0.1760239154100418,10.811023712158203,11.922863006591797,3.018666982650757
887,0.9601464867591858,0.5144389867782593,2.0013766288757324,10.189786911010742,101.8291244506836,6.266665935516357,7.819088459014893,1.8500006198883057,-0.7620461583137512,0.873276948928833,-0.24289751052856445,6.237510681152344,7.791842937469482,1.8391013145446777
888,0.9098305702209473,0.5136908292770386,2.2799341678619385,9.763191223144531,83.31126403808594,6.401986122131348,7.195545673370361,1.5995633602142334,0.33187052607536316,0.17500290274620056,-0.12945203483104706,6.411211967468262,7.213482856750488,1.5987637042999268
889,0.944623589515686,0.49993130564689636,2.367459774017334,9.127289772033691,73.264892578125,7.0494208335876465,5.550868511199951,1.6736032962799072,0.3735150396823883,0.5309553146362305,-0.12930993735790253,7.059154510498047,5.540828704833984,1.6732547283172607
890,0.8993386030197144,0.5130380988121033,2.003329277038574,10.387335777282715,118.784912109375,7.060642242431641,7.4496636390686035,1.5958001613616943,0.7817001342773438,-0.14518234133720398,-0.14559057354927063,7.036811351776123,7.469025135040283,1.5935777425765991
891,0.9492511749267578,0.5029105544090271,3.6728944778442383,15.01870059967041,118.88707733154297,7.3033013343811035,12.623927116394043,3.586026668548584,-0.47905847430229187,1.0089870691299438,0.012728532776236534,7.307900428771973,12.618640899658203,3.5960066318511963
892,0.8843098878860474,0.5001420974731445,3.8446238040924072,17.33031463623047,125.9283676147461,14.325510025024414,9.333409309387207,2.829676866531372,0.9785352945327759,-0.28923314809799194,0.15638598799705505,14.331915855407715,9.354948043823242,2.833233118057251
893,1.017524242401123,0.48298904299736023,3.8526294231414795,20.348388671875,229.1300048828125,18.164281845092773,8.6328706741333,3.096668004989624,0.8174881935119629,0.030580732971429825,0.21140891313552856,18.19649314880371,8.656896591186523,3.0980608463287354
894,0.9983915090560913,0.5097817182540894,2.0304877758026123,9.672224998474121,87.30889129638672,2.7759389877319336,9.105243682861328,1.714832067489624,0.036344919353723526,-0.010494762100279331,-0.018115811049938202,2.7834436893463135,9.130635261535645,1.7195196151733398
895,1.0988386869430542,0.4957697093486786,4.91155481338501,22.679018020629883,220.09652709960938,18.638051986694336,12.552824020385742,3.063915729522705,0.14033471047878265,0.7142477631568909,0.07175740599632263,18.689510345458984,12.567444801330566,3.0716195106506348
896,1.1071770191192627,0.4651328921318054,3.2748782634735107,15.170592308044434,128.2025909423828,10.04284954071045,11.144784927368164,2.2542946338653564,0.9977866411209106,-0.703379213809967,-0.07765553891658783,10.021034240722656,11.15359115600586,2.2592411041259766
897,1.000563383102417,0.47651439905166626,3.4501090049743652,14.176966667175293,126.54733276367188,11.18857479095459,8.167556762695312,3.0154924392700195,-0.9581394195556641,0.0005735609447583556,-0.03331148624420166,11.178568840026855,8.190339088439941,3.023719072341919
898,0.9906709790229797,0.48976871371269226,3.481414318084717,13.963515281677246,102.50613403320312,7.495609760284424,11.223875045776367,3.580531597137451,-0.9793453216552734,-0.3780817687511444,0.7025833129882812,7.452084541320801,11.248796463012695,3.520716905593872
899,1.0772894620895386,0.49894845485687256,3.624129295349121,14.727486610412598,113.32516479492188,7.716456890106201,11.820962905883789,4.197615146636963,-0.1682128757238388,0.848850667476654,0.24834109842777252,7.736141681671143,11.823333740234375,4.201951026916504
900,1.009211778640747,0.502429187297821,3.60579776763916,15.539958000183105,131.80442810058594,7.024405479431152,12.642845153808594,5.6838788986206055,0.3870108723640442,-1.5441070795059204,0.6058361530303955,7.033299922943115,12.583200454711914,5.667263507843018
901,1.0620983839035034,0.4687681794166565,3.2990798950195312,16.602405548095703,183.56886291503906,15.256930351257324,5.2769598960876465,3.875518798828125,1.0779045820236206,-0.4048590064048767,0.284548819065094,15.261256217956543,5.276082515716553,3.8758397102355957
902,0.9699913859367371,0.4799676537513733,2.557018518447876,13.826737403869629,160.3962860107422,3.4073338508605957,12.909673690795898,3.5929131507873535,0.19712528586387634,-1.634376049041748,0.20924055576324463,3.4111156463623047,12.841519355773926,3.596820592880249
903,1.1326109170913696,0.4519897997379303,2.452432155609131,8.362261772155762,61.97072982788086,5.2409257888793945,6.26680326461792,1.7853028774261475,-0.17394010722637177,-0.0731150358915329,0.07374032586812973,5.252649307250977,6.28385591506958,1.7887550592422485
904,1.0698984861373901,0.482463538646698,3.4175405502319336,16.557588577270508,182.0177764892578,15.076839447021484,6.334071159362793,2.592717409133911,0.578224778175354,0.6544257402420044,-0.00014131864008959383,15.107769966125488,6.317746639251709,2.599949836730957
905,1.0577714443206787,0.4759490191936493,3.752051830291748,15.706399917602539,142.7699737548828,12.068422317504883,9.55077838897705,3.134782314300537,-0.8067923188209534,-1.2052421569824219,0.276033878326416,12.07501220703125,9.5008544921875,3.1313154697418213
906,1.0622533559799194,0.47288891673088074,3.0664379596710205,15.332091331481934,156.59451293945312,12.737516403198242,7.985438346862793,3.01023006439209,0.7816311717033386,0.17569127678871155,0.08232305198907852,12.748974800109863,8.005773544311523,3.0174975395202637
907,1.027880072593689,0.4759790897369385,4.670588493347168,20.244335174560547,155.62091064453125,17.627439498901367,8.998727798461914,4.257858753204346,-2.6814627647399902,0.741803765296936,0.27564436197280884,17.47089385986328,8.99311637878418,4.26077938079834
908,1.098542332649231,0.46310800313949585,2.886230230331421,13.469013214111328,128.521728515625,10.921687126159668,7.630727291107178,1.975616216659546,1.227828025817871,0.1555645912885666,-0.11956886947154999,10.882723808288574,7.650422096252441,1.9774953126907349
909,1.072682499885559,0.4806531071662903,3.9186062812805176,15.741048812866211,146.34054565429688,12.665401458740234,9.156672477722168,1.8771015405654907,0.8488448262214661,-0.20791427791118622,-0.019791295751929283,12.672175407409668,9.17984676361084,1.882232904434204
910,0.9880722761154175,0.5012882351875305,3.3571012020111084,13.876594543457031,105.8486328125,7.779958724975586,10.626823425292969,4.370669841766357,-0.8940710425376892,-1.0381996631622314,0.40225842595100403,7.749972343444824,10.605488777160645,4.364259243011475
911,0.9585339426994324,0.5104089975357056,2.67380952835083,9.883244514465332,71.36231231689453,6.957045078277588,6.538825035095215,2.5537850856781006,0.2803041636943817,-0.7917019724845886,0.19862821698188782,6.970786094665527,6.508824825286865,2.5531508922576904
912,0.9029255509376526,0.498324453830719,2.2584152221679688,8.509449005126953,71.52466583251953,6.337870121002197,5.489980220794678,1.4499120712280273,-0.7455094456672668,0.02157268486917019,-0.09785472601652145,6.311427116394043,5.505251407623291,1.45064115524292
913,1.0210349559783936,0.49252820014953613,6.085940361022949,23.0372314453125,209.9351348876953,19.415084838867188,11.70701789855957,4.088296890258789,-0.8206101655960083,-2.205648899078369,0.5217747092247009,19.451845169067383,11.529436111450195,4.066174507141113
914,0.930456280708313,0.5197860598564148,3.468780040740967,13.52638053894043,89.40412902832031,9.12940788269043,9.202832221984863,3.8632571697235107,-1.1699233055114746,-0.22860607504844666,0.3962283432483673,9.079391479492188,9.225655555725098,3.8536033630371094
915,1.0213027000427246,0.4939113259315491,4.117862224578857,18.697193145751953,128.97476196289062,1.9928991794586182,17.641321182250977,5.8649139404296875,-0.060977619141340256,-0.59731525182724,0.06712645292282104,1.9975225925445557,17.680387496948242,5.88088846206665
916,1.0830525159835815,0.4898917078971863,4.869235038757324,16.961576461791992,114.7146987915039,9.499964714050293,13.386134147644043,4.27284049987793,-0.2227684110403061,0.17058774828910828,0.09793742001056671,9.523843765258789,13.422383308410645,4.283633232116699
917,1.0540632009506226,0.4870646893978119,4.0841898918151855,17.05487060546875,120.98065185546875,9.924870491027832,13.39710807800293,3.5892934799194336,-1.0062836408615112,-0.1773984283208847,-0.12441965937614441,9.901268005371094,13.433300971984863,3.597142457962036
918,1.116424560546875,0.46892407536506653,2.8458638191223145,10.84980583190918,88.37327575683594,3.35214900970459,9.411029815673828,4.232482433319092,-0.17737022042274475,-0.05160484462976456,0.14143133163452148,3.356790542602539,9.437139511108398,4.241918087005615
919,1.043493628501892,0.49177420139312744,4.914360523223877,18.582412719726562,129.1197052001953,9.502789497375488,15.514787673950195,3.780792474746704,0.10360381007194519,-0.797966718673706,0.020537100732326508,9.528730392456055,15.537473678588867,3.7912824153900146
920,1.0420289039611816,0.49899694323539734,4.19008207321167,14.978399276733398,97.73915100097656,10.846040725708008,9.942599296569824,2.803670883178711,-0.4590873420238495,-0.2163594663143158,-0.1871786117553711,10.866547584533691,9.967971801757812,2.8052189350128174
921,1.0779774188995361,0.49427321553230286,5.024923324584961,24.273088455200195,235.16094970703125,18.67458724975586,15.027217864990234,3.8242993354797363,-1.6023142337799072,-2.589444637298584,0.5836073160171509,18.65761947631836,14.843724250793457,3.790048837661743
922,1.0896285772323608,0.4677306115627289,2.200308322906494,8.082550048828125,60.90308380126953,5.511088848114014,5.754333019256592,1.3576345443725586,0.3920985758304596,-0.7761685252189636,0.17844505608081818,5.512456893920898,5.717650413513184,1.3496103286743164
923,1.0836702585220337,0.47852495312690735,4.299914836883545,15.444775581359863,105.92404174804688,8.111588478088379,12.57770824432373,3.8137271404266357,0.3831034302711487,0.1603877991437912,-0.049982812255620956,8.125138282775879,12.611766815185547,3.8240363597869873
924,1.0780729055404663,0.4739813208580017,3.2801806926727295,14.262588500976562,119.24571990966797,8.131927490234375,11.41569709777832,2.6410293579101562,-0.1401069313287735,0.1166893020272255,-0.24330729246139526,8.153399467468262,11.446943283081055,2.637133836746216
925,1.0193603038787842,0.48611757159233093,4.089564323425293,20.327173233032227,231.34872436523438,18.039287567138672,8.914896011352539,2.8814404010772705,1.2687656879425049,-0.7671022415161133,0.2773997187614441,18.044809341430664,8.906606674194336,2.8760569095611572
926,1.1159493923187256,0.5049154162406921,2.944547653198242,12.565536499023438,101.31492614746094,5.64280891418457,10.62841796875,3.6177544593811035,0.515514612197876,-1.094879388809204,0.34623080492019653,5.634885787963867,10.601363182067871,3.6111936569213867
927,1.0065550804138184,0.5359016060829163,3.5891785621643066,20.282974243164062,226.71351623535156,15.833318710327148,12.274128913879395,3.1702966690063477,0.6795220375061035,-0.3571988046169281,0.055474407970905304,15.862854957580566,12.303153038024902,3.1786532402038574
928,0.9338380694389343,0.5000420212745667,3.6893301010131836,18.868022918701172,182.8592529296875,7.157232284545898,16.62338638305664,5.332849502563477,-0.07377412915229797,-1.9332001209259033,0.5149274468421936,7.176815509796143,16.55664825439453,5.322737216949463
929,0.9762747287750244,0.4735083281993866,2.3933770656585693,9.144938468933105,92.30081176757812,5.921133041381836,6.55835485458374,2.3575551509857178,-0.7437286376953125,0.4684489071369171,-0.06836758553981781,5.890624523162842,6.559850692749023,2.3631372451782227
930,1.0205670595169067,0.5084400773048401,5.158323764801025,18.47722625732422,123.5753402709961,9.38444995880127,15.100549697875977,5.031237602233887,-0.1384434849023819,1.0953696966171265,-0.46799927949905396,9.409603118896484,15.10278034210205,5.023396968841553
931,0.8934366106987,0.49530360102653503,4.192777633666992,15.587841987609863,109.97928619384766,11.865274429321289,9.749783515930176,2.6716701984405518,0.9887666702270508,0.006087854504585266,0.1121642142534256,11.856985092163086,9.7769775390625,2.676760673522949
932,1.0331584215164185,0.5023660659790039,3.5198168754577637,15.710634231567383,163.353759765625,13.796770095825195,7.084406852722168,2.5068609714508057,0.3078886866569519,-0.11788265407085419,-0.21352647244930267,13.831809043884277,7.103184700012207,2.5047175884246826
933,0.9513548016548157,0.474613219499588,3.511174201965332,15.558408737182617,137.5840301513672,9.49862003326416,12.030609130859375,2.6654698848724365,-0.29758262634277344,-1.535845160484314,0.25689858198165894,9.520439147949219,11.96545696258545,2.660461664199829
934,1.0082902908325195,0.4961640238761902,3.1717774868011475,12.03477668762207,103.19348907470703,5.954658031463623,9.439109802246094,4.503454685211182,-0.3656192719936371,0.10702688992023468,0.1371326744556427,5.960000991821289,9.464831352233887,4.513922214508057
935,1.0834662914276123,0.49334120750427246,2.6193132400512695,8.757530212402344,56.140621185302734,6.397670269012451,5.481083869934082,2.392043352127075,0.731462299823761,-0.5847028493881226,0.0924094095826149,6.373446464538574,5.4650092124938965,2.396925210952759
936,1.0116934776306152,0.510074257850647,3.5817489624023438,15.09841537475586,111.79840087890625,12.672688484191895,7.789350986480713,2.5867247581481934,-0.7586922645568848,0.5500719547271729,-0.3075913190841675,12.685242652893066,7.791577339172363,2.575536012649536
937,1.0290617942810059,0.4633605480194092,4.550075531005859,16.344572067260742,103.07974243164062,10.014261245727539,11.92491340637207,4.965489864349365,0.9489687085151672,-1.0165023803710938,0.2468724399805069,9.997005462646484,11.914651870727539,4.97318172454834
938,1.1348332166671753,0.4795144498348236,3.1188127994537354,11.642155647277832,94.98655700683594,5.841057777404785,9.501198768615723,3.339017629623413,0.2946692705154419,-1.0423917770385742,0.2811014950275421,5.849893093109131,9.470187187194824,3.336444854736328
939,1.0536659955978394,0.5015113949775696,2.954319953918457,12.767285346984863,133.6268310546875,6.613241195678711,10.639532089233398,2.46352481842041,-0.03934292495250702,-1.0510356426239014,-0.13561680912971497,6.631570339202881,10.617023468017578,2.4666504859924316
940,0.9862504601478577,0.5009005069732666,5.302803993225098,19.485492706298828,133.37660217285156,10.082961082458496,16.196636199951172,3.960714101791382,0.7141371965408325,-2.428030490875244,0.3976200520992279,10.085694313049316,16.058277130126953,3.9516966342926025
941,1.15036141872406,0.4697095453739166,3.944350242614746,14.68832778930664,112.09754180908203,9.295525550842285,11.052284240722656,2.680900812149048,-0.17497773468494415,-1.1624220609664917,0.3280998170375824,9.319803237915039,11.021642684936523,2.6681697368621826
942,1.1299519538879395,0.46888086199760437,5.692350387573242,25.104419708251953,198.6483917236328,22.77005958557129,9.976530075073242,3.496443748474121,-0.08669764548540115,-0.3942277729511261,0.05937298759818077,22.833410263061523,9.99654483795166,3.5056912899017334
943,1.0432102680206299,0.48082563281059265,2.438718795776367,9.741246223449707,75.77597045898438,6.033308506011963,7.267754554748535,2.381347894668579,0.29853355884552,-0.3460060656070709,0.1711703985929489,6.042727470397949,7.279763698577881,2.3818132877349854
944,1.0240124464035034,0.5031564235687256,3.902467966079712,14.676433563232422,116.57927703857422,7.061740875244141,12.504186630249023,3.0289950370788574,0.22426317632198334,1.385694146156311,-0.25644397735595703,7.07786750793457,12.461834907531738,3.026538848876953
945,0.938893735408783,0.4988483488559723,4.578159809112549,21.239360809326172,220.9309539794922,17.21601104736328,12.111268997192383,2.8348886966705322,-0.051954567432403564,-0.8486163020133972,0.24927987158298492,17.26395606994629,12.115202903747559,2.83178448677063
946,1.0384448766708374,0.48929423093795776,3.4866490364074707,14.952330589294434,130.59019470214844,14.13791275024414,4.618066787719727,1.537889003753662,-0.8883853554725647,-0.5136820673942566,0.08294928818941116,14.149331092834473,4.60221004486084,1.5399339199066162
947,1.213598608970642,0.4692913293838501,5.071099758148193,22.500593185424805,241.44573974609375,20.059717178344727,9.098478317260742,4.593700885772705,-0.3936145305633545,-0.06029578298330307,0.09373661130666733,20.111799240112305,9.1236572265625,4.605556011199951
948,1.0351896286010742,0.486073762178421,3.136370897293091,10.010540962219238,58.87744140625,6.842439651489258,6.578868389129639,3.179691791534424,-0.49093887209892273,-1.13581383228302,0.12751206755638123,6.843841552734375,6.49815559387207,3.1859962940216064
949,1.003617286682129,0.4947398006916046,4.177642345428467,17.01790428161621,133.29092407226562,10.738716125488281,12.174589157104492,5.105717658996582,0.2132776528596878,-1.6350209712982178,0.5732817053794861,10.766546249389648,12.09795093536377,5.087583065032959
950,1.0216856002807617,0.5001532435417175,2.6838455200195312,12.327178955078125,131.52505493164062,5.995636463165283,10.32865047454834,3.0546185970306396,0.14270621538162231,0.7837541699409485,-0.23720283806324005,6.01065731048584,10.327598571777344,3.053889513015747
951,0.9858198165893555,0.49628955125808716,2.2792506217956543,9.304299354553223,94.62962341308594,3.115933418273926,8.03449535369873,3.5082528591156006,0.23180162906646729,-0.6462854743003845,0.39749306440353394,3.115966796875,8.030797958374023,3.495384693145752
952,1.0471041202545166,0.49069175124168396,3.9053196907043457,20.603246688842773,211.3920440673828,19.32781410217285,6.966189384460449,1.5497105121612549,1.6424709558486938,0.5408170819282532,-0.18521931767463684,19.311616897583008,6.964537620544434,1.5428937673568726
953,1.018865942955017,0.5022446513175964,4.4723334312438965,15.782554626464844,100.56893920898438,9.45863151550293,12.19375991821289,3.306891679763794,0.4872454106807709,0.05340250954031944,0.10496500134468079,9.472421646118164,12.227655410766602,3.3144450187683105
954,0.9705395102500916,0.5137922167778015,3.5606601238250732,12.765697479248047,110.85065460205078,9.28524112701416,8.125872611999512,3.2737627029418945,-0.6693212389945984,-0.5546017289161682,0.3476295471191406,9.286918640136719,8.129536628723145,3.264333486557007
955,0.9581574201583862,0.505014955997467,3.393826723098755,13.109638214111328,103.3735580444336,5.939055442810059,10.998550415039062,3.9524829387664795,-0.046004414558410645,-1.1105252504348755,0.544452965259552,5.955442905426025,10.972864151000977,3.9257242679595947
956,0.9964923858642578,0.4964582920074463,3.2186925411224365,12.130559921264648,86.43470001220703,9.107458114624023,7.634757041931152,2.432111978530884,0.2867521345615387,-0.338331937789917,0.15971574187278748,9.128334999084473,7.648531913757324,2.433631658554077
957,0.990211009979248,0.5055685639381409,2.994093894958496,11.608003616333008,97.88154602050781,7.958113193511963,8.249469757080078,1.8331496715545654,0.4461362361907959,-0.11429120600223541,-0.16200797259807587,7.967761039733887,8.271687507629395,1.8310701847076416
958,0.9746954441070557,0.5006600022315979,4.198538780212402,15.24663257598877,97.85875701904297,10.848006248474121,10.268512725830078,3.0558488368988037,-1.0252423286437988,-0.9412443041801453,0.26493433117866516,10.829573631286621,10.253805160522461,3.0528347492218018
959,1.023476004600525,0.4804476797580719,4.507842063903809,19.979677200317383,181.80752563476562,13.415689468383789,14.153660774230957,4.3451828956604,0.424745112657547,0.8907149434089661,-0.3879082202911377,13.446367263793945,14.165007591247559,4.339905261993408
960,0.9082802534103394,0.5039202570915222,5.332341194152832,23.056312561035156,230.08518981933594,18.38039779663086,13.305073738098145,4.09018611907959,-1.0764555931091309,1.024293303489685,-0.009131462313234806,18.4000301361084,13.302589416503906,4.1015849113464355
961,0.8898785710334778,0.5010895133018494,5.414381504058838,16.365140914916992,90.49697875976562,12.451457023620605,9.840682983398438,3.992489814758301,0.2632276713848114,0.5094076991081238,0.3299418091773987,12.4833984375,9.854903221130371,3.989931583404541
962,0.9950332045555115,0.48773667216300964,4.310274124145508,16.14067268371582,111.60723876953125,7.067327499389648,13.925257682800293,4.081838130950928,-0.6571197509765625,-0.8616572022438049,0.257622629404068,7.056340217590332,13.937342643737793,4.085063457489014
963,0.9969746470451355,0.4922991096973419,2.946861743927002,12.028865814208984,107.434814453125,9.414281845092773,7.2160539627075195,1.998368263244629,-0.6258748769760132,0.987466037273407,-0.24685220420360565,9.419655799865723,7.168109893798828,1.9885947704315186
964,0.9046403169631958,0.5358218550682068,5.043218612670898,20.521459579467773,156.75225830078125,13.851268768310547,14.606169700622559,3.991560935974121,-0.39838847517967224,-1.8162004947662354,0.49527573585510254,13.884159088134766,14.533238410949707,3.9717624187469482
965,0.905911922454834,0.5272073745727539,5.055342197418213,20.509702682495117,165.93284606933594,13.562382698059082,14.588398933410645,4.887566089630127,0.21061871945858002,-1.3819993734359741,0.19767805933952332,13.598572731018066,14.563301086425781,4.897189140319824
966,0.9290309548377991,0.5035662651062012,4.869901657104492,22.03449249267578,236.04598999023438,18.28384017944336,11.876847267150879,3.187567710876465,-1.4289286136627197,-0.04963366314768791,0.1879517138004303,18.278762817382812,11.909871101379395,3.1908977031707764
967,0.9897521734237671,0.4961833953857422,3.519624948501587,13.404020309448242,118.5389175415039,7.606943607330322,10.711793899536133,2.6569981575012207,-0.7996437549591064,0.24862901866436005,-0.11244390904903412,7.5858988761901855,10.73878002166748,2.662022829055786
968,0.9370297193527222,0.5040852427482605,2.655222177505493,9.535591125488281,81.8875961303711,4.657275199890137,7.522423267364502,3.556745767593384,0.36809369921684265,-0.7952017188072205,0.46216392517089844,4.655656337738037,7.501140117645264,3.5364279747009277
969,0.8719757199287415,0.514534056186676,4.705821990966797,19.789113998413086,171.4414825439453,12.941582679748535,13.797676086425781,5.8093485832214355,-0.7842740416526794,0.748517632484436,-0.2849726974964142,12.953828811645508,13.815789222717285,5.818539619445801
970,0.8379276394844055,0.522814929485321,5.8771772384643555,25.57014274597168,223.76947021484375,21.345218658447266,13.275151252746582,4.688727855682373,2.2435338497161865,-1.6404409408569336,0.4328048825263977,21.28619384765625,13.210150718688965,4.681731700897217
971,0.8455260396003723,0.5437012910842896,2.1405627727508545,8.371912002563477,76.53744506835938,7.229522228240967,3.415457010269165,2.481445789337158,0.2106274962425232,0.010952017270028591,-0.2232639193534851,7.24661111831665,3.4249660968780518,2.4782752990722656
972,0.7998253107070923,0.5506839752197266,4.239218711853027,20.033246994018555,221.89585876464844,18.534608840942383,7.177018642425537,2.5079078674316406,1.4804563522338867,0.20930854976177216,-0.08324652165174484,18.52692413330078,7.193976402282715,2.513517379760742
973,0.7473238706588745,0.5480581521987915,3.6386685371398926,14.852727890014648,127.96939086914062,8.420526504516602,11.553067207336426,4.028015613555908,-0.6302286386489868,-1.6705200672149658,0.630572497844696,8.420331954956055,11.463541984558105,3.9894497394561768
974,0.7278438210487366,0.5574454069137573,2.8295552730560303,10.274806022644043,84.73668670654297,6.721921443939209,6.419178009033203,4.379676818847656,-1.102210521697998,-0.23445691168308258,0.35352441668510437,6.649435997009277,6.432789325714111,4.377562046051025
975,0.8057798743247986,0.5312659740447998,4.728740692138672,19.986825942993164,174.92813110351562,9.741206169128418,16.01481056213379,6.935985565185547,-0.14580212533473969,-0.8114306330680847,0.5840415954589844,9.76728343963623,16.038854598999023,6.930631637573242
976,0.7965207099914551,0.5351027250289917,2.306177854537964,7.904206275939941,63.33927917480469,5.460608005523682,5.108720302581787,2.561096668243408,0.03048708289861679,0.3563973307609558,-0.1854664534330368,5.475754261016846,5.1104888916015625,2.561497449874878
977,0.7429172396659851,0.5341350436210632,2.9482741355895996,11.698770523071289,106.05889892578125,6.243326187133789,8.94787311553955,4.221100330352783,0.10120052844285965,0.18925218284130096,0.011670451611280441,6.259918212890625,8.970824241638184,4.232857704162598
978,0.7826660871505737,0.5437090396881104,3.762576103210449,13.959845542907715,104.63631439208984,9.518645286560059,9.574307441711426,3.5503978729248047,-0.84457927942276,-0.4870891571044922,0.3684874176979065,9.507547378540039,9.588581085205078,3.54107403755188
979,0.7842496037483215,0.5593720078468323,4.795042514801025,19.388460159301758,184.05532836914062,16.488618850708008,9.508459091186523,3.6914784908294678,-0.8261419534683228,0.15768161416053772,-0.21077977120876312,16.513845443725586,9.533670425415039,3.6957361698150635
980,0.6803021430969238,0.5647568106651306,3.597116231918335,15.710415840148926,129.29713439941406,7.748504638671875,13.241254806518555,3.3833439350128174,-0.24839724600315094,-1.6971811056137085,0.30143213272094727,7.766124725341797,13.168667793273926,3.3792896270751953
981,0.7389029860496521,0.5376394987106323,4.332229137420654,15.750959396362305,114.4745101928711,10.85530948638916,10.672725677490234,4.043254852294922,-0.5454075336456299,-0.3528464436531067,-0.26319700479507446,10.871840476989746,10.696645736694336,4.045933246612549
982,0.7626519799232483,0.5419281721115112,3.4062705039978027,13.025121688842773,93.38768005371094,8.358363151550293,9.5728178024292,2.855297327041626,-0.36224564909935,0.008974711410701275,0.18253396451473236,8.373802185058594,9.599514961242676,2.857404947280884
983,0.7309864163398743,0.5772920250892639,3.6430726051330566,13.372159957885742,104.4205551147461,7.930961608886719,9.652812004089355,4.7684102058410645,0.002996783936396241,-0.7632261514663696,0.19014322757720947,7.9530839920043945,9.649432182312012,4.7779083251953125
984,0.7707135677337646,0.5457904934883118,3.996829032897949,14.14020824432373,115.20243835449219,10.989062309265137,8.209066390991211,3.434709310531616,0.4010232090950012,-0.42016327381134033,0.039047155529260635,11.012375831604004,8.221176147460938,3.4440674781799316
985,0.7071695923805237,0.5410892963409424,4.411182880401611,17.004505157470703,109.92267608642578,8.374028205871582,14.039362907409668,4.682427406311035,-1.0387240648269653,-0.2869322597980499,0.15479600429534912,8.332534790039062,14.075583457946777,4.6929216384887695
986,0.8089085221290588,0.529752790927887,2.3802788257598877,10.71277904510498,99.63545989990234,6.994498252868652,7.887176036834717,1.9060652256011963,-0.06937230378389359,-0.3327083885669708,0.04277655854821205,7.0136637687683105,7.902136325836182,1.910900592803955
987,0.7240046858787537,0.5448988676071167,3.9364469051361084,15.928339004516602,120.86874389648438,13.340150833129883,8.081486701965332,3.231395959854126,0.4896549880504608,0.030752331018447876,-0.13871246576309204,13.368348121643066,8.103970527648926,3.2374227046966553
988,0.8169453144073486,0.5304223299026489,5.355798244476318,22.022930145263672,214.3759002685547,17.58136749267578,11.605910301208496,6.419333457946777,-1.035939335823059,-0.5404490232467651,0.7550626993179321,17.599775314331055,11.625659942626953,6.392553806304932
989,0.7591308951377869,0.5370652079582214,6.1677045822143555,20.760189056396484,141.3932342529297,13.84055233001709,14.95044231414795,3.988586187362671,0.17632266879081726,-2.618868827819824,0.5196200609207153,13.878032684326172,14.760339736938477,3.965625047683716
990,0.8413692712783813,0.5269001722335815,6.45231819152832,20.572664260864258,121.05970764160156,11.103572845458984,16.2319278717041,6.039018154144287,-0.35379651188850403,0.6540500521659851,0.10205769538879395,11.128890037536621,16.26398468017578,6.054998397827148
991,0.8047285676002502,0.5291849374771118,3.330108642578125,13.55497932434082,124.45255279541016,9.794042587280273,7.070476055145264,6.1500043869018555,-0.9514952301979065,-0.7059944272041321,0.3846820890903473,9.774904251098633,7.0547637939453125,6.155083179473877
992,0.8392556309700012,0.5326462388038635,4.031869411468506,12.02943229675293,86.02999877929688,8.007107734680176,8.764622688293457,1.9428952932357788,0.05358463153243065,-1.1841683387756348,0.1799272745847702,8.02926254272461,8.70848274230957,1.9399421215057373
993,0.7818331122398376,0.5373772978782654,3.9623091220855713,14.948210716247559,96.30836486816406,6.621087551116943,12.891371726989746,3.6637072563171387,-0.0020262824837118387,-0.7072665095329285,0.28565675020217896,6.639555931091309,12.907859802246094,3.6627426147460938
994,0.8767692446708679,0.5127615928649902,6.591099739074707,23.81146812438965,158.9514617919922,18.267820358276367,14.306851387023926,5.346658229827881,0.9443120360374451,1.4371100664138794,-0.5810852646827698,18.294286727905273,14.274195671081543,5.329813003540039
995,0.8348445296287537,0.5356827974319458,5.5318193435668945,18.776844024658203,109.52210235595703,11.950774192810059,13.987555503845215,3.7546117305755615,-0.08431856334209442,-2.027742862701416,0.351896196603775,11.98381233215332,13.878401756286621,3.748511791229248
996,0.7722590565681458,0.5449666380882263,4.0517659187316895,15.384732246398926,143.76870727539062,10.158504486083984,11.131285667419434,3.0966503620147705,0.027973642572760582,-0.35950881242752075,0.3062492311000824,10.18680191040039,11.156513214111328,3.0900650024414062
997,0.7626800537109375,0.520527720451355,5.852816581726074,26.114307403564453,248.80422973632812,22.019792556762695,13.062095642089844,5.144652843475342,-3.2172253131866455,0.8031263947486877,-0.40879687666893005,21.844257354736328,13.073747634887695,5.142690658569336
998,0.7493703365325928,0.5386171340942383,6.340930461883545,25.68724250793457,216.94105529785156,18.034788131713867,17.278202056884766,6.003716468811035,1.0657089948654175,-0.7967841625213623,0.5099363923072815,18.05349349975586,17.307964324951172,5.9987077713012695
999,0.7847342491149902,0.5552060008049011,5.174447059631348,18.13115119934082,109.17467498779297,10.573419570922852,14.083085060119629,4.313714981079102,0.0894119068980217,-1.1528232097625732,0.023549716919660568,10.602535247802734,14.074974060058594,4.325683116912842
1000,0.7696939706802368,0.5661149024963379,6.380582332611084,23.021984100341797,146.6641845703125,17.07158660888672,14.558066368103027,5.160950660705566,0.0940520390868187,-1.1462243795394897,0.5816266536712646,17.118947982788086,14.553354263305664,5.142376899719238
1001,0.8361511826515198,0.5373470187187195,3.8438222408294678,14.427631378173828,108.9443588256836,10.608866691589355,7.623016834259033,6.123571872711182,-0.31466150283813477,-0.6061497330665588,0.44793379306793213,10.63377857208252,7.620076656341553,6.124202251434326
1002,0.8013470768928528,0.5339694619178772,3.087287187576294,11.724546432495117,83.434814453125,8.13956356048584,8.072403907775879,2.459425926208496,-0.5491799116134644,0.4127810299396515,-0.1214052215218544,8.143668174743652,8.084330558776855,2.4632794857025146
1003,0.7818607687950134,0.5369538068771362,3.108313798904419,11.95590877532959,101.65331268310547,7.369752407073975,9.059741020202637,2.559610605239868,-0.9335475564002991,-0.26310408115386963,0.031431350857019424,7.330777645111084,9.08117961883545,2.566556453704834
1004,0.7437397837638855,0.5566250085830688,3.9253034591674805,20.360017776489258,217.9808807373047,17.24915313720703,9.83048152923584,4.512059688568115,1.5750250816345215,1.0515642166137695,-0.35391712188720703,17.225006103515625,9.801340103149414,4.51070499420166
1005,0.7375568747520447,0.5345191359519958,3.636274576187134,11.618072509765625,74.99043273925781,6.8887104988098145,9.028727531433105,2.4509902000427246,-0.5339859127998352,-1.0036981105804443,0.29525113105773926,6.88714075088501,8.99779224395752,2.4399287700653076
1006,0.7327452301979065,0.5370807647705078,2.558448314666748,11.240212440490723,101.6575927734375,7.988331317901611,7.643069744110107,2.027914047241211,-0.6981877684593201,0.291675329208374,0.07471297681331635,7.979958534240723,7.658805847167969,2.0321900844573975
1007,0.801805853843689,0.5299075245857239,4.406757831573486,13.188591957092285,82.9618911743164,8.270017623901367,9.493324279785156,3.927157402038574,-0.3881664276123047,-0.8759105205535889,0.5646830201148987,8.283945083618164,9.47919750213623,3.897188186645508
1008,0.8245252966880798,0.5369707345962524,3.8605639934539795,13.368751525878906,93.39547729492188,11.28332233428955,6.967041015625,1.6942522525787354,-0.1427215337753296,-0.32887136936187744,0.12865348160266876,11.31389045715332,6.978686332702637,1.6940728425979614
1009,0.7748711705207825,0.5449672341346741,5.420316219329834,18.160442352294922,122.2646713256836,13.263422966003418,11.979574203491211,3.2207224369049072,-1.1270194053649902,0.4022148549556732,-0.03594185784459114,13.25231647491455,12.006217956542969,3.2295050621032715
1010,0.7045724987983704,0.5307916402816772,3.9264676570892334,15.401389122009277,100.84147644042969,11.85347843170166,9.071640014648438,3.7951500415802,0.7132770419120789,0.2832704186439514,-0.0640992745757103,11.86500358581543,9.092507362365723,3.8051936626434326
1011,0.747065544128418,0.5487512350082397,3.952324867248535,14.38736343383789,100.26268005371094,9.751299858093262,10.040665626525879,3.330679416656494,0.018384849652647972,0.640688419342041,-0.0068944296799600124,9.778483390808105,10.048154830932617,3.339962959289551
1012,0.7308111786842346,0.539892852306366,3.8376197814941406,17.652570724487305,130.0673065185547,9.671510696411133,14.57583999633789,2.370659589767456,1.2233099937438965,-1.7743865251541138,0.29372596740722656,9.62059497833252,14.507791519165039,2.358954429626465
1013,0.6973748207092285,0.5981026887893677,4.02426290512085,17.092336654663086,153.0995330810547,9.27863883972168,14.02297592163086,3.067722797393799,0.27905499935150146,1.4508123397827148,-0.0021291892044246197,9.300312042236328,13.986629486083984,3.076279401779175
1014,0.7592918872833252,0.5747511982917786,2.7140963077545166,10.477784156799316,90.37332916259766,5.424612522125244,8.513998985290527,2.805238723754883,-0.17290666699409485,-0.1976257860660553,0.10742177069187164,5.4369797706604,8.53544807434082,2.8110005855560303
1015,0.811738133430481,0.5466823577880859,3.457888126373291,14.533780097961426,122.84822082519531,9.891619682312012,10.114974021911621,3.3277499675750732,0.4798240661621094,-1.1012506484985352,0.35005390644073486,9.9075345993042,10.082893371582031,3.3185184001922607
1016,0.7832751274108887,0.563148558139801,2.1541240215301514,7.381252765655518,59.631317138671875,5.722894668579102,3.9547605514526367,2.468043327331543,0.6117315888404846,-0.5070637464523315,0.24503737688064575,5.705978870391846,3.9330592155456543,2.4626991748809814
1017,0.6647676229476929,0.5541236400604248,2.741011142730713,10.300618171691895,83.77676391601562,8.370437622070312,5.665517330169678,1.9850504398345947,-0.41125327348709106,0.5485248565673828,-0.32121604681015015,8.383648872375488,5.654630184173584,1.964353084564209
1018,0.8132829666137695,0.5450580716133118,3.053375244140625,12.114516258239746,92.5632095336914,6.973037242889404,9.395187377929688,3.1414506435394287,-0.5771842002868652,-0.41928210854530334,0.11992426961660385,6.968491554260254,9.412007331848145,3.1479172706604004
1019,0.8505716323852539,0.5675180554389954,4.849461078643799,17.479761123657227,130.96128845214844,12.128631591796875,12.044984817504883,3.654670238494873,-1.4440138339996338,0.8448469638824463,0.29444319009780884,12.075956344604492,12.048833847045898,3.6529510021209717
1020,0.7211704254150391,0.5493453145027161,1.8058491945266724,6.256639003753662,44.49661636352539,4.701508522033691,4.059808731079102,0.7478666305541992,0.6907402873039246,0.20070838928222656,-0.006584583315998316,4.663462162017822,4.066154956817627,0.7499236464500427
1021,0.7227897047996521,0.5574336051940918,3.803565263748169,14.249940872192383,91.27024841308594,11.50675106048584,7.6761393547058105,3.4252541065216064,-0.06839876621961594,0.3429147005081177,-0.5456762909889221,11.538644790649414,7.689866542816162,3.3909413814544678
1022,0.78664630651474,0.55935138463974,4.203672885894775,15.4557466506958,99.381103515625,11.115410804748535,10.144392013549805,3.5240683555603027,-0.041430242359638214,-1.4137063026428223,0.5108558535575867,11.146339416503906,10.073424339294434,3.496570587158203
1023,0.689777672290802,0.5498571395874023,3.6691319942474365,13.09433364868164,97.0511474609375,9.959683418273926,8.117862701416016,2.5232093334198,-0.49591633677482605,0.710089921951294,-0.4078097641468048,9.975076675415039,8.109302520751953,2.496981143951416
1024,0.73260098695755,0.5566529631614685,3.94396710395813,14.651039123535156,119.87049865722656,7.738623142242432,11.949020385742188,3.462303876876831,-0.1962403804063797,-1.5682227611541748,0.6622944474220276,7.757713317871094,11.878706932067871,3.407848834991455
1025,0.7870216369628906,0.5501382946968079,4.524108409881592,19.24949836730957,179.93540954589844,10.943241119384766,15.457669258117676,3.442250967025757,0.8504961729049683,-1.1599289178848267,0.158039852976799,10.940574645996094,15.457082748413086,3.4482131004333496
1026,0.7318905591964722,0.5507569909095764,2.659505844116211,11.091325759887695,107.07511138916016,7.380230903625488,7.9930925369262695,2.1587417125701904,-0.783118724822998,-0.5091435313224792,0.11430679261684418,7.359035491943359,7.999111652374268,2.161726474761963
1027,0.7832814455032349,0.5381143689155579,5.914628982543945,19.401805877685547,108.89420318603516,11.807056427001953,14.614724159240723,4.840798377990723,0.8557582497596741,-0.9818934202194214,0.18813228607177734,11.80885124206543,14.62237548828125,4.85063362121582
1028,0.7469770908355713,0.5368916392326355,4.865088939666748,21.703899383544922,229.17649841308594,19.846324920654297,8.120020866394043,3.3537983894348145,-0.19709354639053345,0.40361320972442627,0.07845430821180344,19.90070152282715,8.13260555267334,3.3622334003448486
1029,0.7238803505897522,0.5797767639160156,3.4447619915008545,12.985068321228027,103.6123046875,11.745061874389648,5.062014102935791,2.2453389167785645,-0.9624541401863098,0.1720488965511322,-0.42438122630119324,11.738212585449219,5.073200702667236,2.211019277572632
1030,0.8180570602416992,0.5594363212585449,2.724416732788086,12.846200942993164,130.179443359375,4.323366641998291,11.548848152160645,3.599653959274292,0.20984166860580444,-1.3450720310211182,0.49235472083091736,4.330316543579102,11.502245903015137,3.575770139694214
1031,0.771967351436615,0.5852368474006653,3.0182106494903564,11.383584022521973,84.97264862060547,7.413857936859131,8.471197128295898,1.691013216972351,0.45728471875190735,0.06862436980009079,-0.0487104207277298,7.420382976531982,8.494547843933105,1.6950265169143677
1032,0.6611641645431519,0.5806732773780823,3.4333438873291016,14.15182876586914,102.97252655029297,11.373794555664062,8.068203926086426,2.4114630222320557,0.08979714661836624,0.28537777066230774,-0.06617476046085358,11.405165672302246,8.085646629333496,2.417279005050659
1033,0.704363226890564,0.5751422643661499,6.404076099395752,22.302814483642578,199.09432983398438,18.24718475341797,12.278039932250977,3.7020957469940186,-0.8919762969017029,-0.7542210817337036,0.2203933745622635,18.276208877563477,12.28903579711914,3.7058379650115967
1034,0.9340465068817139,0.551952600479126,2.7491440773010254,13.383960723876953,130.96371459960938,6.664566993713379,11.116904258728027,3.335923433303833,0.14233514666557312,-1.4034628868103027,0.33111104369163513,6.681633472442627,11.058719635009766,3.328709602355957
1035,0.7115975022315979,0.5205777287483215,3.4983296394348145,12.655455589294434,94.96918487548828,7.569700717926025,9.812139511108398,2.565560817718506,0.0253889299929142,0.13566958904266357,-0.22255566716194153,7.590774059295654,9.838568687438965,2.563019037246704
1036,0.82540363073349,0.5567028522491455,5.9844794273376465,19.863637924194336,109.44690704345703,12.845193862915039,14.279426574707031,5.06587028503418,0.5194267630577087,-2.416971445083618,0.4940854609012604,12.870488166809082,14.112645149230957,5.05578088760376
1037,1.0014790296554565,0.5084229707717896,2.8067314624786377,11.317188262939453,81.28178405761719,7.414377689361572,7.720911026000977,3.673323392868042,0.4258415400981903,-0.7575898170471191,0.4984506368637085,7.422786235809326,7.705085277557373,3.6494991779327393
1038,0.7597007751464844,0.5439586639404297,3.9282126426696777,14.871552467346191,117.74775695800781,11.03217887878418,9.551873207092285,2.866330623626709,-1.0392793416976929,0.11173112690448761,-0.17242752015590668,11.013754844665527,9.577860832214355,2.8691205978393555
1039,0.7450349926948547,0.5662974119186401,3.9777414798736572,13.206059455871582,78.50598907470703,9.67332649230957,8.479080200195312,2.9886398315429688,-0.16820505261421204,0.8187800049781799,-0.3201717436313629,9.698843002319336,8.462995529174805,2.9797286987304688
1040,0.7489374876022339,0.5433986186981201,5.051916122436523,17.58809471130371,122.5945053100586,11.973621368408203,12.306045532226562,3.8124475479125977,0.8846344947814941,-0.7055482268333435,0.09843773394823074,11.97420597076416,12.320073127746582,3.821807622909546
1041,0.8048473596572876,0.5080035924911499,5.3050994873046875,21.913347244262695,162.39234924316406,14.667607307434082,15.424051284790039,5.21101713180542,1.111845850944519,-1.8160258531570435,0.39546680450439453,14.666202545166016,15.35949420928955,5.210483074188232
1042,0.7058302760124207,0.5241325497627258,3.9113335609436035,12.991430282592773,87.67981719970703,9.756885528564453,7.901215076446533,3.3393495082855225,-1.0553030967712402,-0.9507936239242554,0.2547531723976135,9.726703643798828,7.8656792640686035,3.3389055728912354
1043,0.6729053854942322,0.5589703321456909,6.955500602722168,24.679824829101562,216.6409149169922,21.724807739257812,10.993853569030762,4.03257942199707,0.48510175943374634,0.7947063446044922,-0.14787021279335022,21.77997589111328,10.995678901672363,4.04110860824585
1044,0.6326144337654114,0.5512381196022034,7.398157119750977,24.757822036743164,207.84906005859375,17.366073608398438,16.79538917541504,5.41148567199707,0.10677791386842728,-2.3525822162628174,0.7405110597610474,17.4141845703125,16.676193237304688,5.375533103942871
1045,0.706107497215271,0.5575234293937683,3.992717981338501,14.818275451660156,125.08973693847656,8.734857559204102,11.555948257446289,3.1214711666107178,0.1817338764667511,-0.32830700278282166,-0.03527870774269104,8.75732707977295,11.583505630493164,3.1299781799316406
1046,0.7177385091781616,0.5570705533027649,5.1067423820495605,16.04975128173828,113.10859680175781,10.311843872070312,11.719352722167969,3.730571746826172,0.2952335774898529,-0.05467226356267929,-0.24391312897205353,10.336368560791016,11.751914978027344,3.732973337173462
1047,0.6574380993843079,0.5063337683677673,5.518855094909668,18.9031982421875,133.53663635253906,14.573831558227539,11.379465103149414,3.929656744003296,-0.3662131130695343,-2.067748785018921,0.39219900965690613,14.609868049621582,11.221237182617188,3.920942783355713
1048,0.7112411856651306,0.550371527671814,4.7062273025512695,17.792739868164062,146.9840087890625,14.872300148010254,9.439108848571777,2.5098683834075928,-1.5545737743377686,0.2544468343257904,-0.11014827340841293,14.832087516784668,9.461997985839844,2.514444589614868
1049,0.7200933694839478,0.5707644820213318,5.2277936935424805,16.5963077545166,103.79122161865234,12.226334571838379,10.617552757263184,3.636169910430908,-0.7689361572265625,0.7330178618431091,-0.3555898070335388,12.236166954040527,10.621766090393066,3.628835439682007
1050,0.6785481572151184,0.5506218671798706,7.1744232177734375,21.026981353759766,120.49193572998047,14.626927375793457,14.523847579956055,4.152679443359375,-1.7091163396835327,2.283571481704712,0.103189617395401,14.567252159118652,14.383211135864258,4.16297721862793
1051,0.6407003402709961,0.5573821663856506,6.052901268005371,18.120847702026367,116.37787628173828,13.870841979980469,10.73013687133789,4.563880920410156,-1.1165498495101929,-0.9194536209106445,0.4382613003253937,13.864395141601562,10.720491409301758,4.555461406707764
1052,0.6867421269416809,0.5235795378684998,5.6334452629089355,16.867351531982422,123.37770080566406,12.737632751464844,10.44187068939209,3.6369783878326416,0.39343178272247314,-1.0745048522949219,0.4515441060066223,12.767069816589355,10.415410041809082,3.618905782699585
1053,0.7827019691467285,0.541968584060669,6.685713768005371,22.523632049560547,137.8768768310547,15.011430740356445,16.17371940612793,4.5146164894104,-0.5821608901023865,0.08132945001125336,0.06480079144239426,15.041979789733887,16.218629837036133,4.526742935180664
1054,0.7356516718864441,0.5695031881332397,7.895779132843018,22.962764739990234,116.87884521484375,17.514530181884766,13.625646591186523,5.905213832855225,3.1774723529815674,-1.0821925401687622,0.5419356226921082,17.271934509277344,13.620490074157715,5.896697044372559
1055,0.8552541732788086,0.5022045969963074,8.853221893310547,20.675861358642578,137.08335876464844,13.947347640991211,14.195093154907227,5.609102725982666,-1.2705214023590088,0.248949334025383,0.12341420352458954,13.9281005859375,14.232500076293945,5.623386383056641
1056,0.802493691444397,0.5627807974815369,8.261687278747559,21.907470703125,121.45189666748047,16.5422420501709,14.030235290527344,3.073101043701172,1.7225059270858765,0.7627872228622437,-0.29756656289100647,16.49820899963379,14.048563957214355,3.067192316055298
1057,0.8108867406845093,0.52512526512146,10.75126838684082,34.55686950683594,338.7984313964844,31.104764938354492,14.257426261901855,4.837010383605957,-2.3965771198272705,-2.3355910778045654,0.21544575691223145,31.098804473876953,14.10405445098877,4.845688343048096
1058,0.8516352772712708,0.49018925428390503,13.767969131469727,35.25784683227539,315.1536560058594,29.722259521484375,17.875747680664062,6.337264060974121,0.15086182951927185,0.37924084067344666,0.42177367210388184,29.804780960083008,17.921573638916016,6.340851306915283
1059,0.997865617275238,0.4588005244731903,12.717090606689453,27.6912784576416,128.9436798095703,21.88075065612793,15.66533374786377,6.529692649841309,-2.9686455726623535,0.2170228660106659,-0.39828526973724365,21.738903045654297,15.70752239227295,6.535714626312256
1060,0.8813149929046631,0.5292660593986511,9.714362144470215,25.01637840270996,117.00746154785156,18.7493896484375,15.648858070373535,5.421517372131348,-0.3275373876094818,0.24587228894233704,0.3323933780193329,18.798818588256836,15.690571784973145,5.426412582397461
1061,0.7805001735687256,0.5260260701179504,8.553720474243164,23.891794204711914,130.95066833496094,18.68318748474121,14.117810249328613,4.737489700317383,-0.21723967790603638,-1.3611418008804321,0.46467125415802,18.73403549194336,14.091238975524902,4.727797031402588
1062,0.8809223175048828,0.497990220785141,10.970195770263672,27.340423583984375,141.8683624267578,23.82305335998535,12.9545259475708,3.4844107627868652,-4.661884784698486,2.644911050796509,-0.42678359150886536,23.427631378173828,12.717021942138672,3.4678215980529785
1063,0.9320365190505981,0.5128552317619324,12.122994422912598,40.805145263671875,325.5650939941406,37.9425048828125,14.482996940612793,3.958428144454956,6.623133659362793,0.8247768878936768,-0.03385799005627632,37.46418762207031,14.499825477600098,3.9693245887756348
1064,0.7793095111846924,0.4899604320526123,10.842402458190918,27.361743927001953,131.3054656982422,23.628154754638672,12.670089721679688,5.462987899780273,1.516113519668579,-0.4522310197353363,0.42018046975135803,23.645235061645508,12.697336196899414,5.461998462677002
1065,0.8314338326454163,0.4945109486579895,11.65875244140625,28.77877426147461,127.37986755371094,24.411380767822266,14.322992324829102,5.210971832275391,-1.7168775796890259,0.0656605213880539,-0.20163679122924805,24.418853759765625,14.362794876098633,5.221593856811523
1066,1.3224111795425415,0.3615039885044098,13.568679809570312,29.06719970703125,129.6307373046875,24.7214298248291,13.775407791137695,6.632583141326904,-2.3477871417999268,-0.5346888303756714,0.615734338760376,24.6783390045166,13.803422927856445,6.622361660003662
1067,0.9714945554733276,0.38758188486099243,16.847862243652344,35.483070373535156,255.44432067871094,29.176536560058594,19.012422561645508,6.804830551147461,-3.2771365642547607,-3.101381778717041,0.31528225541114807,29.072776794433594,18.810083389282227,6.816483974456787
1068,0.7909720540046692,0.5312804579734802,4.6076436042785645,14.278834342956543,98.10587310791016,11.116968154907227,8.44863510131836,2.9864158630371094,0.24078251421451569,0.4827626645565033,-0.033845651894807816,11.14536190032959,8.458358764648438,2.994553565979004
1069,0.682060718536377,0.5559898018836975,3.3638298511505127,10.521328926086426,72.96269226074219,8.472177505493164,5.8353590965271,2.206610918045044,-0.5239147543907166,0.3688501715660095,-0.1634262055158615,8.4795503616333,5.839934349060059,2.2066891193389893
1070,0.6746643781661987,0.5266768336296082,5.411053657531738,16.4512939453125,87.96856689453125,14.010645866394043,6.779916763305664,5.327255725860596,-1.1213533878326416,-0.6915044188499451,0.5350420475006104,14.004654884338379,6.763373851776123,5.315103530883789
1071,0.905732274055481,0.44720691442489624,12.193509101867676,31.49303436279297,298.571533203125,25.22748374938965,16.915306091308594,8.32210922241211,-2.335848808288574,0.772907555103302,-0.943626344203949,25.189178466796875,16.944772720336914,8.291501998901367
1072,0.7422112226486206,0.5398269295692444,5.472727298736572,17.136295318603516,105.55826568603516,14.97827434539795,7.775427341461182,2.97432541847229,0.19580523669719696,-0.5341725945472717,0.25597211718559265,15.01877212524414,7.778693675994873,2.9715561866760254
1073,0.7220531105995178,0.5390886664390564,8.653358459472656,30.73320960998535,291.32373046875,25.703176498413086,14.978110313415527,7.715774059295654,-0.7283162474632263,-0.8737886548042297,0.8950375914573669,25.764524459838867,14.99431037902832,7.685062885284424
1074,0.6612847447395325,0.544002115726471,5.204902648925781,15.070579528808594,92.42562103271484,12.723467826843262,7.457883834838867,3.1009206771850586,-0.3222011923789978,-1.0535881519317627,0.5210805535316467,12.754867553710938,7.403682708740234,3.065352439880371
1075,0.7370137572288513,0.5409650206565857,3.729856014251709,16.386295318603516,183.5237579345703,11.300981521606445,11.634422302246094,2.3321030139923096,-0.5107859969139099,-0.21157413721084595,-0.0783422514796257,11.3209228515625,11.664945602416992,2.3372881412506104
1076,0.8531839847564697,0.42753419280052185,15.541436195373535,46.26966857910156,356.48773193359375,33.782493591308594,29.199628829956055,12.124653816223145,0.561305582523346,-4.58474588394165,0.619196355342865,33.872047424316406,28.917888641357422,12.142608642578125
1077,0.8600649237632751,0.4922468364238739,7.975582122802734,30.20958137512207,351.90399169921875,26.843780517578125,12.567105293273926,5.83935546875,-2.845904588699341,-0.4220389127731323,-0.3717193603515625,26.766952514648438,12.595049858093262,5.843767166137695
1078,1.0561635494232178,0.4011087119579315,25.892597198486328,55.82129669189453,285.7538146972656,33.99980545043945,40.88434982299805,16.98530387878418,-4.223006725311279,-7.078927993774414,1.4822568893432617,33.83062744140625,40.37916946411133,16.967700958251953
1079,1.0009788274765015,0.4879457652568817,25.584922790527344,55.18284225463867,273.4931335449219,33.224403381347656,41.98166275024414,13.372536659240723,-3.5081896781921387,-5.565092086791992,1.435627818107605,33.13082504272461,41.72724151611328,13.33233642578125
1080,0.9491565823554993,0.46010273694992065,18.265233993530273,45.390838623046875,255.7734832763672,29.110868453979492,33.167564392089844,10.620650291442871,-3.4172146320343018,-8.24473762512207,1.1106852293014526,28.990245819091797,32.21610641479492,10.591876983642578
1081,1.0221846103668213,0.4919638931751251,15.007131576538086,38.32865905761719,240.1252899169922,18.97039031982422,31.365325927734375,11.199417114257812,0.5379176735877991,-2.0296082496643066,-0.07277965545654297,19.015655517578125,31.386899948120117,11.230420112609863
1082,0.8642994165420532,0.5090861916542053,11.588590621948242,24.297697067260742,94.10587310791016,13.424444198608398,17.7313175201416,9.785846710205078,0.026816261932253838,0.04529900103807449,-0.5953304171562195,13.461864471435547,17.780719757080078,9.794967651367188
1083,0.872737467288971,0.5060611367225647,12.2523193359375,33.04249954223633,195.9985809326172,25.79381561279297,18.462858200073242,9.252501487731934,-2.7491416931152344,-0.2748451828956604,0.5044261813163757,25.71843147277832,18.512306213378906,9.264512062072754
1084,0.8306671977043152,0.4819982349872589,14.574321746826172,39.45671844482422,278.072265625,18.49587059020996,33.39117431640625,9.988234519958496,1.146689772605896,-7.658257484436035,1.846471905708313,18.511781692504883,32.591758728027344,9.84345817565918
1085,0.8026781678199768,0.4974512755870819,9.779516220092773,25.80862808227539,196.44744873046875,21.08046531677246,12.06619930267334,8.72387981414795,-2.1569807529449463,0.08825652301311493,0.27432045340538025,21.0283145904541,12.099533081054688,8.743887901306152
1086,0.7977417707443237,0.49074918031692505,11.282170295715332,33.132728576660156,264.7377014160156,13.687824249267578,28.62163543701172,9.551078796386719,0.1557033509016037,-3.3949131965637207,0.6269471645355225,13.725117683410645,28.49885368347168,9.557064056396484
1087,0.9356342554092407,0.481070876121521,13.114995002746582,38.15214157104492,257.0165710449219,16.534570693969727,32.50654602050781,11.20350170135498,0.11094381660223007,-3.7323262691497803,1.0816315412521362,16.580318450927734,32.38164138793945,11.182271957397461
1088,0.9203411340713501,0.4874333441257477,8.58790397644043,25.668128967285156,209.45054626464844,13.946213722229004,20.74026870727539,5.847841739654541,-0.8938086628913879,-0.4708442687988281,0.24546390771865845,13.956364631652832,20.79275894165039,5.858985424041748
1089,0.8184449076652527,0.4917747974395752,8.777087211608887,19.35262680053711,126.07271575927734,10.310900688171387,15.069562911987305,6.41231632232666,1.450576663017273,-2.6282196044921875,0.15596191585063934,10.236830711364746,14.87999439239502,6.428300380706787
1090,0.8855717182159424,0.48547250032424927,8.754509925842285,19.630659103393555,132.8477325439453,13.543585777282715,13.544488906860352,4.298939228057861,-0.620116114616394,1.462508201599121,-0.5237458348274231,13.567120552062988,13.50285816192627,4.278817653656006
1091,0.7360044121742249,0.5321527123451233,7.080229759216309,17.556081771850586,105.3498764038086,12.918988227844238,11.515666007995605,2.9504594802856445,0.6465552449226379,-0.21188773214817047,0.026819081977009773,12.938791275024414,11.545832633972168,2.9585673809051514
1092,0.7157936692237854,0.5573202967643738,5.429950714111328,12.383906364440918,70.83267211914062,6.591681003570557,9.861417770385742,3.5585572719573975,1.1215842962265015,-0.29849016666412354,-0.4506358802318573,6.513679027557373,9.884394645690918,3.539755344390869
1093,0.7196527123451233,0.5283777713775635,8.525163650512695,24.95290184020996,242.32603454589844,13.131467819213867,20.466276168823242,5.59851598739624,-0.3333209753036499,-1.428117036819458,0.006178855895996094,13.163853645324707,20.473337173461914,5.614129066467285
1094,0.7907084822654724,0.5299045443534851,6.9282636642456055,17.7073974609375,104.6233901977539,13.32974910736084,11.256446838378906,3.0269010066986084,0.5143020153045654,-0.829927921295166,0.0832376480102539,13.356978416442871,11.257122993469238,3.034196138381958
1095,0.7415810823440552,0.5046213269233704,6.60122013092041,23.102542877197266,251.7107391357422,17.78342056274414,12.721363067626953,7.4595112800598145,-0.5538343787193298,0.5235056281089783,0.024879561737179756,17.82437515258789,12.746041297912598,7.480276107788086
1096,0.8217684626579285,0.5372326970100403,7.176741123199463,21.3184757232666,179.31027221679688,11.49524974822998,17.319557189941406,4.729652404785156,1.5669726133346558,-1.5237627029418945,-0.22981587052345276,11.419713973999023,17.300519943237305,4.737242698669434
1097,0.8544276356697083,0.5305585265159607,9.33962345123291,30.051326751708984,231.0811004638672,14.131741523742676,25.249893188476562,8.112897872924805,-0.9209825396537781,-2.8280467987060547,1.2315312623977661,14.141034126281738,25.161008834838867,8.041248321533203
1098,0.8396798372268677,0.5439275503158569,10.049886703491211,35.59414291381836,265.33587646484375,11.34533977508545,32.95246124267578,7.236139297485352,-0.9612125158309937,-4.784144401550293,0.5742278099060059,11.336080551147461,32.69426727294922,7.233439922332764
1099,0.7326436042785645,0.5429821014404297,6.823278427124023,28.372709274291992,251.6876983642578,12.66124153137207,24.564434051513672,6.425895690917969,-0.19395866990089417,-2.3845744132995605,0.46854889392852783,12.695069313049316,24.516616821289062,6.426667213439941
1100,0.8861122131347656,0.5300258994102478,6.359500408172607,18.032730102539062,110.6806411743164,13.303141593933105,11.315592765808105,4.4903459548950195,0.19989611208438873,0.1565628945827484,-0.42519786953926086,13.338743209838867,11.346071243286133,4.482638359069824
1101,0.7979499697685242,0.5735222101211548,9.063960075378418,30.442073822021484,261.53466796875,18.253496170043945,23.111385345458984,7.706723690032959,-1.1650735139846802,-0.736934244632721,1.0365086793899536,18.26708984375,23.164066314697266,7.658005237579346
1102,0.7292055487632751,0.551019012928009,6.54921817779541,29.40277671813965,266.1470947265625,8.85778522491455,27.151119232177734,6.991401195526123,0.6576949954032898,-2.753269910812378,0.18238316476345062,8.857975006103516,27.086505889892578,7.008516788482666
1103,0.8447737693786621,0.5371986031532288,8.565363883972168,26.403911590576172,224.5013427734375,15.814404487609863,20.049724578857422,6.714137077331543,-0.4864657521247864,-2.7857131958007812,0.9123771786689758,15.85101318359375,19.910642623901367,6.670412063598633
1104,0.8418021202087402,0.5453083515167236,8.412583351135254,34.335357666015625,266.62054443359375,10.168375015258789,31.7747745513916,8.116935729980469,-0.6364464163780212,-4.7017316818237305,1.179184913635254,10.176746368408203,31.512649536132812,8.053227424621582
1105,0.8591613173484802,0.5171762704849243,5.396108150482178,23.53357696533203,204.8479461669922,15.91222095489502,16.690357208251953,4.6970696449279785,-0.4345755875110626,-0.6250244975090027,0.378343790769577,15.950653076171875,16.725175857543945,4.69486665725708
1106,0.8052916526794434,0.4854150712490082,4.205836772918701,14.692419052124023,145.9534454345703,12.873570442199707,5.736023426055908,4.151680946350098,-1.8465291261672974,0.5618792176246643,-0.27764713764190674,12.77599048614502,5.724360466003418,4.153941631317139
1107,0.7857645153999329,0.5450021028518677,4.4303879737854,18.934017181396484,163.93359375,15.183710098266602,8.395336151123047,7.580918312072754,-0.562317430973053,1.1049387454986572,0.4538782835006714,15.215619087219238,8.345520973205566,7.588428020477295
1108,0.8182612657546997,0.5408408641815186,6.363733291625977,19.27568244934082,158.80897521972656,12.149591445922852,14.482985496520996,3.765953779220581,0.08480724692344666,-0.8139324188232422,-0.06003175303339958,12.183184623718262,14.500431060791016,3.7759788036346436
1109,0.7017058730125427,0.5425222516059875,6.005718231201172,22.581270217895508,257.346923828125,8.633648872375488,20.542055130004883,3.660304307937622,-0.9665082693099976,-0.9946292042732239,-0.319632887840271,8.603310585021973,20.575193405151367,3.656492233276367
1110,0.8708993196487427,0.5427712798118591,6.895163536071777,28.04546356201172,246.4436492919922,11.257514953613281,24.7961368560791,6.705807685852051,-0.06509461998939514,-1.2438509464263916,-0.1672508269548416,11.288727760314941,24.833999633789062,6.722421169281006
1111,0.7393457889556885,0.5482624173164368,4.2717671394348145,17.13463592529297,173.6132049560547,15.600661277770996,6.830241680145264,1.8875725269317627,-2.7646572589874268,-0.10622703284025192,-0.025575267150998116,15.396567344665527,6.848465442657471,1.8926639556884766
1112,0.742911159992218,0.5174258947372437,6.154190540313721,24.591493606567383,242.18011474609375,8.681976318359375,22.423097610473633,5.154565334320068,0.15666203200817108,2.060699224472046,-0.5382009148597717,8.7047758102417,22.390491485595703,5.140690803527832
1113,0.7855656743049622,0.5460624694824219,8.243242263793945,33.079559326171875,243.9801483154297,8.654321670532227,29.845951080322266,11.339276313781738,-0.666520357131958,-2.485684633255005,0.4800608456134796,8.65268611907959,29.825227737426758,11.360712051391602
1114,0.7830111980438232,0.5640280842781067,7.727122783660889,21.18512535095215,143.03567504882812,13.132076263427734,16.320642471313477,3.161452054977417,-1.0520576238632202,0.134246364235878,0.0695757269859314,13.126378059387207,16.36561393737793,3.1695027351379395
1115,0.6418073773384094,0.5276173949241638,5.308390140533447,14.315168380737305,99.46849822998047,10.24979305267334,9.387913703918457,3.425325870513916,-1.9052232503890991,0.10391952097415924,-0.5327489376068115,10.099258422851562,9.413522720336914,3.393080711364746
1116,0.6984518766403198,0.5525762438774109,6.271589756011963,24.7338809967041,211.10987854003906,11.858445167541504,19.717926025390625,9.074442863464355,-0.1779618263244629,0.6045680642127991,-0.22057746350765228,11.89018440246582,19.763629913330078,9.097065925598145
1117,0.8170011639595032,0.5454668402671814,8.26244068145752,33.17576217651367,283.1004943847656,30.438465118408203,12.370162010192871,4.594573020935059,0.43044573068618774,-1.566685676574707,-0.10135575383901596,30.52031898498535,12.304777145385742,4.606267929077148
1118,0.7376331090927124,0.5403607487678528,12.490412712097168,42.104854583740234,252.7939453125,25.50398063659668,31.692485809326172,10.860577583312988,-0.6514683365821838,-3.013575315475464,0.7738091349601746,25.566776275634766,31.636884689331055,10.86319351196289
1119,0.7216958403587341,0.5587495565414429,8.04482650756836,23.397890090942383,175.6874542236328,14.446450233459473,17.33822250366211,6.176353931427002,-1.3887652158737183,-2.0053584575653076,0.6035661697387695,14.41965389251709,17.269899368286133,6.163938522338867
1120,0.7341434359550476,0.5662510395050049,9.614886283874512,34.08609390258789,230.29661560058594,18.749597549438477,27.4178524017334,7.653476238250732,-0.8234103918075562,-2.887601137161255,0.8151208162307739,18.783756256103516,27.34142303466797,7.631173133850098
1121,0.7813860177993774,0.5226793885231018,11.81993579864502,37.5434455871582,240.35618591308594,17.756025314331055,30.903661727905273,11.798199653625488,-0.5570719838142395,-3.372891902923584,1.1430153846740723,17.796789169311523,30.804733276367188,11.775455474853516
1122,0.7420445084571838,0.5311609506607056,9.31655502319336,30.9991397857666,211.4990692138672,19.860431671142578,22.274444580078125,8.388035774230957,-1.5125447511672974,-1.9414608478546143,0.745670735836029,19.857990264892578,22.251569747924805,8.378131866455078
1123,0.7965369820594788,0.5099660754203796,8.231884002685547,31.685888290405273,253.74349975585938,23.051755905151367,20.526884078979492,7.159547328948975,0.5189995765686035,-1.6992436647415161,0.09556907415390015,23.110197067260742,20.513492584228516,7.178878307342529
1124,0.7627176642417908,0.5215491652488708,6.295434951782227,22.25543785095215,219.823486328125,11.601377487182617,18.143672943115234,5.614242076873779,-0.2978716194629669,-1.2994821071624756,0.19230520725250244,11.629902839660645,18.14755630493164,5.626598834991455
1125,0.6791991591453552,0.5698383450508118,5.84197998046875,18.31602668762207,116.42313385009766,16.858673095703125,6.57982063293457,2.8227522373199463,-2.8998541831970215,-0.5456743240356445,-0.0945638045668602,16.653722763061523,6.575445175170898,2.8290371894836426
1126,0.7134060859680176,0.562759280204773,5.946819305419922,23.09646987915039,245.39117431640625,18.86528778076172,12.94643497467041,3.1523990631103516,1.3981975317001343,0.9208415746688843,-0.463069885969162,18.865882873535156,12.949666023254395,3.1269001960754395
1127,0.73553866147995,0.5547582507133484,5.824494361877441,23.434165954589844,248.50985717773438,18.858806610107422,13.631916046142578,2.770624876022339,-1.4591875076293945,-0.3818720579147339,-0.3717993497848511,18.854717254638672,13.664576530456543,2.7532236576080322
1128,0.7617433667182922,0.5171835422515869,7.233168601989746,25.54465103149414,238.63282775878906,15.343306541442871,19.093019485473633,7.250430583953857,0.7915287017822266,-0.5124720335006714,-0.15515448153018951,15.365616798400879,19.139379501342773,7.268990516662598
1129,0.6240786910057068,0.5156316757202148,8.300603866577148,26.511310577392578,220.0015411376953,22.125144958496094,12.485396385192871,7.579077243804932,-0.23960232734680176,0.901091456413269,0.16881997883319855,22.185562133789062,12.48757266998291,7.598332405090332
1130,0.6837989687919617,0.5370899438858032,8.459773063659668,29.513582229614258,248.51397705078125,17.023508071899414,22.89181900024414,7.564155101776123,0.22053341567516327,-1.688700556755066,0.8515568971633911,17.069561004638672,22.893125534057617,7.53703498840332
1131,0.7412722110748291,0.5379987955093384,6.907190322875977,22.65755844116211,235.82839965820312,8.349081039428711,20.254520416259766,5.7803215980529785,1.0216553211212158,1.576566219329834,-0.5632942914962769,8.309450149536133,20.24939727783203,5.768856525421143
1132,0.7174935936927795,0.5553231239318848,6.269824981689453,21.63448715209961,188.73184204101562,13.782986640930176,15.059621810913086,7.161574840545654,2.5170204639434814,-1.1833627223968506,0.39656221866607666,13.589010238647461,15.054933547973633,7.170532703399658
1133,0.7821769714355469,0.5417723655700684,6.803643226623535,23.526323318481445,226.86297607421875,14.00051212310791,18.232633590698242,5.004466533660889,1.0094550848007202,1.8719913959503174,-0.6665427088737488,14.003024101257324,18.186866760253906,4.973714828491211
1134,0.7673066854476929,0.5370707511901855,5.2862443923950195,19.826799392700195,214.35044860839844,14.712240219116211,12.704885482788086,3.9035730361938477,-0.284589946269989,-0.0797702968120575,0.32816752791404724,14.750516891479492,12.740073204040527,3.900604724884033
1135,0.7936273813247681,0.5242979526519775,11.085185050964355,27.574337005615234,219.8095703125,19.337413787841797,18.757047653198242,5.880613327026367,-0.686664342880249,-0.28703105449676514,-0.5727264881134033,19.379125595092773,18.807165145874023,5.868982315063477
1136,0.6883763670921326,0.5606130361557007,6.845946311950684,20.869911193847656,197.5132598876953,11.339385986328125,16.982240676879883,4.309875965118408,1.3129750490188599,-0.382733553647995,0.076762855052948,11.294533729553223,17.025283813476562,4.3212127685546875
1137,0.784177839756012,0.5374564528465271,5.556847095489502,22.394432067871094,252.52732849121094,9.26519775390625,19.829917907714844,4.737196922302246,0.2420329749584198,-1.6635640859603882,0.09537412226200104,9.287871360778809,19.815134048461914,4.749448299407959
1138,0.8687989115715027,0.512708842754364,5.643056392669678,19.381305694580078,204.1995849609375,15.622269630432129,9.247910499572754,6.786444187164307,-1.0541801452636719,0.21428397297859192,-0.058612529188394547,15.630138397216797,9.27121639251709,6.80511999130249
1139,0.7738372683525085,0.5268378257751465,6.096543312072754,24.8818359375,223.4101104736328,8.783828735351562,22.294689178466797,6.700523853302002,0.6650111675262451,-2.79885196685791,0.6255027651786804,8.783049583435059,22.18000602722168,6.689872741699219
1140,0.7392992377281189,0.5453963875770569,5.2996506690979,19.633089065551758,213.7989044189453,8.681002616882324,16.81184196472168,5.240265369415283,1.4508172273635864,-0.6059108972549438,-0.2746606171131134,8.582783699035645,16.8477840423584,5.247659206390381
1141,0.7879763841629028,0.5605600476264954,6.679189682006836,24.501964569091797,213.91482543945312,14.56410026550293,18.095979690551758,7.795431613922119,2.0707390308380127,0.3145160377025604,-0.5268185138702393,14.456351280212402,18.14371681213379,7.799304485321045
1142,0.7671459317207336,0.546022355556488,5.877498626708984,19.39579200744629,207.52157592773438,15.077704429626465,10.377731323242188,6.415782928466797,-0.0043559605255723,-1.3066197633743286,0.7866324782371521,15.11976146697998,10.323863983154297,6.385138034820557
1143,0.7792100310325623,0.5198593139648438,6.527863502502441,20.50834846496582,160.86705017089844,16.02589988708496,12.260066032409668,3.6679306030273438,1.3823341131210327,1.0847554206848145,0.04967625066637993,16.010705947875977,12.246047973632812,3.6778242588043213
1144,0.873991847038269,0.48843735456466675,4.798137664794922,17.974956512451172,197.9974822998047,6.636847972869873,16.439279556274414,2.9667272567749023,-0.0582871176302433,-1.471448302268982,0.10470211505889893,6.655104160308838,16.418964385986328,2.973149061203003
1145,0.841789960861206,0.5152242183685303,5.5642924308776855,17.592697143554688,150.09275817871094,6.5094146728515625,15.774166107177734,4.2785725593566895,0.12069856375455856,-0.5189105868339539,-0.18125216662883759,6.526450157165527,15.80960464477539,4.286655426025391
1146,0.8166181445121765,0.5061975717544556,6.39255952835083,20.001346588134766,186.97943115234375,16.96001625061035,10.354288101196289,2.2804179191589355,0.44415900111198425,0.5381457209587097,-0.09238192439079285,17.001493453979492,10.369136810302734,2.2849016189575195
1147,0.9159377813339233,0.5500827431678772,6.2789082527160645,23.125926971435547,245.79946899414062,17.50031280517578,14.186884880065918,5.223011016845703,1.5002775192260742,0.07895918935537338,-0.17810435593128204,17.484519958496094,14.226237297058105,5.23453426361084
1148,0.7893915176391602,0.49423086643218994,8.436346054077148,29.823593139648438,240.8060302734375,18.260467529296875,22.2874755859375,7.698720932006836,2.4955801963806152,-2.057288885116577,0.962904155254364,18.13959312438965,22.254226684570312,7.659573078155518
1149,0.8644925951957703,0.5052787661552429,5.998570442199707,23.88921356201172,257.09234619140625,18.486087799072266,12.930744171142578,7.858432292938232,0.26604974269866943,-0.5817723870277405,0.8397601246833801,18.53573226928711,12.953682899475098,7.835230350494385
1150,0.8856198191642761,0.4808077812194824,5.923102855682373,19.59949493408203,196.05645751953125,9.80735969543457,16.30531120300293,4.700294017791748,-0.18977485597133636,-1.133491039276123,0.2248365730047226,9.83287525177002,16.311235427856445,4.708009243011475
1151,0.8745965361595154,0.523659348487854,5.86611795425415,34.117637634277344,426.1845397949219,32.01239013671875,10.950511932373047,4.393893241882324,-2.375354766845703,-1.5830881595611572,-0.25738123059272766,32.01319122314453,10.865701675415039,4.39858341217041
1152,1.0152249336242676,0.5038131475448608,8.575207710266113,34.994564056396484,305.9136962890625,24.808231353759766,23.170480728149414,8.502925872802734,1.0043407678604126,-3.2200136184692383,1.0731703042984009,24.857036590576172,23.009653091430664,8.45845890045166
1153,1.0408902168273926,0.48179683089256287,5.227205753326416,20.237865447998047,166.19696044921875,13.17691707611084,13.13412857055664,7.964595317840576,-0.3034965991973877,0.12243381142616272,-0.6123862862586975,13.210166931152344,13.17019271850586,7.963168144226074
1154,0.9982681274414062,0.4756200313568115,6.212252140045166,22.945632934570312,242.78480529785156,13.343125343322754,17.432785034179688,6.675402641296387,-0.3378109335899353,-1.1283891201019287,0.38427403569221497,13.376054763793945,17.444753646850586,6.68292236328125
1155,0.9776052236557007,0.4815235733985901,3.268415689468384,17.96073341369629,227.0871124267578,8.483368873596191,15.672159194946289,2.2369296550750732,0.07037259638309479,-1.0202751159667969,0.11469791829586029,8.50674057006836,15.682536125183105,2.2402186393737793
1156,1.006739854812622,0.49361157417297363,5.150149345397949,18.097274780273438,164.92457580566406,14.455666542053223,10.49610710144043,2.8942668437957764,0.7504569292068481,0.40071582794189453,0.06872904300689697,14.476441383361816,10.517712593078613,2.901521682739258
1157,0.9450541734695435,0.5036256313323975,3.743058443069458,14.745757102966309,152.8631591796875,10.55291748046875,7.8646955490112305,6.649801254272461,0.2711581289768219,1.0142790079116821,-0.5911548733711243,10.578859329223633,7.82077169418335,6.641948223114014
1158,1.0500879287719727,0.5072376728057861,5.559877872467041,25.689607620239258,268.23504638671875,12.620765686035156,20.38190269470215,9.233110427856445,-0.3445974588394165,-2.5048623085021973,0.8115876913070679,12.651250839233398,20.2838191986084,9.223027229309082
1159,1.0353810787200928,0.482904314994812,3.0274834632873535,10.798653602600098,97.83108520507812,6.453390598297119,8.234390258789062,2.6757209300994873,0.011530473828315735,1.0488213300704956,-0.10950393974781036,6.471381187438965,8.190104484558105,2.680936574935913
1160,1.0168380737304688,0.48289570212364197,5.863853931427002,27.302209854125977,291.5488586425781,21.588979721069336,16.31903076171875,3.607761859893799,-2.506906747817993,-0.9810996651649475,0.2847025990486145,21.502748489379883,16.334951400756836,3.6065430641174316
1161,0.9833986163139343,0.46362900733947754,5.2123494148254395,25.347597122192383,274.1881103515625,21.71747398376465,11.90839672088623,5.389069557189941,2.916038751602173,-0.9442980885505676,0.11082789301872253,21.580842971801758,11.904009819030762,5.40295934677124
1162,1.022395133972168,0.48790618777275085,2.748291015625,10.51594066619873,105.893798828125,4.394041061401367,9.23218822479248,2.4584767818450928,-0.43274325132369995,1.180834412574768,-0.2073713093996048,4.3848772048950195,9.181900978088379,2.4565486907958984
1163,0.9803336262702942,0.5040700435638428,3.623152017593384,13.399453163146973,105.37716674804688,4.5815958976745605,12.330591201782227,2.551632881164551,-0.5537330508232117,-0.07221370190382004,0.02177242748439312,4.560697078704834,12.364773750305176,2.55865740776062
1164,0.986681342124939,0.4825447201728821,7.6540446281433105,31.011781692504883,291.29534912109375,25.101282119750977,16.062152862548828,8.582745552062988,1.0616545677185059,0.3900979459285736,-0.1392216831445694,25.148775100708008,16.10220718383789,8.60555362701416
1165,0.8623408079147339,0.486151784658432,3.482499837875366,16.627023696899414,199.06031799316406,13.11958122253418,8.255854606628418,6.0145955085754395,-1.4133433103561401,-0.014971606433391571,0.024610647931694984,13.079612731933594,8.278870582580566,6.031322479248047
1166,0.9232186079025269,0.49067461490631104,2.8656532764434814,10.121551513671875,96.515869140625,8.672605514526367,4.791277885437012,2.0676963329315186,-0.3372282087802887,-0.3300671875476837,-0.3499968349933624,8.690218925476074,4.793228626251221,2.043543815612793
1167,0.9338542819023132,0.5086421370506287,3.6529948711395264,13.648303031921387,122.06717681884766,9.21529769897461,8.222175598144531,5.8094987869262695,-0.5821385979652405,-0.8933172821998596,0.5366594195365906,9.222546577453613,8.19630241394043,5.800793647766113
1168,0.8819027543067932,0.5403454899787903,4.894245147705078,25.709598541259766,239.86529541015625,17.032238006591797,18.322858810424805,5.929525852203369,-1.9319649934768677,-1.0653777122497559,0.08019591867923737,16.969512939453125,18.342884063720703,5.945521831512451
1169,1.0178922414779663,0.4784717559814453,6.150522232055664,25.60740089416504,229.62161254882812,18.470684051513672,16.998260498046875,5.062801361083984,0.46423566341400146,-1.1509218215942383,0.24853073060512543,18.516355514526367,17.006559371948242,5.070802688598633
1170,0.9556418657302856,0.5008073449134827,5.121042251586914,17.399232864379883,160.36520385742188,6.61392879486084,15.71792221069336,3.454867362976074,0.0044651455245912075,-0.33819639682769775,0.12827979028224945,6.632376194000244,15.75811767578125,3.462115526199341
1171,0.9008609056472778,0.5054565668106079,3.3471198081970215,15.148191452026367,127.16590118408203,7.297154903411865,11.639376640319824,6.383114814758301,0.4269319772720337,0.2774854302406311,-0.7790259718894958,7.304974555969238,11.668526649475098,6.353070259094238
1172,0.9266289472579956,0.4941326975822449,7.2757463455200195,29.704994201660156,223.6330108642578,10.634064674377441,26.808013916015625,7.115739345550537,-0.13895705342292786,-3.778456449508667,1.1434800624847412,10.662816047668457,26.614431381225586,7.042852878570557
1173,0.9675198793411255,0.48778027296066284,3.712181806564331,13.926684379577637,126.57234954833984,10.266744613647461,8.035589218139648,4.896508693695068,-0.03493130952119827,0.2324150800704956,-0.5462382435798645,10.29532241821289,8.054633140563965,4.879518032073975
1174,0.9909707307815552,0.4897233545780182,5.608169078826904,27.87831687927246,278.7539367675781,19.263072967529297,19.59536361694336,4.707028388977051,0.4485440254211426,-2.91912841796875,0.3041529953479767,19.311567306518555,19.43075942993164,4.710294723510742
1175,0.9642223119735718,0.49242928624153137,3.9375956058502197,17.45020866394043,176.61875915527344,7.086628437042236,15.459193229675293,3.9118807315826416,-0.7085110545158386,-1.7319828271865845,0.18773242831230164,7.0707902908325195,15.40471363067627,3.9182724952697754
1176,0.9865190982818604,0.5053502917289734,3.576017379760742,14.785902976989746,154.49964904785156,6.076718807220459,13.131952285766602,3.041090726852417,-0.1787264347076416,-0.8609002828598022,0.12326086312532425,6.091032981872559,13.14025592803955,3.047067642211914
1177,0.9400867223739624,0.4909633994102478,4.44171142578125,20.6932315826416,204.90283203125,6.759736061096191,18.904163360595703,5.0148210525512695,-0.6256961822509766,-1.5725584030151367,0.3341057002544403,6.749490737915039,18.891189575195312,5.017635822296143
1178,0.8971084952354431,0.48404660820961,3.8831896781921387,15.665351867675781,150.59217834472656,5.456108093261719,14.225027084350586,3.6445493698120117,-0.28827688097953796,-1.2665725946426392,0.14109772443771362,5.463684558868408,14.208049774169922,3.651975154876709
1179,0.9352196455001831,0.5141679048538208,3.9963576793670654,21.478124618530273,198.94400024414062,10.446640014648438,18.10454559326172,4.93993616104126,-0.18494106829166412,-2.075493335723877,0.3838650584220886,10.474137306213379,18.03535270690918,4.938736438751221
1180,0.9697508811950684,0.4999798834323883,4.29641580581665,21.6442928314209,224.0947265625,6.716833591461182,19.971811294555664,4.948360919952393,-0.23247291147708893,-2.3067569732666016,0.5102837681770325,6.731534004211426,19.893484115600586,4.9357099533081055
1181,1.0370889902114868,0.45506250858306885,5.813019752502441,24.009973526000977,252.64288330078125,18.3738956451416,14.361531257629395,5.711848735809326,-1.010432243347168,0.6593583822250366,-0.48514100909233093,18.397266387939453,14.386404991149902,5.707083702087402
1182,0.918308436870575,0.4980933666229248,5.5675578117370605,25.20389747619629,249.05551147460938,18.254674911499023,16.37689971923828,5.813817977905273,0.4800298511981964,-2.186546802520752,0.7406355142593384,18.299264907836914,16.275548934936523,5.782535076141357
1183,0.9431142807006836,0.4985806345939636,6.596266269683838,22.87639617919922,200.25526428222656,14.655030250549316,16.19460105895996,6.804004669189453,-0.4677608907222748,-1.1576552391052246,0.1746390014886856,14.688421249389648,16.19822883605957,6.820735454559326
1184,0.9698368310928345,0.5106469988822937,3.9736199378967285,18.614233016967773,208.73980712890625,6.766910552978516,16.366111755371094,5.731398105621338,-0.30304959416389465,-1.257649540901184,0.39153939485549927,6.778977394104004,16.36323356628418,5.733958721160889
1185,1.031044602394104,0.48322272300720215,3.81803560256958,14.512700080871582,144.28036499023438,6.511308670043945,12.708051681518555,2.5935957431793213,-0.3664928078651428,-1.1219226121902466,0.1558719277381897,6.519120216369629,12.693739891052246,2.5961289405822754
1186,1.0119765996932983,0.4806284010410309,5.4142866134643555,21.35294532775879,182.95187377929688,10.045491218566895,18.37506866455078,4.1705241203308105,-0.6322134137153625,-2.0027778148651123,0.6102092266082764,10.053543090820312,18.316547393798828,4.137148857116699
1187,0.990268349647522,0.5017744898796082,4.713711261749268,16.595624923706055,140.140625,10.38809871673584,11.681939125061035,5.570860385894775,1.1293234825134277,0.596256673336029,-0.08372201025485992,10.355334281921387,11.699254989624023,5.585768699645996
1188,1.0224177837371826,0.4880106449127197,3.957261323928833,11.824073791503906,72.37945556640625,8.37575912475586,7.882178783416748,2.7434723377227783,0.8895558714866638,0.20280177891254425,-0.08697088062763214,8.351617813110352,7.901548385620117,2.749742031097412
1189,1.0022075176239014,0.4861009120941162,4.966067790985107,19.36707878112793,164.47853088378906,9.388665199279785,16.23345184326172,4.838566303253174,-1.0591288805007935,-2.3389828205108643,0.6620854735374451,9.354755401611328,16.10887336730957,4.806423664093018
1190,1.0330108404159546,0.46379929780960083,4.57979154586792,20.107011795043945,203.68324279785156,14.657432556152344,12.146270751953125,6.474542617797852,-1.3600547313690186,-0.5215506553649902,0.3728901743888855,14.634904861450195,12.168917655944824,6.481825828552246
1191,1.0551941394805908,0.4784586727619171,3.474708080291748,15.885089874267578,181.05050659179688,4.597166061401367,14.889908790588379,3.0810394287109375,-0.43386968970298767,-1.7003846168518066,0.23429608345031738,4.589412212371826,14.833763122558594,3.0806875228881836
1192,0.9422401189804077,0.45880359411239624,4.144935607910156,21.125524520874023,220.08480834960938,4.697770118713379,20.1206111907959,4.402249813079834,-0.4171145260334015,-2.147987127304077,0.5107381939888,4.692267894744873,20.061429977416992,4.384718894958496
1193,1.0506752729415894,0.4649399518966675,4.8107523918151855,21.600175857543945,187.47406005859375,6.65724515914917,19.964282989501953,4.865819454193115,-0.6321352124214172,-2.1605870723724365,0.29545482993125916,6.645650386810303,19.902387619018555,4.870388507843018
1194,1.0383226871490479,0.460377961397171,5.256992816925049,29.19356346130371,353.95654296875,27.793184280395508,8.468594551086426,2.8435773849487305,-1.9185811281204224,0.6923476457595825,-0.09387660026550293,27.804227828979492,8.463789939880371,2.8499550819396973
1195,1.0729081630706787,0.4974353313446045,4.347593784332275,22.928232192993164,283.60699462890625,17.540390014648438,12.963173866271973,7.070688724517822,0.4854031503200531,-0.9547843337059021,0.2640826106071472,17.582582473754883,12.964025497436523,7.0854644775390625
1196,1.0664020776748657,0.4719744920730591,4.572272777557373,20.378774642944336,193.2760009765625,3.8974854946136475,19.48854637145996,4.5056257247924805,-0.37057259678840637,-1.8299490213394165,0.39507463574409485,3.890650749206543,19.456562042236328,4.500790596008301
1197,1.029618501663208,0.45313236117362976,4.916868209838867,18.473390579223633,140.1041259765625,12.378811836242676,12.663078308105469,5.260953426361084,-0.29734790325164795,0.14261457324028015,0.06810737401247025,12.409759521484375,12.697593688964844,5.275186538696289
1198,1.0963332653045654,0.4586361348628998,3.6401631832122803,15.182846069335938,163.8818817138672,7.944319725036621,12.561698913574219,3.10005521774292,-0.2851741909980774,-1.1871181726455688,0.12391962856054306,7.961345195770264,12.540363311767578,3.106217861175537
1199,1.1040561199188232,0.44195640087127686,2.836169481277466,12.97008991241455,166.91943359375,7.662346363067627,8.658234596252441,5.877640247344971,-0.9330127239227295,-0.6511847376823425,0.49466168880462646,7.626542568206787,8.657793998718262,5.873126029968262
1200,1.1189305782318115,0.4469500184059143,5.033214569091797,23.252361297607422,216.4115753173828,4.067566871643066,22.30104637145996,5.175954341888428,-0.2873447835445404,-2.3630502223968506,0.5044230818748474,4.068721771240234,22.237356185913086,5.165685176849365
1201,1.2060505151748657,0.43838509917259216,4.203386306762695,15.110875129699707,118.9638442993164,6.06692361831665,13.114048957824707,4.421836853027344,0.06489101052284241,1.5595252513885498,-0.4879167377948761,6.083498954772949,13.057311058044434,4.407094478607178
1202,1.1515668630599976,0.42897433042526245,3.5566964149475098,18.406940460205078,217.59683227539062,13.853113174438477,10.034125328063965,6.798748016357422,-1.306959629058838,-1.1214901208877563,0.6538864970207214,13.829792976379395,9.999068260192871,6.786107063293457
1203,1.0665910243988037,0.48491916060447693,4.836097240447998,21.882915496826172,203.9486083984375,4.895092010498047,20.992780685424805,3.7687361240386963,-0.11195814609527588,-1.1469120979309082,-0.030246343463659286,4.907462120056152,21.019893646240234,3.7791271209716797
1204,1.1084576845169067,0.45589861273765564,3.8402304649353027,14.587760925292969,151.17494201660156,7.621766567230225,12.11458683013916,2.819263458251953,-0.1470300257205963,-1.4681496620178223,0.19809803366661072,7.641604900360107,12.058839797973633,2.8201398849487305
1205,1.1207572221755981,0.4600129723548889,3.4231209754943848,13.646515846252441,145.34878540039062,11.830596923828125,6.478333950042725,2.072572708129883,-1.3624085187911987,-0.10239166766405106,0.04156843572854996,11.784669876098633,6.495593070983887,2.0779356956481934
1206,1.1483919620513916,0.46261197328567505,5.94021463394165,26.9563045501709,273.5555725097656,20.24940299987793,17.413785934448242,3.6556894779205322,0.5782411694526672,-1.967708945274353,0.23480074107646942,20.297611236572266,17.35051918029785,3.6583173274993896
1207,1.0965749025344849,0.45045915246009827,5.841592311859131,24.373062133789062,195.40289306640625,17.897855758666992,15.948691368103027,4.399108409881592,-1.10052490234375,-2.2884562015533447,0.5055696368217468,17.913816452026367,15.827679634094238,4.382150173187256
1208,1.0564498901367188,0.48224937915802,4.086251735687256,14.11915397644043,111.19754791259766,7.908885478973389,10.442142486572266,5.268939018249512,0.24429218471050262,-0.18056145310401917,0.2249830961227417,7.927162170410156,10.469703674316406,5.2788166999816895
1209,1.0324592590332031,0.47557392716407776,4.6830153465271,18.46527671813965,211.98638916015625,6.404776573181152,16.495866775512695,5.275570869445801,-0.786812961101532,-1.0052490234375,0.2997164726257324,6.373993873596191,16.511137008666992,5.281742095947266
1210,1.109405755996704,0.437263160943985,3.8334619998931885,15.946931838989258,175.30642700195312,5.471398830413818,14.460274696350098,3.9075429439544678,0.0774545893073082,-1.1186403036117554,0.29036572575569153,5.486110687255859,14.45715618133545,3.907609462738037
1211,1.133457899093628,0.43518945574760437,6.292470932006836,26.382225036621094,203.46241760253906,15.568321228027344,20.025270462036133,7.255184650421143,1.4369336366653442,-2.703996419906616,0.7522650957107544,15.545105934143066,19.897218704223633,7.236207485198975
1212,1.1484726667404175,0.44177916646003723,4.921922206878662,19.3322696685791,203.6551971435547,9.845565795898438,15.86070442199707,5.023895740509033,0.4266137182712555,-1.1272714138031006,0.025439580902457237,9.86375617980957,15.864723205566406,5.037844657897949
1213,1.1643482446670532,0.45466649532318115,5.254786014556885,19.860027313232422,153.7827911376953,12.571515083312988,13.392060279846191,7.551844596862793,-0.5161991715431213,-1.7048544883728027,0.9956258535385132,12.59595012664795,13.320152282714844,7.506806373596191
1214,1.0484657287597656,0.4697653353214264,6.28483772277832,22.100454330444336,155.088623046875,14.717113494873047,15.617585182189941,5.284666061401367,0.08285238593816757,-0.8151138424873352,-0.1602640599012375,14.75793170928955,15.639803886413574,5.296968936920166
1215,1.0687670707702637,0.4543207287788391,3.8521814346313477,18.100183486938477,206.4628143310547,6.380025386810303,16.818710327148438,2.0107004642486572,0.608368456363678,-1.4462826251983643,-0.05543535202741623,6.368669033050537,16.803150177001953,2.015542984008789
1216,1.1645541191101074,0.4275791347026825,5.051011085510254,22.914287567138672,214.3351593017578,15.602943420410156,16.09685707092285,4.74383544921875,1.7639896869659424,-1.1718335151672363,-0.04554622620344162,15.546154022216797,16.098928451538086,4.756848335266113
1217,1.134765625,0.42554983496665955,5.7367119789123535,22.95684242248535,186.22677612304688,13.927556037902832,17.806808471679688,3.9946587085723877,-1.1493836641311646,-1.2997761964797974,0.33304867148399353,13.9187650680542,17.80884552001953,3.991854667663574
1218,1.0957562923431396,0.45032545924186707,6.892738342285156,26.120798110961914,244.1939697265625,19.934782028198242,16.335735321044922,4.24786901473999,-0.8128547072410583,-0.7842766642570496,0.25736796855926514,19.97376251220703,16.362411499023438,4.25189208984375
1219,1.1115468740463257,0.4315756857395172,5.168400764465332,20.543521881103516,164.3164520263672,15.078505516052246,13.541500091552734,3.3619544506073,1.7988381385803223,-2.327578067779541,0.07864318788051605,15.012582778930664,13.37717342376709,3.3704097270965576
1220,1.126678466796875,0.44652417302131653,4.0394134521484375,16.535112380981445,183.24900817871094,7.586891174316406,14.159109115600586,3.9202871322631836,-0.024133259430527687,0.5864682793617249,-0.11137136071920395,7.608015537261963,14.186418533325195,3.929635524749756
1221,1.197926640510559,0.4476883113384247,7.560628414154053,27.9315128326416,195.6970977783203,12.295586585998535,23.58844566345215,8.5189847946167,-0.6572805047035217,-1.4928908348083496,0.6472996473312378,12.31225299835205,23.606821060180664,8.518051147460938
1222,1.2236250638961792,0.4406706690788269,6.622498989105225,26.241533279418945,212.07675170898438,10.09338665008545,23.822860717773438,4.383262634277344,0.3673502802848816,-3.5348501205444336,0.4623037278652191,10.11483383178711,23.624866485595703,4.370973110198975
1223,1.0902924537658691,0.4758545756340027,7.182984352111816,28.17612075805664,207.8648681640625,13.831177711486816,21.693134307861328,11.489136695861816,-0.0194871686398983,0.45864495635032654,0.5256535410881042,13.869745254516602,21.748781204223633,11.50911808013916
1224,1.1033222675323486,0.46627017855644226,4.622762680053711,22.938640594482422,212.85508728027344,12.196595191955566,17.845176696777344,7.679450988769531,-0.2184794545173645,-0.18915371596813202,0.340556800365448,12.228654861450195,17.893949508666992,7.693295955657959
1225,1.0531843900680542,0.4781511127948761,6.470900535583496,26.778709411621094,215.8926544189453,19.298978805541992,18.219646453857422,3.5627501010894775,2.6106510162353516,0.17763672769069672,-0.1965821385383606,19.174924850463867,18.269601821899414,3.5672454833984375
1226,1.080834984779358,0.4784654378890991,5.211995601654053,25.726322174072266,238.0339813232422,7.941256523132324,23.95456886291504,4.995875835418701,-0.40277528762817383,-1.3768430948257446,0.34998011589050293,7.953158378601074,23.98167610168457,4.997503280639648
1227,1.1550794839859009,0.4401824474334717,6.654179573059082,25.6068115234375,184.33428955078125,11.261253356933594,22.256214141845703,5.792573928833008,-0.41086462140083313,-1.6582038402557373,0.34705668687820435,11.285146713256836,22.256263732910156,5.7982964515686035
1228,1.2071760892868042,0.45449838042259216,6.822896480560303,27.912092208862305,235.52407836914062,13.851987838745117,22.61993980407715,8.691701889038086,-0.9904193878173828,-2.7141647338867188,0.406781405210495,13.855074882507324,22.519155502319336,8.706396102905273
1229,1.1459017992019653,0.47971802949905396,5.153951168060303,20.77896499633789,142.49462890625,10.960038185119629,15.890546798706055,7.68982458114624,-0.9306103587150574,-1.1704691648483276,0.4116673767566681,10.950920104980469,15.891585350036621,7.700216293334961
1230,1.0914504528045654,0.44955721497535706,4.146146774291992,16.636241912841797,132.16873168945312,8.883679389953613,13.723271369934082,3.084900379180908,-0.1555003672838211,-1.4951097965240479,-0.03868402913212776,8.907094955444336,13.679636001586914,3.093262195587158
1231,1.1430468559265137,0.4330712854862213,4.747977256774902,19.033607482910156,202.94317626953125,7.420950889587402,17.144819259643555,3.6418211460113525,0.803833544254303,-1.377956509590149,0.1771778017282486,7.397864818572998,17.13702392578125,3.6476550102233887
1232,1.069077491760254,0.46406063437461853,4.098292350769043,16.074541091918945,127.67979431152344,7.093006134033203,13.571419715881348,4.888427257537842,-0.4277367889881134,0.5520956516265869,0.10498785972595215,7.099845886230469,13.598011016845703,4.900932788848877
1233,1.072138786315918,0.46176543831825256,2.746782064437866,8.696404457092285,73.43623352050781,4.411977291107178,7.144586086273193,2.2620339393615723,-0.39333784580230713,-0.07179450988769531,0.0032815563026815653,4.406666278839111,7.164154052734375,2.268341541290283
1234,1.239959478378296,0.417105108499527,3.9830398559570312,15.460948944091797,140.02468872070312,9.88040828704834,11.160426139831543,4.106503009796143,0.5238986611366272,-0.739790678024292,-0.3122568428516388,9.894030570983887,11.166942596435547,4.1060357093811035
1235,1.260243535041809,0.42913898825645447,2.8426272869110107,9.687544822692871,113.223388671875,4.537529945373535,8.138641357421875,2.649881601333618,-0.04323171079158783,-0.5777220726013184,-0.014145809225738049,4.549980163574219,8.140755653381348,2.6572353839874268
1236,1.1360787153244019,0.4354930818080902,6.073084831237793,24.9926700592041,189.4346923828125,17.824859619140625,16.006710052490234,7.119904041290283,1.4353878498077393,-1.660969614982605,0.8423089385032654,17.816532135009766,15.96470832824707,7.089625358581543
1237,1.1533641815185547,0.4462854862213135,3.778092622756958,13.898717880249023,108.7592544555664,5.241817474365234,12.594745635986328,2.658964157104492,-0.28678855299949646,-1.6602219343185425,-0.0050127641297876835,5.248566150665283,12.51966667175293,2.6663763523101807
1238,1.168075442314148,0.44248583912849426,6.386853218078613,21.788084030151367,151.05577087402344,12.260822296142578,17.07036018371582,5.744185924530029,0.3848780691623688,-1.253912091255188,0.5466509461402893,12.288962364196777,17.07172966003418,5.734065532684326
1239,1.1485908031463623,0.4290415048599243,3.6918301582336426,13.91309642791748,97.74400329589844,5.844502925872803,12.355746269226074,2.5983781814575195,-0.5410400032997131,-2.060441732406616,0.35705968737602234,5.835639953613281,12.216718673706055,2.5809075832366943
1240,1.3052552938461304,0.4289395809173584,6.730679988861084,24.60588836669922,142.991455078125,12.374981880187988,20.54890251159668,5.48199462890625,-0.35848724842071533,-2.7630677223205566,0.49524033069610596,12.404293060302734,20.41908836364746,5.474807262420654
1241,1.2140477895736694,0.39381423592567444,5.974656105041504,25.419048309326172,266.786865234375,19.242094039916992,16.249876022338867,3.436783790588379,-2.6745986938476562,-2.795490264892578,0.15875181555747986,19.10845947265625,16.052265167236328,3.4426918029785156
1242,1.1804615259170532,0.4409039616584778,2.661440849304199,13.924020767211914,174.62493896484375,12.000954627990723,6.789519786834717,1.938517451286316,0.6033006906509399,-0.8548285961151123,-0.10119231045246124,12.019214630126953,6.754280090332031,1.9412745237350464
1243,1.1935309171676636,0.41902440786361694,1.8357186317443848,5.369454860687256,51.46931076049805,3.5474047660827637,3.575873613357544,1.8601326942443848,0.005651341751217842,0.1762816160917282,-0.1893761157989502,3.557295322418213,3.5814881324768066,1.855629324913025
1244,1.2857598066329956,0.40938568115234375,4.420124053955078,19.61125946044922,188.71839904785156,9.794411659240723,16.660184860229492,3.3330626487731934,-0.20832006633281708,-1.9796254634857178,0.4356505572795868,9.819511413574219,16.588294982910156,3.3136868476867676
1245,1.27253258228302,0.4080485701560974,3.2645010948181152,12.33135986328125,97.78607177734375,6.887324810028076,9.86952018737793,2.6869611740112305,-0.29773348569869995,-1.24571692943573,0.3624935746192932,6.900080680847168,9.81789779663086,2.6698238849639893
1246,1.2384172677993774,0.4208186864852905,2.6171343326568604,11.487433433532715,107.07022857666016,7.403219699859619,8.573572158813477,1.909794807434082,0.7289286255836487,-0.4705165922641754,0.14750127494335175,7.387796878814697,8.584529876708984,1.909401297569275
1247,1.2906132936477661,0.4099334478378296,3.7596383094787598,14.697381973266602,109.22064971923828,5.53903865814209,13.314498901367188,2.838346481323242,0.3199111521244049,-1.9708330631256104,0.39100953936576843,5.545217990875244,13.204558372497559,2.819126605987549
1248,1.2616016864776611,0.4122503995895386,3.381054162979126,15.818087577819824,175.2820281982422,8.177372932434082,13.050530433654785,3.6091716289520264,-0.24728673696517944,-0.8711265921592712,0.11512971669435501,8.196433067321777,13.057744979858398,3.6173973083496094
1249,1.2844423055648804,0.4118582308292389,2.8934390544891357,14.780646324157715,185.9962158203125,4.370756149291992,13.701756477355957,3.409667730331421,-0.6185941100120544,-1.1029164791107178,0.3477480709552765,4.3388285636901855,13.695390701293945,3.4013493061065674
1250,1.2314001321792603,0.4046364426612854,2.993496894836426,9.469365119934082,103.4931411743164,4.727540493011475,7.560871124267578,3.1862926483154297,-0.050127092748880386,-0.3361903727054596,-0.37859413027763367,4.7404608726501465,7.574462413787842,3.1725451946258545
1251,1.2762508392333984,0.40301424264907837,4.003652572631836,18.780895233154297,170.49879455566406,11.394136428833008,14.535368919372559,3.408623218536377,-0.8972908854484558,0.202514186501503,-0.20681579411029816,11.390433311462402,14.574498176574707,3.4118340015411377
1252,1.2495776414871216,0.43467649817466736,3.3748779296875,12.255541801452637,115.96295928955078,4.934876918792725,10.91303539276123,2.5982558727264404,-0.7381027340888977,-0.9096513986587524,0.06785053014755249,4.892976760864258,10.90539264678955,2.6046149730682373
1253,1.26362943649292,0.4334230124950409,3.8405704498291016,18.424123764038086,186.00743103027344,5.654720783233643,16.989002227783203,4.3412275314331055,-0.21270418167114258,-0.16900703310966492,-0.006071440409868956,5.666481971740723,17.035547256469727,4.35333251953125
1254,1.2460496425628662,0.41980263590812683,2.993950128555298,11.766977310180664,96.48690795898438,7.115176200866699,9.214617729187012,1.7108005285263062,-0.29835450649261475,-0.3569706380367279,-0.05519884079694748,7.128748416900635,9.233383178710938,1.7146793603897095
1255,1.3015321493148804,0.4003526568412781,3.3651347160339355,17.483781814575195,171.76217651367188,8.564156532287598,14.106902122497559,5.773482322692871,-1.2873244285583496,-0.190268874168396,-0.20991374552249908,8.490469932556152,14.144965171813965,5.7857584953308105
1256,1.2350707054138184,0.4305446743965149,3.3338499069213867,11.979283332824707,97.59369659423828,5.482049942016602,10.4163179397583,2.2250149250030518,-0.014237290248274803,-0.09741051495075226,0.037902262061834335,5.497323036193848,10.444914817810059,2.230897903442383
1257,1.214469075202942,0.3981170058250427,4.74401330947876,20.313663482666016,180.31112670898438,14.63156509399414,13.275630950927734,4.724392414093018,0.839672863483429,-2.2065422534942627,0.5889550447463989,14.648198127746582,13.127488136291504,4.700613498687744
1258,1.2481988668441772,0.4051567316055298,2.8814687728881836,12.008451461791992,112.31593322753906,8.5902099609375,8.097542762756348,2.2002217769622803,-1.0203392505645752,-0.45477932691574097,-0.008031908422708511,8.553189277648926,8.107314109802246,2.2063443660736084
1259,1.3109073638916016,0.41710156202316284,5.342075347900391,31.588804244995117,367.14947509765625,28.547100067138672,13.121826171875,3.2761640548706055,-1.4329543113708496,-0.7654141187667847,0.45089656114578247,28.590641021728516,13.136021614074707,3.2540390491485596
1260,1.2410888671875,0.4159892797470093,3.0616815090179443,10.645642280578613,80.2791519165039,9.8030366897583,4.005661964416504,1.0885103940963745,-0.5213687419891357,-0.43039315938949585,-0.13157963752746582,9.816468238830566,3.9935812950134277,1.0835424661636353
1261,1.360994815826416,0.4072988033294678,3.066575288772583,11.308598518371582,103.2078628540039,8.519763946533203,7.250148773193359,1.6532901525497437,-1.2683924436569214,-0.4015243649482727,0.251064658164978,8.448317527770996,7.259214878082275,1.638674020767212
1262,1.3556090593338013,0.39592045545578003,3.21946382522583,12.381658554077148,117.47982025146484,11.686745643615723,3.439641237258911,2.2123095989227295,-1.1187810897827148,-0.48725423216819763,-0.32037872076034546,11.665520668029785,3.414452314376831,2.195094585418701
1263,1.356001377105713,0.39223623275756836,3.931311845779419,15.966870307922363,123.6301498413086,13.268555641174316,8.763179779052734,1.446735143661499,-0.19850729405879974,0.07811054587364197,0.03590170666575432,13.3040771484375,8.787274360656738,1.4503239393234253
1264,1.3025587797164917,0.40966951847076416,4.27571964263916,19.65057945251465,197.7421417236328,6.162460803985596,18.099815368652344,4.534977436065674,0.2484009861946106,-2.229048013687134,0.5079154968261719,6.174628257751465,18.012134552001953,4.519014835357666
1265,1.4360017776489258,0.4055066704750061,5.005795955657959,26.01711654663086,292.0266418457031,20.864547729492188,15.267173767089844,2.9111037254333496,0.6267772316932678,-1.3433102369308472,0.14288614690303802,20.91330337524414,15.250382423400879,2.9157052040100098
1266,1.3938499689102173,0.4028329849243164,1.5638694763183594,4.142726898193359,47.20409393310547,2.7976233959198,2.9284863471984863,0.8714690208435059,-0.13516098260879517,0.015249119140207767,0.02228633128106594,2.8021509647369385,2.936615228652954,0.8736140727996826
1267,1.3399755954742432,0.3739175498485565,2.113130807876587,8.635686874389648,109.34120178222656,8.102604866027832,2.894373655319214,0.7385638952255249,0.4000629484653473,0.01929883472621441,0.05101059749722481,8.11529541015625,2.9023830890655518,0.7388554215431213
1268,1.3444007635116577,0.40888598561286926,3.8399441242218018,14.132919311523438,117.8903579711914,5.171805381774902,12.873262405395508,2.696467638015747,-0.2120571881532669,-1.850391149520874,0.23902654647827148,5.181870460510254,12.775116920471191,2.6933445930480957
1269,1.34280526638031,0.39728641510009766,3.737670421600342,13.308404922485352,106.1208724975586,9.0379638671875,9.136428833007812,3.457533121109009,-0.20580536127090454,-0.5880277156829834,-0.0035046471748501062,9.060824394226074,9.142918586730957,3.4671757221221924
1270,1.5321366786956787,0.3715636432170868,3.1772801876068115,17.98797607421875,224.8868865966797,10.052775382995605,13.13875675201416,7.0627241134643555,0.6160053610801697,-0.7739991545677185,0.3417832851409912,10.061872482299805,13.152524948120117,7.074127197265625
1271,1.3826237916946411,0.38901209831237793,6.214972019195557,26.784570693969727,201.7933807373047,19.646984100341797,17.891849517822266,3.3602049350738525,0.49392539262771606,-2.3038246631622314,0.14971275627613068,19.6955623626709,17.792394638061523,3.366231679916382
1272,1.4414796829223633,0.3822168707847595,4.300887107849121,25.18681526184082,309.1302795410156,22.35390853881836,11.185270309448242,3.093238353729248,0.743837833404541,-0.7027127742767334,0.1394881010055542,22.40384864807129,11.194313049316406,3.098710775375366
1273,1.3910176753997803,0.3852168023586273,3.316218376159668,22.047080993652344,279.2771911621094,17.995939254760742,12.665986061096191,1.3389196395874023,1.105465054512024,-1.2174745798110962,0.01650167815387249,18.012056350708008,12.642504692077637,1.3425524234771729
1274,1.4371823072433472,0.3876081109046936,2.38029408454895,7.6738080978393555,92.15509796142578,6.638910293579102,3.6921865940093994,1.0862606763839722,-0.496834397315979,-0.3190132975578308,0.03302164003252983,6.638759613037109,3.6886394023895264,1.0887871980667114
1275,1.4622044563293457,0.39340534806251526,5.011495113372803,21.50996971130371,215.1341552734375,18.30168342590332,10.945686340332031,2.814095973968506,0.691611647605896,-0.5210155248641968,-0.2122623473405838,18.33962631225586,10.963776588439941,2.81390643119812
1276,1.362216830253601,0.3689959645271301,3.2516260147094727,16.699687957763672,201.73117065429688,13.490036964416504,9.598562240600586,2.183131456375122,-1.1482915878295898,1.1210370063781738,-0.12441380321979523,13.478569984436035,9.559463500976562,2.1856634616851807
1277,1.5332902669906616,0.3692578077316284,4.640478134155273,18.762042999267578,138.36778259277344,7.8980183601379395,16.17854881286621,5.281118869781494,-0.06151784583926201,-0.1381216049194336,-0.055403709411621094,7.919809341430664,16.223087310791016,5.295558452606201
1278,1.4954522848129272,0.36946597695350647,4.9416375160217285,22.559926986694336,242.16087341308594,6.32296085357666,20.58604621887207,6.7219929695129395,-0.8775829076766968,-1.946667194366455,0.5298489332199097,6.279230117797852,20.550966262817383,6.7197699546813965
1279,1.602691888809204,0.3658583164215088,2.362730026245117,7.0863566398620605,69.4749984741211,5.075539588928223,4.646752834320068,1.6920510530471802,-0.0016186608700081706,-0.4993031919002533,-0.05700896680355072,5.089697360992432,4.632735729217529,1.695807695388794
1280,1.5448293685913086,0.364958792924881,3.4280917644500732,11.452071189880371,105.44705200195312,9.118817329406738,6.685283184051514,1.817716360092163,-0.816985011100769,-0.9262449145317078,0.07051251083612442,9.107479095458984,6.639274597167969,1.821414828300476
1281,1.5525652170181274,0.3585272431373596,3.194420099258423,13.84071159362793,130.46176147460938,7.346424102783203,11.371040344238281,2.8800673484802246,0.6811701059341431,-0.7401389479637146,0.13106276094913483,7.335180282592773,11.37857723236084,2.8851089477539062
1282,1.5015735626220703,0.3808196783065796,3.963799476623535,16.501310348510742,175.53453063964844,9.294164657592773,13.361212730407715,2.71840238571167,0.014304913580417633,-0.04711604863405228,0.14180271327495575,9.32007884979248,13.39840030670166,2.7222740650177
1283,1.5444892644882202,0.3616185188293457,4.221643924713135,20.248689651489258,216.6237335205078,8.933205604553223,18.005626678466797,2.450430154800415,0.8595677614212036,0.3733614981174469,0.13631673157215118,8.916557312011719,18.051969528198242,2.453460216522217
1284,1.5361469984054565,0.37492918968200684,4.233388423919678,25.047616958618164,316.37646484375,19.932729721069336,14.897313117980957,2.8529858589172363,-2.1164944171905518,0.5500409603118896,-0.07546547055244446,19.875329971313477,14.928681373596191,2.859942674636841
1285,1.4534687995910645,0.38547033071517944,4.511077880859375,23.06503677368164,279.4425048828125,21.12302589416504,8.403931617736816,3.8971364498138428,-2.254648447036743,0.7796432971954346,-0.0009059482254087925,21.060935974121094,8.391029357910156,3.9080069065093994
1286,1.5081087350845337,0.3967963457107544,3.865405797958374,14.673535346984863,144.16265869140625,5.433464050292969,13.330901145935059,2.8420333862304688,-0.30582737922668457,-0.881350040435791,0.19680047035217285,5.439982891082764,13.338838577270508,2.8431198596954346
1287,1.51570463180542,0.3659708499908447,3.5610735416412354,21.95468521118164,282.8992614746094,21.17179298400879,4.672762393951416,3.453803062438965,-2.5146453380584717,-0.07945464551448822,0.2737572491168976,21.080564498901367,4.68511962890625,3.452540159225464
1288,1.4671735763549805,0.3881072402000427,4.9223198890686035,20.402812957763672,167.99197387695312,15.106094360351562,12.355006217956543,5.952685832977295,-0.23992742598056793,-1.4857091903686523,0.7513957619667053,15.146320343017578,12.299565315246582,5.921543598175049
1289,1.3943991661071777,0.3953017294406891,2.2314071655273438,4.762060165405273,42.158634185791016,3.2163314819335938,3.361328363418579,1.0168100595474243,-0.4612676203250885,-0.33075281977653503,-0.0893968790769577,3.191962242126465,3.35434627532959,1.0156978368759155
1290,1.4775776863098145,0.38240474462509155,3.347429037094116,12.682629585266113,129.10467529296875,8.859330177307129,8.428659439086914,3.3643810749053955,-0.054753728210926056,0.4086388647556305,0.18156804144382477,8.883872985839844,8.442231178283691,3.368849277496338
1291,1.4727736711502075,0.3877628445625305,2.9919333457946777,10.701098442077637,80.69523620605469,7.272016525268555,7.738738536834717,1.3203108310699463,-0.7553141713142395,-0.6253193616867065,0.10591650009155273,7.252859592437744,7.73494815826416,1.319726586341858
1292,1.5009772777557373,0.37523147463798523,2.6890761852264404,8.458636283874512,74.2835464477539,5.3285112380981445,6.485719203948975,1.0444811582565308,-0.2840503752231598,-0.47427403926849365,-0.10625334829092026,5.335777282714844,6.486397743225098,1.0419608354568481
1293,1.4824453592300415,0.38040614128112793,2.8095204830169678,6.97641658782959,56.12291717529297,5.697604179382324,3.818439245223999,1.2756240367889404,-0.8127438426017761,0.308665931224823,-0.18545019626617432,5.655069351196289,3.8165595531463623,1.265592098236084
1294,1.477467656135559,0.39318281412124634,3.2944183349609375,14.520268440246582,134.53826904296875,13.083708763122559,6.196510314941406,1.1216117143630981,-0.6236924529075623,-0.011246008798480034,-0.020692184567451477,13.105289459228516,6.213784694671631,1.1245490312576294
1295,1.4997639656066895,0.3870137929916382,3.866135835647583,18.385116577148438,172.9112548828125,16.006895065307617,7.457517147064209,5.116369247436523,-0.7798808217048645,-0.4115406572818756,0.23631104826927185,16.032482147216797,7.466922760009766,5.125165939331055
1296,1.4836030006408691,0.3816196322441101,2.733250617980957,11.166020393371582,126.78414916992188,5.635505676269531,9.364114761352539,2.287890672683716,-0.06355971097946167,-1.081919550895691,0.23165614902973175,5.650866508483887,9.327348709106445,2.2824816703796387
1297,1.4034518003463745,0.3779359757900238,1.7554714679718018,2.9731333255767822,22.713237762451172,1.6716275215148926,2.287980794906616,0.9001807570457458,-0.6249411702156067,-0.025019556283950806,-0.1323275864124298,1.5547398328781128,2.2942259311676025,0.8928852081298828
1298,1.4748709201812744,0.38349223136901855,2.252532720565796,6.507197380065918,70.4610595703125,3.401402711868286,5.02169942855835,2.3572463989257812,-0.3729870915412903,-0.4321860671043396,-0.06823720782995224,3.3903210163116455,5.017022609710693,2.3628311157226562
1299,1.5604358911514282,0.37958088517189026,4.572258472442627,17.732858657836914,173.13882446289062,8.490752220153809,15.176828384399414,3.467745304107666,-1.2382785081863403,-0.062105096876621246,-0.07301247864961624,8.4234037399292,15.219036102294922,3.4766476154327393
1300,1.4835768938064575,0.3771721124649048,4.800558090209961,20.58430290222168,238.8711700439453,19.205862045288086,6.618072509765625,3.3240902423858643,-1.270992398262024,0.49842628836631775,-0.08318265527486801,19.21721649169922,6.617684841156006,3.3323187828063965
1301,1.5389710664749146,0.3847203552722931,2.026045083999634,7.678558349609375,97.82828521728516,3.5126535892486572,6.763049125671387,0.9395185708999634,-0.40953329205513,-0.5062885880470276,0.04861299693584442,3.498430013656616,6.762883186340332,0.9408772587776184
1302,1.453399896621704,0.3978300988674164,2.8576412200927734,6.402441024780273,49.45964813232422,4.600391864776611,4.131976127624512,1.6596449613571167,-0.3133242130279541,-0.15149477124214172,-0.14580906927585602,4.602511882781982,4.140716075897217,1.6578388214111328
1303,1.4897348880767822,0.3827648460865021,1.7384772300720215,2.6598901748657227,14.674851417541504,1.692663311958313,1.9070435762405396,0.7570281028747559,-0.7362184524536133,-0.06923368573188782,0.020614147186279297,1.5284205675125122,1.9111024141311646,0.7588582038879395
1304,1.4860721826553345,0.3976896405220032,4.311264514923096,19.597394943237305,186.03961181640625,14.370026588439941,13.243871688842773,1.4697239398956299,-1.3183220624923706,-0.5368064641952515,0.1286872923374176,14.349340438842773,13.269901275634766,1.4681633710861206
1305,1.4597318172454834,0.3967997133731842,2.323761463165283,4.808867454528809,35.13713455200195,3.350865602493286,3.272780656814575,1.088950753211975,-1.1246765851974487,0.03779132664203644,-0.024511713534593582,3.165290594100952,3.281691074371338,1.0917116403579712
1306,1.5163854360580444,0.36514925956726074,3.7440898418426514,13.16234302520752,130.505126953125,7.671210289001465,10.231527328491211,3.116997003555298,-0.4428369700908661,-0.4990714192390442,0.39290645718574524,7.679779529571533,10.247854232788086,3.100759506225586
1307,1.4323508739471436,0.38019460439682007,3.4148662090301514,13.9071683883667,126.62747955322266,12.011962890625,6.516576766967773,2.5799789428710938,-1.3545833826065063,-0.379024475812912,0.021501196548342705,11.968633651733398,6.523691654205322,2.5870859622955322
1308,1.3490285873413086,0.41702893376350403,3.6978907585144043,14.285589218139648,148.4105987548828,10.477103233337402,9.366337776184082,2.565162181854248,0.1020098477602005,-0.8035736083984375,0.2898809313774109,10.505829811096191,9.357833862304688,2.5558395385742188
1309,1.4702575206756592,0.38836583495140076,2.9156477451324463,9.40932846069336,115.7316665649414,5.026714324951172,7.874873638153076,1.1198065280914307,-0.9452732801437378,-0.7646757364273071,-0.02107398211956024,4.950807094573975,7.859522342681885,1.1227312088012695
1310,1.4117631912231445,0.41830965876579285,3.3055570125579834,8.844953536987305,70.28675842285156,4.043328285217285,7.574784755706787,2.123049736022949,-1.3090466260910034,0.040871113538742065,-0.17132456600666046,3.8362300395965576,7.595803737640381,2.1220288276672363
1311,1.4236716032028198,0.4051121771335602,4.91018009185791,20.242935180664062,183.97256469726562,10.863090515136719,15.841461181640625,6.388874530792236,-1.4763119220733643,-1.4123579263687134,0.5410019755363464,10.792327880859375,15.8223876953125,6.3836846351623535
1312,1.4740060567855835,0.3955094516277313,2.291621446609497,3.5694077014923096,28.395626068115234,2.3920247554779053,2.3768601417541504,1.1702238321304321,-1.4072612524032593,-0.3735685348510742,0.09875822067260742,1.9396650791168213,2.353867530822754,1.1693017482757568
1313,1.4313017129898071,0.39236506819725037,3.044577121734619,7.205954551696777,65.05867767333984,5.140599727630615,4.862769603729248,1.3614295721054077,-0.7402841448783875,-0.1864621788263321,0.06167150288820267,5.1012067794799805,4.872747421264648,1.363825798034668
1314,1.4255383014678955,0.3912751376628876,4.610035419464111,15.381423950195312,152.19198608398438,12.931510925292969,8.135481834411621,1.7827355861663818,-0.5494210124015808,-0.4823879897594452,0.2315840721130371,12.9558744430542,8.143821716308594,1.7725603580474854
1315,1.375495195388794,0.410539448261261,2.660637855529785,7.438445568084717,85.78372955322266,3.3665831089019775,6.223420143127441,2.294694185256958,-1.4751524925231934,0.4152919352054596,-0.093496173620224,3.03462815284729,6.226869583129883,2.2991840839385986
1316,1.4607566595077515,0.3885677456855774,3.1524503231048584,9.133959770202637,81.34168243408203,5.965231895446777,6.752511978149414,1.4996002912521362,-1.8392066955566406,0.4020167887210846,-0.08088251948356628,5.690448760986328,6.759336471557617,1.5015944242477417
1317,1.4603370428085327,0.39312806725502014,2.7094388008117676,6.785111427307129,60.61003494262695,5.643191814422607,3.468867540359497,1.4693819284439087,-1.6113821268081665,-0.36408284306526184,0.09995121508836746,5.423325538635254,3.4593305587768555,1.4700678586959839
1318,1.4228686094284058,0.40102696418762207,5.0649309158325195,23.021982192993164,250.03863525390625,19.46405792236328,12.043620109558105,2.4725260734558105,0.6291647553443909,-0.8357023000717163,-0.050198815762996674,19.508150100708008,12.048102378845215,2.478912115097046
1319,1.4037671089172363,0.40055784583091736,4.810991287231445,18.542951583862305,141.09393310546875,12.369028091430664,13.613431930541992,2.3500328063964844,0.37153032422065735,-2.0108368396759033,0.14407788217067719,12.397933959960938,13.501659393310547,2.3521547317504883
1320,1.391587495803833,0.4271690845489502,3.389352798461914,8.356684684753418,87.84884643554688,3.970980405807495,6.724367141723633,2.9746220111846924,-1.3881689310073853,-0.6531651616096497,0.2973015606403351,3.7308177947998047,6.711238384246826,2.9679834842681885
1321,1.4772580862045288,0.4101146161556244,2.2194955348968506,3.3040261268615723,18.222902297973633,2.04341983795166,2.4216370582580566,0.9363219141960144,-1.2406636476516724,-0.14687933027744293,0.040155112743377686,1.628203272819519,2.4239213466644287,0.938069760799408
1322,1.3399786949157715,0.40437212586402893,3.7207095623016357,12.810062408447266,149.02093505859375,3.3918678760528564,12.20827579498291,1.8843941688537598,-1.0375585556030273,-0.3156806230545044,0.11651309579610825,3.238286018371582,12.238235473632812,1.8860348463058472
1323,1.369895339012146,0.40409040451049805,2.5021469593048096,4.8204426765441895,41.51904296875,3.240335702896118,3.4188027381896973,1.0240516662597656,-1.3566416501998901,-0.33243733644485474,0.013655455783009529,2.9508767127990723,3.412092685699463,1.0268168449401855
1324,1.4054502248764038,0.41359037160873413,2.833514928817749,4.342086315155029,26.51543426513672,2.6949117183685303,3.253737688064575,1.0021743774414062,-1.7013943195343018,-0.5709386467933655,0.04923935607075691,2.095759391784668,3.2121896743774414,1.003756046295166
1325,1.436028242111206,0.38695183396339417,3.2148308753967285,10.587764739990234,119.4016342163086,5.341358184814453,8.917139053344727,2.013774871826172,-1.575439453125,-0.8396018147468567,0.13415111601352692,5.117969989776611,8.902286529541016,2.014906406402588
1326,1.3777447938919067,0.39129528403282166,3.0562832355499268,8.173468589782715,100.93218994140625,7.567509651184082,2.3130786418914795,2.046473979949951,-2.280550956726074,0.08950549364089966,-0.1836717277765274,7.235825061798096,2.317793369293213,2.043900489807129
1327,1.366117238998413,0.4020542502403259,2.2244911193847656,3.06158185005188,15.4109525680542,2.4133830070495605,1.7394840717315674,0.7232301831245422,-1.2498379945755005,0.004722351673990488,-0.02129986323416233,2.070298194885254,1.7443296909332275,0.7249329686164856
1328,1.3465156555175781,0.4205976724624634,3.2642533779144287,10.140703201293945,119.0591812133789,8.919098854064941,4.4081130027771,1.962669849395752,-2.2218289375305176,-0.1118805930018425,-0.1976330727338791,8.66202163696289,4.418985366821289,1.9581410884857178
1329,1.3660569190979004,0.40248605608940125,3.4921786785125732,10.928620338439941,102.26194763183594,8.689238548278809,6.456530570983887,1.4983596801757812,-0.34473666548728943,0.05356139317154884,0.013523912988603115,8.706616401672363,6.47431755065918,1.5024781227111816
1330,1.344972848892212,0.43878814578056335,6.241297721862793,27.77356719970703,305.5878601074219,23.047834396362305,15.144271850585938,3.289273262023926,-4.236490249633789,0.26828157901763916,-0.10761190950870514,22.71832275390625,15.184131622314453,3.296682596206665
1331,1.4617981910705566,0.4088720679283142,2.6071221828460693,6.114384651184082,68.09954071044922,4.219929218292236,4.273883819580078,1.1453462839126587,-1.6017502546310425,-0.28030720353126526,0.03159231320023537,3.915015935897827,4.276577472686768,1.148104190826416
1332,1.3648056983947754,0.385735422372818,3.3202407360076904,9.413569450378418,84.02774047851562,5.376802444458008,7.582635402679443,1.4862421751022339,-1.5800527334213257,-0.0039730072021484375,0.10862570255994797,5.153736591339111,7.603785514831543,1.486401915550232
1333,1.4670264720916748,0.39477014541625977,4.991543292999268,24.692604064941406,314.4591979980469,20.908885955810547,12.838099479675293,2.779632091522217,-3.5701959133148193,1.535208821296692,-0.34769439697265625,20.65929412841797,12.78153133392334,2.765493154525757
1334,1.3799272775650024,0.39513248205184937,3.2248146533966064,7.004212856292725,62.61570739746094,4.662520885467529,4.928853511810303,1.7396240234375,-1.7636789083480835,-0.3452868163585663,0.025434214621782303,4.328118324279785,4.930459499359131,1.7442899942398071
1335,1.3927204608917236,0.3991315960884094,3.8341751098632812,14.356657981872559,157.9679718017578,6.552252769470215,12.413022994995117,3.016364574432373,-1.0847156047821045,-1.3377629518508911,0.21604153513908386,6.4798665046691895,12.375150680541992,3.017009735107422
1336,1.357879877090454,0.3903590738773346,4.32269287109375,15.397956848144531,177.3557891845703,12.470081329345703,8.910297393798828,1.4834787845611572,-0.8007436394691467,-0.6337313652038574,0.16382703185081482,12.479057312011719,8.91252326965332,1.4785176515579224
1337,1.3093388080596924,0.3983868658542633,2.8105103969573975,9.019791603088379,114.03350830078125,8.714353561401367,2.158236026763916,0.8710401654243469,-1.9076427221298218,0.1924789547920227,-0.13892364501953125,8.526708602905273,2.1556317806243896,0.8622888326644897
1338,1.3082369565963745,0.40994057059288025,3.8678152561187744,9.383993148803711,91.7790756225586,3.804189682006836,8.385113716125488,1.8103435039520264,-1.6869217157363892,-1.1588178873062134,0.09835566580295563,3.4192256927490234,8.327817916870117,1.8127121925354004
1339,1.3528456687927246,0.3955588936805725,4.219563961029053,15.295740127563477,150.40264892578125,8.328980445861816,12.630681991577148,2.2480244636535645,-2.1301889419555664,-0.302806556224823,-0.06403131037950516,8.07442855834961,12.662273406982422,2.253380537033081
1340,1.3527803421020508,0.40953749418258667,5.048824787139893,18.406877517700195,182.96063232421875,10.977204322814941,14.698002815246582,1.5109188556671143,-2.542811393737793,0.006142362020909786,0.1261691004037857,10.708416938781738,14.738998413085938,1.5098415613174438
1341,1.336720585823059,0.38178887963294983,3.110321044921875,10.488875389099121,130.60025024414062,9.64164924621582,3.932859420776367,1.2600553035736084,-0.5491661429405212,0.17831987142562866,0.12937277555465698,9.652847290039062,3.9397737979888916,1.2568923234939575
1342,1.251765489578247,0.397699236869812,3.042029857635498,9.153989791870117,96.38306427001953,7.537787437438965,4.77023983001709,2.0547738075256348,-1.8636902570724487,-0.6820823550224304,0.17818985879421234,7.324132442474365,4.734393119812012,2.0527431964874268
1343,1.3870267868041992,0.3947145342826843,3.4480082988739014,9.961075782775879,113.65674591064453,9.125296592712402,3.831883192062378,1.1263495683670044,-0.7595183849334717,-0.46933382749557495,0.013820663094520569,9.118998527526855,3.8136403560638428,1.1294063329696655
1344,1.2882455587387085,0.39095962047576904,4.454347133636475,18.56022071838379,220.5763702392578,16.64838409423828,7.967034816741943,1.959456443786621,-2.9851386547088623,-0.8071642518043518,0.13130131363868713,16.424257278442383,7.948150157928467,1.960505723953247
1345,1.3721694946289062,0.38925933837890625,5.176772117614746,24.45672035217285,269.2801818847656,22.25184440612793,9.868096351623535,2.36795973777771,0.7938960194587708,0.03484649583697319,-0.11149252951145172,22.29970932006836,9.895561218261719,2.371931314468384
1346,1.302132248878479,0.3990064859390259,3.674929141998291,10.369186401367188,107.53309631347656,5.451552867889404,8.614294052124023,1.8959232568740845,-1.534946084022522,-0.7323020100593567,-0.10178927332162857,5.2455925941467285,8.607053756713867,1.8984696865081787
1347,1.3080766201019287,0.3917657434940338,2.7203900814056396,8.102048873901367,77.02207946777344,3.397719383239746,6.193093299865723,3.9679067134857178,-1.2480496168136597,0.042977139353752136,0.0515894778072834,3.169015884399414,6.21021842956543,3.9786386489868164
1348,1.220255970954895,0.40864813327789307,2.934380054473877,6.385958671569824,46.73168182373047,2.952684164047241,5.374527454376221,1.7822973728179932,-1.2297732830047607,-0.2855830490589142,-0.10381709784269333,2.691887378692627,5.3819050788879395,1.7842342853546143
1349,1.2824866771697998,0.40431320667266846,4.995258808135986,15.607224464416504,118.4442367553711,10.6474027633667,10.773346900939941,3.7620849609375,-0.11714038997888565,0.21061936020851135,-0.35011789202690125,10.676456451416016,10.801332473754883,3.7562060356140137
1350,1.2838510274887085,0.3827211558818817,3.1534676551818848,7.608119010925293,82.10247039794922,6.1296281814575195,4.3419671058654785,1.207667589187622,-1.857497215270996,-0.19027914106845856,0.0458810068666935,5.857701778411865,4.349895477294922,1.2101620435714722
1351,1.2644424438476562,0.39227405190467834,4.0512237548828125,16.001358032226562,188.73072814941406,14.072205543518066,7.426360130310059,1.6928250789642334,-2.135685443878174,0.5646643042564392,0.009066229686141014,13.947997093200684,7.4255170822143555,1.6975226402282715
1352,1.3186912536621094,0.37139415740966797,7.073408603668213,28.9036808013916,342.0423278808594,25.104326248168945,14.177139282226562,2.0504589080810547,-1.5217514038085938,-0.1008848026394844,0.18210937082767487,25.1280574798584,14.216324806213379,2.048053026199341
1353,1.1854318380355835,0.40558066964149475,3.296719551086426,6.916571140289307,68.77740478515625,4.873048305511475,4.755159854888916,1.2168853282928467,-1.763468861579895,0.07348243147134781,0.0832698792219162,4.555443286895752,4.7678542137146,1.2174193859100342
1354,1.239721655845642,0.3976610600948334,3.640570878982544,13.026571273803711,129.9200439453125,10.856485366821289,6.553040027618408,2.9809348583221436,-0.34155339002609253,-0.2754025161266327,-0.23004037141799927,10.881378173828125,6.565513610839844,2.9803354740142822
1355,1.1914005279541016,0.4163110852241516,5.102772235870361,16.117462158203125,142.8283233642578,11.482845306396484,11.104613304138184,2.145796060562134,-0.8442671298980713,-0.4403367042541504,-0.09070014953613281,11.483710289001465,11.126829147338867,2.1498584747314453
1356,1.2353836297988892,0.39877691864967346,2.6905758380889893,6.728044033050537,73.94169616699219,4.75707483291626,4.619653224945068,1.1382521390914917,-1.3053854703903198,-0.4816746711730957,-0.18266576528549194,4.587224960327148,4.6072893142700195,1.1266332864761353
1357,1.2247956991195679,0.39825311303138733,5.498071193695068,21.677656173706055,197.10531616210938,15.294971466064453,14.361451148986816,5.452833652496338,0.42573437094688416,-1.9907269477844238,-0.2175205647945404,15.33169174194336,14.262480735778809,5.463691234588623
1358,1.2117488384246826,0.39723995327949524,3.1871962547302246,14.239580154418945,180.32095336914062,11.857157707214355,7.713779926300049,1.6343368291854858,-1.9682834148406982,-0.9072850942611694,0.024437883868813515,11.725265502929688,7.681605339050293,1.6387124061584473
1359,1.1624724864959717,0.4336734116077423,4.563906669616699,14.36061954498291,133.08709716796875,9.775403022766113,9.493230819702148,4.532931804656982,-1.5422066450119019,0.7098437547683716,-0.026564620435237885,9.679909706115723,9.493060111999512,4.545498371124268
1360,1.3172173500061035,0.4103204011917114,2.957277536392212,9.663517951965332,109.89592742919922,2.488771915435791,8.923133850097656,2.750865936279297,-0.8595415353775024,-0.45158082246780396,0.11081305146217346,2.342146396636963,8.93655776977539,2.756300210952759
1361,1.1565113067626953,0.41865238547325134,2.8884427547454834,7.079773902893066,74.39483642578125,3.7931675910949707,5.6516032218933105,1.9479337930679321,-0.8151150345802307,0.7222161293029785,-0.21514594554901123,3.714885950088501,5.620903015136719,1.9414165019989014
1362,1.2183386087417603,0.40111854672431946,2.3374688625335693,4.648649215698242,35.84825897216797,2.5185434818267822,3.642920970916748,1.412799596786499,-0.9849927425384521,0.5338891744613647,-0.02999306283891201,2.324406862258911,3.613638162612915,1.4164211750030518
1363,1.1863118410110474,0.40885287523269653,2.7660627365112305,4.760009288787842,39.92945098876953,3.2768115997314453,3.310431718826294,0.9804242849349976,-1.1452442407608032,0.22885219752788544,0.07681002467870712,3.078728437423706,3.3117237091064453,0.9801372289657593
1364,1.28412926197052,0.3940260708332062,3.586688995361328,12.727744102478027,118.01168060302734,8.991240501403809,8.326167106628418,3.439185857772827,-0.06633241474628448,0.8666865229606628,0.22458456456661224,9.01607608795166,8.304035186767578,3.441418409347534
1365,1.2755225896835327,0.38190513849258423,2.338212490081787,3.6094532012939453,18.46918487548828,2.472456932067871,2.4295225143432617,1.0062462091445923,-1.0301694869995117,0.2967524528503418,0.026325596496462822,2.2538888454437256,2.4180572032928467,1.0087076425552368
1366,1.24427330493927,0.4135041832923889,3.1940441131591797,13.053213119506836,131.82174682617188,12.436445236206055,3.124354124069214,2.4412307739257812,-0.6364169120788574,0.11329091340303421,0.03187665343284607,12.454795837402344,3.1310088634490967,2.447831392288208
1367,1.2315728664398193,0.42404788732528687,3.9564406871795654,13.230606079101562,112.29163360595703,7.485855579376221,10.73172378540039,1.9598464965820312,-0.374888151884079,0.5219544172286987,0.17243744432926178,7.497317314147949,10.748922348022461,1.9576913118362427
1368,1.2081339359283447,0.41023629903793335,3.5467348098754883,13.480923652648926,120.18025970458984,5.928230285644531,11.85181999206543,2.4750256538391113,0.3295493423938751,-0.0022370656952261925,0.16496658325195312,5.935574531555176,11.884879112243652,2.476410150527954
1369,1.1897462606430054,0.42759060859680176,4.003724098205566,10.02601146697998,77.90486145019531,6.803269863128662,7.053632736206055,2.117237091064453,-1.4727715253829956,-0.7633373737335205,0.17386677861213684,6.660471439361572,7.031766891479492,2.115971803665161
1370,1.2134978771209717,0.41574758291244507,3.1083405017852783,12.471338272094727,148.02764892578125,9.349081993103027,8.136728286743164,1.3865704536437988,0.7100133895874023,-0.11884856969118118,-0.05181700363755226,9.348084449768066,8.158555030822754,1.3894668817520142
1371,1.258542537689209,0.4091818332672119,2.970646858215332,8.63510513305664,71.88314056396484,7.060988903045654,4.711633205413818,1.5836641788482666,-0.08086872100830078,0.8361384868621826,-0.2761281430721283,7.0802202224731445,4.649781703948975,1.5637553930282593
1372,1.2090831995010376,0.4255278706550598,1.841461420059204,3.40057110786438,27.320608139038086,2.7917263507843018,1.8502180576324463,0.5889299511909485,-0.4531266987323761,0.16098803281784058,-0.0557301864027977,2.7623913288116455,1.8483422994613647,0.5879225134849548
1373,1.2571512460708618,0.38382917642593384,3.409524917602539,11.857590675354004,99.49320983886719,7.551429748535156,8.863082885742188,2.2414534091949463,-1.0000576972961426,0.015398746356368065,-0.15451741218566895,7.505795001983643,8.887792587280273,2.242358684539795
1374,1.2532116174697876,0.38508450984954834,2.2760448455810547,5.57985258102417,64.14220428466797,4.05894660949707,3.74491286277771,0.7970842123031616,-0.636472761631012,0.34780579805374146,-0.00972409825772047,4.01991605758667,3.7391273975372314,0.7992480993270874
1375,1.302348017692566,0.3600938320159912,3.5765907764434814,11.880849838256836,103.36202239990234,3.9618496894836426,10.786703109741211,3.017510414123535,-0.0795343667268753,-1.0611149072647095,0.27840694785118103,3.972100019454956,10.764327049255371,3.0130202770233154
1376,1.3645412921905518,0.36259350180625916,2.1033291816711426,5.179282188415527,60.791595458984375,3.7404415607452393,3.4955153465270996,0.7844942808151245,-0.4330783486366272,0.16702525317668915,0.053937509655952454,3.725649118423462,3.5012619495391846,0.7848209738731384
1377,1.3623864650726318,0.3788597285747528,3.0347793102264404,8.57408332824707,77.298583984375,6.955201625823975,3.916884660720825,3.1301889419555664,-0.09927194565534592,0.7740524411201477,-0.2501310110092163,6.9738922119140625,3.8503499031066895,3.12888240814209
1378,1.2720537185668945,0.38560909032821655,2.349231243133545,7.398452281951904,72.29488372802734,5.395142555236816,4.861423492431641,1.4128344058990479,-0.6596550345420837,0.5667585134506226,-0.02452865242958069,5.369599342346191,4.84174108505249,1.4165618419647217
1379,1.3876779079437256,0.36816155910491943,2.7706451416015625,7.50131893157959,73.65446472167969,5.774248123168945,4.461904048919678,1.7376000881195068,-0.04409797489643097,-0.29045817255973816,-0.0014890485908836126,5.790185451507568,4.464859962463379,1.7424461841583252
1380,1.3812137842178345,0.3835865557193756,2.4882595539093018,8.046541213989258,92.0928726196289,7.168746471405029,3.5177180767059326,0.9907388091087341,-0.568763792514801,-0.14111047983169556,0.016621621325612068,7.166082859039307,3.524691104888916,0.9933624863624573
1381,1.4391591548919678,0.37292182445526123,2.7425296306610107,9.344411849975586,100.96711730957031,3.967792272567749,8.281140327453613,1.7312906980514526,-0.19848158955574036,-0.2099786400794983,-0.22116558253765106,3.9738786220550537,8.301568984985352,1.721895694732666
1382,1.4215525388717651,0.3505474030971527,1.9018007516860962,4.813882827758789,55.65346145629883,3.7047674655914307,2.995819091796875,0.6879174709320068,-0.19973604381084442,-0.10218048095703125,-0.2268095761537552,3.7096986770629883,3.002427816390991,0.6512635946273804
1383,1.439241886138916,0.3579440712928772,2.1668009757995605,5.486086845397949,45.34962463378906,3.963052749633789,3.053579092025757,2.2510035037994385,0.12341084331274033,-0.11333296447992325,-0.38136470317840576,3.972179889678955,3.0599870681762695,2.224651336669922
1384,1.4461549520492554,0.3561445474624634,2.7322769165039062,16.43655014038086,218.10116577148438,16.222475051879883,2.5135231018066406,0.8207629323005676,1.2038359642028809,-0.010823528282344341,-0.1666952669620514,16.222871780395508,2.5205111503601074,0.8058986663818359
1385,1.4721853733062744,0.34663066267967224,1.7006659507751465,3.1635563373565674,33.07792282104492,2.451366901397705,1.828800916671753,0.8089346289634705,-0.11591485887765884,0.0974464863538742,-0.21470315754413605,2.4554550647735596,1.8312970399856567,0.7820972204208374
1386,1.3872039318084717,0.36889204382896423,1.9125663042068481,5.634699821472168,70.46065521240234,4.1167755126953125,3.76328444480896,0.7998064756393433,-0.11167623102664948,-0.19472546875476837,-0.18596039712429047,4.126739501953125,3.7687265872955322,0.780057430267334
1387,1.4776489734649658,0.34806984663009644,2.9161343574523926,9.408425331115723,94.054931640625,4.980038166046143,7.795660495758057,1.7162095308303833,0.3040655553340912,-0.24608370661735535,-0.35139647126197815,4.984612464904785,7.813509941101074,1.6845355033874512
1388,1.4751276969909668,0.3479926884174347,2.479658365249634,10.09542465209961,104.8406982421875,6.345019817352295,7.569063663482666,2.0898795127868652,0.37165147066116333,0.39856818318367004,-0.2581038773059845,6.351794242858887,7.579646110534668,2.079665184020996
1389,1.4276589155197144,0.3808928430080414,4.1705732345581055,14.664898872375488,103.15388488769531,10.413766860961914,10.265776634216309,1.1074799299240112,-0.005288018379360437,-1.177506923675537,0.020261753350496292,10.442814826965332,10.226468086242676,1.1103832721710205
1390,1.4656833410263062,0.363715261220932,2.1525049209594727,6.6294169425964355,81.74529266357422,5.2585320472717285,3.933051824569702,0.9100102782249451,-0.09280494600534439,-0.3248390257358551,-0.09079480916261673,5.272379398345947,3.9305474758148193,0.9079951643943787
1391,1.4810876846313477,0.363039493560791,3.749899387359619,15.216139793395996,120.11174774169922,13.122513771057129,6.9682440757751465,3.2823941707611084,-0.6735416054725647,0.6893661618232727,-0.30204248428344727,13.141772270202637,6.953402996063232,3.2775847911834717
1392,1.3956561088562012,0.3732417821884155,2.130230188369751,4.489468574523926,39.69892501831055,3.160900592803955,3.0551509857177734,0.9110909104347229,-0.1549234241247177,-0.3915451169013977,-0.06258735060691833,3.165908098220825,3.0384089946746826,0.9114740490913391
1393,1.458575963973999,0.38036563992500305,3.046104907989502,10.669002532958984,93.87286376953125,6.731372833251953,7.976040840148926,2.2133681774139404,-0.8468505144119263,0.2083408385515213,-0.30931490659713745,6.696518421173096,7.995560646057129,2.1977620124816895
1394,1.366902232170105,0.4275699555873871,4.634945392608643,17.988262176513672,165.07904052734375,13.242070198059082,11.641794204711914,3.562832832336426,0.1469070464372635,-1.1238532066345215,0.06925800442695618,13.278189659118652,11.619743347167969,3.5720958709716797
1395,1.3531267642974854,0.3932724595069885,3.273664712905884,11.473340034484863,93.4725570678711,5.563095569610596,9.439160346984863,3.4046661853790283,0.028053930029273033,-0.41569840908050537,-0.05745228752493858,5.578542232513428,9.456306457519531,3.4136767387390137
1396,1.2957156896591187,0.40032047033309937,2.190356492996216,5.218820095062256,42.234798431396484,2.3855066299438477,3.9969494342803955,2.3600504398345947,0.42443543672561646,0.518831193447113,0.04448274150490761,2.3539927005767822,3.974186897277832,2.366213083267212
1397,1.2745623588562012,0.4184609353542328,2.5415008068084717,6.433991432189941,61.32470703125,4.979000568389893,3.484675407409668,2.1125426292419434,0.3056126534938812,0.35826489329338074,0.010110218077898026,4.9834747314453125,3.4758782386779785,2.118411064147949
1398,1.3654862642288208,0.3937265872955322,2.6116533279418945,8.793503761291504,77.37413024902344,6.347965240478516,5.781664848327637,1.8977361917495728,0.21213865280151367,-0.43789932131767273,-0.12803098559379578,6.36211633682251,5.781138896942139,1.8986940383911133
1399,1.3109947443008423,0.37198010087013245,1.7812203168869019,4.855336666107178,59.90837097167969,3.8454794883728027,2.8709964752197266,0.737535297870636,0.04313260316848755,-0.07763964682817459,-0.008081921376287937,3.855963706970215,2.8779520988464355,0.7395482063293457
1400,1.324501633644104,0.41798242926597595,2.172605514526367,7.010641098022461,85.23355102539062,6.6411824226379395,1.763460636138916,1.3906769752502441,0.8803538084030151,0.05870670825242996,-0.06998465210199356,6.600935935974121,1.767399549484253,1.3927891254425049
1401,1.297703504562378,0.39671459794044495,1.7922651767730713,3.8544983863830566,31.399093627929688,3.0416927337646484,1.8589509725570679,1.466139554977417,0.3542555868625641,-0.0045621925964951515,0.13181577622890472,3.0294196605682373,1.8641306161880493,1.4642751216888428
1402,1.3137331008911133,0.4202226996421814,4.11099910736084,15.061819076538086,137.1761016845703,9.797155380249023,10.736856460571289,3.9489312171936035,1.609291911125183,1.4123021364212036,-0.6296186447143555,9.691036224365234,10.67325496673584,3.9092888832092285
1403,1.2092621326446533,0.41576987504959106,2.870129346847534,10.60711669921875,131.9404754638672,2.9973928928375244,9.92035961151123,2.26119327545166,0.4515588581562042,-0.6152862906455994,-0.009288003668189049,2.971449136734009,9.928879737854004,2.2674813270568848
1404,1.2827945947647095,0.4149235486984253,2.739006996154785,11.764257431030273,140.7101287841797,5.550668239593506,10.2299165725708,1.7136690616607666,0.13062447309494019,-0.975580096244812,0.035515639930963516,5.564610004425049,10.21169662475586,1.718079924583435
1405,1.2874934673309326,0.4087817072868347,3.394732713699341,12.187260627746582,124.98324584960938,8.217586517333984,8.401195526123047,3.2280807495117188,1.1312528848648071,0.3822181224822998,-0.3917640745639801,8.162053108215332,8.41590690612793,3.213158130645752
1406,1.2735064029693604,0.4094089865684509,1.765716791152954,4.598809242248535,43.1815299987793,3.3421292304992676,3.0851104259490967,0.6791982054710388,0.4648444354534149,-0.41186267137527466,-0.004955469164997339,3.3188765048980713,3.066023349761963,0.6810746788978577
1407,1.1985400915145874,0.45163819193840027,3.704721450805664,11.720573425292969,90.13262939453125,6.150463104248047,9.134485244750977,4.01308012008667,0.5260094404220581,0.3626646399497986,-0.49989134073257446,6.145022392272949,9.152742385864258,3.9929306507110596
1408,1.133073091506958,0.43433332443237305,1.8296287059783936,3.7154667377471924,34.74321365356445,1.7413650751113892,2.769458055496216,1.7613754272460938,0.39093390107154846,-0.10745306313037872,-0.057650163769721985,1.7016489505767822,2.7750918865203857,1.765342354774475
1409,1.0631519556045532,0.4770752489566803,3.6151111125946045,13.79122257232666,121.57538604736328,11.114964485168457,7.589405536651611,3.0093746185302734,1.2500438690185547,-0.6461361646652222,0.06106876581907272,11.075255393981934,7.582943439483643,3.0171475410461426
1410,1.021804690361023,0.44943806529045105,3.8256309032440186,12.275701522827148,92.63479614257812,8.789260864257812,8.239187240600586,2.357447385787964,0.4577889144420624,0.005366706755012274,-0.1964319944381714,8.801814079284668,8.262166976928711,2.355802297592163
1411,0.9541056156158447,0.5047080516815186,3.758111000061035,12.187973022460938,101.70258331298828,3.936065435409546,11.153864860534668,2.9403040409088135,0.3872699737548828,-0.5991467833518982,-0.0847531259059906,3.9278934001922607,11.168828964233398,2.9472804069519043
1412,0.9812784790992737,0.49583643674850464,3.9169373512268066,12.775233268737793,85.49713897705078,7.30820369720459,10.01409912109375,3.0845675468444824,0.4558952748775482,0.02652418427169323,-0.40425437688827515,7.3143157958984375,10.041997909545898,3.0664925575256348
1413,0.993878960609436,0.5038524866104126,4.674213409423828,16.135704040527344,122.88048553466797,10.38347339630127,11.726791381835938,3.876436710357666,0.4215265214443207,-0.31724435091018677,0.24779756367206573,10.403853416442871,11.755199432373047,3.8792989253997803
1414,1.0588030815124512,0.46760478615760803,2.595477342605591,8.345526695251465,85.22303771972656,5.762711048126221,5.6600661277771,2.0982413291931152,0.8650153279304504,-0.3550890386104584,-0.23835818469524384,5.713311672210693,5.664673805236816,2.0904738903045654
1415,0.881625771522522,0.5238322019577026,3.6257882118225098,11.450369834899902,106.61515045166016,9.837332725524902,4.851014614105225,3.287174940109253,0.5226603150367737,-0.3279115855693817,0.12788709998130798,9.850839614868164,4.853419303894043,3.2938485145568848
1416,1.0969101190567017,0.4691621661186218,2.345325231552124,7.387331008911133,65.9643325805664,4.940633773803711,5.261112213134766,1.575912356376648,0.2571728825569153,-0.28582292795181274,-0.12296701222658157,4.947698593139648,5.267996311187744,1.57548987865448
1417,0.8025341033935547,0.4461733102798462,2.6015639305114746,7.175758361816406,58.47292709350586,5.326765060424805,4.666197299957275,1.1591720581054688,0.052779484540224075,-0.5003130435943604,0.04942240193486214,5.341361045837402,4.652238845825195,1.1613484621047974
1418,0.9360277652740479,0.46344345808029175,4.976131439208984,18.749618530273438,158.97830200195312,13.888163566589355,12.263751983642578,2.8753304481506348,0.03306310623884201,-0.7753491997718811,-0.16613443195819855,13.926862716674805,12.273358345031738,2.8785338401794434
1419,0.8835146427154541,0.5105631351470947,7.531195163726807,22.885461807250977,165.14117431640625,18.855566024780273,12.373624801635742,3.88655424118042,0.33251509070396423,-0.24256405234336853,-0.1435970813035965,18.905221939086914,12.405755996704102,3.8947341442108154
1420,1.094507098197937,0.47217410802841187,1.8103548288345337,4.84214973449707,53.275333404541016,1.5687193870544434,4.418929576873779,1.207722783088684,0.4392456114292145,-0.4859253764152527,-0.26242077350616455,1.5101701021194458,4.404382228851318,1.1821564435958862
1421,0.8708946108818054,0.48548051714897156,4.119434356689453,13.000711441040039,108.14369201660156,8.817482948303223,8.774019241333008,3.779825448989868,-0.3470895290374756,-0.5577606558799744,0.05638189613819122,8.835225105285645,8.7806978225708,3.789947032928467
1422,0.8209336400032043,0.49493408203125,2.649501085281372,11.221506118774414,138.07920837402344,3.0132439136505127,10.642998695373535,1.8892163038253784,0.15046966075897217,-0.7216155529022217,-0.05429992824792862,3.0178797245025635,10.648126602172852,1.8937033414840698
1423,0.861944317817688,0.485480934381485,3.2036852836608887,11.88080883026123,104.12852478027344,7.015898704528809,9.261813163757324,2.4798340797424316,0.880172610282898,-1.4238325357437134,0.17464758455753326,6.979884624481201,9.17724323272705,2.480576753616333
1424,0.7547594904899597,0.5060362815856934,4.368876934051514,22.996532440185547,258.0193176269531,19.834455490112305,11.432353019714355,2.1762990951538086,1.5895874500274658,-1.4757708311080933,0.37809211015701294,19.825803756713867,11.36832332611084,2.1491825580596924
1425,0.764014720916748,0.5141016840934753,3.9363932609558105,18.920198440551758,191.05088806152344,17.221025466918945,6.076131820678711,4.948822498321533,0.33391115069389343,0.5121944546699524,-0.4173834025859833,17.26581382751465,6.0713934898376465,4.944945335388184
1426,0.8814935088157654,0.5044271349906921,2.3873987197875977,8.43730640411377,93.7605209350586,8.004801750183105,2.036026954650879,1.7221710681915283,0.2476567178964615,-0.10008653253316879,0.18610557913780212,8.023287773132324,2.0392379760742188,1.716861605644226
1427,0.8072986602783203,0.53652423620224,5.798255920410156,22.09453010559082,156.89767456054688,17.37081527709961,13.317286491394043,3.012120008468628,-1.4974544048309326,-0.9812607169151306,0.13457365334033966,17.35442352294922,13.318133354187012,3.0175061225891113
1428,0.7380293011665344,0.5135374069213867,3.3189830780029297,12.378226280212402,103.30489349365234,9.645792007446289,7.594681262969971,1.5811396837234497,-0.4403969645500183,-1.1191365718841553,0.15246427059173584,9.662610054016113,7.532725811004639,1.5781617164611816
1429,0.6621417999267578,0.5298910140991211,3.5756161212921143,11.426474571228027,81.24272155761719,7.469942569732666,8.109509468078613,3.0000274181365967,1.2595378160476685,-0.07181816548109055,-0.11223682761192322,7.3835272789001465,8.131811141967773,3.00628924369812
1430,0.6545777320861816,0.5474825501441956,2.142467737197876,7.133315086364746,69.1194839477539,4.944931983947754,4.804760932922363,1.8292354345321655,0.6857089996337891,-0.03756313398480415,-0.009852610528469086,4.910818099975586,4.818016052246094,1.8343112468719482
1431,0.7115015387535095,0.5626163482666016,3.5252456665039062,16.255701065063477,177.93284606933594,13.193378448486328,8.391823768615723,4.445211410522461,1.4708788394927979,-0.008204353973269463,-0.21030807495117188,13.147703170776367,8.415226936340332,4.4526190757751465
1432,0.9532765746116638,0.5147175788879395,2.0706238746643066,7.775070667266846,82.99642944335938,2.2059807777404785,7.349429607391357,1.2534996271133423,0.5364041924476624,0.1868203580379486,0.0034107156097888947,2.145740270614624,7.367549419403076,1.2569915056228638
1433,0.7097907662391663,0.559754490852356,3.2325758934020996,11.594084739685059,84.48725891113281,6.873724460601807,8.726751327514648,3.3194162845611572,1.0975209474563599,-0.2362527698278427,0.06502512842416763,6.804466247558594,8.747886657714844,3.3280370235443115
1434,0.7536482214927673,0.5301644802093506,4.3557281494140625,17.890625,170.6116485595703,15.655625343322754,7.323482513427734,4.61979341506958,1.2235925197601318,-0.44660165905952454,0.4832209050655365,15.65127182006836,7.33024263381958,4.6072678565979
1435,0.6500245332717896,0.5150017142295837,2.3916125297546387,13.638075828552246,177.8941192626953,8.623039245605469,8.920941352844238,5.661900520324707,-0.2913897931575775,0.2512052655220032,-0.3793989419937134,8.642154693603516,8.942278861999512,5.664933204650879
1436,0.8091145157814026,0.5193353891372681,2.575209379196167,8.418149948120117,74.32936096191406,5.366140842437744,6.176384925842285,1.9804164171218872,0.4474707841873169,-1.038224697113037,0.2504465878009796,5.362367630004883,6.10548210144043,1.969996452331543
1437,0.7538436651229858,0.5357921123504639,1.6202367544174194,3.776376485824585,34.39222717285156,2.9303832054138184,2.1933186054229736,0.9290993809700012,0.08720029145479202,0.084148108959198,-0.07425183802843094,2.937256336212158,2.197817087173462,0.9287109375
1438,0.7180668711662292,0.5438617467880249,2.341139078140259,9.997367858886719,96.44580078125,8.233160018920898,4.9626946449279785,2.744831085205078,-0.2809886038303375,0.1486702859401703,-0.3146877884864807,8.25131607055664,4.97430419921875,2.7343382835388184
1439,0.6968407034873962,0.5192741751670837,3.224196195602417,16.142967224121094,167.19876098632812,7.324720859527588,14.123188972473145,2.734846830368042,-0.3658270239830017,-0.25618231296539307,-0.05921822786331177,7.3359856605529785,14.16025447845459,2.7418322563171387
1440,0.7051111459732056,0.5428566336631775,2.8907854557037354,16.345703125,155.80601501464844,11.93263053894043,10.31973934173584,4.277536392211914,-0.6840689182281494,-0.7907852530479431,0.22990812361240387,11.946235656738281,10.318098068237305,4.283268451690674
1441,0.7462770342826843,0.5402753949165344,3.2719292640686035,12.19018840789795,104.1861801147461,11.017326354980469,4.781372547149658,2.087507486343384,1.19057297706604,-0.11326686292886734,-0.2840479612350464,10.983359336853027,4.79336404800415,2.0738606452941895
1442,0.711212158203125,0.5178245902061462,1.7896687984466553,6.981156349182129,84.88862609863281,5.3761796951293945,4.367608547210693,0.8701927661895752,0.06360266357660294,-0.6803513765335083,0.1327565610408783,5.390798091888428,4.326327323913574,0.8624054193496704
1443,0.6319214701652527,0.5486284494400024,3.354593276977539,13.457789421081543,103.4107437133789,9.2381591796875,8.579732894897461,4.707088947296143,1.5411262512207031,0.0135883754119277,-0.29163435101509094,9.134113311767578,8.603653907775879,4.711150646209717
1444,0.6986329555511475,0.55440354347229,2.1074564456939697,9.415642738342285,105.73439025878906,8.703134536743164,3.3211846351623535,1.370947241783142,-0.03992996737360954,-0.3438336253166199,-0.08541024476289749,8.72731876373291,3.3125531673431396,1.372100830078125
1445,0.7460395693778992,0.5504382252693176,3.6947426795959473,16.042861938476562,152.66934204101562,13.06760025024414,8.780752182006836,3.083775281906128,0.5242704153060913,0.8064480423927307,-0.4237053394317627,13.093500137329102,8.76802921295166,3.063048839569092
1446,0.7456458806991577,0.5563406944274902,3.0149455070495605,12.382115364074707,108.37393188476562,7.908797740936279,8.78443717956543,3.688002586364746,-0.12656186521053314,-0.6232975721359253,0.0490441657602787,7.929842948913574,8.786738395690918,3.697962760925293
1447,0.7256044745445251,0.5777183175086975,3.2715072631835938,14.626968383789062,148.40245056152344,12.474514961242676,7.16189432144165,2.653668165206909,0.09977029263973236,0.15928493440151215,-0.08395437151193619,12.5089111328125,7.180095195770264,2.659738302230835
1448,0.8318196535110474,0.5155686736106873,1.9123766422271729,11.644625663757324,147.74832153320312,8.277695655822754,7.939902305603027,2.0087342262268066,-0.618857741355896,-0.738707423210144,0.10457363724708557,8.277554512023926,7.927515029907227,2.011605739593506
1449,0.6705383658409119,0.5746397376060486,2.9146676063537598,14.223455429077148,136.4989013671875,9.804609298706055,10.135993957519531,1.8541696071624756,0.3297532796859741,1.5162655115127563,-0.3080500066280365,9.826395988464355,10.049895286560059,1.8335013389587402
1450,0.7869890332221985,0.5661194324493408,1.448682188987732,5.601411819458008,66.1921615600586,1.4967337846755981,4.688140869140625,2.6752443313598633,0.14151397347450256,-0.6465519666671753,0.24397990107536316,1.4941850900650024,4.6562957763671875,2.671527147293091
1451,0.6709291934967041,0.5977059006690979,3.8380086421966553,13.716068267822266,110.42513275146484,11.913914680480957,5.973227024078369,3.2418668270111084,1.8160812854766846,0.8188402056694031,-0.4746204912662506,11.80752944946289,5.933340072631836,3.215880870819092
1452,0.7989105582237244,0.568491518497467,3.1504697799682617,15.91500473022461,139.0033721923828,8.176227569580078,13.501395225524902,2.036911964416504,-0.9833983182907104,-0.8185386061668396,0.05422169342637062,8.13951301574707,13.514151573181152,2.0418701171875
1453,0.840235710144043,0.5473942160606384,1.8384040594100952,8.027772903442383,90.80323028564453,5.364104270935059,5.718477249145508,1.7235265970230103,0.7696085572242737,-0.7187997698783875,0.2836229205131531,5.323415279388428,5.68894624710083,1.7047719955444336
1454,0.6982208490371704,0.5302915573120117,1.9610216617584229,8.37339973449707,67.60458374023438,4.705819606781006,6.663402557373047,1.8889546394348145,-0.17632374167442322,-0.28532183170318604,-0.19728465378284454,4.715632438659668,6.675860404968262,1.8838645219802856
1455,0.5721699595451355,0.5073331594467163,3.3297934532165527,20.50448989868164,229.66293334960938,17.907878875732422,9.512367248535156,3.042508363723755,1.5140589475631714,1.041290521621704,-0.089284747838974,17.89353370666504,9.481575965881348,3.0496811866760254
1456,0.8540220856666565,0.5321083664894104,2.4672675132751465,11.088194847106934,114.7411117553711,3.67449688911438,9.965147972106934,3.1846423149108887,0.1124892458319664,-0.08757972717285156,0.11196672916412354,3.6830196380615234,9.992558479309082,3.1915509700775146
1457,0.6508064270019531,0.5501657724380493,2.425140857696533,12.430720329284668,128.97193908691406,7.93796968460083,9.475603103637695,1.3131489753723145,-0.42068901658058167,-1.0663888454437256,-0.07115931063890457,7.948925018310547,9.441670417785645,1.3148770332336426
1458,0.8990710973739624,0.5499053597450256,1.0661122798919678,4.764533042907715,61.44255828857422,2.5096163749694824,3.893832206726074,1.1138554811477661,0.2078283578157425,-0.33636200428009033,0.08367237448692322,2.507972240447998,3.8900978565216064,1.1138066053390503
1459,0.6471729874610901,0.5823044776916504,1.82296621799469,7.041187763214111,56.67744445800781,3.148737668991089,6.028759956359863,1.8214892148971558,0.29939591884613037,0.4042279124259949,-0.20511415600776672,3.1432149410247803,6.0319719314575195,1.8149522542953491
1460,0.662168025970459,0.5622981786727905,2.9566550254821777,13.78796100616455,157.0193634033203,12.675422668457031,5.2831315994262695,1.2369487285614014,-1.0277215242385864,-0.24410097301006317,0.026505568996071815,12.668930053710938,5.292210102081299,1.2401142120361328
1461,0.7049170732498169,0.5638701319694519,4.22409725189209,18.196016311645508,151.34986877441406,10.06130313873291,14.034168243408203,5.736485481262207,-0.8166298866271973,0.6993525624275208,-0.5322996377944946,10.05608081817627,14.055831909179688,5.727667331695557
1462,0.6057956218719482,0.5190451741218567,2.1773629188537598,9.437348365783691,69.04090881347656,7.389529228210449,5.618068218231201,1.701677918434143,-0.2900678515434265,0.25555235147476196,-0.15186598896980286,7.404430389404297,5.627907752990723,1.6996155977249146
1463,0.5954305529594421,0.5704883337020874,2.2567214965820312,10.480748176574707,100.1845932006836,9.36237621307373,4.195141792297363,2.1430740356445312,-0.7099076509475708,-0.39527571201324463,-0.12060805410146713,9.36146354675293,4.188128471374512,2.1456458568573
1464,0.7688069343566895,0.5539620518684387,1.4321787357330322,8.572308540344238,112.86898040771484,5.449440956115723,6.499342441558838,1.2436305284500122,-0.5052620768547058,-0.3935306668281555,0.12091517448425293,5.441101551055908,6.5055131912231445,1.2411911487579346
1465,0.6128379106521606,0.5803426504135132,1.7171610593795776,5.709771633148193,57.974029541015625,4.732234001159668,3.1404857635498047,0.5872024297714233,-0.1865779459476471,-0.24063178896903992,0.07691062241792679,4.741744041442871,3.1399874687194824,0.5837676525115967
1466,0.6285653710365295,0.5540840029716492,3.0474586486816406,17.85097312927246,207.23487854003906,16.828386306762695,5.358439922332764,2.598033905029297,-0.7811469435691833,0.423697829246521,-0.18674522638320923,16.85713768005371,5.356562614440918,2.598541736602783
1467,0.7475118637084961,0.568854570388794,4.1672210693359375,15.729276657104492,119.08067321777344,11.435214042663574,10.065201759338379,3.9163410663604736,-0.3530767261981964,0.6208117008209229,-0.25014013051986694,11.461645126342773,10.074060440063477,3.919246196746826
1468,0.6712220907211304,0.5734969973564148,0.8776991367340088,3.8874263763427734,49.47323226928711,2.5964314937591553,1.8933461904525757,2.1876630783081055,0.049105338752269745,-0.16653549671173096,0.03194325417280197,2.603208303451538,1.8912686109542847,2.1935315132141113
1469,0.647537350654602,0.5994057655334473,3.7171449661254883,16.230140686035156,159.2676239013672,14.814279556274414,5.771941184997559,3.261791944503784,0.3379063904285431,-0.918042778968811,-0.007452498655766249,14.851737976074219,5.714360237121582,3.2708818912506104
1470,0.6473916172981262,0.5584245920181274,4.9596734046936035,28.45382308959961,287.6233825683594,24.36905288696289,14.000364303588867,4.445138931274414,-1.9792985916137695,1.1937434673309326,-0.2949841618537903,24.356287002563477,13.988289833068848,4.447711944580078
1471,0.5659164190292358,0.5826660394668579,1.0088952779769897,2.430856704711914,17.981447219848633,1.860678791999817,1.1668297052383423,1.041847586631775,-0.15810874104499817,-0.05084014683961868,0.0027419005054980516,1.859120488166809,1.1689732074737549,1.0447502136230469
1472,0.587915301322937,0.5942336916923523,4.8505682945251465,21.505908966064453,201.4657745361328,16.94694709777832,12.491007804870605,4.390885829925537,1.0295060873031616,0.18109767138957977,-0.18582619726657867,16.962833404541016,12.52453327178955,4.39918851852417
1473,0.6174546480178833,0.5648709535598755,2.792598009109497,14.121393203735352,121.06822204589844,10.610547065734863,8.403555870056152,4.026202201843262,-0.19239217042922974,-0.9790665507316589,0.40326446294784546,10.638395309448242,8.369607925415039,4.017129898071289
1474,0.5717076063156128,0.6107540726661682,2.0253663063049316,10.022919654846191,112.01000213623047,7.629881858825684,5.360823154449463,3.6749696731567383,-0.6294582486152649,0.2051478922367096,-0.06301534920930862,7.625082969665527,5.3718390464782715,3.684678792953491
1475,0.5963831543922424,0.5952143669128418,2.2910988330841064,9.572702407836914,90.40725708007812,6.986680507659912,6.300967216491699,1.7665610313415527,0.25941526889801025,-0.29500263929367065,0.1361260563135147,7.001337051391602,6.311614513397217,1.766221523284912
1476,0.5785688757896423,0.6121332049369812,2.021470069885254,7.9888153076171875,64.46133422851562,4.961301326751709,5.841209888458252,2.255420684814453,-0.024027422070503235,0.26537421345710754,-0.05661093443632126,4.975081920623779,5.851455211639404,2.2609994411468506
1477,0.5066483020782471,0.5511411428451538,1.389996886253357,7.848516464233398,95.45109558105469,3.0987191200256348,7.060722827911377,1.4640158414840698,0.059947527945041656,-0.5463448762893677,0.15981993079185486,3.106781244277954,7.0591888427734375,1.4593254327774048
1478,0.584652841091156,0.5902727842330933,3.857426643371582,16.404720306396484,116.06217956542969,10.619511604309082,12.228255271911621,2.6097023487091064,-1.3866925239562988,-0.04272579774260521,-0.13295921683311462,10.557953834533691,12.262290954589844,2.6135830879211426
1479,0.5334557294845581,0.6162042021751404,2.360332727432251,12.548181533813477,134.61949157714844,8.21338939666748,9.324177742004395,1.7483673095703125,-0.16621458530426025,-0.28083929419517517,0.25229713320732117,8.234614372253418,9.34594440460205,1.7348936796188354
1480,0.649909257888794,0.5932353734970093,2.2837283611297607,11.339507102966309,98.45882415771484,6.831254959106445,8.553826332092285,2.95811128616333,-0.8979238867759705,-0.5000125765800476,0.22095417976379395,6.790874004364014,8.563018798828125,2.958075761795044
1481,0.6341999173164368,0.5635561943054199,1.4850034713745117,5.665318965911865,48.77632141113281,2.6235976219177246,4.686454772949219,1.8026978969573975,-0.25651687383651733,0.5622302293777466,-0.1788465529680252,2.6183106899261475,4.665585517883301,1.7988078594207764
1482,0.600337028503418,0.5632323622703552,3.6776769161224365,16.509521484375,147.5730743408203,11.620492935180664,11.441009521484375,2.5752172470092773,0.22661980986595154,-1.0986136198043823,0.086801677942276,11.650691032409668,11.419906616210938,2.580933094024658
1483,0.6216126680374146,0.566364049911499,2.92529296875,12.769452095031738,96.10139465332031,5.727216720581055,11.053031921386719,2.8440074920654297,0.6584916114807129,-0.46315428614616394,0.17900431156158447,5.705104827880859,11.074127197265625,2.846285820007324
1484,0.5906210541725159,0.5686801671981812,3.3258321285247803,14.790878295898438,147.74383544921875,11.258272171020508,9.136804580688477,2.922356367111206,-0.8235374093055725,-0.7580738067626953,0.21196791529655457,11.259430885314941,9.13070011138916,2.9227893352508545
1485,0.5235506892204285,0.5539811253547668,2.1163039207458496,9.46442985534668,79.4478530883789,7.137378692626953,5.976969242095947,1.705604910850525,0.3050161302089691,-0.008066601119935513,0.11769942194223404,7.150749206542969,5.993636131286621,1.7062853574752808
1486,0.5833349227905273,0.5951352715492249,2.8163342475891113,13.7850923538208,138.82672119140625,8.099604606628418,10.787641525268555,2.8375980854034424,-0.2760602533817291,-0.5897385478019714,0.15998099744319916,8.11747932434082,10.801555633544922,2.840987205505371
1487,0.6071543097496033,0.6037788987159729,5.363870620727539,22.083904266357422,160.62669372558594,11.188261032104492,18.03935432434082,6.091243743896484,-1.2877713441848755,-0.46478813886642456,-0.28007543087005615,11.144903182983398,18.083667755126953,6.101774215698242
1488,0.5226584076881409,0.6066619753837585,1.1021331548690796,4.737229347229004,59.68160629272461,2.1400749683380127,4.0912981033325195,1.0595773458480835,0.014595127664506435,-0.28696954250335693,0.05634387582540512,2.1459944248199463,4.092605113983154,1.0610296726226807
1489,0.6437658667564392,0.6061809062957764,2.4221532344818115,9.563338279724121,76.24646759033203,6.804367542266846,6.471805095672607,1.809355616569519,-0.7025903463363647,-0.08735392987728119,-0.15461087226867676,6.786875247955322,6.489266395568848,1.8077664375305176
1490,0.6323254704475403,0.5500503778457642,1.453120470046997,10.323957443237305,137.14056396484375,5.827220916748047,8.3473482131958,1.717371940612793,-0.5321688652038574,-0.7068905830383301,0.12075081467628479,5.819056987762451,8.34056282043457,1.717900037765503
1491,0.5777314305305481,0.6394719481468201,2.4782614707946777,11.153523445129395,110.68029022216797,7.623919486999512,8.014657020568848,1.429054856300354,0.2623099386692047,-1.1452237367630005,0.22137895226478577,7.640658855438232,7.954540729522705,1.4157415628433228
1492,0.582817792892456,0.5810010433197021,1.4287068843841553,8.162482261657715,103.47433471679688,5.110626697540283,6.107046604156494,1.792088270187378,-0.3138655424118042,-0.5673696994781494,-0.018502673134207726,5.115208625793457,6.097595691680908,1.7969913482666016
1493,0.5564788579940796,0.6051115989685059,5.636109352111816,20.752643585205078,150.73826599121094,13.616507530212402,15.380934715270996,2.9478492736816406,-0.8182594776153564,-2.150853157043457,0.3460133373737335,13.629813194274902,15.27228832244873,2.935637950897217
1494,0.5995002388954163,0.5953946113586426,2.7609684467315674,13.397385597229004,98.08457946777344,12.099044799804688,5.44095516204834,1.8705803155899048,-1.2117435932159424,-0.0671696662902832,-0.18930871784687042,12.071791648864746,5.455716609954834,1.866167426109314
1495,0.5905803442001343,0.6219960451126099,2.231053113937378,9.020694732666016,68.29579162597656,2.4408624172210693,8.544981002807617,1.5486903190612793,0.00022841560712549835,0.8054817318916321,0.0025928181130439043,2.4476709365844727,8.530661582946777,1.5530080795288086
1496,0.5171012282371521,0.6101734042167664,1.5457261800765991,9.38671588897705,91.53515625,3.8936209678649902,7.838715076446533,3.391859769821167,-0.45764490962028503,-0.7409573197364807,0.2507006824016571,3.87741756439209,7.825384616851807,3.392017364501953
1497,0.6036022901535034,0.6473591923713684,1.831243634223938,8.033136367797852,92.39727020263672,3.0369808673858643,7.199909210205078,1.8626171350479126,-0.19827230274677277,0.16787591576576233,-0.025195874273777008,3.038954973220825,7.218029499053955,1.8676419258117676
1498,0.5691872835159302,0.574700117111206,1.827808141708374,10.689364433288574,112.13126373291016,8.341716766357422,6.172251224517822,2.5654566287994385,-0.8060372471809387,0.15826232731342316,-0.15023133158683777,8.325841903686523,6.18743371963501,2.568197727203369
1499,0.6385564804077148,0.6089305877685547,3.353688955307007,12.61052417755127,82.76891326904297,7.209176063537598,9.952413558959961,2.82888126373291,0.1328454315662384,-0.88410884141922,0.197923943400383,7.228057384490967,9.940718650817871,2.829820156097412
1500,0.6168971657752991,0.5798138380050659,2.450956344604492,13.018881797790527,138.7945556640625,5.947527885437012,10.945466995239258,3.7835092544555664,0.0690462589263916,-0.288366436958313,0.15509113669395447,5.96371603012085,10.972187995910645,3.790874481201172
1501,0.5760155320167542,0.5854530930519104,5.878498077392578,24.373310089111328,198.2876739501953,19.262845993041992,14.444009780883789,3.7909927368164062,0.8267572522163391,-0.2514350414276123,-0.030269654467701912,19.298776626586914,14.482104301452637,3.8014461994171143
1502,0.6125580072402954,0.5628681182861328,3.1801209449768066,15.889577865600586,161.19346618652344,4.317831516265869,14.399645805358887,5.146378040313721,-0.1277310997247696,-1.9994254112243652,0.7665005922317505,4.3279805183410645,14.299934387207031,5.103172302246094
1503,0.6617646217346191,0.5726959705352783,4.07291316986084,17.973323822021484,135.03001403808594,13.864872932434082,11.140069961547852,2.589305877685547,-2.3771190643310547,-0.6613060832023621,0.09767210483551025,13.697676658630371,11.151443481445312,2.5946805477142334
1504,0.5980445742607117,0.5873832702636719,5.496349334716797,20.66634750366211,132.1290283203125,15.299981117248535,13.4039306640625,3.652834892272949,3.2748119831085205,-1.000661015510559,0.03835375979542732,14.987090110778809,13.40381145477295,3.6628222465515137
1505,0.6126260161399841,0.6539210081100464,4.116583347320557,16.907459259033203,118.94861602783203,11.759804725646973,11.7384672164917,3.1269097328186035,-1.2385653257369995,2.116666078567505,-0.6077625155448914,11.727018356323242,11.578258514404297,3.0758330821990967
1506,0.6585607528686523,0.58382248878479,2.466994047164917,13.95646858215332,119.46620178222656,6.548348426818848,11.896058082580566,3.2227230072021484,-0.36365818977355957,-1.5100654363632202,0.32619988918304443,6.556480407714844,11.832740783691406,3.2151148319244385
1507,0.5591810345649719,0.5970233082771301,2.6165051460266113,10.70992660522461,87.55855560302734,7.220678806304932,7.550917625427246,2.355409622192383,0.72072434425354,0.7379228472709656,-0.30283039808273315,7.204660415649414,7.535736560821533,2.342376947402954
1508,0.6479832530021667,0.6005695462226868,2.8337199687957764,12.220633506774902,114.27725219726562,6.920108318328857,9.722925186157227,2.6307263374328613,0.22724317014217377,-0.37267252802848816,0.17979764938354492,6.935668468475342,9.742881774902344,2.6318962574005127
1509,0.6714461445808411,0.5717254281044006,5.062594890594482,23.70440101623535,213.7608642578125,17.33770751953125,15.5840425491333,4.294204235076904,-0.416716068983078,-1.9568183422088623,0.5752301812171936,17.381046295166016,15.503825187683105,4.2673726081848145
1510,0.6524609327316284,0.620559811592102,2.975527286529541,18.655790328979492,225.27157592773438,17.418724060058594,5.968630790710449,3.000343084335327,0.6629781126976013,0.5479306578636169,-0.33163121342658997,17.45465660095215,5.960005760192871,2.990277051925659
1511,0.5727495551109314,0.5935731530189514,4.562780380249023,18.674427032470703,146.28306579589844,9.790975570678711,14.478856086730957,6.5752387046813965,0.917875349521637,-0.04981456324458122,-0.033513665199279785,9.775047302246094,14.519157409667969,6.593493938446045
1512,0.6007875204086304,0.6056374311447144,2.2306416034698486,11.324697494506836,113.06246948242188,10.36913776397705,4.455242156982422,0.9383854269981384,-0.31203529238700867,0.19602428376674652,-0.20186394453048706,10.393351554870605,4.463342666625977,0.9189721345901489
1513,0.635306179523468,0.5637757778167725,3.1309280395507812,14.804497718811035,119.7235107421875,8.49273681640625,11.89609432220459,2.3514928817749023,0.24554109573364258,-0.4917133152484894,0.05097385495901108,8.512866020202637,11.919083595275879,2.3574981689453125
1514,0.5368181467056274,0.5827091932296753,1.4970189332962036,7.878604412078857,96.03080749511719,7.198474884033203,2.9926388263702393,1.1395033597946167,-0.5952144861221313,0.13020357489585876,-0.2499043196439743,7.193836212158203,2.9981446266174316,1.114863634109497
1515,0.6530771255493164,0.5598040223121643,2.7094333171844482,9.815878868103027,80.0769271850586,7.787988662719727,5.7210373878479,1.72291100025177,0.33919525146484375,-0.44758862257003784,-0.20247173309326172,7.802301406860352,5.719411373138428,1.7157453298568726
1516,0.6270365715026855,0.570285439491272,2.070204973220825,7.326136112213135,63.316165924072266,2.820450782775879,6.553600788116455,1.6636251211166382,-0.004854689817875624,0.8666607737541199,-0.293640673160553,2.8283140659332275,6.514163970947266,1.6420727968215942
1517,0.7063819766044617,0.6081511974334717,2.3242685794830322,12.98093032836914,131.25900268554688,8.009897232055664,9.017711639404297,4.798642635345459,0.33422255516052246,-0.9052842855453491,0.4808763861656189,8.025243759155273,8.99718189239502,4.787805557250977
1518,0.7152895331382751,0.5892189741134644,1.6892458200454712,9.139655113220215,86.33661651611328,7.970765590667725,4.35186243057251,1.0302835702896118,0.9286157488822937,-0.23100244998931885,-0.0228569358587265,7.938570499420166,4.35784912109375,1.0329031944274902
1519,0.5851035714149475,0.612688422203064,2.4320931434631348,13.287947654724121,142.42726135253906,6.8268914222717285,11.172646522521973,2.2660696506500244,0.5554980039596558,-0.654108464717865,-0.06339846551418304,6.823233127593994,11.18459415435791,2.271501064300537
1520,0.5652447938919067,0.6166359186172485,2.041996479034424,10.63467025756836,106.76525115966797,5.572235107421875,7.922420501708984,4.391088008880615,0.704014241695404,-0.3744114339351654,0.3302188813686371,5.543001174926758,7.935643196105957,4.390867710113525
1521,0.5315715670585632,0.6041248440742493,3.772719383239746,13.994643211364746,92.07373046875,7.738088607788086,11.049665451049805,3.72517466545105,1.4131742715835571,-1.4309765100479126,0.2406967282295227,7.629174709320068,10.987176895141602,3.727759838104248
1522,0.5391892790794373,0.5857079029083252,2.372460126876831,10.655658721923828,100.15609741210938,8.469141960144043,6.354867458343506,1.196807622909546,-0.5753778219223022,0.1241718977689743,0.04249757155776024,8.473143577575684,6.371376991271973,1.1993892192840576
1523,0.6145191788673401,0.589396059513092,2.647702693939209,13.436322212219238,140.604736328125,4.575896263122559,12.356438636779785,2.6295166015625,-0.5110592246055603,-1.0260428190231323,0.35619139671325684,4.559952259063721,12.348113059997559,2.6125476360321045
1524,0.6673679947853088,0.6130167841911316,3.41707444190979,13.93310260772705,108.43119812011719,8.125547409057617,10.3648042678833,4.547267913818359,-0.2643735408782959,0.632571280002594,-0.20553898811340332,8.143898963928223,10.374341011047363,4.555291175842285
1525,0.5419939756393433,0.6172615885734558,1.6336685419082642,7.805816173553467,76.04667663574219,2.1304914951324463,7.083017826080322,2.494518756866455,0.595501720905304,-0.7035304307937622,0.23872892558574677,2.0512795448303223,7.067651271820068,2.4899957180023193
1526,0.602491557598114,0.6100559234619141,3.1607062816619873,14.490042686462402,153.83489990234375,7.984084606170654,11.35477066040039,4.157515525817871,0.288784921169281,-0.6497841477394104,0.04205923527479172,8.001115798950195,11.36778450012207,4.1688995361328125
1527,0.5269465446472168,0.6159655451774597,1.8083631992340088,5.078735828399658,36.546260833740234,3.282928705215454,3.7117843627929688,1.1129192113876343,0.35898810625076294,-0.32730013132095337,0.1137547418475151,3.2723445892333984,3.707638740539551,1.1101784706115723
1528,0.5858321189880371,0.6214486360549927,3.6949498653411865,18.962797164916992,167.7481689453125,8.059511184692383,16.56427764892578,4.500749588012695,-0.33575400710105896,-1.6041358709335327,0.5107408165931702,8.074976921081543,16.532405853271484,4.48414945602417
1529,0.5754944086074829,0.5834540128707886,2.6341352462768555,10.126873016357422,75.32304382324219,7.430484294891357,5.667337894439697,3.901632308959961,0.3420141637325287,-0.03032989613711834,-0.029404763132333755,7.443314075469971,5.683064937591553,3.9124042987823486
1530,0.562160849571228,0.5970329642295837,3.339653491973877,13.813929557800293,109.75276184082031,7.789994716644287,9.941927909851074,5.594526290893555,0.32176321744918823,0.339623361825943,-0.13534292578697205,7.805057048797607,9.963841438293457,5.608489036560059
1531,0.5877346992492676,0.5796014666557312,2.116102933883667,8.762041091918945,66.41539764404297,5.064722537994385,6.597814083099365,2.7551417350769043,0.2959778308868408,-0.538857102394104,0.2880491316318512,5.070170879364014,6.594114780426025,2.747685670852661
1532,0.5782303214073181,0.567922055721283,3.5211637020111084,16.397441864013672,152.16427612304688,10.2642240524292,12.546619415283203,2.470658540725708,0.9920802116394043,-0.7502848505973816,0.07310586422681808,10.24466323852539,12.559101104736328,2.4764654636383057
1533,0.542401909828186,0.6005640029907227,2.225508451461792,11.033787727355957,119.6894302368164,7.882437229156494,7.475447654724121,1.931149959564209,0.30573770403862,-0.4782455861568451,-0.04767436161637306,7.898477077484131,7.480942726135254,1.9359465837478638
1534,0.485077828168869,0.6030707955360413,2.200968027114868,13.297179222106934,151.688720703125,10.825471878051758,7.426793575286865,2.113502025604248,0.7889187335968018,-0.7231517434120178,0.09040912240743637,10.826802253723145,7.412120342254639,2.117457628250122
1535,0.5938032865524292,0.630766749382019,2.1562070846557617,10.24680233001709,110.9334716796875,3.5052196979522705,8.572442054748535,4.384476661682129,0.4237767159938812,0.5051584839820862,-0.472138911485672,3.4892141819000244,8.581414222717285,4.371140003204346
1536,0.6338173151016235,0.5941046476364136,2.6904375553131104,13.752674102783203,138.8444061279297,7.266569137573242,11.048316955566406,3.77726411819458,0.6685643792152405,-1.0956062078475952,0.16523100435733795,7.255931377410889,11.024524688720703,3.784174680709839
1537,0.5494191646575928,0.6056276559829712,1.257934808731079,6.7506208419799805,87.94862365722656,3.8515114784240723,5.407295227050781,1.2238872051239014,0.3297179639339447,-0.4623894691467285,0.07006514817476273,3.848076105117798,5.402517318725586,1.2252883911132812
1538,0.6383618712425232,0.5872935652732849,1.748528242111206,7.648508071899414,79.06571197509766,4.778436183929443,5.790055274963379,1.463381052017212,-0.4662889838218689,-0.19548887014389038,0.15115022659301758,4.768896102905273,5.802896022796631,1.4596141576766968
1539,0.6408287882804871,0.5693226456642151,3.017094612121582,14.846488952636719,148.21322631835938,7.523609161376953,12.54024887084961,2.560410499572754,-0.7985732555389404,-1.6008641719818115,0.16466082632541656,7.5019755363464355,12.472341537475586,2.56223726272583
1540,0.5917819142341614,0.5908283591270447,3.6878573894500732,15.905997276306152,152.79257202148438,5.472316265106201,14.426372528076172,3.864495038986206,0.28158754110336304,-0.3628409504890442,-0.24770237505435944,5.480310916900635,14.462037086486816,3.8673057556152344
1541,0.6084805727005005,0.5811909437179565,1.9064831733703613,11.924500465393066,121.0581283569336,11.220808029174805,2.555779218673706,3.1233274936676025,-0.23047971725463867,-0.1284293681383133,-0.2091890424489975,11.249732971191406,2.5596704483032227,3.125006914138794
1542,0.6115953922271729,0.5730544328689575,2.477069854736328,11.401456832885742,104.26097106933594,7.891459941864014,8.035933494567871,1.7725282907485962,0.4551672339439392,1.0712710618972778,-0.23683060705661774,7.900298118591309,7.986423015594482,1.761535406112671
1543,0.5744225382804871,0.5945990085601807,2.2325496673583984,9.732488632202148,78.9934310913086,4.504687309265137,7.469518661499023,4.316876411437988,-0.3278266191482544,-0.8090627789497375,0.22856751084327698,4.505274772644043,7.446285247802734,4.322845935821533
1544,0.6315494775772095,0.5824811458587646,2.10935640335083,10.438261985778809,97.20065307617188,7.929236888885498,6.53071928024292,1.8531664609909058,0.8102689385414124,-0.40625372529029846,-0.007769243326038122,7.909730911254883,6.536252498626709,1.8583194017410278
1545,0.5336297750473022,0.6319562792778015,1.487727403640747,6.14901065826416,69.62113952636719,4.816085338592529,3.5198795795440674,1.4920110702514648,-0.473338782787323,-0.4705875813961029,0.1495884358882904,4.806136608123779,3.4980108737945557,1.4886342287063599
1546,0.5639415979385376,0.6097874045372009,1.8805001974105835,7.679728031158447,71.30078125,3.584155559539795,5.669223785400391,3.740581512451172,-0.17242683470249176,-0.24871951341629028,0.17001459002494812,3.589991569519043,5.679563999176025,3.7471394538879395
1547,0.6414175629615784,0.5970606207847595,3.145953893661499,14.149149894714355,116.11373901367188,9.018949508666992,10.240010261535645,3.741548776626587,-0.394090861082077,-0.4668426513671875,0.2038412094116211,9.035469055175781,10.25789737701416,3.746413230895996
1548,0.5155021548271179,0.6199156641960144,1.0143465995788574,3.758892297744751,43.06208801269531,1.2244590520858765,2.286867618560791,2.720332384109497,-0.19867603480815887,0.16728131473064423,-0.27121442556381226,1.2116035223007202,2.2871029376983643,2.7143290042877197
1549,0.5720138549804688,0.628023624420166,2.365285873413086,11.932960510253906,128.57464599609375,8.41710376739502,8.217336654663086,2.0058159828186035,0.8908496499061584,-0.3010035455226898,-0.008376243524253368,8.39317512512207,8.23472785949707,2.0113933086395264
1550,0.558346688747406,0.6111094355583191,1.8273141384124756,7.795573711395264,66.77684020996094,4.705099105834961,5.741837501525879,2.3799824714660645,0.054780278354883194,0.04899122565984726,0.014301384799182415,4.717904090881348,5.7576446533203125,2.386578321456909
1551,0.5884842872619629,0.5826374292373657,1.6458669900894165,5.977339744567871,43.670433044433594,4.1665449142456055,3.8441085815429688,1.8950798511505127,-0.05923863500356674,-0.05257340148091316,-0.09342895448207855,4.177744388580322,3.85447096824646,1.8980551958084106
1552,0.5722782611846924,0.6063127517700195,1.8424626588821411,8.166321754455566,81.63027954101562,6.637351989746094,4.562666893005371,1.347753882408142,-0.7823281288146973,0.06287763267755508,0.15970320999622345,6.609470844268799,4.5749592781066895,1.3419914245605469
1553,0.6174923181533813,0.6171531677246094,1.9849498271942139,9.482145309448242,87.52056121826172,6.687602519989014,6.369243144989014,2.1493701934814453,0.7007700800895691,0.3440517485141754,-0.0174422524869442,6.669337272644043,6.377684593200684,2.15529465675354
1554,0.5598637461662292,0.6029720902442932,1.855464220046997,10.483247756958008,131.3680419921875,2.571946144104004,10.113337516784668,1.0019690990447998,-0.2872265577316284,0.6991273760795593,0.04603428393602371,2.5629868507385254,10.117286682128906,1.003702998161316
1555,0.5882412791252136,0.5992910265922546,3.2427453994750977,17.01729965209961,197.28086853027344,14.772509574890137,7.554130554199219,3.781081199645996,0.7135798335075378,-0.6741732954978943,0.24684378504753113,14.796425819396973,7.544974327087402,3.7835397720336914
1556,0.55133056640625,0.6108649373054504,2.3241405487060547,9.649642944335938,80.42859649658203,7.1307053565979,6.017830848693848,2.4605627059936523,0.29584312438964844,0.2246568500995636,-0.2569032609462738,7.144438743591309,6.030409812927246,2.4539403915405273
1557,0.5541247129440308,0.6237890720367432,3.9702162742614746,16.071781158447266,124.29212188720703,8.931411743164062,12.92113208770752,3.4024112224578857,-0.5047175288200378,0.4049209654331207,-0.3473215699195862,8.94201374053955,12.950810432434082,3.394078493118286
1558,0.5970207452774048,0.6080008745193481,2.8789823055267334,11.199408531188965,90.76905822753906,7.731582164764404,7.374099254608154,3.3573896884918213,-0.0775461196899414,-0.2547934055328369,0.06990277022123337,7.752758502960205,7.390252590179443,3.366024971008301
1559,0.5746883749961853,0.6003459692001343,2.017104148864746,9.889472961425781,94.76441192626953,5.663945198059082,7.842365741729736,2.053941249847412,-0.4665008783340454,-0.7203871011734009,0.1963915377855301,5.6604461669921875,7.830991744995117,2.0502333641052246
1560,0.5352458357810974,0.6024889349937439,2.761866569519043,14.894433975219727,130.8882598876953,6.935027599334717,12.620075225830078,3.8056907653808594,0.2700205445289612,0.9824342727661133,-0.06692574918270111,6.949099540710449,12.61687183380127,3.81571626663208
1561,0.5792328715324402,0.5942752361297607,1.1330920457839966,5.994863986968994,78.50496673583984,5.002453327178955,2.5489578247070312,2.101588249206543,0.24159105122089386,0.2468227595090866,-0.09164613485336304,5.010553359985352,2.5440561771392822,2.105445623397827
1562,0.5537824034690857,0.625526487827301,1.6045359373092651,6.972692489624023,55.53082275390625,5.4104390144348145,4.105240821838379,1.5787919759750366,-0.33820056915283203,-0.17877300083637238,0.044606052339076996,5.414920806884766,4.112786769866943,1.582563877105713
1563,0.5407734513282776,0.5930907130241394,1.9512736797332764,11.86992359161377,127.8492431640625,9.088862419128418,7.4601640701293945,1.6228424310684204,-1.199186086654663,-0.4713777005672455,0.12194406986236572,9.03453540802002,7.466023921966553,1.6227682828903198
1564,0.5862250328063965,0.6148139238357544,2.4433088302612305,10.191551208496094,87.20800018310547,6.713771820068359,7.349687099456787,2.185196876525879,0.5687901973724365,0.23238776624202728,-0.31424111127853394,6.708294868469238,7.3665032386779785,2.168516159057617
1565,0.5437562465667725,0.5994982123374939,1.9168566465377808,9.56261920928955,83.22699737548828,8.681591033935547,3.803675889968872,1.2671682834625244,0.24446330964565277,-0.49462658166885376,-0.1349784880876541,8.702354431152344,3.781898021697998,1.263473391532898
1566,0.6137731075286865,0.6397420763969421,1.8497939109802246,8.249231338500977,91.83406829833984,7.270631790161133,3.672302007675171,1.304579257965088,-0.07003667950630188,-0.0927482545375824,-0.17082902789115906,7.290573596954346,3.681370735168457,1.2969539165496826
1567,0.4735736846923828,0.6277889013290405,1.7489559650421143,8.094539642333984,85.71646118164062,5.976848602294922,5.291344165802002,1.3418374061584473,-0.2318442314863205,-0.5200555920600891,0.05540994182229042,5.989009380340576,5.28041410446167,1.3444325923919678
1568,0.5203495025634766,0.6194082498550415,1.0123945474624634,3.77237606048584,44.65237808227539,2.679442882537842,2.5577809810638428,0.7135578393936157,0.13192790746688843,0.28334569931030273,0.007921474985778332,2.6836578845977783,2.549129009246826,0.7155041694641113
1569,0.5501407384872437,0.6104804873466492,0.9271928071975708,4.273024559020996,54.027244567871094,4.00614070892334,1.2085577249526978,0.8654269576072693,0.17535364627838135,-0.11482279002666473,0.09739498049020767,4.01346492767334,1.206446886062622,0.8623276948928833
1570,0.5739173889160156,0.6264724135398865,2.154304027557373,8.62320327758789,65.1637191772461,3.456007242202759,7.42115592956543,2.709627866744995,0.07147045433521271,0.6417237520217896,-0.10918030142784119,3.4649059772491455,7.413981914520264,2.714979410171509
1571,0.5730250477790833,0.6229137778282166,1.5803554058074951,8.007654190063477,91.8714370727539,1.4813227653503418,6.978524684906006,3.6370866298675537,-0.18878218531608582,-0.6274008750915527,0.08548823744058609,1.4733425378799438,6.969650745391846,3.646224021911621
1572,0.5921820402145386,0.6050103306770325,3.917578935623169,19.686159133911133,199.90171813964844,15.865095138549805,10.699395179748535,4.622390270233154,-1.9100981950759888,-0.1694062203168869,-0.15005812048912048,15.793623924255371,10.727896690368652,4.632841110229492
1573,0.5491186380386353,0.5905494689941406,2.3262763023376465,14.727340698242188,184.54074096679688,13.55346965789795,5.630302429199219,1.2238051891326904,0.8541111350059509,-0.6758547425270081,0.009107733145356178,13.564262390136719,5.60518217086792,1.2271848917007446
1574,0.6669023036956787,0.5861647129058838,2.30607533454895,13.151726722717285,122.1534423828125,6.966734409332275,10.84555721282959,2.608915090560913,0.5634579658508301,-0.9088977575302124,0.145549476146698,6.963279724121094,10.83755111694336,2.6121175289154053
1575,0.5527467131614685,0.6027737855911255,2.8111791610717773,16.447834014892578,199.53292846679688,15.076217651367188,5.857813358306885,2.987452268600464,-1.2951985597610474,-0.19547195732593536,-0.23206567764282227,15.062378883361816,5.870882511138916,2.9867329597473145
1576,0.5194291472434998,0.6256399154663086,2.9743096828460693,12.460783004760742,91.72085571289062,7.659055709838867,9.51687240600586,2.457458257675171,-0.4605647027492523,0.8452485203742981,-0.024983003735542297,7.666521072387695,9.505703926086426,2.4641854763031006
1577,0.6077388525009155,0.6152681708335876,1.679312825202942,8.700057029724121,89.5573501586914,6.84706449508667,5.0614166259765625,1.786272644996643,0.2121889740228653,0.49322646856307983,-0.1789890080690384,6.862865924835205,5.05137825012207,1.7822399139404297
1578,0.527618944644928,0.5969183444976807,4.027575969696045,19.08647918701172,161.73028564453125,7.607210636138916,16.924699783325195,4.469744682312012,0.10768932849168777,-2.3545632362365723,0.6551745533943176,7.627665996551514,16.806865692138672,4.433799743652344
1579,0.614041268825531,0.5725734233856201,2.94942569732666,13.215837478637695,103.69551086425781,9.604105949401855,8.644169807434082,2.7744972705841064,-0.009660742245614529,0.4780389964580536,-0.3012562394142151,9.630890846252441,8.655016899108887,2.765786647796631
1580,0.6001752018928528,0.6136201024055481,2.4656267166137695,12.052445411682129,107.39269256591797,8.19799518585205,8.477201461791992,2.4882450103759766,0.23264500498771667,-0.04078627750277519,-0.08107880502939224,8.21755313873291,8.500749588012695,2.4938607215881348
1581,0.5244655013084412,0.6168645024299622,2.6892502307891846,10.182106018066406,73.0058364868164,9.067831039428711,4.178601264953613,1.9972550868988037,0.8077831864356995,-0.07783118635416031,-0.21653245389461517,9.056971549987793,4.1895294189453125,1.991020917892456
1582,0.5538819432258606,0.5933619141578674,2.5444235801696777,12.646140098571777,111.96891021728516,10.222696304321289,7.1562957763671875,2.0515294075012207,1.125661849975586,0.5597469210624695,-0.09832257032394409,10.188872337341309,7.154271602630615,2.0548877716064453
1583,0.5169796943664551,0.6257827877998352,2.6235740184783936,11.952730178833008,129.844482421875,9.228092193603516,7.164069652557373,2.527086019515991,0.8225722908973694,-0.26951006054878235,-0.04328364506363869,9.216996192932129,7.1789679527282715,2.5337631702423096
1584,0.588009774684906,0.5938345789909363,1.844923734664917,8.074152946472168,71.9422378540039,4.8398942947387695,5.9837565422058105,2.441728353500366,0.3101098835468292,-0.34036803245544434,-0.06133389100432396,4.843421459197998,5.990732192993164,2.4477665424346924
1585,0.4828379452228546,0.6216722130775452,2.319859266281128,11.315035820007324,88.56375122070312,9.238096237182617,5.929545879364014,2.7437386512756348,-0.48464664816856384,0.48040831089019775,-0.22762228548526764,9.251107215881348,5.926538467407227,2.7419071197509766
1586,0.5631421804428101,0.6015410423278809,2.144120216369629,11.418081283569336,125.25508117675781,8.668471336364746,6.741008758544922,3.128736734390259,0.31374070048332214,0.4475143551826477,-0.32927849888801575,8.686955451965332,6.744899272918701,3.120039939880371
1587,0.5674128532409668,0.6095262169837952,1.8692570924758911,7.614026069641113,62.63518524169922,5.423672199249268,4.540960311889648,2.8172433376312256,0.19414392113685608,0.5106763243675232,-0.04398864135146141,5.435315132141113,4.524740219116211,2.8247570991516113
1588,0.5400974750518799,0.6074216365814209,2.6500511169433594,11.745784759521484,105.20873260498047,7.835698127746582,8.20988941192627,3.027045726776123,0.7325477004051208,-0.9410883784294128,0.14440011978149414,7.823141098022461,8.178523063659668,3.032033681869507
1589,0.5672787427902222,0.5966468453407288,1.489173412322998,9.708919525146484,117.80174255371094,6.901586055755615,6.433283805847168,2.2899973392486572,-0.25339868664741516,-0.3914387822151184,0.20505835115909576,6.916170597076416,6.439275741577148,2.2871599197387695
1590,0.5279936194419861,0.6175681352615356,3.574002265930176,18.763532638549805,163.6855010986328,9.79163646697998,15.472331047058105,4.09889554977417,0.3081309199333191,1.1788434982299805,-0.3421841263771057,9.8140869140625,15.470389366149902,4.095981121063232
1591,0.5105474591255188,0.6201224327087402,2.462155342102051,9.243332862854004,69.50850677490234,5.073597431182861,7.354893207550049,2.367138147354126,0.5394076108932495,0.03810683265328407,0.08699457347393036,5.058913707733154,7.37531042098999,2.3721373081207275
1592,0.48313528299331665,0.6267361044883728,2.599581718444824,12.446298599243164,126.49749755859375,10.822036743164062,6.067905426025391,0.9870961308479309,0.9123400449752808,-0.26554399728775024,0.0629398450255394,10.813591003417969,6.0790019035339355,0.9878352880477905
1593,0.5214887261390686,0.6179531812667847,1.85850191116333,9.032795906066895,108.73576354980469,2.779991865158081,8.355868339538574,2.0105984210968018,-0.24433723092079163,-0.6272703409194946,0.1887683868408203,2.7769579887390137,8.355533599853516,2.007301092147827
1594,0.5839978456497192,0.6148695349693298,1.7766350507736206,9.543854713439941,119.82909393310547,3.57384991645813,8.423182487487793,2.7134408950805664,0.3074180781841278,0.44393736124038696,-0.1723409742116928,3.570535182952881,8.434938430786133,2.715515613555908
1595,0.48331502079963684,0.600894570350647,1.5317714214324951,5.441054344177246,44.69041061401367,3.763896942138672,3.744314432144165,1.190906286239624,0.18789976835250854,0.04955847188830376,-0.10330477356910706,3.7696897983551025,3.7544302940368652,1.1897265911102295
1596,0.5605090856552124,0.6099624037742615,2.1404762268066406,7.661509037017822,56.699317932128906,4.527327060699463,5.889401435852051,1.875360131263733,0.020689519122242928,-0.4714304804801941,0.19571982324123383,4.539908409118652,5.88687801361084,1.8703216314315796
1597,0.5285212397575378,0.591339111328125,2.391686201095581,13.088508605957031,114.61715698242188,4.384344577789307,12.005080223083496,2.8221659660339355,-0.20992016792297363,-0.5926285982131958,0.09640506654977798,4.391531944274902,12.023889541625977,2.8283863067626953
1598,0.5007874965667725,0.6590483784675598,1.6540378332138062,6.910894393920898,56.734920501708984,2.7267863750457764,5.995458126068115,2.092745304107666,0.14837971329689026,0.05687499791383743,-0.0769607350230217,2.7303409576416016,6.011910915374756,2.097163438796997
1599,0.6149546504020691,0.6124981641769409,0.7859517335891724,2.076073169708252,22.124422073364258,0.7578981518745422,1.8598518371582031,0.5259482860565186,-0.07245873659849167,0.2666829228401184,-0.13178002834320068,0.7565308809280396,1.8457671403884888,0.5105918049812317
1600,0.48204755783081055,0.6709475517272949,1.7990678548812866,7.758203029632568,75.61831665039062,6.6954803466796875,3.3986401557922363,1.9517968893051147,0.11102146655321121,-0.08238781988620758,-0.03422992676496506,6.713233470916748,3.407118797302246,1.9569402933120728
1601,0.5138109922409058,0.6265661120414734,2.8239572048187256,13.4514741897583,103.76985931396484,10.783565521240234,7.869358062744141,1.652294635772705,0.25078967213630676,-1.197365641593933,0.1886575073003769,10.810720443725586,7.799427032470703,1.6460676193237305
1602,0.5981126427650452,0.6523295640945435,1.7251946926116943,5.927892208099365,44.334144592285156,3.666320323944092,4.274109840393066,1.8520232439041138,0.23077231645584106,0.33031511306762695,-0.10445504635572433,3.6692564487457275,4.2732133865356445,1.8542330265045166
1603,0.7415380477905273,0.6205869913101196,1.743776798248291,11.824955940246582,156.43577575683594,8.484513282775879,8.05411434173584,1.7244853973388672,-0.6969664692878723,-0.4357033669948578,0.048261888325214386,8.479424476623535,8.064754486083984,1.7286182641983032
1604,0.5449069738388062,0.6373664140701294,2.213925838470459,8.918971061706543,80.60476684570312,6.035880088806152,6.189204216003418,2.1931567192077637,-0.397463321685791,0.14090442657470703,0.062446676194667816,6.039579391479492,6.204860687255859,2.198382616043091
1605,0.6178299188613892,0.5960095524787903,2.106638193130493,11.041899681091309,86.90697479248047,7.938909530639648,7.514909267425537,1.556730031967163,0.9857853651046753,-0.9390747547149658,0.17041411995887756,7.899440765380859,7.476802349090576,1.5516904592514038
1606,0.6088312864303589,0.6274242997169495,1.7749454975128174,9.469061851501465,113.17183685302734,3.7029993534088135,8.444103240966797,2.1559321880340576,-0.030568599700927734,-0.383533239364624,0.10126212984323502,3.7132019996643066,8.458918571472168,2.159559726715088
1607,0.47640183568000793,0.5932576656341553,1.0784035921096802,4.474571704864502,56.074764251708984,4.063788414001465,1.7587577104568481,0.6435776352882385,0.3257116675376892,0.0017541144043207169,-0.04992147162556648,4.062013149261475,1.7636626958847046,0.643428385257721
1608,0.593209445476532,0.580905020236969,1.504914402961731,10.2496337890625,135.0016632080078,2.1291615962982178,9.049240112304688,4.316586494445801,-0.049485743045806885,-0.5840067267417908,0.19826024770736694,2.13452410697937,9.05556583404541,4.324058532714844
1609,0.5420510768890381,0.6388022899627686,1.915126085281372,9.522878646850586,94.55424499511719,7.477555751800537,5.649499893188477,1.6895415782928467,0.8658724427223206,0.17090128362178802,-0.11723434180021286,7.447970867156982,5.662666320800781,1.6901707649230957
1610,0.5931728482246399,0.5938442945480347,2.2415823936462402,11.87405014038086,125.66200256347656,6.981729984283447,9.343265533447266,2.2252845764160156,-0.5718293190002441,-0.6294676065444946,0.0134341511875391,6.9776835441589355,9.348041534423828,2.2314510345458984
1611,0.5621147155761719,0.6176915168762207,4.3526835441589355,15.67654037475586,135.14443969726562,8.249279022216797,12.169347763061523,5.441533088684082,0.41678503155708313,-1.3632183074951172,0.6266683340072632,8.261724472045898,12.126483917236328,5.420405387878418
1612,0.5985576510429382,0.5930330753326416,4.200072765350342,17.00716209411621,147.70506286621094,9.400959968566895,13.895419120788574,2.7897799015045166,0.17981135845184326,-0.14605526626110077,0.09014659374952316,9.425457954406738,13.933409690856934,2.7961008548736572
1613,0.5738593339920044,0.6070722341537476,1.8174980878829956,7.995605945587158,87.11537170410156,5.084820747375488,5.939748287200928,1.6714379787445068,0.32708027958869934,-0.1877104938030243,-0.06898527592420578,5.088444709777832,5.953341484069824,1.6746717691421509
1614,0.5433401465415955,0.6140878200531006,3.6444525718688965,18.985990524291992,152.48680114746094,8.071686744689941,16.375329971313477,5.211928844451904,-0.0005388471763581038,-2.5955772399902344,0.7288974523544312,8.094202041625977,16.213415145874023,5.175103187561035
1615,0.5341809988021851,0.628875732421875,3.667146921157837,15.87673282623291,136.3985137939453,8.687911033630371,12.429893493652344,4.6998467445373535,-0.7539505362510681,0.2488575428724289,-0.29363784193992615,8.679277420043945,12.462067604064941,4.70374870300293
1616,0.5712947845458984,0.6223261952400208,3.429091215133667,16.899925231933594,135.0122833251953,10.90045166015625,12.522741317749023,3.1573104858398438,-0.054804570972919464,-1.0836175680160522,0.09648046642541885,10.930718421936035,12.51056957244873,3.1646387577056885
1617,0.5325077176094055,0.6433603167533875,1.1436184644699097,5.119369983673096,57.563514709472656,4.98231315612793,1.0285604000091553,0.5714635252952576,0.669066309928894,-0.028626929968595505,-0.08203274756669998,4.950956344604492,1.0310299396514893,0.5671225786209106
1618,0.5253138542175293,0.5868950486183167,2.8047235012054443,14.650988578796387,141.9187469482422,8.644487380981445,11.483519554138184,2.8377931118011475,0.040163975208997726,-1.37648606300354,0.19893118739128113,8.668505668640137,11.432523727416992,2.8387084007263184
1619,0.6090770363807678,0.6024106740951538,2.012876510620117,9.23204231262207,92.6131362915039,6.862273216247559,5.581782817840576,2.642629861831665,-0.6527486443519592,0.17935815453529358,-0.08431808650493622,6.850212574005127,5.5944623947143555,2.6486520767211914
1620,0.5580134987831116,0.6070542931556702,2.164168119430542,9.899186134338379,86.01446533203125,5.196549892425537,7.891932010650635,2.9507908821105957,0.6375396251678467,0.5555421710014343,-0.24588990211486816,5.1716790199279785,7.894313335418701,2.94873046875
1621,0.6279197931289673,0.608386754989624,2.6582937240600586,11.455516815185547,99.73164367675781,8.324254989624023,7.217764854431152,3.1367993354797363,0.6685801148414612,-0.6548650860786438,0.16000813245773315,8.32050609588623,7.208045482635498,3.141453981399536
1622,0.5748875141143799,0.6044597625732422,2.0036001205444336,9.532358169555664,87.62833404541016,6.510527610778809,6.159201145172119,3.2470157146453857,0.4584087133407593,-0.3206353187561035,-0.01807177998125553,6.512485027313232,6.168006896972656,3.2560224533081055
1623,0.5996724963188171,0.6357036232948303,3.0864574909210205,14.839879989624023,109.58726501464844,9.47827434539795,10.326443672180176,4.873284816741943,-0.23308266699314117,-0.7398407459259033,0.1118277981877327,9.501838684082031,10.328638076782227,4.885591506958008
1624,0.6150460839271545,0.591230571269989,2.5369653701782227,12.065077781677246,109.39400482177734,4.402348518371582,10.395298957824707,4.257135391235352,0.35243096947669983,-0.3267293870449066,-0.10413329303264618,4.400459289550781,10.419145584106445,4.267732620239258
1625,0.5657671689987183,0.6171063780784607,3.09924054145813,11.558987617492676,81.70870208740234,4.491716384887695,9.936692237854004,3.833646297454834,-0.6745526194572449,-0.0714842900633812,0.2495850771665573,4.4531636238098145,9.964152336120605,3.836184024810791
1626,0.5489476323127747,0.6031792163848877,4.475031852722168,21.29485321044922,216.41659545898438,18.667890548706055,9.935845375061035,2.5019173622131348,1.4680254459381104,-1.1812149286270142,0.08485281467437744,18.661991119384766,9.892899513244629,2.5074527263641357
1627,0.6010552048683167,0.6160711646080017,1.927433967590332,9.050808906555176,84.74588012695312,7.830892562866211,4.244466304779053,1.605853796005249,-0.14869223535060883,-0.38579273223876953,0.06815878301858902,7.851320266723633,4.238687515258789,1.608882188796997
1628,0.5452142357826233,0.598505437374115,3.2194037437438965,11.785881042480469,72.39541625976562,7.289557933807373,8.888045310974121,2.6023073196411133,1.0944836139678955,-1.0232871770858765,0.04709712415933609,7.227027416229248,8.853570938110352,2.6091387271881104
1629,0.6086689233779907,0.5778450965881348,2.9392082691192627,11.018932342529297,78.03115844726562,6.771235466003418,7.921074390411377,3.5810370445251465,-0.5134721398353577,-0.03388328477740288,0.28767716884613037,6.770571708679199,7.943097114562988,3.5794196128845215
1630,0.5086110830307007,0.5895349979400635,2.7362582683563232,13.8424711227417,151.5670928955078,8.76466178894043,10.471684455871582,2.266833782196045,-0.23335008323192596,-1.043818712234497,-0.009773410856723785,8.785994529724121,10.448594093322754,2.2731356620788574
1631,0.5684120059013367,0.5979529619216919,1.8607268333435059,6.520755290985107,58.79030227661133,3.189018726348877,5.390806674957275,1.8137307167053223,0.27804625034332275,-0.1934935748577118,0.07914871722459793,3.1857357025146484,5.402360439300537,1.8170571327209473
1632,0.5978962182998657,0.5890467166900635,1.5903761386871338,8.85583782196045,89.92201232910156,3.202268362045288,7.988325595855713,2.08758282661438,0.400705486536026,-0.8896734714508057,0.22102203965187073,3.1859612464904785,7.960773468017578,2.0816397666931152
1633,0.5547502636909485,0.6398670673370361,2.007272958755493,11.619165420532227,126.5611343383789,9.067693710327148,6.175504684448242,3.826890707015991,-0.4726678729057312,0.23425471782684326,-0.41264599561691284,9.080625534057617,6.188273906707764,3.8151907920837402
1634,0.6118068695068359,0.6128996014595032,1.3701292276382446,9.379096984863281,123.49266815185547,1.6313145160675049,8.358797073364258,3.928969144821167,0.025793753564357758,-0.6700071096420288,0.36778417229652405,1.6356604099273682,8.355141639709473,3.922628879547119
1635,0.5535081624984741,0.5873693227767944,2.447199821472168,13.557111740112305,151.46133422851562,10.186266899108887,7.70936393737793,4.538825511932373,0.9924165606498718,0.4698461890220642,-0.3654780089855194,10.166085243225098,7.716497898101807,4.536706447601318
1636,0.6106235980987549,0.5916733741760254,3.2412607669830322,17.670635223388672,155.1878204345703,11.974627494812012,12.539657592773438,3.4083139896392822,0.21108601987361908,-0.42475253343582153,-0.15438978374004364,12.006162643432617,12.56742000579834,3.4143128395080566
1637,0.5278714299201965,0.6263068914413452,1.4860432147979736,9.007821083068848,102.78126525878906,8.6181001663208,2.279083490371704,1.2942065000534058,0.3033126890659332,-0.26379135251045227,-0.06282885372638702,8.636785507202148,2.270080327987671,1.2962863445281982
1638,0.5365084409713745,0.6248664855957031,2.246922016143799,8.417213439941406,53.135013580322266,6.669308662414551,4.662508487701416,2.151934862136841,-0.2797379791736603,-0.5649896264076233,0.16891732811927795,6.682026386260986,4.641059875488281,2.1512789726257324
1639,0.6036270260810852,0.5960184335708618,1.693216323852539,12.157601356506348,159.7646026611328,1.9559353590011597,11.549748420715332,3.253445863723755,-0.003666878445073962,-0.6748768091201782,0.13257122039794922,1.9613877534866333,11.562176704406738,3.2598116397857666
1640,0.5468360781669617,0.5931687951087952,0.928927481174469,4.15339469909668,53.45355224609375,0.7303141355514526,3.74678635597229,1.6367413997650146,-0.001501024467870593,-0.2492537498474121,-0.04307116940617561,0.7323497533798218,3.7489147186279297,1.640738606452942
1641,0.5580539107322693,0.6088734269142151,5.119164943695068,22.847553253173828,185.6471710205078,17.192434310913086,14.285520553588867,4.728087902069092,-0.2871394753456116,-1.4711169004440308,0.2848355174064636,17.237985610961914,14.249207496643066,4.732665061950684
1642,0.5814642906188965,0.5907915234565735,4.516101360321045,18.472925186157227,124.09907531738281,13.88977336883545,11.603646278381348,3.6984481811523438,-0.16834233701229095,0.6495169401168823,-0.3811946511268616,13.927494049072266,11.617770195007324,3.6890125274658203
1643,0.5499876737594604,0.5952524542808533,2.7995998859405518,12.75516414642334,136.11964416503906,6.221693515777588,10.641026496887207,3.279224395751953,-0.2699192464351654,-0.5019333958625793,0.030499426648020744,6.233174800872803,10.658830642700195,3.288229465484619
1644,0.5786336660385132,0.6079409718513489,3.046743154525757,10.999802589416504,74.83625793457031,5.799615859985352,9.077068328857422,2.2286624908447266,0.5278928279876709,0.17803184688091278,-0.13712835311889648,5.791650772094727,9.100637435913086,2.230644464492798
1645,0.5307072997093201,0.5993039011955261,1.7491161823272705,7.776208400726318,86.09263610839844,3.6470754146575928,6.560983657836914,2.030209541320801,0.1831224411725998,-0.6263315081596375,0.12396658957004547,3.652635097503662,6.54923677444458,2.032073736190796
1646,0.5964947938919067,0.6157428026199341,2.6027472019195557,10.40711498260498,81.827880859375,7.919872760772705,6.350382328033447,2.292661190032959,0.8084710240364075,0.2451825886964798,-0.16631656885147095,7.900476455688477,6.363348007202148,2.292999267578125
1647,0.5058252215385437,0.6092468500137329,1.9164788722991943,9.682143211364746,116.93409729003906,9.112995147705078,3.022094964981079,1.2506656646728516,-0.6017686128616333,0.21472659707069397,-0.19924645125865936,9.11846923828125,3.0228655338287354,1.2381365299224854
1648,0.5646697282791138,0.5902272462844849,2.704054117202759,14.443011283874512,156.24771118164062,7.661828994750977,11.976648330688477,2.5410380363464355,-0.346407413482666,-1.2154911756515503,0.005966388154774904,7.675343990325928,11.948043823242188,2.548119068145752
1649,0.5850108861923218,0.581212043762207,5.0399603843688965,19.853687286376953,182.0138702392578,16.607046127319336,10.106719970703125,4.028533458709717,0.6163839101791382,-0.3785082697868347,0.060985151678323746,16.641895294189453,10.127801895141602,4.039307117462158
1650,0.5643018484115601,0.5650457739830017,1.8483144044876099,10.445527076721191,129.53085327148438,5.611230850219727,8.711828231811523,1.3142200708389282,-0.8770713210105896,-0.6053704023361206,0.10179490596055984,5.557720184326172,8.715011596679688,1.3139266967773438
1651,0.5928423404693604,0.5632851123809814,6.301269054412842,20.116634368896484,109.20133209228516,10.542531967163086,16.339712142944336,5.1524553298950195,0.674127995967865,2.160203695297241,-0.8119221925735474,10.55030345916748,16.241464614868164,5.1022748947143555
1652,0.5898836255073547,0.601099967956543,3.0881242752075195,17.888765335083008,202.5632781982422,15.846303939819336,7.899609088897705,2.5492639541625977,0.8012779355049133,-1.1672090291976929,0.27627086639404297,15.870177268981934,7.834695339202881,2.541318655014038
1653,0.523962140083313,0.6107717752456665,2.52276611328125,12.346539497375488,113.98246002197266,7.746851921081543,9.029847145080566,3.2992687225341797,0.4833950698375702,0.7898879051208496,-0.46799638867378235,7.753322601318359,9.020323753356934,3.275017738342285
1654,0.6074814200401306,0.5969985723495483,2.3585855960845947,6.724726676940918,44.04210662841797,5.426064491271973,3.7518720626831055,1.305078387260437,-0.26519790291786194,-0.25704458355903625,-0.03345828503370285,5.434697151184082,3.75349760055542,1.3082886934280396
1655,0.5483943223953247,0.6094226241111755,3.2711615562438965,12.924423217773438,83.42327880859375,9.748034477233887,7.972313404083252,2.908395528793335,-0.2669312059879303,-0.3088669776916504,-0.11619725823402405,9.771560668945312,7.98854923248291,2.914179801940918
1656,0.5590873956680298,0.5876432657241821,2.3534984588623047,10.11172866821289,83.06816864013672,8.932174682617188,4.545241832733154,1.3431663513183594,0.2120973914861679,-0.08730123192071915,-0.13939982652664185,8.954565048217773,4.557079792022705,1.33963942527771
1657,0.46227967739105225,0.628661036491394,2.9298665523529053,12.693140029907227,103.71361541748047,10.202310562133789,6.906647205352783,3.0539934635162354,-0.3180221915245056,-0.17264975607395172,-0.13044977188110352,10.225797653198242,6.923748016357422,3.0597171783447266
1658,0.5436132550239563,0.6285681128501892,3.245429277420044,15.419815063476562,140.46588134765625,7.271940231323242,12.981941223144531,4.04459810256958,0.3325022757053375,0.23930402100086212,-0.2865909934043884,7.284597873687744,13.01594066619873,4.045685291290283
1659,0.3954511284828186,0.6055324077606201,1.6581348180770874,8.042502403259277,87.07605743408203,6.984023571014404,3.4478530883789062,2.0043880939483643,-0.8252561688423157,-0.07779871672391891,0.052428778260946274,6.954439640045166,3.456590175628662,2.009291410446167
1660,0.436298668384552,0.61844801902771,2.513631820678711,11.881216049194336,115.13340759277344,10.52593994140625,5.3288984298706055,1.403823733329773,-0.5554051399230957,0.7940475940704346,-0.18689972162246704,10.540597915649414,5.28410530090332,1.395207405090332
1661,0.585841715335846,0.5905439853668213,2.537186861038208,9.481183052062988,70.47212982177734,7.422034740447998,5.134550094604492,2.9056191444396973,-0.20852668583393097,0.260602205991745,-0.34306883811950684,7.43980073928833,5.142236232757568,2.893343210220337
1662,0.534119725227356,0.626419186592102,2.9745659828186035,11.034634590148926,77.79502868652344,8.952881813049316,5.874041557312012,2.665463447570801,0.013338730670511723,-0.24404442310333252,0.16155576705932617,8.977845191955566,5.885340690612793,2.6679842472076416
1663,0.4835645854473114,0.6272181868553162,4.759272575378418,17.398557662963867,116.5231704711914,5.417008399963379,16.018264770507812,4.09646463394165,0.31472769379615784,-0.44097357988357544,-0.09618005901575089,5.422942161560059,16.056859970092773,4.106759071350098
1664,0.4537985622882843,0.6088188886642456,2.167041063308716,10.210211753845215,91.50884246826172,7.8419270515441895,5.775510311126709,3.0652999877929688,-0.22851677238941193,0.6227733492851257,-0.3661622107028961,7.860462188720703,5.757852077484131,3.0518407821655273
1665,0.511210560798645,0.5898262858390808,4.196885585784912,16.98912239074707,157.16390991210938,9.79650592803955,13.3997163772583,3.6202762126922607,-0.5780795812606812,-0.18889181315898895,0.04476606845855713,9.806713104248047,13.435758590698242,3.6300973892211914
1666,0.4529125988483429,0.5704538822174072,3.6842825412750244,18.678787231445312,148.4334259033203,13.943060874938965,11.773465156555176,3.98417329788208,-0.41078686714172363,1.454116702079773,-0.5696229934692383,13.975884437561035,11.715910911560059,3.954242467880249
1667,0.47146478295326233,0.6124590039253235,2.8252625465393066,12.477267265319824,135.8444061279297,7.43501615524292,9.728926658630371,2.398066759109497,-0.16015002131462097,-0.511701226234436,-0.1278264820575714,7.4540252685546875,9.742560386657715,2.401336908340454
1668,0.4883195459842682,0.585745096206665,2.848957061767578,12.731724739074707,120.08375549316406,5.889084815979004,10.513346672058105,4.109139442443848,0.01255899015814066,-1.4960200786590576,0.5647048354148865,5.90549898147583,10.435389518737793,4.081505298614502
1669,0.5168427228927612,0.5803916454315186,4.0441999435424805,14.668563842773438,142.39186096191406,9.567151069641113,10.36042308807373,4.037082195281982,-0.5724988579750061,1.1422884464263916,-0.4936078190803528,9.576644897460938,10.325981140136719,4.017968654632568
1670,0.48505908250808716,0.6266336441040039,3.250047206878662,11.995258331298828,93.5903091430664,4.42821741104126,10.816009521484375,2.7001922130584717,0.010715251788496971,1.3007917404174805,-0.29449301958084106,4.440556526184082,10.7674560546875,2.6915719509124756
1671,0.5100602507591248,0.6468751430511475,3.0078940391540527,13.642897605895996,101.47956085205078,6.672323226928711,11.304207801818848,3.718014717102051,0.27223747968673706,-1.6980550289154053,0.5491077899932861,6.685363292694092,11.20711898803711,3.6875007152557373
1672,0.49567174911499023,0.6488404273986816,2.0720231533050537,8.633137702941895,91.42399597167969,7.794863700866699,3.353238105773926,1.589643120765686,-0.3342393636703491,0.3695099949836731,-0.07396595180034637,7.809416770935059,3.342113733291626,1.5923506021499634
1673,0.6868696808815002,0.5878479480743408,2.8633346557617188,15.281133651733398,139.46630859375,11.48887825012207,9.658559799194336,2.8689610958099365,1.1114988327026367,-0.8065653443336487,0.045490562915802,11.46688175201416,9.651671409606934,2.8766024112701416
1674,0.5904861092567444,0.5643025636672974,4.625673294067383,15.063295364379883,81.14466094970703,9.197405815124512,11.504980087280273,3.153733968734741,-0.8124694228172302,-1.2897369861602783,0.3802928626537323,9.187005043029785,11.464350700378418,3.139453887939453
1675,0.5906871557235718,0.5608006119728088,4.6995158195495605,14.850966453552246,81.47407531738281,8.793316841125488,11.562085151672363,3.0898115634918213,0.04137229919433594,-0.8360615968704224,0.24680516123771667,8.817747116088867,11.563984870910645,3.088529586791992
1676,0.5307173132896423,0.5843270421028137,4.911227226257324,17.710134506225586,102.90960693359375,12.022234916687012,12.412184715270996,3.8797450065612793,-2.1930832862854004,-0.8178640007972717,0.07735954225063324,11.853484153747559,12.419757843017578,3.8897933959960938
1677,0.4769854247570038,0.5972396731376648,1.6675127744674683,6.533323764801025,59.631229400634766,4.0331315994262695,4.890792369842529,1.580605149269104,0.39560285210609436,0.11082383245229721,0.10736406594514847,4.02487850189209,4.9031758308410645,1.5813533067703247
1678,0.5312895774841309,0.6547664999961853,2.4393794536590576,8.633520126342773,68.14180755615234,5.350022792816162,6.562483787536621,1.687816858291626,-0.25905096530914307,0.017322223633527756,-0.1059047058224678,5.358653545379639,6.580766201019287,1.6891896724700928
1679,0.47393086552619934,0.6293371915817261,2.833280324935913,14.103046417236328,132.580078125,8.911409378051758,10.762605667114258,1.910248041152954,-0.29651015996932983,-0.6079890727996826,0.003042724449187517,8.931319236755371,10.775392532348633,1.915574073791504
1680,0.5184196829795837,0.6061894297599792,3.9718737602233887,16.873167037963867,137.8804931640625,9.897974967956543,13.2039155960083,3.520012140274048,0.3331613838672638,-0.9571241736412048,0.2354283332824707,9.919960021972656,13.205913543701172,3.5219268798828125
1681,0.5127915143966675,0.6278858184814453,4.063172817230225,15.189680099487305,109.8533706665039,10.47547435760498,10.297408103942871,3.8670690059661865,-0.17683491110801697,-0.4887676239013672,0.22710950672626495,10.503198623657227,10.314493179321289,3.871162176132202
1682,0.6006169319152832,0.5998089909553528,4.1341376304626465,17.298725128173828,125.67156982421875,8.464272499084473,14.865490913391113,2.572774648666382,-0.2547380328178406,-1.324478030204773,0.07227445393800735,8.484038352966309,14.84766960144043,2.578932762145996
1683,0.5566880106925964,0.6113940477371216,4.380211353302002,16.481111526489258,97.52182006835938,13.38873291015625,9.101265907287598,3.0880072116851807,0.6840613484382629,-1.0988197326660156,0.22788740694522858,13.408544540405273,9.059891700744629,3.088176965713501
1684,0.5540000796318054,0.5950954556465149,3.903343439102173,17.427902221679688,153.54931640625,12.855910301208496,11.090005874633789,3.933082342147827,-0.7920284867286682,-1.0983134508132935,0.40981602668762207,12.867280960083008,11.066267967224121,3.922584295272827
1685,0.545411229133606,0.6069769263267517,3.6747794151306152,12.581275939941406,79.2772216796875,7.790798664093018,9.664887428283691,2.0449750423431396,0.08859170228242874,-0.43294644355773926,0.04447090998291969,7.81202507019043,9.682116508483887,2.050194263458252
1686,0.5677422881126404,0.5880394577980042,2.3439579010009766,10.825207710266113,94.16295623779297,9.441420555114746,4.910713195800781,1.9823213815689087,-0.027474848553538322,-0.035464733839035034,-0.13603204488754272,9.467716217041016,4.924282073974609,1.98316490650177
1687,0.5739967823028564,0.5936120748519897,4.987805366516113,16.315738677978516,104.26937103271484,11.791376113891602,10.714179992675781,3.5175459384918213,1.2027212381362915,-0.7761840224266052,0.11575233191251755,11.762596130371094,10.715836524963379,3.5254476070404053
1688,0.541127622127533,0.6117990612983704,3.4657630920410156,18.091175079345703,212.6746368408203,17.270931243896484,5.2120280265808105,1.35655677318573,1.9508728981018066,0.15595431625843048,-0.07993672043085098,17.208263397216797,5.224225997924805,1.357977032661438
1689,0.5337629914283752,0.6011250019073486,3.150355815887451,16.11858367919922,183.9546661376953,14.501051902770996,6.246878623962402,3.2411084175109863,-0.9141883254051208,0.49761414527893066,-0.35906580090522766,14.51257610321045,6.244396686553955,3.230142831802368
1690,0.4864577353000641,0.5741919875144958,3.9234955310821533,17.394948959350586,181.4634246826172,15.597825050354004,7.26345157623291,2.556236743927002,0.5051612854003906,-0.511147141456604,0.24789386987686157,15.633127212524414,7.265654563903809,2.5512852668762207
1691,0.5254186391830444,0.5956219434738159,2.954038619995117,13.00192928314209,124.63129425048828,11.354506492614746,6.125875473022461,1.612134575843811,-0.5079866647720337,-0.1373157948255539,-0.08711352199316025,11.374777793884277,6.141419887542725,1.6142693758010864
1692,0.683182954788208,0.5754226446151733,4.279895782470703,22.36338233947754,240.60154724121094,19.99431800842285,9.6148099899292,2.811323881149292,-0.5787030458450317,-0.2549310028553009,0.04179765656590462,20.041688919067383,9.638239860534668,2.8188540935516357
1693,0.5519747138023376,0.5848913192749023,2.7499337196350098,11.04410171508789,86.22760772705078,6.680114269256592,8.475373268127441,2.3486785888671875,0.07658091932535172,-0.06402511894702911,-0.04227916896343231,6.698307514190674,8.498772621154785,2.3548483848571777
1694,0.5577717423439026,0.5545663833618164,2.510175943374634,10.856097221374512,104.2536849975586,5.625228404998779,8.919475555419922,2.57965087890625,-0.9432902336120605,-1.2443175315856934,0.2918529212474823,5.561042785644531,8.856890678405762,2.570237636566162
1695,0.48659273982048035,0.5835521221160889,4.854245185852051,18.907739639282227,127.35589599609375,13.856592178344727,12.436408996582031,3.29138445854187,-0.6643542647361755,-1.1206018924713135,0.21050475537776947,13.879263877868652,12.420368194580078,3.2938079833984375
1696,0.4899907112121582,0.605531632900238,4.487300395965576,17.677629470825195,143.32847595214844,13.347454071044922,11.20274829864502,2.9736270904541016,1.493310570716858,-0.21358460187911987,-0.1375216841697693,13.300652503967285,11.231955528259277,2.9787309169769287
1697,0.5962181687355042,0.5988928079605103,5.152493953704834,18.519498825073242,134.4359588623047,11.847858428955078,13.802619934082031,3.4767448902130127,1.0637328624725342,-1.1549988985061646,0.08049716800451279,11.832923889160156,13.79257583618164,3.485508441925049
1698,0.577549934387207,0.5919459462165833,1.9716109037399292,9.926614761352539,102.38450622558594,5.4191741943359375,8.086823463439941,1.9425523281097412,0.13879024982452393,-0.6618096232414246,0.12417338788509369,5.4325079917907715,8.082179069519043,1.9439870119094849
1699,0.5993136167526245,0.6113481521606445,2.3456244468688965,10.111039161682129,82.04484558105469,6.412957191467285,7.638880252838135,1.6596989631652832,-0.2225550413131714,0.03020665980875492,-0.08657344430685043,6.426971912384033,7.660128593444824,1.6620627641677856
1700,0.5735169649124146,0.5833544135093689,1.9455757141113281,7.976772308349609,85.43423461914062,4.355149745941162,6.488007068634033,1.6022868156433105,0.4482092261314392,0.3711121678352356,-0.26917025446891785,4.3441081047058105,6.495452880859375,1.5839217901229858
1701,0.5924013257026672,0.5769689083099365,3.5845372676849365,12.935274124145508,106.59586334228516,9.802298545837402,7.992488861083984,2.7122650146484375,0.4901374876499176,-0.6614033579826355,-0.2785196900367737,9.817344665527344,7.987293720245361,2.7054522037506104
1702,0.6246395707130432,0.5678276419639587,4.123744010925293,21.095184326171875,203.1761932373047,17.9446964263916,10.605228424072266,3.244034767150879,1.6847084760665894,-0.9148417115211487,0.019527360796928406,17.915273666381836,10.59516716003418,3.2530248165130615
1703,0.5569189786911011,0.5902519822120667,5.540703773498535,20.353052139282227,132.93167114257812,13.457711219787598,14.576577186584473,4.545335292816162,-0.684626042842865,-1.3913002014160156,0.47805020213127136,13.477774620056152,14.550500869750977,4.5327348709106445
1704,0.6002344489097595,0.5610074400901794,4.649465560913086,19.0522518157959,122.11802673339844,11.770501136779785,13.974499702453613,5.399716377258301,0.21578349173069,-1.2675373554229736,0.1568135768175125,11.801350593566895,13.955716133117676,5.41249418258667
1705,0.5751928091049194,0.5869033932685852,1.9256670475006104,8.379655838012695,79.03873443603516,3.607583999633789,7.105388641357422,2.591796875,0.40673524141311646,0.21657344698905945,-0.1406528353691101,3.594580888748169,7.1218976974487305,2.595196485519409
1706,0.5975393652915955,0.5774338841438293,3.598268747329712,19.722702026367188,164.9499969482422,11.605329513549805,15.638858795166016,3.118877649307251,-1.200034499168396,-0.4120672643184662,-0.05282194912433624,11.575316429138184,15.677038192749023,3.127128839492798
1707,0.5038061141967773,0.5800648927688599,4.236771583557129,15.49655532836914,133.95883178710938,9.197501182556152,12.060391426086426,3.1774420738220215,0.5363880395889282,-1.5962567329406738,0.3930692672729492,9.207459449768066,11.987632751464844,3.1618309020996094
1708,0.5456564426422119,0.5779152512550354,2.1714420318603516,8.912224769592285,71.03169250488281,5.108989715576172,6.64968729019165,3.017882823944092,-0.010731167159974575,0.3507382273674011,-0.05080278962850571,5.123229503631592,6.65895414352417,3.025871992111206
1709,0.6127959489822388,0.5745253562927246,5.024359226226807,20.478740692138672,155.12843322753906,12.341598510742188,15.751832962036133,4.352421283721924,-0.2435247302055359,-1.8577104806900024,0.5243527293205261,12.373615264892578,15.685534477233887,4.332772731781006
1710,0.6654326915740967,0.6019715070724487,3.736483573913574,17.520919799804688,184.5801544189453,15.16555404663086,7.871766090393066,3.8760673999786377,1.1598308086395264,-0.43604570627212524,0.21582531929016113,15.163318634033203,7.881604194641113,3.8808491230010986
1711,0.5557329058647156,0.5591223835945129,3.2590086460113525,12.997245788574219,92.36851501464844,10.266300201416016,7.308127403259277,3.1816279888153076,0.48405948281288147,0.686001718044281,-0.5527623891830444,10.283486366271973,7.296154975891113,3.1419825553894043
1712,0.5927942395210266,0.5639669895172119,3.3230972290039062,15.101558685302734,122.71015930175781,6.485512733459473,13.286686897277832,3.075573444366455,0.12882322072982788,-1.3663537502288818,0.3634665608406067,6.502320766448975,13.253108978271484,3.062540054321289
1713,0.5882411599159241,0.5901196002960205,3.266023874282837,14.745172500610352,158.28807067871094,12.084578514099121,7.843091011047363,3.141493558883667,-0.5908092260360718,0.28461751341819763,0.21720649302005768,12.10379695892334,7.859788417816162,3.1427175998687744
1714,0.5841778516769409,0.5739975571632385,7.098938941955566,28.519147872924805,197.9690704345703,12.926360130310059,24.789796829223633,5.631782054901123,0.8358007669448853,-4.099109649658203,0.6620694994926453,12.935290336608887,24.516738891601562,5.608330726623535
1715,0.529670000076294,0.589011013507843,2.9291040897369385,12.845561027526855,91.64240264892578,7.85178279876709,9.545225143432617,3.499516487121582,-0.5504732131958008,0.23528490960597992,0.16589441895484924,7.854310989379883,9.56894302368164,3.5053329467773438
1716,0.554295539855957,0.6101113557815552,2.59853458404541,11.748209953308105,121.21607208251953,5.137171745300293,9.533747673034668,4.5538530349731445,-0.21496856212615967,0.277401864528656,-0.33010268211364746,5.146988868713379,9.556293487548828,4.55454158782959
1717,0.6156020164489746,0.5964614748954773,4.570824146270752,19.65267562866211,198.52305603027344,17.309791564941406,8.902240753173828,2.710878849029541,0.4428746998310089,0.041577763855457306,-0.15207301080226898,17.352392196655273,8.92697525024414,2.7141597270965576
1718,0.5601630210876465,0.5983541011810303,2.8463447093963623,16.330480575561523,172.5203094482422,13.231948852539062,9.069873809814453,3.0557308197021484,-1.001761794090271,1.002833366394043,-0.3314836025238037,13.2307767868042,9.039406776428223,3.046171188354492
1719,0.6344291567802429,0.5825697183609009,2.961714506149292,10.956988334655762,72.5013198852539,7.8050127029418945,7.5170135498046875,1.6223043203353882,0.22160056233406067,-0.29765450954437256,-0.032392408698797226,7.823628902435303,7.532070159912109,1.6265051364898682
1720,0.6577922105789185,0.5523990988731384,5.156772136688232,18.49431037902832,110.36381530761719,10.928028106689453,14.28242015838623,4.3162736892700195,0.575620710849762,-1.1863726377487183,0.14713867008686066,10.94329833984375,14.2727632522583,4.325798034667969
1721,0.5495084524154663,0.6081209778785706,3.528765916824341,15.73454475402832,108.8874282836914,9.127823829650879,11.88852596282959,4.787662029266357,0.57928067445755,-1.1460368633270264,0.29375699162483215,9.134834289550781,11.866166114807129,4.791971206665039
1722,0.6243731379508972,0.5925981402397156,2.2792952060699463,10.680152893066406,106.00309753417969,6.547335147857666,8.088335990905762,2.4035136699676514,0.657850980758667,0.30545294284820557,-0.06162731349468231,6.532373428344727,8.105111122131348,2.4094254970550537
1723,0.6479620933532715,0.5455722808837891,4.305159091949463,19.944263458251953,196.11363220214844,17.5886173248291,8.858291625976562,3.153547763824463,1.4427200555801392,0.2141318917274475,-0.07789606600999832,17.578243255615234,8.880404472351074,3.161379337310791
1724,0.6731060147285461,0.5328943729400635,5.915106296539307,24.480239868164062,226.90390014648438,20.518478393554688,12.808575630187988,3.770233392715454,-2.0407683849334717,-1.9358022212982178,0.27391308546066284,20.473690032958984,12.696765899658203,3.770758867263794
1725,0.6298936009407043,0.5729973316192627,6.102291107177734,20.945323944091797,122.57023620605469,12.785740852355957,15.890251159667969,4.767735958099365,0.6206014156341553,-1.3168158531188965,0.4855704605579376,12.806293487548828,15.879767417907715,4.7561750411987305
1726,0.645585834980011,0.5598678588867188,5.2172417640686035,22.3913631439209,186.2594757080078,9.137778282165527,19.913898468017578,4.616353511810303,-0.8761867880821228,-1.2849334478378296,0.11782953888177872,9.12104606628418,19.927833557128906,4.627722263336182
1727,0.6386847496032715,0.6187796592712402,4.170690536499023,14.662742614746094,96.09112548828125,10.37067985534668,10.155898094177246,2.0743088722229004,-0.4796229898929596,0.6167802214622498,0.007382059469819069,10.388479232788086,10.165427207946777,2.0800819396972656
1728,0.7044939398765564,0.5714356303215027,5.048887252807617,18.054821014404297,110.0069580078125,11.780170440673828,13.142561912536621,3.804892063140869,-0.4467144012451172,-1.2342493534088135,0.4046362638473511,11.804533004760742,13.12097454071045,3.793867826461792
1729,0.7960995435714722,0.5512896776199341,8.950602531433105,26.21623420715332,124.9338150024414,15.540782928466797,20.440040588378906,5.289595127105713,-0.28598806262016296,3.1557776927948,-0.8897391557693481,15.581493377685547,20.25128936767578,5.22877311706543
1730,0.6915479302406311,0.5686934590339661,3.8672428131103516,15.041203498840332,114.20932006835938,7.608520984649658,12.441169738769531,3.683136463165283,0.9791193604469299,-1.7852665185928345,0.3590399920940399,7.566304683685303,12.346757888793945,3.6758196353912354
1731,0.646612286567688,0.5802768468856812,3.5777692794799805,12.10621452331543,72.9358901977539,8.29764461517334,8.241399765014648,3.1287128925323486,-0.35587286949157715,-0.42885202169418335,0.3177897334098816,8.31313419342041,8.253190994262695,3.121213912963867
1732,0.5027761459350586,0.5902994275093079,5.4834465980529785,21.74483871459961,125.72642517089844,17.24516487121582,12.904204368591309,2.987269163131714,0.16267378628253937,-2.0501930713653564,0.31070107221603394,17.292499542236328,12.775835990905762,2.9793548583984375
1733,0.6068558692932129,0.5845048427581787,4.303313732147217,19.25857162475586,186.50411987304688,11.259295463562012,15.187705039978027,3.66803240776062,-0.24081754684448242,-0.9829620718955994,0.01726171188056469,11.288119316101074,15.198136329650879,3.678223133087158
1734,0.6180151104927063,0.6386612057685852,6.9904584884643555,29.857511520385742,278.0045166015625,26.26580810546875,13.874251365661621,3.0138721466064453,-3.18868088722229,-0.5945289134979248,-0.12186446040868759,26.14426040649414,13.900171279907227,3.0198073387145996
1735,0.6993762850761414,0.6098417639732361,1.7374796867370605,8.504724502563477,84.69338989257812,5.372854709625244,6.330437660217285,1.8407422304153442,0.08975041657686234,-0.7361887097358704,0.07808361947536469,5.38709020614624,6.305023670196533,1.8442155122756958
1736,0.6474838256835938,0.5553666353225708,5.596613883972168,21.71479606628418,207.39077758789062,18.631481170654297,10.71885871887207,3.0832412242889404,0.9763285517692566,0.15038128197193146,-0.3227199614048004,18.65778350830078,10.747699737548828,3.0748586654663086
1737,0.6458942294120789,0.5956375002861023,5.020963191986084,20.763893127441406,175.03688049316406,15.998621940612793,12.72115421295166,3.6545310020446777,-0.441827654838562,1.2537575960159302,-0.389631986618042,16.03713035583496,12.694531440734863,3.643836736679077
1738,0.5939623117446899,0.5662336945533752,2.350234270095825,12.360793113708496,137.47042846679688,7.721017837524414,9.245199203491211,2.7751314640045166,-0.9001297354698181,-0.9060168862342834,-0.06669633090496063,7.689758777618408,9.226363182067871,2.7820687294006348
1739,0.5838752388954163,0.5595236420631409,4.856634140014648,19.717880249023438,182.98048400878906,11.681937217712402,15.42069149017334,3.8117504119873047,0.9761863350868225,-0.6357799768447876,0.19392137229442596,11.673550605773926,15.45055866241455,3.8174331188201904
1740,0.6509346961975098,0.5567396283149719,5.091917037963867,17.586837768554688,94.25067138671875,14.455967903137207,9.295251846313477,3.730968952178955,-1.6087652444839478,1.6000120639801025,-0.5733475685119629,14.406244277954102,9.182050704956055,3.6969354152679443
1741,0.5956701040267944,0.6063171029090881,5.86324405670166,19.324811935424805,119.8203353881836,11.804657936096191,14.524548530578613,4.809983253479004,-0.9859090447425842,0.4861162006855011,-0.2850821316242218,11.79622745513916,14.556902885437012,4.814920902252197
1742,0.8017944693565369,0.5396831035614014,6.02696418762207,25.91668701171875,191.34779357910156,17.75564193725586,18.266305923461914,4.770108222961426,-0.803302526473999,-2.305314540863037,0.5613963603973389,17.786937713623047,18.170793533325195,4.750171184539795
1743,0.6499480605125427,0.5413013696670532,5.282846450805664,27.3634090423584,275.3469543457031,23.025959014892578,14.415351867675781,3.2800731658935547,2.1033565998077393,-0.8026736974716187,-0.1361445188522339,22.9936466217041,14.433135032653809,3.2863881587982178
1744,0.6029915809631348,0.5987478494644165,3.6323745250701904,12.31167984008789,69.50171661376953,9.423593521118164,7.696339130401611,1.8814117908477783,-0.6900464296340942,0.31450000405311584,-0.11651502549648285,9.42451000213623,7.711360931396484,1.8830384016036987
1745,0.548331618309021,0.5863308310508728,4.141374588012695,16.593276977539062,147.12136840820312,8.43964672088623,13.771831512451172,3.8007688522338867,-0.32344213128089905,0.1995244324207306,0.05288854241371155,8.456971168518066,13.808794975280762,3.811001777648926
1746,0.5987019538879395,0.5583102703094482,3.594073534011841,16.92173194885254,146.97897338867188,8.969084739685059,13.930560111999512,3.4409353733062744,0.11173146963119507,-0.15850238502025604,-0.0173619594424963,8.99340534210205,13.968515396118164,3.4504899978637695
1747,0.5848115682601929,0.6182476282119751,6.484639644622803,26.18092918395996,266.43701171875,23.56681251525879,10.823381423950195,3.5917646884918213,-1.9412981271743774,0.22527839243412018,0.03743606060743332,23.55223274230957,10.851221084594727,3.6015875339508057
1748,0.5991144776344299,0.5671186447143555,5.927351951599121,24.483474731445312,196.0210418701172,12.081490516662598,20.832721710205078,4.413147926330566,0.7274057269096375,-2.9597253799438477,0.4023171365261078,12.093210220336914,20.678924560546875,4.40703010559082
1749,0.657619059085846,0.5710885524749756,4.684603214263916,17.897058486938477,143.77366638183594,12.714714050292969,12.112520217895508,3.453641176223755,1.4954957962036133,0.37805283069610596,0.14936630427837372,12.6616792678833,12.140388488769531,3.4600343704223633
1750,0.58537358045578,0.5934154987335205,3.4717483520507812,16.57543182373047,128.66586303710938,11.265690803527832,11.933682441711426,2.3273215293884277,1.1263278722763062,-1.2752777338027954,0.1969306319952011,11.240511894226074,11.898444175720215,2.3254432678222656
1751,0.5510649085044861,0.5869740843772888,5.580772876739502,21.763134002685547,148.67364501953125,16.233877182006836,13.853179931640625,4.264334678649902,1.3075207471847534,1.6971104145050049,-0.3677949905395508,16.226272583007812,13.787184715270996,4.2602949142456055
1752,0.5774621963500977,0.6041681170463562,2.860344409942627,13.696651458740234,108.75584411621094,8.97018814086914,9.685548782348633,3.650226593017578,0.23385879397392273,-1.2980459928512573,0.29204341769218445,8.992151260375977,9.624946594238281,3.648674249649048
1753,0.5583854913711548,0.6351159811019897,4.6551103591918945,17.70693588256836,116.0737075805664,12.438333511352539,11.836692810058594,4.326214790344238,0.8401588797569275,-0.9263464212417603,0.3315974771976471,12.44454288482666,11.833306312561035,4.325519561767578
1754,0.610568106174469,0.5718045830726624,4.717045783996582,17.858558654785156,118.18064880371094,11.063919067382812,13.345049858093262,4.292716979980469,-0.7110541462898254,0.15180189907550812,-0.1680113673210144,11.071844100952148,13.38140869140625,4.301392555236816
1755,0.5531958341598511,0.6312437057495117,5.095931529998779,17.033565521240234,104.13494873046875,9.965742111206055,13.352663040161133,3.5401620864868164,0.6148226857185364,-0.6653992533683777,-0.047190308570861816,9.974504470825195,13.373272895812988,3.5497214794158936
1756,0.5424752235412598,0.5636975169181824,4.659709930419922,19.819416046142578,144.9751739501953,14.630183219909668,11.960173606872559,5.976726055145264,-0.3359836935997009,-1.7397342920303345,0.5785084962844849,14.667122840881348,11.865970611572266,5.9652557373046875
1757,0.5737954378128052,0.5877508521080017,5.338790416717529,25.291730880737305,286.422119140625,23.673519134521484,7.820689678192139,4.251223087310791,0.15336930751800537,0.5432957410812378,-0.35621628165245056,23.739055633544922,7.823556900024414,4.24808931350708
1758,0.6312936544418335,0.5310160517692566,3.2054097652435303,16.401121139526367,153.18101501464844,10.757720947265625,11.813830375671387,3.701573610305786,-0.39686551690101624,-1.5254311561584473,0.3438614010810852,10.780385971069336,11.747610092163086,3.695847749710083
1759,0.5083476901054382,0.609129011631012,3.44741153717041,17.181196212768555,166.6976776123047,13.3533353805542,10.2744722366333,3.364098310470581,-0.1565685272216797,-0.016441218554973602,-0.07570294290781021,13.38966178894043,10.303119659423828,3.3726277351379395
1760,0.5931342244148254,0.5647411346435547,5.341444492340088,19.181640625,126.8138198852539,11.554997444152832,14.689852714538574,4.31574010848999,1.4046493768692017,-0.7078338861465454,0.12952277064323425,11.501296043395996,14.71371841430664,4.325829029083252
1761,0.6018691062927246,0.5217472910881042,6.865023612976074,22.997617721557617,146.55929565429688,14.9871244430542,16.953582763671875,4.10518741607666,-1.7763614654541016,-1.5808286666870117,0.14486755430698395,14.922989845275879,16.92680549621582,4.114074230194092
1762,0.6345624327659607,0.5632448792457581,5.7694010734558105,23.57588768005371,206.63560485839844,20.56293487548828,11.214625358581543,2.6870687007904053,-0.3442625403404236,-1.5834641456604004,0.1215059831738472,20.617403030395508,11.1332426071167,2.691807746887207
1763,0.61577969789505,0.5913359522819519,3.186516046524048,17.262147903442383,176.6433868408203,6.862586498260498,15.321423530578613,4.017544269561768,-0.060496944934129715,1.411564588546753,-0.5826669931411743,6.8814616203308105,15.298815727233887,3.9861552715301514
1764,0.6577492952346802,0.5713661909103394,4.7566680908203125,17.716938018798828,118.1145248413086,12.917600631713867,11.79377555847168,2.8164539337158203,0.644516110420227,-1.0196406841278076,-0.05689528211951256,12.937498092651367,11.782389640808105,2.8237338066101074
1765,0.5111880302429199,0.61888188123703,7.389440536499023,25.74171257019043,209.19500732421875,21.309207916259766,13.89940071105957,3.919198751449585,1.1771035194396973,-0.9694384336471558,0.0186963751912117,21.33601951599121,13.904229164123535,3.930086374282837
1766,0.6146538853645325,0.58968585729599,5.292600631713867,23.258344650268555,228.28240966796875,18.60692596435547,13.087997436523438,4.841198444366455,-0.4123827815055847,1.1567901372909546,-0.30967235565185547,18.654245376586914,13.073140144348145,4.844759941101074
1767,0.6402511596679688,0.5931473970413208,2.656278133392334,10.396577835083008,75.84617614746094,9.169208526611328,4.659392833709717,1.5180549621582031,0.3916332423686981,-0.5645304322242737,-0.055724576115608215,9.186393737792969,4.63796854019165,1.5212634801864624
1768,0.5770755410194397,0.5565468668937683,2.5697836875915527,11.116857528686523,97.22883605957031,3.9316911697387695,10.13840389251709,2.310643434524536,-0.32607266306877136,0.5239952206611633,-0.02424987405538559,3.9290757179260254,10.153095245361328,2.3169610500335693
1769,0.570002019405365,0.5656712055206299,5.379238128662109,21.012922286987305,133.3723602294922,18.834508895874023,8.756890296936035,3.1813478469848633,-1.7111542224884033,1.0524563789367676,-0.2199980914592743,18.808937072753906,8.71766471862793,3.182584762573242
1770,0.5918287634849548,0.5780166387557983,3.5564112663269043,15.014917373657227,111.35514831542969,13.145687103271484,6.991545677185059,1.9382922649383545,2.0453429222106934,-0.09900273382663727,-0.003021497279405594,13.021815299987793,7.010345935821533,1.9436967372894287
1771,0.5658091306686401,0.6191921830177307,3.609426736831665,15.230144500732422,119.89443969726562,13.214487075805664,6.876811504364014,3.1692428588867188,1.6906830072402954,-0.35914838314056396,-0.1258421391248703,13.142443656921387,6.886582851409912,3.175576686859131
1772,0.6293405890464783,0.5578855872154236,1.7128793001174927,7.205316066741943,63.04118728637695,4.751468181610107,5.195479869842529,1.5320333242416382,-0.692457914352417,-0.3494469225406647,0.02895416133105755,4.713851451873779,5.198173999786377,1.5360321998596191
1773,0.5479262471199036,0.6053532958030701,2.0072450637817383,7.7577900886535645,56.846405029296875,5.593747615814209,5.011280536651611,1.9443151950836182,0.1884128898382187,0.11743341386318207,-0.14316383004188538,5.606167793273926,5.023879051208496,1.9444459676742554
1774,0.49433645606040955,0.5835424661636353,1.211203694343567,4.441778659820557,36.1453971862793,4.020105838775635,1.6938621997833252,0.8360508680343628,-0.5294583439826965,0.0833507850766182,-0.039524249732494354,3.996203660964966,1.6965291500091553,0.8374455571174622
1775,0.551253080368042,0.5938737988471985,4.844618320465088,21.090665817260742,183.29779052734375,17.328516006469727,11.3038330078125,4.094147205352783,0.8728188872337341,0.49400967359542847,-0.0022773214150220156,17.354793548583984,11.32453441619873,4.10556697845459
1776,0.5667623281478882,0.5624709725379944,2.970381736755371,13.725377082824707,110.78575134277344,10.61385440826416,8.360177993774414,2.416505813598633,1.640881061553955,-0.7584063410758972,0.2642833888530731,10.515499114990234,8.348931312561035,2.4087107181549072
1777,0.5438364744186401,0.6115949749946594,2.3351993560791016,8.60173225402832,93.64620971679688,3.692258834838867,7.474259376525879,2.1195473670959473,-0.7363457679748535,0.8821957111358643,-0.3070681691169739,3.6281816959381104,7.442716598510742,2.1030361652374268
1778,0.6113336086273193,0.591670572757721,5.319425106048584,20.11274528503418,132.77186584472656,14.286337852478027,13.387615203857422,4.603782653808594,0.659121572971344,-2.1271603107452393,0.5455785989761353,14.310931205749512,13.254410743713379,4.584092617034912
1779,0.5746232867240906,0.58470618724823,2.4173974990844727,9.49604320526123,98.41259765625,6.975894927978516,6.0665130615234375,2.1700596809387207,-0.569108784198761,0.5411768555641174,-0.1501694917678833,6.9720354080200195,6.059180736541748,2.170896291732788
1780,0.5602620840072632,0.583136260509491,4.60960578918457,23.21218490600586,265.24310302734375,21.361907958984375,8.645000457763672,2.781798839569092,1.1712274551391602,-0.3500558137893677,0.1266474574804306,21.389272689819336,8.662004470825195,2.786665916442871
1781,0.497127503156662,0.5453673005104065,3.385617256164551,14.833499908447266,118.61101531982422,8.254913330078125,11.899825096130371,3.2067556381225586,-0.4636077880859375,-1.91370689868927,0.5829702019691467,8.264874458312988,11.77769947052002,3.162116050720215
1782,0.5678022503852844,0.575668215751648,2.200347661972046,10.358597755432129,100.25035095214844,6.68549108505249,7.604091167449951,2.1869044303894043,0.1637037992477417,-0.7791195511817932,0.14431220293045044,6.7021284103393555,7.585170745849609,2.1882245540618896
1783,0.5730123519897461,0.6250956654548645,5.1133856773376465,19.213768005371094,122.710205078125,16.601533889770508,9.09764575958252,3.2849295139312744,-0.1670769602060318,0.9796015024185181,-0.43482598662376404,16.646997451782227,9.069981575012207,3.265105962753296
1784,0.6272670030593872,0.5853113532066345,4.618126392364502,19.44753074645996,119.20392608642578,14.705108642578125,12.122577667236328,3.8741958141326904,0.17850975692272186,-1.797607183456421,0.6014198660850525,14.745040893554688,12.021997451782227,3.837905168533325
1785,0.5359817743301392,0.5870585441589355,4.210013389587402,20.57356071472168,225.0136260986328,14.781607627868652,13.726754188537598,4.043718338012695,-1.73406982421875,1.260066032409668,-0.28491586446762085,14.720488548278809,13.706924438476562,4.044919967651367
1786,0.5605940818786621,0.5871302485466003,4.581257343292236,16.691843032836914,97.920166015625,13.109106063842773,9.372596740722656,4.35010290145874,0.0315505787730217,-0.7804132699966431,-0.1803278625011444,13.145635604858398,9.366101264953613,4.358487606048584
1787,0.6284075975418091,0.6071738004684448,5.1717753410339355,17.23295021057129,118.48380279541016,14.663932800292969,8.474075317382812,3.1833465099334717,0.1544778198003769,0.33178505301475525,0.2777957022190094,14.704019546508789,8.49119758605957,3.1800482273101807
1788,0.7198783755302429,0.5418581962585449,2.3369486331939697,10.423807144165039,85.59200286865234,8.10739517211914,6.101027488708496,2.388171911239624,-1.110153079032898,-0.6140576601028442,0.2996941804885864,8.05342960357666,6.086978435516357,2.375901937484741
1789,0.5554940700531006,0.6165255308151245,3.4997549057006836,14.602349281311035,133.56695556640625,8.442414283752441,11.3086576461792,3.7507991790771484,0.19011926651000977,-1.0943504571914673,0.4136497676372528,8.463815689086914,11.286978721618652,3.73831844329834
1790,0.6218650937080383,0.5752544403076172,4.70842170715332,19.32245635986328,127.9000244140625,17.276777267456055,7.633075714111328,4.07509183883667,0.5592648386955261,-0.19616462290287018,0.08460526168346405,17.315889358520508,7.651839733123779,4.085578441619873
1791,0.5222461819648743,0.597399115562439,4.129319190979004,16.16252899169922,111.38665771484375,14.981752395629883,5.720841884613037,2.0115609169006348,1.6948587894439697,-0.6347014904022217,-0.03744620457291603,14.927098274230957,5.7013840675354,2.016822576522827
1792,0.5252212882041931,0.6061289310455322,4.307578086853027,17.853364944458008,119.73719787597656,14.58676815032959,10.175195693969727,1.5602009296417236,-1.3330622911453247,0.1510859578847885,0.06482715159654617,14.566245079040527,10.202454566955566,1.5632017850875854
1793,0.5378684997558594,0.6203439235687256,3.892493486404419,13.508085250854492,80.14759063720703,11.570659637451172,6.173562526702881,3.236555814743042,-0.5436283946037292,0.6037839651107788,-0.278336763381958,11.59012222290039,6.161104679107666,3.23356032371521
1794,0.8246632814407349,0.5167306065559387,1.6397062540054321,7.790999889373779,98.98204803466797,6.842470169067383,3.5756282806396484,1.0464997291564941,-0.4075464904308319,-0.20021142065525055,0.17238609492778778,6.849374771118164,3.5799765586853027,1.0350831747055054
1795,0.7192928791046143,0.5693036913871765,6.483731746673584,20.259517669677734,119.64478302001953,16.564313888549805,11.203017234802246,3.25022029876709,-0.9856530427932739,-0.011309729889035225,-0.10298296064138412,16.581085205078125,11.234260559082031,3.257650136947632
1796,0.616818368434906,0.5632520914077759,3.5728724002838135,14.251160621643066,120.37113189697266,12.001185417175293,7.295199871063232,2.4180922508239746,-0.6920915842056274,-0.9378454685211182,0.4653541147708893,12.014634132385254,7.25484561920166,2.3795108795166016
1797,0.6432563662528992,0.576726496219635,4.039485931396484,15.653572082519531,126.24258422851562,10.977697372436523,10.559612274169922,3.6081957817077637,0.6512089371681213,0.6863355040550232,-0.15343473851680756,10.988931655883789,10.566676139831543,3.614987373352051
1798,0.652837336063385,0.5537948608398438,4.755401134490967,20.061325073242188,162.61688232421875,17.542478561401367,9.56006145477295,1.8230139017105103,-1.2070415019989014,0.12581874430179596,-0.08256732672452927,17.549720764160156,9.585897445678711,1.8262228965759277
1799,0.6506963968276978,0.6070318222045898,5.40236759185791,19.039390563964844,155.4879608154297,14.816544532775879,11.229595184326172,4.106649875640869,-1.5018832683563232,1.4389750957489014,-0.20332972705364227,14.781344413757324,11.168082237243652,4.113053798675537
1800,0.6196756362915039,0.5656183958053589,4.768674373626709,15.901450157165527,113.74942779541016,12.46922492980957,9.408854484558105,2.9745590686798096,-1.3016986846923828,0.19717289507389069,0.03682125359773636,12.435686111450195,9.433027267456055,2.9826276302337646
1801,0.7261661887168884,0.5611155033111572,5.139258861541748,17.990991592407227,112.4951171875,11.488476753234863,13.299368858337402,3.849350690841675,-1.274406909942627,-2.0247530937194824,0.6588149070739746,11.449420928955078,13.181000709533691,3.8031325340270996
1802,0.5908340215682983,0.5798500180244446,5.3825531005859375,19.85397720336914,153.57708740234375,11.915260314941406,15.221515655517578,4.5290632247924805,-0.5484284162521362,-1.9547531604766846,0.24007412791252136,11.935833930969238,15.137587547302246,4.535311698913574
1803,0.6559218168258667,0.5758945345878601,5.099864959716797,18.266395568847656,147.72853088378906,14.159400939941406,10.575312614440918,4.619014739990234,0.13081736862659454,1.380388617515564,-0.2296074777841568,14.19829273223877,10.514081001281738,4.6261725425720215
1804,0.5612371563911438,0.5445974469184875,4.751705169677734,17.137100219726562,122.47055053710938,14.699078559875488,8.36961555480957,2.750779867172241,-1.0512595176696777,-0.4013596475124359,0.36945411562919617,14.7023344039917,8.383306503295898,2.7334601879119873
1805,0.593146800994873,0.5506778955459595,4.977648735046387,15.41640567779541,90.37583923339844,10.563847541809082,10.665743827819824,3.50893235206604,-0.1376173049211502,-0.43669626116752625,0.14384126663208008,10.592416763305664,10.68652629852295,3.5157625675201416
1806,0.6243814826011658,0.5490237474441528,5.6470842361450195,21.69180679321289,158.64694213867188,18.428836822509766,11.028761863708496,3.046128511428833,-0.4984590411186218,1.823473334312439,-0.1823267936706543,18.473480224609375,10.907313346862793,3.0491485595703125
1807,0.5897562503814697,0.5635921955108643,4.35367488861084,15.35689640045166,102.10145568847656,11.938241004943848,9.063292503356934,3.342064380645752,-0.909309983253479,-1.2573630809783936,0.6081868410110474,11.936763763427734,9.000687599182129,3.295426607131958
1808,0.536844789981842,0.5588386654853821,2.2316770553588867,10.109928131103516,108.41403198242188,4.694547653198242,8.58115005493164,2.5565083026885986,-0.8961755037307739,-0.5405593514442444,0.45076218247413635,4.621068954467773,8.587995529174805,2.523474931716919
1809,0.5662044882774353,0.6105287075042725,4.675137996673584,16.028900146484375,94.15386199951172,10.413589477539062,11.276105880737305,4.61868143081665,-1.3824381828308105,0.5401506423950195,-0.11228638142347336,10.350211143493652,11.29457950592041,4.630195617675781
1810,0.6131923794746399,0.5578585863113403,2.612150192260742,9.550446510314941,78.16569519042969,7.857738018035889,5.339476585388184,0.9782477021217346,-1.0571914911270142,0.09602877497673035,0.09071116149425507,7.808014392852783,5.353504657745361,0.9767498970031738
1811,0.6374406814575195,0.5805642604827881,3.7529337406158447,15.309401512145996,137.23756408691406,10.52597713470459,10.637040138244629,3.230320930480957,-0.6124955415725708,-1.352715253829956,0.742506742477417,10.537452697753906,10.580106735229492,3.1525979042053223
1812,0.6359424591064453,0.5838577747344971,2.445120334625244,10.254145622253418,114.30448150634766,6.141826629638672,8.037422180175781,1.680864691734314,-0.7785953879356384,-0.2906639277935028,0.24603982269763947,6.109269618988037,8.054570198059082,1.6673980951309204
1813,0.6034192442893982,0.5600835680961609,3.8752002716064453,13.763396263122559,106.60688781738281,9.103691101074219,9.49854850769043,4.041221618652344,-0.8464453816413879,0.288193017244339,-0.17691901326179504,9.089539527893066,9.520658493041992,4.048609256744385
1814,0.7049412131309509,0.5349122285842896,4.061413764953613,14.375249862670898,107.56311798095703,9.489129066467285,10.393275260925293,2.9298577308654785,-0.6684747934341431,-0.19881464540958405,0.46474626660346985,9.491957664489746,10.420358657836914,2.900831937789917
1815,0.6450190544128418,0.5308561325073242,3.8269834518432617,13.482144355773926,116.5840072631836,8.083979606628418,9.812644004821777,4.4865922927856445,0.2673150300979614,0.7599068880081177,-0.0453619658946991,8.102095603942871,9.810463905334473,4.498878002166748
1816,0.5940328240394592,0.5713139772415161,3.4531466960906982,13.371528625488281,127.28684997558594,10.934249877929688,7.09713077545166,2.978367567062378,-1.6921095848083496,0.672322154045105,0.061432670801877975,10.832659721374512,7.084921360015869,2.986039876937866
1817,0.560919463634491,0.6321208477020264,3.819474458694458,14.846840858459473,125.53031158447266,13.13354206085205,6.2961859703063965,2.880415678024292,-0.3235689401626587,0.44272783398628235,0.20998133718967438,13.166179656982422,6.298120498657227,2.880764961242676
1818,0.6118100881576538,0.5884619355201721,3.0840461254119873,14.091995239257812,126.12613677978516,7.512527942657471,11.295125007629395,3.8165948390960693,-0.8372782468795776,-0.6909452080726624,0.2790127992630005,7.486549377441406,11.305418968200684,3.817000389099121
1819,0.5695170760154724,0.588388204574585,1.616455078125,4.951173782348633,57.78361511230469,4.4007673263549805,2.0848798751831055,0.8947843909263611,-0.19625844061374664,0.03772757947444916,0.09872403740882874,4.408652305603027,2.09035325050354,0.8918021321296692
1820,0.612582802772522,0.5988908410072327,3.7404134273529053,15.948466300964355,123.24363708496094,12.977032661437988,8.770475387573242,3.004826068878174,-1.6647542715072632,0.3631586730480194,0.0721931979060173,12.905706405639648,8.787396430969238,3.0123379230499268
1821,0.5972665548324585,0.6068095564842224,3.1054389476776123,10.786107063293457,81.87958526611328,9.044026374816895,5.470089435577393,2.150301933288574,-1.6347510814666748,0.20524640381336212,0.04905005544424057,8.919865608215332,5.481485366821289,2.1557388305664062
1822,0.6035954356193542,0.5792962908744812,1.99237060546875,9.205108642578125,83.7823257446289,5.197291374206543,6.72976541519165,3.525967836380005,0.27932208776474,0.052454717457294464,-0.0017309612594544888,5.204256534576416,6.748332500457764,3.5358030796051025
1823,0.63423091173172,0.5692036747932434,2.204453706741333,8.88444709777832,93.6332778930664,3.095931053161621,7.88023042678833,2.692690372467041,-0.4977630376815796,0.5125741362571716,-0.06084558740258217,3.0641770362854004,7.885476589202881,2.699511766433716
1824,0.6059622168540955,0.5708829164505005,3.334524631500244,18.032424926757812,148.94981384277344,15.891514778137207,8.243146896362305,2.163017749786377,1.444319486618042,-0.29634252190589905,0.15035603940486908,15.869889259338379,8.260797500610352,2.163804769515991
1825,0.6068534851074219,0.5807483792304993,3.530745267868042,13.669037818908691,106.30357360839844,10.687369346618652,7.459046840667725,4.121327877044678,-0.25415119528770447,-0.11897602677345276,0.30789726972579956,10.714149475097656,7.4789018630981445,4.121274471282959
1826,0.5056272149085999,0.621118426322937,5.956760883331299,20.2563419342041,151.08644104003906,17.983108520507812,8.481216430664062,3.872483968734741,0.2326609343290329,0.0608123354613781,0.05899820476770401,18.031761169433594,8.504654884338379,3.8828353881835938
1827,0.8386855721473694,0.5741269588470459,5.5511555671691895,16.582427978515625,123.53213500976562,10.123351097106934,12.52878475189209,3.940080404281616,-3.415618896484375,-1.723328709602356,0.5306032299995422,9.556313514709473,12.444311141967773,3.9150795936584473
1828,0.5498905181884766,0.607053279876709,5.053986549377441,21.345502853393555,195.57830810546875,19.540048599243164,8.145660400390625,2.732255458831787,-1.0320985317230225,-0.31051337718963623,-0.034880131483078,19.56719970703125,8.162444114685059,2.7396535873413086
1829,0.5192930102348328,0.599868893623352,4.731292247772217,21.58090591430664,215.62847900390625,19.441909790039062,8.964942932128906,2.716151237487793,-2.212331771850586,0.05978662893176079,0.03685951232910156,19.3695068359375,8.98974895477295,2.7234768867492676
1830,0.5649057626724243,0.5740492343902588,5.030641555786133,15.460558891296387,106.53376007080078,11.218257904052734,10.122285842895508,3.2739663124084473,-2.088918685913086,-0.6214831471443176,-0.030303629115223885,11.052802085876465,10.131370544433594,3.2829580307006836
1831,0.5649861693382263,0.5674278140068054,7.829412460327148,28.946372985839844,264.5767822265625,26.382516860961914,10.220254898071289,6.115694046020508,-0.5885782837867737,-0.13195985555648804,0.8276509046554565,26.44952392578125,10.247908592224121,6.076333999633789
1832,0.5838011503219604,0.6094298362731934,3.868894577026367,12.160256385803223,82.59297943115234,8.758984565734863,7.588493347167969,3.6833107471466064,-0.13937081396579742,1.2468180656433105,-0.5494032502174377,8.782304763793945,7.506243705749512,3.6522648334503174
1833,0.5569020509719849,0.5988460779190063,4.801873207092285,16.151899337768555,118.45140075683594,13.205068588256836,8.723042488098145,3.227778434753418,0.8354007601737976,1.1687995195388794,-0.3673199713230133,13.215375900268555,8.668497085571289,3.215754985809326
1834,0.5411801934242249,0.6015665531158447,7.4074883460998535,22.970603942871094,118.98178100585938,19.009666442871094,12.051498413085938,4.587225437164307,-1.9976122379302979,1.6233056783676147,-0.5604438781738281,18.9571475982666,11.974980354309082,4.565560817718506
1835,0.6611456274986267,0.5662568211555481,8.547798156738281,29.20096206665039,246.38999938964844,26.649934768676758,11.424983978271484,3.4564313888549805,-0.7510247230529785,-1.2556369304656982,0.22988121211528778,26.71365737915039,11.387451171875,3.4583983421325684
1836,0.5420305728912354,0.5975207686424255,8.143985748291016,28.790884017944336,249.7943115234375,25.03339385986328,13.341412544250488,4.924525260925293,0.766731858253479,1.2515090703964233,-0.615740954875946,25.091442108154297,13.319633483886719,4.899507522583008
1837,0.552655816078186,0.6202411651611328,8.165116310119629,26.518672943115234,155.9736328125,22.372730255126953,13.740808486938477,3.7270865440368652,-0.532651960849762,-1.0118950605392456,-0.026170866563916206,22.428775787353516,13.741724014282227,3.7373907566070557
1838,0.5780743956565857,0.5708373785018921,4.369587421417236,15.560218811035156,110.92681884765625,9.545341491699219,11.540950775146484,4.220586776733398,-0.19285240769386292,-1.7720708847045898,0.5212033987045288,9.570013046264648,11.435901641845703,4.1999640464782715
1839,0.6005600094795227,0.5924748182296753,3.926560878753662,13.945466041564941,117.47444152832031,11.593817710876465,7.124880790710449,3.0488524436950684,-0.8324227333068848,-0.2992200255393982,0.24725821614265442,11.596151351928711,7.138452053070068,3.04728627204895
1840,0.6695709228515625,0.5544297099113464,2.801016330718994,10.598932266235352,92.19072723388672,5.364489555358887,8.619877815246582,3.0425846576690674,-0.5002037882804871,-1.1602436304092407,0.26826953887939453,5.356016159057617,8.565260887145996,3.039188861846924
1841,0.5872046947479248,0.6116160750389099,4.393463134765625,15.650445938110352,132.63002014160156,12.177022933959961,9.445523262023926,2.7273964881896973,-0.3797069787979126,-0.9184403419494629,0.2537865936756134,12.205049514770508,9.426986694335938,2.723137855529785
1842,0.5453107953071594,0.5890926718711853,6.044604778289795,21.79311180114746,142.55860900878906,17.243141174316406,13.064987182617188,2.6305832862854004,-1.9747565984725952,-1.6054189205169678,0.030586879700422287,17.177471160888672,13.002140998840332,2.637742757797241
1843,0.5665633678436279,0.6148961782455444,6.887659549713135,19.945669174194336,103.79718017578125,15.959410667419434,10.951423645019531,4.815943717956543,0.331621378660202,-0.5617523193359375,0.08513322472572327,16.000471115112305,10.967514038085938,4.828622341156006
1844,0.5461108088493347,0.5814390182495117,7.956809043884277,21.62473487854004,100.16600799560547,16.812047958374023,12.897947311401367,4.315916061401367,-1.4117062091827393,0.22274237871170044,0.022506969049572945,16.799402236938477,12.931995391845703,4.3278961181640625
1845,0.649334192276001,0.5823329091072083,10.110240936279297,28.905731201171875,193.6038055419922,18.99614143371582,20.89166259765625,6.182751178741455,-1.7630201578140259,0.424570232629776,-0.6790552139282227,18.96691131591797,20.94561195373535,6.162489891052246
1846,0.5387565493583679,0.548082709312439,8.824297904968262,21.84153175354004,113.99954223632812,13.444506645202637,16.4171085357666,5.174581527709961,-0.1557389795780182,2.027873992919922,-0.16144892573356628,13.481103897094727,16.33682632446289,5.186489105224609
1847,0.46766355633735657,0.5793642401695251,8.639464378356934,27.550426483154297,257.9221496582031,16.15264892578125,21.431278228759766,6.230424880981445,-2.689140558242798,-1.445559024810791,-0.055787358433008194,15.97165584564209,21.442115783691406,6.24755334854126
1848,0.47692492604255676,0.6070638298988342,10.41972827911377,32.178611755371094,236.34970092773438,20.665468215942383,23.60785675048828,7.146371841430664,-2.292757034301758,0.5533244013786316,0.17570436000823975,20.59517478942871,23.667205810546875,7.164139270782471
1849,0.5010498762130737,0.6168439388275146,9.432680130004883,27.063884735107422,206.97203063964844,18.416736602783203,18.96305274963379,5.803471088409424,-3.7130703926086426,-0.5955519080162048,-0.02160991169512272,18.0888671875,19.006568908691406,5.819619178771973
1850,0.5646714568138123,0.5642471313476562,13.317413330078125,31.938156127929688,219.08494567871094,18.94520378112793,24.684730529785156,7.196461200714111,-1.600050449371338,-0.2814193069934845,0.0654652789235115,18.930173873901367,24.751977920532227,7.216236591339111
1851,0.44759857654571533,0.6258757710456848,6.871999263763428,19.922136306762695,104.51034545898438,13.16887378692627,14.418734550476074,3.94618558883667,-1.1610370874404907,-2.324124574661255,0.3877733051776886,13.154183387756348,14.269885063171387,3.9380409717559814
1852,0.5387101769447327,0.6560767292976379,11.235061645507812,26.7122802734375,144.8526611328125,21.127042770385742,15.661941528320312,4.6794819831848145,-1.7699724435806274,1.5324749946594238,-0.7334045767784119,21.111494064331055,15.630263328552246,4.6345438957214355
1853,0.5252490639686584,0.6093635559082031,12.298563003540039,28.01411247253418,100.86955261230469,19.204111099243164,19.6102294921875,5.606391429901123,-3.267866849899292,-2.6773035526275635,1.0719091892242432,18.976818084716797,19.480798721313477,5.518316268920898
1854,0.5360283851623535,0.6457654237747192,14.352731704711914,34.41410827636719,232.30421447753906,23.453588485717773,24.09602165222168,7.3240580558776855,-0.2299967110157013,-1.0998321771621704,0.40554729104042053,23.517879486083984,24.138050079345703,7.3332200050354
1855,0.6395823955535889,0.4635321795940399,17.599184036254883,36.79079818725586,169.89425659179688,22.65494155883789,27.656360626220703,8.685742378234863,-2.9435625076293945,2.716414213180542,-1.0969631671905518,22.525558471679688,27.599407196044922,8.640227317810059
1856,0.5812934041023254,0.5973523259162903,13.123771667480469,30.636362075805664,185.18136596679688,20.8872127532959,21.25640296936035,7.1046624183654785,0.849121630191803,-1.1080914735794067,-0.11581584066152573,20.92816162109375,21.286714553833008,7.123533248901367
1857,0.5586559176445007,0.6116907000541687,12.604228019714355,27.680543899536133,111.18746185302734,22.32791519165039,15.408502578735352,5.500441551208496,-4.316883087158203,4.355309963226318,-1.511117935180664,21.96773338317871,14.821391105651855,5.3035502433776855
1858,0.5600232481956482,0.5920315384864807,12.055943489074707,25.420124053955078,116.119873046875,18.897380828857422,16.101947784423828,5.458836078643799,0.2029527872800827,0.745078444480896,0.07467128336429596,18.948999404907227,16.129566192626953,5.473550796508789
1859,0.6634548902511597,0.7235758304595947,13.154265403747559,27.970909118652344,106.27507781982422,19.523256301879883,19.241243362426758,5.566754341125488,-2.808048963546753,4.857368469238281,-1.600571870803833,19.394424438476562,18.689512252807617,5.352158069610596
1860,0.6482028365135193,0.592984139919281,11.337644577026367,25.547321319580078,104.51319122314453,18.49658203125,17.050682067871094,4.451557636260986,-0.47476422786712646,-1.7243144512176514,0.5253556966781616,18.56147003173828,17.02838706970215,4.437417507171631
1861,0.5458054542541504,0.5976569652557373,14.646890640258789,27.00798797607422,78.5687255859375,16.312671661376953,20.76740074157715,5.660670280456543,-2.4587254524230957,0.7429439425468445,-0.07222041487693787,16.17962074279785,20.822715759277344,5.678921222686768
1862,0.43667638301849365,0.6268349289894104,14.466877937316895,29.964460372924805,137.43710327148438,18.568849563598633,22.77132797241211,5.876513481140137,1.5459444522857666,-0.049321386963129044,0.3362676501274109,18.567646026611328,22.8491268157959,5.886941909790039
1863,0.7066705822944641,0.6026206612586975,12.587544441223145,27.5952205657959,103.67098236083984,17.31951904296875,20.696455001831055,5.760826587677002,-3.197603225708008,-5.117526531219482,1.2459443807601929,17.07997703552246,20.122344970703125,5.643706321716309
1864,0.5930185914039612,0.5942286849021912,12.815673828125,27.199491500854492,110.1895751953125,11.293524742126465,23.710886001586914,7.075491905212402,0.8902868032455444,-2.4656660556793213,0.21749137341976166,11.289783477783203,23.648117065429688,7.091876029968262
1865,0.5559467077255249,0.5432923436164856,11.88412857055664,26.82317543029785,112.0093002319336,17.087053298950195,19.851438522338867,5.782360553741455,-1.2371281385421753,-0.015284051187336445,-0.1842554807662964,17.08974838256836,19.90680694580078,5.7955451011657715
1866,0.5067952871322632,0.656116783618927,12.87069034576416,30.038076400756836,168.6492462158203,21.53282928466797,20.28853416442871,5.196025371551514,-0.003037806833162904,3.580451250076294,-0.7197840213775635,21.59461784362793,20.02740478515625,5.160696029663086
1867,0.7951287031173706,0.5372394323348999,13.971041679382324,30.09648323059082,123.40876770019531,21.57155418395996,20.048946380615234,6.205323219299316,-3.4963231086730957,-5.014132022857666,0.7799746990203857,21.347408294677734,19.467519760131836,6.173773765563965
1868,0.5626076459884644,0.5748251676559448,9.765107154846191,21.931425094604492,99.0232162475586,16.827266693115234,13.049139976501465,5.248857021331787,-2.4587314128875732,-0.9361690282821655,1.1018943786621094,16.69310188293457,13.0518217086792,5.1462082862854
1869,0.646864116191864,0.5889737606048584,10.986260414123535,24.306955337524414,125.88141632080078,19.27716636657715,13.913436889648438,5.063118934631348,0.30260372161865234,0.8325601816177368,-0.3315827250480652,19.328556060791016,13.927245140075684,5.066342353820801
1870,0.5475099086761475,0.592201292514801,9.195971488952637,22.469629287719727,118.93359375,15.137784957885742,15.881131172180176,4.84987735748291,1.3894400596618652,-0.763386070728302,0.17235437035560608,15.115930557250977,15.907021522521973,4.860333442687988
1871,0.6007417440414429,0.6074507832527161,10.491598129272461,26.18354606628418,129.22991943359375,16.339874267578125,19.57162857055664,5.961374759674072,0.6811922192573547,1.6414721012115479,0.07007832080125809,16.37120819091797,19.55707359313965,5.977591037750244
1872,0.545785129070282,0.5934924483299255,10.240245819091797,24.739614486694336,102.83908081054688,17.89528465270996,16.293474197387695,5.131279468536377,-2.8470635414123535,1.76715087890625,-0.29601338505744934,17.716636657714844,16.242542266845703,5.13702392578125
1873,0.6384437084197998,0.5446655750274658,12.89683723449707,29.13622283935547,127.69886779785156,22.33448028564453,17.95111846923828,5.277098178863525,-0.17711105942726135,-1.0369387865066528,0.47327470779418945,22.396076202392578,17.971132278442383,5.270493030548096
1874,0.496925413608551,0.5718778371810913,10.657594680786133,23.848852157592773,112.70525360107422,18.722793579101562,14.129822731018066,4.30962610244751,-1.0690239667892456,-0.0707496628165245,0.04086748883128166,18.7443904876709,14.169057846069336,4.321453094482422
1875,0.5343973636627197,0.6151452660560608,10.490318298339844,24.953964233398438,141.8552703857422,19.9467830657959,14.357434272766113,4.323225021362305,-2.0890567302703857,1.2136136293411255,-0.5745076537132263,19.89242172241211,14.345955848693848,4.296834468841553
1876,0.6579288840293884,0.5624221563339233,12.833216667175293,32.07289123535156,140.97544860839844,19.809391021728516,24.44618797302246,6.2163004875183105,-0.37828385829925537,-5.784487724304199,0.9761850237846375,19.861024856567383,23.818218231201172,6.156298637390137
1877,0.8255611658096313,0.5567148923873901,7.340493679046631,22.15458106994629,120.28752136230469,13.70772933959961,17.084117889404297,3.3251256942749023,-0.1707417368888855,-3.0657708644866943,0.5901252627372742,13.74489974975586,16.853670120239258,3.281468629837036
1878,0.6612350344657898,0.5627193450927734,5.273405075073242,15.112472534179688,101.08876037597656,11.791760444641113,8.806761741638184,3.4325151443481445,0.24973535537719727,-0.1949610412120819,0.40232154726982117,11.822000503540039,8.829163551330566,3.4183640480041504
1879,0.6489285826683044,0.5690412521362305,4.99167537689209,15.094847679138184,87.62268829345703,12.129096031188965,8.61364459991455,2.558241605758667,0.07088447362184525,0.08797482401132584,0.015725241973996162,12.1627197265625,8.637221336364746,2.5653293132781982
1880,0.6180099844932556,0.5767849683761597,9.188834190368652,26.69754981994629,201.8299102783203,21.00778579711914,15.877195358276367,4.398482322692871,-1.274419903755188,0.505271315574646,-0.3007659614086151,21.027587890625,15.913418769836426,4.40042781829834
1881,0.6453872919082642,0.5344343185424805,7.219555854797363,21.084171295166016,104.43436431884766,17.43800926208496,11.24108600616455,3.7544872760772705,-1.0269312858581543,0.20604629814624786,0.08389990031719208,17.456302642822266,11.270546913146973,3.7640199661254883
1882,0.6096318960189819,0.5633320212364197,5.309170722961426,20.83807945251465,186.1871337890625,19.66067886352539,6.748709201812744,1.462221622467041,-2.8576128482818604,-0.6054263114929199,-0.05841883644461632,19.50615882873535,6.740246295928955,1.4651296138763428
1883,0.5544959306716919,0.5712588429450989,4.9517645835876465,16.937894821166992,110.44153594970703,14.207197189331055,8.256569862365723,4.108147144317627,-1.5274970531463623,-0.15716330707073212,0.17872920632362366,14.1642427444458,8.278101921081543,4.115705490112305
1884,0.6137241721153259,0.5429599285125732,4.643133640289307,18.531131744384766,170.72836303710938,15.063592910766602,10.211645126342773,3.494757890701294,1.793340802192688,1.2148712873458862,-0.4065234959125519,14.99818229675293,10.167403221130371,3.480715036392212
1885,0.6017720103263855,0.5390012264251709,5.626816749572754,18.258338928222656,117.80126953125,14.540034294128418,10.629437446594238,2.9948952198028564,-0.4246745705604553,-0.5587131381034851,-0.01752587966620922,14.574371337890625,10.644351959228516,3.0031979084014893
1886,0.6808662414550781,0.5901051163673401,9.015853881835938,28.163875579833984,224.92767333984375,22.71421241760254,16.00804328918457,4.583771228790283,-1.7250055074691772,3.1330080032348633,-0.6419652700424194,22.711793899536133,15.7422513961792,4.5512542724609375
1887,0.6172642111778259,0.574722170829773,3.848745822906494,13.121589660644531,72.4996109008789,6.790768623352051,10.933645248413086,2.5528368949890137,-0.0382174588739872,-0.35894057154655457,0.10169900208711624,6.809603214263916,10.958233833312988,2.5579257011413574
1888,0.7221311926841736,0.5794245004653931,5.32440185546875,20.113046646118164,158.2514190673828,16.544981002807617,10.844407081604004,3.632781744003296,-2.357348918914795,-0.3307644724845886,0.277885377407074,16.421859741210938,10.869596481323242,3.6322414875030518
1889,0.7160311341285706,0.5352587699890137,6.916769981384277,28.646230697631836,230.272705078125,26.270015716552734,10.651036262512207,4.128958225250244,-0.3694625496864319,-0.5311017632484436,0.38721179962158203,26.340688705444336,10.667459487915039,4.122228622436523
1890,0.7849535346031189,0.5246827602386475,8.200544357299805,28.58243751525879,228.48426818847656,25.528114318847656,12.1103515625,4.313971042633057,-2.097382068634033,0.22643132507801056,-0.38965243101119995,25.51277732849121,12.142009735107422,4.308321475982666
1891,0.7887292504310608,0.527330219745636,10.911434173583984,27.6075496673584,146.22459411621094,23.16412925720215,14.269279479980469,4.68909215927124,-1.5539839267730713,1.0861378908157349,-0.016828197985887527,23.17641258239746,14.267569541931152,4.702141284942627
1892,0.768750011920929,0.5312255620956421,9.085330963134766,31.18443489074707,190.79782104492188,27.53614044189453,13.977388381958008,4.343094348907471,-4.182243824005127,-0.3720771074295044,0.3082472085952759,27.2926025390625,14.0114107131958,4.344225883483887
1893,0.6836491823196411,0.5636865496635437,4.091094493865967,14.671843528747559,98.81072998046875,11.59659481048584,8.712641716003418,2.2072317600250244,-1.373482346534729,-0.1396244466304779,-0.12927524745464325,11.547090530395508,8.735822677612305,2.2095892429351807
1894,0.7381855845451355,0.5624321103096008,5.1467084884643555,19.820728302001953,186.32293701171875,18.91375160217285,5.734347820281982,1.4994944334030151,-2.2123892307281494,-0.9084855914115906,0.2973760962486267,18.836307525634766,5.677718639373779,1.4738107919692993
1895,0.7508562207221985,0.5417270064353943,3.8212473392486572,18.45063018798828,204.3921661376953,17.254398345947266,5.578211307525635,3.405160903930664,-1.8909213542938232,-0.42811357975006104,0.26614809036254883,17.19831085205078,5.577272891998291,3.4042131900787354
1896,0.7187439203262329,0.5532817840576172,5.134039878845215,18.987293243408203,149.7731170654297,11.69410514831543,14.6355562210083,3.092843770980835,-1.4134876728057861,-1.6516019105911255,0.47265541553497314,11.6407470703125,14.58263111114502,3.065040111541748
1897,0.686758279800415,0.54221111536026,3.8242151737213135,14.570418357849121,108.11125946044922,11.869474411010742,8.222426414489746,1.9504923820495605,-1.0099985599517822,0.8406843543052673,-0.23005981743335724,11.859413146972656,8.20215129852295,1.9422798156738281
1898,0.7116472721099854,0.5629967451095581,6.157678604125977,22.069215774536133,154.5228729248047,16.987529754638672,12.90133285522461,5.659482479095459,-2.526716470718384,-0.44166895747184753,0.3813372850418091,16.845426559448242,12.929736137390137,5.6623711585998535
1899,0.8123757839202881,0.5477764010429382,8.4033842086792,26.2619686126709,163.27647399902344,20.579803466796875,15.795997619628906,4.080324172973633,-2.7867507934570312,0.36229434609413147,0.17211636900901794,20.447128295898438,15.835891723632812,4.088064193725586
1900,0.8596685528755188,0.5380438566207886,4.442429542541504,17.4516544342041,144.83412170410156,14.599082946777344,9.2764253616333,2.318396806716919,-1.3721599578857422,-0.8243851065635681,0.2404153048992157,14.574996948242188,9.265495300292969,2.3123297691345215
1901,0.7072451710700989,0.5867223143577576,5.501094818115234,21.8181209564209,204.24417114257812,18.43035125732422,11.269417762756348,3.05822491645813,-0.7404385209083557,-0.11917949467897415,0.09679412096738815,18.466838836669922,11.300220489501953,3.0652191638946533
1902,0.7378397583961487,0.5621210932731628,3.2687788009643555,13.610340118408203,121.52063751220703,9.062823295593262,9.517790794372559,3.538109302520752,0.3995290994644165,-0.40134093165397644,0.017066573724150658,9.079268455505371,9.535849571228027,3.5479371547698975
1903,0.7370436191558838,0.647466242313385,7.2805070877075195,26.090028762817383,189.0603790283203,21.83478355407715,13.79603099822998,3.68800687789917,-1.535485029220581,0.5963528156280518,-0.04852668195962906,21.841480255126953,13.821582794189453,3.6979739665985107
1904,0.8792164325714111,0.5745294094085693,4.9578962326049805,17.890472412109375,135.6097412109375,11.577315330505371,13.161551475524902,3.5788722038269043,-0.737598180770874,-2.8159453868865967,0.6981028914451599,11.58602237701416,12.892646789550781,3.519916296005249
1905,0.7048026919364929,0.5446147322654724,4.638439655303955,14.940064430236816,99.74097442626953,12.22854232788086,8.13658332824707,2.732085704803467,0.00020883348770439625,0.13590697944164276,0.10761355608701706,12.262652397155762,8.15814208984375,2.7375802993774414
1906,0.927653431892395,0.4674374759197235,3.618669033050537,17.798521041870117,165.58084106445312,12.895183563232422,12.154671669006348,1.663004994392395,-0.855396032333374,-1.6042543649673462,0.2800014019012451,12.902671813964844,12.081944465637207,1.6438360214233398
1907,1.0533725023269653,0.466762512922287,3.895533561706543,16.59377098083496,188.1018524169922,14.419665336608887,6.903374195098877,4.4463348388671875,1.0737364292144775,0.7374476194381714,-0.3594907522201538,14.419742584228516,6.88301944732666,4.444140434265137
1908,0.8346297144889832,0.48655885457992554,5.560484409332275,21.598203659057617,184.7144775390625,14.1609525680542,15.325868606567383,5.573821067810059,0.43803906440734863,-1.2411161661148071,0.41826626658439636,14.193657875061035,15.318142890930176,5.573609352111816
1909,0.8233209252357483,0.5305233001708984,7.09307861328125,30.167234420776367,239.9837188720703,27.15825653076172,11.643768310546875,6.075666904449463,1.6586534976959229,-0.4898998737335205,0.06413622945547104,27.18317413330078,11.665907859802246,6.092275142669678
1910,0.7681745886802673,0.5240827202796936,8.167448997497559,30.758127212524414,205.36978149414062,24.140472412109375,17.49933624267578,7.554684162139893,-2.327496290206909,-1.6798452138900757,0.25325390696525574,24.09503173828125,17.46710777282715,7.571498870849609
1911,0.7926802635192871,0.48144763708114624,3.234398126602173,13.722992897033691,103.96652221679688,10.259074211120605,8.810853958129883,2.332548141479492,-0.2423229217529297,0.09784016013145447,-0.21453307569026947,10.284819602966309,8.83488655090332,2.3291404247283936
1912,0.773186445236206,0.5179629325866699,4.853407382965088,16.468791961669922,97.179931640625,12.581007957458496,9.847445487976074,3.9958949089050293,-1.4850050210952759,-1.7558139562606812,0.6958405375480652,12.527907371520996,9.71667766571045,3.9458181858062744
1913,0.7351118922233582,0.5388594269752502,6.194812774658203,26.976469039916992,246.11192321777344,25.574729919433594,8.112930297851562,2.8006129264831543,0.5285595655441284,1.2262307405471802,-0.14417804777622223,25.64059066772461,8.042095184326172,2.8047008514404297
1914,0.7184816598892212,0.5526052117347717,4.205085754394531,16.068803787231445,124.78703308105469,13.483396530151367,7.972367286682129,3.5841152667999268,-1.0538020133972168,-0.5595217943191528,0.2863810360431671,13.479646682739258,7.974891185760498,3.5826210975646973
1915,0.7450951337814331,0.5370458364486694,4.9871320724487305,22.534948348999023,196.11561584472656,19.065486907958984,10.709270477294922,5.444500923156738,2.187337875366211,0.17301391065120697,0.2835710942745209,18.992427825927734,10.73774242401123,5.452277660369873
1916,0.9964399933815002,0.4967055022716522,2.1064329147338867,10.760573387145996,133.6218719482422,10.524818420410156,1.9828356504440308,1.0423469543457031,-0.3275575637817383,0.03550264239311218,0.1324375420808792,10.549063682556152,1.9880478382110596,1.03678297996521
1917,0.745434582233429,0.5483487844467163,3.7079038619995117,17.298460006713867,184.66212463378906,14.17176628112793,9.23647403717041,3.617358446121216,0.10329128056764603,-0.7716559767723083,0.3742116391658783,14.210921287536621,9.229859352111816,3.6079866886138916
1918,0.7430946826934814,0.6531115174293518,6.101138114929199,18.66649055480957,103.89855194091797,11.621148109436035,14.10170841217041,3.8116445541381836,-0.2734941244125366,1.2394694089889526,-0.14002424478530884,11.650337219238281,14.086313247680664,3.8196966648101807
1919,0.9840227961540222,0.519802987575531,6.090516090393066,24.10670280456543,161.1713409423828,11.918150901794434,20.131790161132812,5.813931941986084,-1.4833225011825562,-4.145227432250977,0.9272595047950745,11.858469009399414,19.755359649658203,5.755521774291992
1920,0.7167197465896606,0.5142277479171753,4.035566806793213,19.609010696411133,194.26707458496094,16.472694396972656,9.982315063476562,3.6765553951263428,-1.3278902769088745,-0.2942025363445282,0.16144700348377228,16.46488380432129,10.00581169128418,3.6832542419433594
1921,0.7126652598381042,0.5787651538848877,4.932994365692139,17.636037826538086,116.31884765625,10.712924003601074,13.589930534362793,3.402484655380249,-0.29348063468933105,-2.2677206993103027,0.42507749795913696,10.738774299621582,13.436766624450684,3.385244131088257
1922,0.7870279550552368,0.49317044019699097,4.586416721343994,19.758731842041016,145.34423828125,11.668325424194336,15.31360149383545,4.44424295425415,-1.6368094682693481,-2.1405529975891113,0.6816704869270325,11.585175514221191,15.205554962158203,4.403903484344482
1923,0.6992912888526917,0.5685944557189941,5.8168768882751465,24.094791412353516,256.9879150390625,21.612333297729492,10.255022048950195,2.8810484409332275,-0.6313081979751587,-0.7725615501403809,-0.08505948632955551,21.663372039794922,10.25440502166748,2.8878254890441895
1924,0.7385814189910889,0.5243533253669739,7.00578498840332,26.77227210998535,154.6678466796875,18.99690055847168,18.132396697998047,5.204659461975098,-2.4531049728393555,-2.5796220302581787,0.8695166110992432,18.89039421081543,17.998023986816406,5.14582633972168
1925,0.5986461043357849,0.5498272776603699,3.6600494384765625,13.18073844909668,108.24813842773438,8.593616485595703,9.413516998291016,3.3566784858703613,1.1174821853637695,0.6377618312835693,-0.24477310478687286,8.544418334960938,9.418087005615234,3.3570802211761475
1926,0.8059053421020508,0.5093642473220825,4.232257843017578,18.389562606811523,147.91244506835938,10.04153823852539,14.926862716674805,3.812129020690918,-0.35591769218444824,-2.5569422245025635,0.5383278131484985,10.063220024108887,14.74725341796875,3.784454584121704
1927,0.6624560356140137,0.581780731678009,5.077451705932617,17.082242965698242,146.3568878173828,12.579030990600586,11.13119125366211,3.1092822551727295,0.9639524817466736,0.6583128571510315,-0.04734589904546738,12.577025413513184,11.142702102661133,3.117594003677368
1928,0.7133082747459412,0.5374910235404968,5.316439151763916,22.367111206054688,193.41896057128906,10.228269577026367,18.969188690185547,5.986656665802002,-0.8044276237487793,-2.728322982788086,0.668607771396637,10.225029945373535,18.82431983947754,5.965798377990723
1929,0.610545814037323,0.5550815463066101,6.553958415985107,24.911069869995117,219.94842529296875,21.023386001586914,12.921947479248047,3.406161308288574,2.3322927951812744,0.24631457030773163,-0.02424759976565838,20.9518985748291,12.955636978149414,3.415576219558716
1930,0.7429216504096985,0.5136814713478088,3.803049087524414,19.131439208984375,180.49652099609375,10.575919151306152,15.599480628967285,3.2890915870666504,-0.8170630931854248,-1.842764973640442,0.3441179394721985,10.573721885681152,15.533464431762695,3.280164957046509
1931,0.7106258869171143,0.5599215626716614,6.7676496505737305,23.547739028930664,172.74757385253906,19.033451080322266,13.082448959350586,4.590560436248779,-1.2373095750808716,-0.3209890127182007,-0.2170083373785019,19.046171188354492,13.114991188049316,4.59821891784668
1932,0.797397792339325,0.5594325065612793,4.393404006958008,20.221704483032227,206.64199829101562,17.069259643554688,9.17818546295166,5.772240161895752,1.6516398191452026,-1.0647244453430176,0.08113855123519897,17.03655242919922,9.141648292541504,5.787769317626953
1933,0.6669930219650269,0.5528656840324402,2.613027572631836,9.74190902709961,86.9052505493164,5.35992956161499,7.266163349151611,3.657705068588257,0.6024719476699829,-0.046203937381505966,-0.3774048686027527,5.340818405151367,7.28628396987915,3.6483309268951416
1934,0.6694115400314331,0.5428245067596436,1.8145047426223755,7.731976509094238,98.45191955566406,7.492665767669678,1.5980414152145386,1.0438786745071411,1.1169726848602295,-0.09244376420974731,-0.09204012900590897,7.429608345031738,1.5998153686523438,1.0427135229110718
1935,0.6657754182815552,0.5979261994361877,4.544342994689941,18.235279083251953,158.81979370117188,14.755646705627441,9.784707069396973,4.36529016494751,1.2369462251663208,0.11058001965284348,0.5563299655914307,14.744723320007324,9.81137466430664,4.341771602630615
1936,0.6173092722892761,0.5680680274963379,3.8496897220611572,14.170368194580078,101.07788848876953,8.946488380432129,10.192127227783203,4.108553886413574,-0.6453901529312134,-0.295384019613266,-0.24962389469146729,8.94806957244873,10.216263771057129,4.11240291595459
1937,0.621492326259613,0.584830641746521,3.2775979042053223,12.291715621948242,93.28035736083984,9.086078643798828,7.977342128753662,2.2116596698760986,0.6786510348320007,-1.1922500133514404,0.4054408669471741,9.085972785949707,7.909747123718262,2.180243968963623
1938,0.6328441500663757,0.563433051109314,2.5715155601501465,8.173975944519043,61.72725296020508,5.568227291107178,5.629772186279297,2.0283942222595215,0.3299211859703064,0.41863417625427246,-0.1351170837879181,5.573949337005615,5.62984561920166,2.029534101486206
1939,0.5506128668785095,0.5776175260543823,4.3473801612854,17.98406219482422,141.62350463867188,6.797840118408203,16.13577651977539,4.10518741607666,-0.6528702974319458,-0.6817145347595215,0.15006768703460693,6.785290718078613,16.166339874267578,4.113886833190918
1940,0.6969563961029053,0.5525537729263306,1.82011079788208,5.534938812255859,51.253883361816406,4.43214225769043,3.121138095855713,1.1181036233901978,0.31892019510269165,0.1785542070865631,-0.10550518333911896,4.432984828948975,3.124718427658081,1.1162196397781372
1941,0.6272392272949219,0.555629312992096,2.743908405303955,13.244256973266602,141.29730224609375,4.068911552429199,12.215547561645508,3.1039769649505615,0.04997573420405388,-1.1272517442703247,0.30446353554725647,4.079953193664551,12.197354316711426,3.0976250171661377
1942,0.692320704460144,0.5581397414207458,3.408230781555176,12.71359634399414,99.33792877197266,8.961984634399414,8.44818115234375,3.1538257598876953,0.26113155484199524,-0.41592705249786377,0.3764328062534332,8.983168601989746,8.461472511291504,3.1400146484375
1943,0.6532207131385803,0.5627092123031616,6.126786231994629,24.855684280395508,244.4775848388672,22.592578887939453,9.647028923034668,3.7835540771484375,-1.5942294597625732,-1.1782468557357788,0.5230753421783447,22.599123001098633,9.601513862609863,3.7576744556427
1944,0.5614618062973022,0.5973954796791077,3.229119300842285,16.57988166809082,145.0663299560547,11.882328987121582,11.114898681640625,3.1877593994140625,0.35848885774612427,0.9110163450241089,-0.12227842956781387,11.910048484802246,11.108400344848633,3.194298505783081
1945,0.5953593254089355,0.5885776281356812,1.6839081048965454,5.666240692138672,60.32394790649414,4.71499490737915,2.994624614715576,0.9525398015975952,0.13299424946308136,-0.22757412493228912,0.10221350193023682,4.726264953613281,2.9942941665649414,0.9496815204620361
1946,0.7058702707290649,0.5803869962692261,3.0952577590942383,15.795735359191895,141.68820190429688,10.992989540100098,10.92231559753418,3.059816598892212,-0.28383174538612366,-0.2730283737182617,0.14752818644046783,11.019978523254395,10.949359893798828,3.0647830963134766
1947,0.6034903526306152,0.573329508304596,2.58329701423645,11.477051734924316,98.08290100097656,5.976110935211182,9.522627830505371,2.3083291053771973,-0.25286972522735596,-0.41583994030952454,0.0789068341255188,5.98741340637207,9.540081024169922,2.313415050506592
1948,0.6974461674690247,0.5719083547592163,3.0329155921936035,12.865974426269531,124.43438720703125,8.056204795837402,8.566058158874512,5.220489025115967,0.6709136962890625,-0.9616098999977112,0.5424254536628723,8.050614356994629,8.535655975341797,5.206715106964111
1949,0.7074200510978699,0.6013592481613159,4.082529544830322,16.188661575317383,145.94468688964844,6.6316609382629395,13.104081153869629,6.810056686401367,-0.3248448371887207,-1.6305866241455078,0.965337336063385,6.642175674438477,13.038503646850586,6.760093688964844
1950,0.6428723931312561,0.6004055142402649,3.9331865310668945,14.421238899230957,98.50154876708984,9.460064888000488,10.463008880615234,3.0007917881011963,-0.9391035437583923,1.2400747537612915,-0.20006127655506134,9.439594268798828,10.418241500854492,3.002467155456543
1951,0.641509473323822,0.5788209438323975,2.654388904571533,10.186511039733887,91.54197692871094,6.801555633544922,7.275647163391113,2.137474775314331,0.7444192171096802,-0.05842993035912514,-0.16997377574443817,6.779553413391113,7.295705795288086,2.1366493701934814
1952,0.5820286870002747,0.5881680846214294,2.484039306640625,12.591669082641602,123.15791320800781,9.800614356994629,7.685886383056641,1.8507438898086548,-0.96046382188797,-0.9864146709442139,0.08216331899166107,9.780643463134766,7.643586158752441,1.854076623916626
1953,0.63066166639328,0.5756391286849976,2.684760332107544,12.833907127380371,128.3555145263672,2.9995667934417725,11.756555557250977,4.18272066116333,0.4333609342575073,-1.6131960153579712,0.4928663969039917,2.9763762950897217,11.677835464477539,4.165167331695557
1954,0.5876554846763611,0.5862338542938232,2.1240200996398926,9.135041236877441,82.48607635498047,8.015830039978027,3.344114303588867,2.8306102752685547,0.3872065246105194,0.13391143083572388,0.09940839558839798,8.02880573272705,3.350752353668213,2.8367550373077393
1955,0.6316668391227722,0.6135188341140747,2.1045982837677,8.679232597351074,74.39602661132812,4.339939594268799,5.916574478149414,4.635530471801758,-0.1767984926700592,0.26845240592956543,0.5423744916915894,4.348432540893555,5.926968097686768,4.616533279418945
1956,0.5735000371932983,0.6175052523612976,1.6733559370040894,7.706439018249512,90.66423797607422,4.671558856964111,5.90668249130249,1.6361074447631836,-0.04903172329068184,0.33039164543151855,-0.1214921846985817,4.684330940246582,5.91388463973999,1.6361416578292847
1957,0.5390654802322388,0.6074618101119995,2.9145257472991943,14.951756477355957,131.75230407714844,11.403768539428711,9.095147132873535,3.284416675567627,0.9166107177734375,-0.007306247483938932,0.05231957137584686,11.398577690124512,9.120513916015625,3.2931599617004395
1958,0.5471999645233154,0.6164368391036987,3.034419059753418,16.62813949584961,185.54808044433594,7.8437604904174805,13.645650863647461,5.363453388214111,-0.9952009916305542,-1.125389814376831,0.47550252079963684,7.802072525024414,13.637097358703613,5.357235908508301
1959,0.6202017664909363,0.5887765884399414,2.0967776775360107,12.19702434539795,131.623291015625,10.535515785217285,6.104366302490234,0.7120535969734192,1.2772527933120728,0.44589853286743164,0.05431288108229637,10.486976623535156,6.105041027069092,0.7119596004486084
1960,0.5478888750076294,0.5926874279975891,1.8745392560958862,7.805078506469727,65.77995300292969,6.132309913635254,4.335485935211182,2.1254618167877197,-0.048730429261922836,0.27988895773887634,-0.030949069187045097,6.149220943450928,4.338510036468506,2.13116455078125
1961,0.5808742642402649,0.5998890399932861,1.7558848857879639,9.225287437438965,105.30403900146484,8.216708183288574,3.5519797801971436,2.23048734664917,0.39081814885139465,0.45297467708587646,-0.14732883870601654,8.230301856994629,3.5328052043914795,2.2318243980407715
1962,0.5724421143531799,0.5962600111961365,3.0178403854370117,12.9407320022583,89.3582763671875,10.841804504394531,6.6896491050720215,2.272972822189331,-0.0903811976313591,-0.5998342037200928,0.24527859687805176,10.87166976928711,6.68128776550293,2.266003131866455
1963,0.6064912676811218,0.6314351558685303,3.121690511703491,14.15575885772705,114.43603515625,2.729335069656372,13.242323875427246,4.192504405975342,0.4085453450679779,0.6876015067100525,-0.2624419331550598,2.7061123847961426,13.261348724365234,4.195953369140625
1964,0.5835770964622498,0.6277414560317993,3.0020158290863037,15.999510765075684,164.50218200683594,8.904224395751953,12.95240306854248,2.98905086517334,0.0695033073425293,-1.4275988340377808,0.36714601516723633,8.928790092468262,12.90939712524414,2.974691390991211
1965,0.5771995186805725,0.5644444227218628,2.1823136806488037,12.707586288452148,133.2076873779297,7.685672760009766,9.796085357666016,2.5396642684936523,-0.9166977405548096,-1.0467472076416016,0.37608805298805237,7.652093410491943,9.767168998718262,2.5186691284179688
1966,0.6481503844261169,0.6243547797203064,3.9085617065429688,16.921939849853516,133.2725067138672,8.219894409179688,14.266660690307617,3.904839038848877,0.6102544069290161,-2.0084197521209717,0.3745593726634979,8.220074653625488,14.163980484008789,3.8976752758026123
1967,0.632057249546051,0.6145085096359253,1.1573879718780518,4.422863483428955,52.20188903808594,3.996579170227051,1.7191342115402222,0.7960261106491089,0.19319769740104675,0.30188852548599243,-0.008378805592656136,4.0030412673950195,1.6971409320831299,0.7982023358345032
1968,0.5588405132293701,0.585305392742157,2.2307374477386475,16.069185256958008,198.9732208251953,12.48276138305664,9.446547508239746,3.627958297729492,1.2199831008911133,0.566571056842804,0.37335923314094543,12.45765495300293,9.45584487915039,3.6187617778778076
1969,0.6008708477020264,0.6119830012321472,2.0502254962921143,8.088138580322266,64.54112243652344,7.0213775634765625,3.918996572494507,0.8716132044792175,-0.4576033055782318,-0.11569368839263916,-0.09283296018838882,7.025993824005127,3.9282150268554688,0.8690727949142456
1970,0.6360360980033875,0.592004656791687,5.207448959350586,22.460325241088867,154.49366760253906,13.584884643554688,16.94623374938965,5.722092628479004,-0.09668189287185669,-1.6128194332122803,0.13615934550762177,13.62243366241455,16.916366577148438,5.736429214477539
1971,0.5696311593055725,0.6225146651268005,2.8387610912323,17.38675880432129,202.3619842529297,10.000444412231445,13.808828353881836,3.4068799018859863,0.24544848501682281,0.15582521259784698,0.43711602687835693,10.02531909942627,13.846464157104492,3.388146162033081
1972,0.6098899245262146,0.6227495074272156,2.3424487113952637,12.908370971679688,136.94119262695312,9.847700119018555,4.17600679397583,7.2256364822387695,-1.3200989961624146,0.33888575434684753,-0.6300732493400574,9.786040306091309,4.173843860626221,7.218190670013428
1973,0.6190172433853149,0.5920184850692749,2.4426400661468506,10.773198127746582,85.8205337524414,6.571953773498535,6.177831649780273,5.891147613525391,0.13413594663143158,-0.5862047076225281,0.5612583160400391,6.588912487030029,6.167111396789551,5.880708694458008
1974,0.5212011933326721,0.6062642931938171,2.5473248958587646,13.273280143737793,151.7560272216797,9.648743629455566,7.712575435638428,4.857765197753906,0.5442728996276855,0.6702983379364014,-0.3546210527420044,9.660252571105957,7.704825401306152,4.858317852020264
1975,0.5841235518455505,0.6064942479133606,2.5652472972869873,12.659364700317383,142.85496520996094,10.112186431884766,7.464298248291016,1.5124229192733765,0.8022449016571045,0.5125146508216858,0.03740478307008743,10.108430862426758,7.467453956604004,1.516177773475647
1976,0.577910840511322,0.59669029712677,2.5208611488342285,10.421679496765137,86.1532211303711,6.064310550689697,7.926896572113037,2.9999759197235107,-0.5770441889762878,-0.4335508644580841,0.07513922452926636,6.053633213043213,7.937110424041748,3.0074005126953125
1977,0.6171926856040955,0.5725244879722595,4.06540060043335,16.953821182250977,134.72250366210938,10.893705368041992,12.154488563537598,4.585590362548828,0.16772690415382385,-0.25392499566078186,0.39280667901039124,10.922798156738281,12.185731887817383,4.581479072570801
1978,0.5829119682312012,0.6090183854103088,4.527182579040527,27.51105308532715,297.6716613769531,24.07502555847168,12.585687637329102,4.341854095458984,2.6112112998962402,-1.062619686126709,0.06430649012327194,23.999757766723633,12.575730323791504,4.353487491607666
1979,0.5799112915992737,0.6162468791007996,3.4911394119262695,17.743173599243164,145.54025268554688,13.387587547302246,10.740623474121094,4.4979658126831055,0.1299513578414917,0.6315423846244812,0.008638742379844189,13.424298286437988,10.751947402954102,4.510504245758057
1980,0.6088770627975464,0.6052750945091248,1.0028536319732666,3.8544816970825195,44.08561706542969,2.816903591156006,2.4430878162384033,0.9764261841773987,0.33164721727371216,-0.013372357934713364,-0.10671323537826538,2.805115222930908,2.4498658180236816,0.9732846617698669
1981,0.6319461464881897,0.6072801947593689,2.203620433807373,9.990842819213867,86.8809814453125,6.212464332580566,6.427534103393555,4.461954116821289,0.40884581208229065,-0.5997567772865295,0.3150218725204468,6.216288089752197,6.417342185974121,4.463234901428223
1982,0.5898514986038208,0.5888463854789734,3.161743640899658,15.27963924407959,153.08346557617188,9.964019775390625,10.667845726013184,4.514723300933838,-1.190044641494751,-1.460843801498413,0.3733541667461395,9.920291900634766,10.59682559967041,4.5118088722229
1983,0.6634488701820374,0.5653781890869141,2.9304919242858887,15.332761764526367,132.09791564941406,9.778422355651855,11.000462532043457,4.297199726104736,0.873663067817688,-0.9215958714485168,-0.016400974243879318,9.76648235321045,10.992365837097168,4.309154510498047
1984,0.5632532835006714,0.6144710779190063,5.130172252655029,23.814882278442383,192.43466186523438,16.13315773010254,16.663923263549805,5.402175426483154,-0.9731276035308838,-1.3035502433776855,0.23251307010650635,16.148700714111328,16.659198760986328,5.412224292755127
1985,0.5481185913085938,0.6229994893074036,1.972830057144165,11.990734100341797,119.1028060913086,9.776448249816895,5.068098545074463,4.744799613952637,-0.20569568872451782,-0.3109826147556305,0.44213831424713135,9.801548957824707,5.072658538818359,4.737332344055176
1986,0.6174753904342651,0.6108065843582153,1.6526347398757935,6.027731895446777,48.23237609863281,1.8538249731063843,4.690178394317627,3.3013803958892822,0.12154362350702286,0.3402533233165741,0.12128079682588577,1.8549962043762207,4.690867900848389,3.308354616165161
1987,0.5333302617073059,0.5996862053871155,1.8720958232879639,8.802724838256836,79.42936706542969,5.023293972015381,7.12293004989624,1.2322148084640503,-0.14786069095134735,-0.3323407769203186,0.027210887521505356,5.035122871398926,7.1350202560424805,1.2353506088256836
1988,0.5813485383987427,0.6294826865196228,1.5150624513626099,7.75016450881958,89.30328369140625,4.584287643432617,6.078981399536133,1.4475303888320923,0.20657047629356384,-0.04667753726243973,0.07394664734601974,4.592405319213867,6.095757961273193,1.4496729373931885
1989,0.5921888947486877,0.5945066809654236,2.7760002613067627,14.13048267364502,125.98628997802734,11.761938095092773,7.0216145515441895,3.4676027297973633,-1.468542218208313,0.10263538360595703,-0.06445999443531036,11.702454566955566,7.040448188781738,3.476674795150757
1990,0.6535414457321167,0.5909201502799988,2.4893739223480225,11.698161125183105,112.22638702392578,8.521811485290527,7.769208908081055,1.9659854173660278,-1.0094584226608276,-0.7309561967849731,0.21098162233829498,8.4854154586792,7.756322383880615,1.9600838422775269
1991,0.6935781836509705,0.581426739692688,1.395891785621643,4.410689830780029,39.15552520751953,3.8602993488311768,1.953364372253418,0.8582772016525269,0.5123339295387268,0.005084755830466747,7.836024451535195e-05,3.836822509765625,1.9588066339492798,0.8606712222099304
1992,0.6075664162635803,0.5910307168960571,3.096017837524414,19.733570098876953,248.51934814453125,17.731813430786133,8.254308700561523,2.6197330951690674,1.6755696535110474,0.38115257024765015,-0.04328971728682518,17.701709747314453,8.268503189086914,2.6266818046569824
1993,0.6201692819595337,0.6264263987541199,2.942647933959961,16.370532989501953,161.4231414794922,10.029925346374512,12.267282485961914,4.112025260925293,-0.5477604269981384,-1.3026539087295532,0.3860872983932495,10.042892456054688,12.231947898864746,4.105279445648193
1994,0.5247777700424194,0.6078711152076721,1.1721519231796265,4.767794609069824,55.66656494140625,4.114349842071533,2.3234100341796875,0.6369953155517578,0.34476226568222046,-0.12462081015110016,0.03333054482936859,4.111315727233887,2.3265371322631836,0.6378971934318542
1995,0.5299643278121948,0.6168935298919678,1.6689629554748535,7.567226409912109,80.1791000366211,3.1600253582000732,6.760008335113525,1.2567579746246338,0.25243785977363586,0.03239521384239197,-0.0733921080827713,3.158712387084961,6.778787136077881,1.2581127882003784
1996,0.5318412780761719,0.6054092645645142,2.5137434005737305,12.638246536254883,126.44188690185547,9.233181953430176,8.413762092590332,1.9189175367355347,-0.3677038550376892,0.32999280095100403,-0.25781652331352234,9.251591682434082,8.430740356445312,1.9068232774734497
1997,0.5544008612632751,0.6144371628761292,1.581518292427063,7.657668113708496,78.46476745605469,5.755807876586914,4.806909084320068,1.5505427122116089,0.15605895221233368,-0.21530967950820923,-0.05291055515408516,5.769741058349609,4.815479278564453,1.553962230682373
1998,0.6409167647361755,0.5786145925521851,3.9337329864501953,18.90281867980957,189.23394775390625,9.921128273010254,15.676392555236816,3.624704360961914,-1.2443623542785645,-1.3393335342407227,0.21681998670101166,9.8702392578125,15.662642478942871,3.6283061504364014
1999,0.6058908700942993,0.6004168391227722,1.5672028064727783,6.576076984405518,73.7542953491211,2.6747336387634277,5.939439296722412,0.9020269513130188,-0.2646879553794861,-0.6066765785217285,-0.10906997323036194,2.6690289974212646,5.924854755401611,0.8979061245918274
2000,0.5061373710632324,0.6319272518157959,1.5255956649780273,5.932255268096924,51.05459213256836,4.195367813110352,4.062003135681152,1.0443543195724487,-0.3020741045475006,-0.5415229201316833,0.18024030327796936,4.196150779724121,4.0369744300842285,1.031552791595459
2001,0.5854451060295105,0.5986440777778625,2.3661224842071533,11.880084991455078,119.33187103271484,9.321451187133789,6.754039764404297,2.937669515609741,-0.9411470293998718,-0.36963942646980286,0.1267526000738144,9.299686431884766,6.762728691101074,2.943120241165161
2002,0.5741674304008484,0.6101431250572205,2.6200976371765137,12.662650108337402,130.3123321533203,9.124109268188477,7.9165802001953125,3.7975096702575684,-0.550868809223175,-0.17755618691444397,0.19293300807476044,9.132869720458984,7.936666011810303,3.8031840324401855
2003,0.5166650414466858,0.6720922589302063,1.0018987655639648,5.645236492156982,71.77840423583984,4.28041410446167,3.5038015842437744,1.1269984245300293,-0.4507177174091339,-0.2639663815498352,0.09997359663248062,4.268491268157959,3.5035898685455322,1.1256866455078125
2004,0.4642563462257385,0.6925637125968933,1.2233495712280273,12.745387077331543,170.64785766601562,8.73691463470459,9.233445167541504,0.9245135188102722,0.6105575561523438,0.7459654211997986,-0.07768988609313965,8.739866256713867,9.228934288024902,0.9238132238388062
2005,0.5530106425285339,0.6552703380584717,1.189422845840454,4.514610290527344,41.5810432434082,1.9198083877563477,3.497028112411499,2.1134886741638184,0.10413841903209686,-0.20628416538238525,-0.15092508494853973,1.922329068183899,3.500676155090332,2.1139731407165527
2006,0.5237011909484863,0.6487625241279602,0.6505480408668518,2.167795419692993,20.14738655090332,1.2536909580230713,1.5960389375686646,0.7617455720901489,-0.09729951620101929,0.014993938617408276,0.027226345613598824,1.253395915031433,1.600420355796814,0.7633823156356812
2007,0.5508339405059814,0.6053497195243835,3.7318456172943115,21.745410919189453,231.88455200195312,19.724807739257812,7.211280822753906,5.638461589813232,-1.3383697271347046,-0.6224850416183472,0.33710500597953796,19.734243392944336,7.204404830932617,5.644075870513916
2008,0.51120924949646,0.6800904273986816,1.0319644212722778,6.906570911407471,88.83277893066406,2.281100273132324,5.825872898101807,2.925151824951172,0.07169771194458008,-0.4065610468387604,0.11754727363586426,2.2863330841064453,5.827880382537842,2.9309418201446533
2009,0.5252015590667725,0.6283042430877686,2.232530355453491,12.216273307800293,121.31731414794922,9.283958435058594,6.838204860687256,4.035394191741943,0.3063746392726898,0.09187614172697067,0.43206530809402466,9.304783821105957,6.856659889221191,4.023388862609863
2010,0.48750483989715576,0.6691848039627075,0.6057232618331909,1.9885848760604858,18.143600463867188,1.5711898803710938,1.0837159156799316,0.5580248832702637,-0.033554065972566605,-0.03365590423345566,0.03274940699338913,1.5752131938934326,1.0862146615982056,0.5586169362068176
2011,0.47231554985046387,0.6873262524604797,0.27316686511039734,0.7593509554862976,5.680130958557129,0.49204713106155396,0.500832736492157,0.28925779461860657,0.01800304651260376,-0.05813109874725342,-0.004647648427635431,0.4930892586708069,0.4988352358341217,0.2900271713733673
2012,0.47674301266670227,0.6803494691848755,0.6648939251899719,2.3897838592529297,19.448070526123047,2.0342562198638916,1.1131069660186768,0.5778067111968994,-0.22316819429397583,0.008358457125723362,-0.0818093866109848,2.027618169784546,1.1161803007125854,0.5735813975334167
2013,0.44630762934684753,0.671227753162384,0.3815375566482544,1.5395338535308838,18.801660537719727,1.4132522344589233,0.47212764620780945,0.38726988434791565,0.06132978945970535,-0.04473959654569626,-0.0069006518460810184,1.4158591032028198,0.47131407260894775,0.3882884383201599
2014,0.42415300011634827,0.7374067902565002,1.129949688911438,11.331742286682129,151.0522003173828,4.378211975097656,10.102994918823242,2.6775267124176025,0.22410975396633148,-0.8424973487854004,0.22628571093082428,4.384668827056885,10.095888137817383,2.675389528274536
2015,0.47985416650772095,0.6927518844604492,0.7545984387397766,5.221208095550537,68.61370849609375,4.023279190063477,3.222327709197998,0.8311710357666016,-0.2164720743894577,-0.19042770564556122,0.12001007050275803,4.028657913208008,3.2256686687469482,0.8247556090354919
2016,0.4686231315135956,0.7067457437515259,0.49507781863212585,2.051527976989746,20.449426651000977,1.4313629865646362,1.2230831384658813,0.8148836493492126,-0.19458957016468048,0.10747908055782318,-0.09190943092107773,1.422029733657837,1.2217499017715454,0.8119423985481262
2017,0.4474790692329407,0.696338415145874,0.4597768783569336,1.247381567955017,6.610535144805908,0.6350932121276855,0.9853164553642273,0.4263435900211334,0.020126599818468094,0.04962226003408432,-0.0375424288213253,0.6365448236465454,0.9868111610412598,0.4258720874786377
2018,0.4521018862724304,0.6653773188591003,1.6847554445266724,12.973491668701172,138.5668487548828,11.128454208374023,5.71970796585083,3.428399085998535,-1.113336205482483,-0.24840900301933289,0.36592400074005127,11.103507995605469,5.730250835418701,3.418323040008545
2019,0.45797473192214966,0.6968440413475037,0.29917266964912415,1.1838557720184326,14.095663070678711,0.5634655356407166,0.9856976270675659,0.3352927267551422,-0.015197829343378544,0.05570640042424202,-0.015138687565922737,0.5648316740989685,0.9868674278259277,0.33588510751724243
2020,0.4326576888561249,0.7212640643119812,0.34884288907051086,1.335167646408081,14.406339645385742,0.6140096783638,1.1385762691497803,0.33061879873275757,0.010102487169206142,-0.032886117696762085,0.021293632686138153,0.6156390905380249,1.1412758827209473,0.3308527171611786
2021,0.4485302269458771,0.7084890604019165,0.43975093960762024,1.9911772012710571,18.79277229309082,1.4422392845153809,1.2117483615875244,0.6452893614768982,0.15975914895534515,-0.0934738889336586,0.07336483895778656,1.437361717224121,1.2115076780319214,0.6428935527801514
2022,0.4928974211215973,0.6808069348335266,0.45940810441970825,1.7322808504104614,18.324522018432617,1.3702137470245361,0.9480929970741272,0.47374147176742554,-0.1410217434167862,0.06686917692422867,-0.003109377110376954,1.3667391538619995,0.9483699202537537,0.47505271434783936
2023,0.4731582701206207,0.6966502666473389,0.6057632565498352,2.5783026218414307,22.3880672454834,0.8474826812744141,2.385930299758911,0.48657217621803284,0.016501741483807564,-0.2289053499698639,-0.0066205766052007675,0.849685549736023,2.381549119949341,0.4878842830657959
2024,0.39858368039131165,0.7234758138656616,0.6375581622123718,4.450689792633057,58.665771484375,4.373400688171387,0.7108041048049927,0.4204336702823639,0.33580446243286133,-0.008692741394042969,0.02111426554620266,4.372653007507324,0.7127335071563721,0.42107445001602173
2025,0.43098172545433044,0.7319139242172241,0.41605666279792786,1.8730885982513428,22.63567352294922,0.45143401622772217,1.7515265941619873,0.48664435744285583,-0.013821340166032314,0.10314206033945084,-0.0918145552277565,0.45248106122016907,1.7533642053604126,0.4792376756668091
2026,0.4309985637664795,0.725269079208374,1.6214067935943604,16.228525161743164,215.19139099121094,15.602838516235352,3.471226453781128,2.8048267364501953,-1.0886986255645752,-0.36333683133125305,0.28960588574409485,15.608226776123047,3.4617879390716553,2.797617197036743
2027,0.4247681200504303,0.700402557849884,0.36561042070388794,1.262629508972168,13.439282417297363,0.7992073893547058,0.9296017289161682,0.3022276759147644,-0.06371533125638962,0.12850864231586456,-0.029345232993364334,0.798885703086853,0.9232444167137146,0.3016386926174164
2028,0.4357605576515198,0.7211076617240906,0.8464092016220093,5.574145317077637,70.8365478515625,2.6404178142547607,4.379637718200684,2.217670440673828,0.18964670598506927,-0.422880619764328,0.22997888922691345,2.640944480895996,4.371333599090576,2.2118659019470215
2029,0.45164623856544495,0.7050892114639282,0.3663387894630432,1.5589996576309204,17.342788696289062,1.3568086624145508,0.6372925043106079,0.42826247215270996,0.07162334024906158,0.05342989042401314,-0.02669653482735157,1.3586961030960083,0.6368201971054077,0.4286218285560608
2030,0.4301795959472656,0.7128779888153076,0.48912617564201355,2.6670546531677246,34.015769958496094,2.4071402549743652,1.0902044773101807,0.36098697781562805,-0.12659472227096558,-0.07850132137537003,0.008694621734321117,2.4105141162872314,1.0904076099395752,0.36188891530036926
2031,0.43734148144721985,0.7143638730049133,0.326481431722641,1.3245716094970703,14.63392448425293,1.1358929872512817,0.4842577278614044,0.4793029725551605,-0.014168845489621162,-0.024564553052186966,0.009283843450248241,1.1389728784561157,0.48498332500457764,0.48054981231689453
2032,0.4320107102394104,0.7074620127677917,0.5821484923362732,3.348705530166626,42.553382873535156,3.0357937812805176,1.357783555984497,0.392696350812912,-0.1447034329175949,0.07278073579072952,-0.05158011242747307,3.040801525115967,1.3596135377883911,0.39037999510765076
2033,0.4208955466747284,0.7126511931419373,1.247300386428833,8.210264205932617,74.34064483642578,5.128994464874268,6.268445014953613,1.3447835445404053,-0.004029655363410711,0.16597282886505127,-0.036477234214544296,5.143299579620361,6.283726215362549,1.3480383157730103
2034,0.4632260501384735,0.7061436772346497,0.2749179005622864,1.2491058111190796,15.554183006286621,0.5805454254150391,0.8668266534805298,0.6869090795516968,-0.003481200197711587,0.07084100693464279,-0.03133634477853775,0.5821543335914612,0.8663368821144104,0.6881080865859985
2035,0.4218471348285675,0.7127845883369446,0.2902522385120392,1.2439080476760864,15.440545082092285,0.6331886053085327,0.874151885509491,0.6182540059089661,0.04412973299622536,-0.07637979835271835,0.04132595285773277,0.6334108114242554,0.8732376098632812,0.6185919642448425
2036,0.380875825881958,0.7184786796569824,0.2137962430715561,0.47187310457229614,3.407630443572998,0.2369074821472168,0.3435601592063904,0.22023965418338776,0.00439069326967001,-0.0021928218193352222,-0.015153460204601288,0.2375275194644928,0.3445114493370056,0.2203306257724762
2037,0.4810331463813782,0.7084850072860718,0.703849196434021,4.005867004394531,42.132808685302734,1.4028247594833374,2.009683132171631,3.1686320304870605,0.07129562646150589,0.15629804134368896,0.17243598401546478,1.4049198627471924,2.0091848373413086,3.172762393951416
2038,0.4442567229270935,0.6959228515625,0.9328181743621826,6.127947807312012,74.35148620605469,2.1167898178100586,5.722810745239258,0.5660189390182495,-0.11686279624700546,0.30323365330696106,0.00631657475605607,2.1194570064544678,5.730712890625,0.567562460899353
2039,0.38593006134033203,0.7250056862831116,0.19275683164596558,0.40915367007255554,2.6427836418151855,0.21593531966209412,0.2046830803155899,0.28086206316947937,-0.002267306437715888,-0.020137161016464233,-0.004964656662195921,0.21652570366859436,0.2042582631111145,0.2816014885902405
2040,0.44446125626564026,0.7218689918518066,0.29580897092819214,0.9083144664764404,7.300565242767334,0.5987570881843567,0.4599640369415283,0.504933774471283,0.03805258497595787,-0.05434976890683174,0.011955802328884602,0.5992135405540466,0.4580157697200775,0.50620037317276
2041,0.4374496638774872,0.7270727753639221,0.32237693667411804,1.3047784566879272,15.805517196655273,1.14046311378479,0.32101762294769287,0.5465691685676575,0.0668695941567421,0.01883452944457531,-0.027555374428629875,1.1416767835617065,0.3213585317134857,0.5473968386650085
2042,0.3973335027694702,0.7131127119064331,0.6790278553962708,4.792579650878906,62.9012336730957,4.580902576446533,1.1463464498519897,0.8185631632804871,0.35274645686149597,-0.1333596408367157,-0.0923834964632988,4.58004093170166,1.141738772392273,0.8156018853187561
2043,0.4252171516418457,0.7063026428222656,0.7133287191390991,4.727568626403809,58.45939636230469,4.529485702514648,1.1669814586639404,0.6868910193443298,-0.2406076043844223,-0.018944432958960533,-0.009635528549551964,4.535707473754883,1.170082449913025,0.6887392401695251
2044,0.3915349841117859,0.7186678051948547,0.21694187819957733,0.6578099131584167,6.359985828399658,0.30857735872268677,0.45016559958457947,0.3672122061252594,-0.019431617110967636,0.009405364282429218,-0.0033347595017403364,0.30882394313812256,0.4513227343559265,0.36822134256362915
2045,0.4245552718639374,0.7204813361167908,0.3854927122592926,1.6890026330947876,19.581684112548828,1.4434248208999634,0.765275776386261,0.428495317697525,-0.15081965923309326,-0.010551868937909603,-0.0045836130157113075,1.4395277500152588,0.7673375010490417,0.4296659827232361
2046,0.4134403467178345,0.7065730690956116,0.23691748082637787,0.7182939052581787,5.076842308044434,0.4133497476577759,0.5435349345207214,0.2228403240442276,-0.0028761103749275208,-0.05718075484037399,0.026180226355791092,0.4144926965236664,0.5420265793800354,0.2219143956899643
2047,0.42742568254470825,0.7191627025604248,0.6133903861045837,3.716796636581421,45.382747650146484,1.0236172676086426,3.510324478149414,0.666640043258667,-0.0851854756474495,-0.3080502152442932,0.01468586828559637,1.0229120254516602,3.506535291671753,0.6683372855186462
2048,0.43995434045791626,0.7120338082313538,0.3969669044017792,1.955322265625,22.661209106445312,0.7403915524482727,1.758566975593567,0.42725563049316406,0.025495145469903946,-0.19521382451057434,0.024375783279538155,0.7420164942741394,1.7525734901428223,0.42774954438209534
2049,0.40908074378967285,0.7043117880821228,0.3866305947303772,1.1658976078033447,11.04394817352295,0.7936170697212219,0.6959988474845886,0.49505025148391724,-0.002235573483631015,0.013156400062143803,-0.026958465576171875,0.7958275675773621,0.6978155970573425,0.49569451808929443
2050,0.44425681233406067,0.7100443243980408,0.5235721468925476,3.658179998397827,47.71498107910156,2.321524143218994,1.0986531972885132,2.6049506664276123,0.15409693121910095,0.13152925670146942,-0.20974533259868622,2.3228654861450195,1.0937939882278442,2.6037354469299316
2051,0.3967433273792267,0.7331880331039429,0.2887328267097473,0.7713542580604553,4.264978885650635,0.40586110949516296,0.5372514128684998,0.3763311207294464,0.014720545150339603,-0.02826845459640026,0.04592852294445038,0.40672537684440613,0.53800368309021,0.37455984950065613
2052,0.38232529163360596,0.7210984230041504,0.3293776214122772,1.0993297100067139,8.107071876525879,0.7530867457389832,0.6789905428886414,0.4246858060359955,0.004794302396476269,0.0024160915054380894,-0.02492697909474373,0.7551721930503845,0.6808801889419556,0.4251362085342407
2053,0.4506450295448303,0.7214747667312622,0.8681474924087524,6.430076599121094,79.92432403564453,1.891960859298706,5.863364219665527,1.8404712677001953,0.13421890139579773,-0.36008840799331665,0.11301511526107788,1.892458200454712,5.868620872497559,1.8421225547790527
2054,0.41811633110046387,0.7228667140007019,1.7248870134353638,14.334647178649902,140.8530731201172,12.495468139648438,3.782726526260376,5.9191508293151855,1.3452301025390625,0.10975713282823563,0.06299600750207901,12.457498550415039,3.7916810512542725,5.935325622558594
2055,0.3906279504299164,0.7300145626068115,0.23921874165534973,0.7945260405540466,9.314393997192383,0.5160273909568787,0.534492015838623,0.2816125154495239,-0.039041079580783844,0.046669892966747284,0.01569678634405136,0.5159836411476135,0.5339358448982239,0.28195899724960327
2056,0.4221222996711731,0.7103492617607117,0.4391486942768097,2.3314740657806396,25.86465835571289,1.0645115375518799,1.9206641912460327,0.7833479642868042,-0.006619204767048359,0.062048785388469696,-0.03273695334792137,1.067460298538208,1.9250165224075317,0.7848466634750366
2057,0.439264178276062,0.7214495539665222,0.24311579763889313,0.7356913685798645,6.163119316101074,0.31747815012931824,0.5967018604278564,0.2905104160308838,-0.006609094329178333,-0.06056343764066696,-0.0018890470964834094,0.3182946741580963,0.5952762365341187,0.29131463170051575
2058,0.42732521891593933,0.7118948101997375,0.6198393702507019,6.0328168869018555,80.53999328613281,0.8367630839347839,5.696530342102051,1.8011786937713623,0.08211541920900345,-0.3898668885231018,0.11977401375770569,0.8350469470024109,5.699026107788086,1.8022048473358154
2059,0.443168967962265,0.7142040133476257,0.24142558872699738,0.7209054827690125,6.505789756774902,0.37497764825820923,0.5769438147544861,0.2150171399116516,0.00447228504344821,-0.0646071583032608,0.004493664018809795,0.375996857881546,0.5749141573905945,0.21556979417800903
2060,0.37721115350723267,0.7516109943389893,0.23632490634918213,0.6094192266464233,5.118493556976318,0.29882967472076416,0.4643474817276001,0.2578255534172058,-0.015333900228142738,-0.012637240812182426,0.02473614737391472,0.2992684841156006,0.46547025442123413,0.2573520541191101
2061,0.3980560600757599,0.739203155040741,0.5901343822479248,2.3630261421203613,20.98444938659668,2.073765277862549,1.0154650211334229,0.5022168755531311,-0.1621481478214264,0.054508455097675323,-0.03765904903411865,2.073183298110962,1.0168293714523315,0.5021998286247253
2062,0.40783193707466125,0.7436384558677673,0.2925291061401367,0.8922969698905945,7.367445468902588,0.5299484133720398,0.5231379866600037,0.49160462617874146,0.01830270141363144,-0.039859622716903687,0.03421996161341667,0.531109631061554,0.5230722427368164,0.4917800724506378
2063,0.4416113793849945,0.72935950756073,0.7595505118370056,5.826467514038086,76.76004791259766,5.065652847290039,2.2462759017944336,1.8003121614456177,-0.3881969153881073,-0.18606993556022644,0.12003269791603088,5.064845085144043,2.244800329208374,1.8013166189193726
2064,0.4542239308357239,0.7223731875419617,0.4564903676509857,1.710935354232788,16.426517486572266,1.1037883758544922,1.1496490240097046,0.6223007440567017,-0.04933394491672516,-0.023116599768400192,0.007791686337441206,1.105761170387268,1.1526228189468384,0.6239876747131348
2065,0.4423963129520416,0.7107515931129456,1.907762885093689,17.848112106323242,237.71697998046875,16.541074752807617,5.0223493576049805,4.441170692443848,-1.1704022884368896,-0.21150155365467072,0.3291226923465729,16.545639038085938,5.031891345977783,4.441312789916992
2066,0.39856305718421936,0.7193627953529358,0.7265591025352478,5.657395839691162,74.36933898925781,1.2300353050231934,5.518683910369873,0.1930822879076004,-0.03166169673204422,0.33745190501213074,-0.023046033456921577,1.2330577373504639,5.523722171783447,0.19223670661449432
2067,0.3755132257938385,0.7324925065040588,0.3011959493160248,1.4318329095840454,16.534244537353516,0.7585559487342834,1.155869960784912,0.37242835760116577,0.06918514519929886,-0.09489300101995468,0.03141731768846512,0.7575013637542725,1.1551814079284668,0.3721359968185425
2068,0.4485849440097809,0.7129328846931458,0.2874976098537445,0.7463670969009399,5.087836742401123,0.3009102940559387,0.6044159531593323,0.3181166350841522,0.0014006462879478931,-0.047491710633039474,0.03325027972459793,0.3017463982105255,0.6042280197143555,0.3172566294670105
2069,0.43156135082244873,0.7370555996894836,0.43006595969200134,3.4163293838500977,45.4537239074707,0.9834284782409668,3.0351810455322266,1.2214127779006958,-0.07287527620792389,0.2016376554965973,-0.07394953817129135,0.9834603071212769,3.03692364692688,1.2225728034973145
2070,0.40875983238220215,0.7472611665725708,0.5240669250488281,3.4923884868621826,45.495643615722656,1.1555904150009155,3.0523550510406494,1.2427852153778076,0.13309063017368317,-0.21678221225738525,0.09155788272619247,1.1511027812957764,3.0531399250030518,1.2428652048110962
2071,0.372177392244339,0.7441155314445496,0.31883957982063293,1.3304893970489502,15.437776565551758,0.6638246178627014,0.9819367527961731,0.604433000087738,0.057561516761779785,-0.12457314133644104,0.03168877586722374,0.6631689667701721,0.9767195582389832,0.6052854657173157
2072,0.42755693197250366,0.720893383026123,0.18594327569007874,0.45645052194595337,3.9825243949890137,0.3640705943107605,0.17363138496875763,0.21366290748119354,0.006593707483261824,0.00662042573094368,-0.030128326267004013,0.36502623558044434,0.17398911714553833,0.21211811900138855
2073,0.41668838262557983,0.7237007021903992,1.3474600315093994,11.06919002532959,128.2130584716797,9.560969352722168,5.458078861236572,1.1507443189620972,-0.6049004793167114,0.3536217212677002,-0.07879535853862762,9.568429946899414,5.461803436279297,1.1512458324432373
2074,0.40540388226509094,0.7437280416488647,0.767483115196228,5.326230525970459,68.71331024169922,4.064047813415527,3.319673538208008,0.9121495485305786,-0.21950219571590424,-0.34903162717819214,0.10132651776075363,4.069435119628906,3.3104827404022217,0.9090327024459839
2075,0.4454386830329895,0.70589679479599,0.2747250199317932,0.899564802646637,9.366429328918457,0.5449638366699219,0.6822757124900818,0.21617399156093597,-0.005869555752724409,0.06616099923849106,-0.00224999594502151,0.5464522242546082,0.6809544563293457,0.21676523983478546
2076,0.4357154965400696,0.7472289800643921,0.44800713658332825,3.2151248455047607,42.658973693847656,2.988126039505005,1.1555098295211792,0.27004939317703247,0.1954803466796875,-0.09519526362419128,0.025760604068636894,2.9900424480438232,1.1547939777374268,0.26956772804260254
2077,0.37502211332321167,0.7582947611808777,0.24825447797775269,0.6419587135314941,3.944200277328491,0.35254326462745667,0.45523813366889954,0.2838703989982605,0.029503758996725082,-0.07981285452842712,-0.009648939594626427,0.3522864580154419,0.44943729043006897,0.2844977378845215
2078,0.4127722978591919,0.7196058034896851,0.43603622913360596,1.176973581314087,7.112421989440918,0.6979692578315735,0.8392369747161865,0.4402124583721161,-0.013387764804065228,0.02958122082054615,0.035485487431287766,0.6997873783111572,0.8410550355911255,0.4400038421154022
2079,0.38850831985473633,0.7235686182975769,0.906767725944519,7.819301128387451,98.3517074584961,1.4943829774856567,7.519933223724365,1.5358717441558838,-0.15067632496356964,0.7061293721199036,-0.16344396770000458,1.4909144639968872,7.507589817047119,1.5314103364944458
2080,0.39615198969841003,0.730285108089447,0.3071207106113434,1.1761151552200317,13.7434720993042,0.630017101764679,0.7374398708343506,0.6652125120162964,0.05599286034703255,0.0612950436770916,0.030469147488474846,0.6292744278907776,0.7369379997253418,0.6663678884506226
2081,0.44710978865623474,0.7161215543746948,0.30137258768081665,0.8384033441543579,5.724112510681152,0.34676292538642883,0.6965574026107788,0.31222325563430786,0.020174505189061165,0.056460190564394,-0.006102244835346937,0.34714117646217346,0.6962020397186279,0.3130343556404114
2082,0.3979761600494385,0.701117217540741,0.9604724049568176,7.355589389801025,88.75408172607422,6.563539028167725,3.078758478164673,1.2433412075042725,-0.2327219694852829,-0.35496288537979126,0.13605855405330658,6.5777082443237305,3.066757917404175,1.2393215894699097
2083,0.4776683747768402,0.6894939541816711,0.41185006499290466,1.035083532333374,6.442983150482178,0.7302373647689819,0.5663945078849792,0.4662065804004669,-0.05698559060692787,-0.01790725439786911,-0.03064911626279354,0.7300412058830261,0.5676904916763306,0.46649569272994995
2084,0.43824294209480286,0.7309518456459045,0.31237372756004333,0.9924887418746948,9.448684692382812,0.5680847764015198,0.7658318877220154,0.2753453254699707,-0.016774993389844894,-0.0239050704985857,0.0030434411019086838,0.5694209933280945,0.7675938606262207,0.27609649300575256
